[0.299s] DEBUG:colcon:Command line arguments: ['/usr/bin/colcon', 'build']
[0.299s] DEBUG:colcon:Parsed command line arguments: Namespace(log_base=None, log_level=None, verb_name='build', build_base='build', install_base='install', merge_install=False, symlink_install=False, test_result_base=None, continue_on_error=False, executor='parallel', parallel_workers=6, event_handlers=None, ignore_user_meta=False, metas=['./colcon.meta'], base_paths=['.'], packages_ignore=None, packages_ignore_regex=None, paths=None, packages_up_to=None, packages_up_to_regex=None, packages_above=None, packages_above_and_dependencies=None, packages_above_depth=None, packages_select_by_dep=None, packages_skip_by_dep=None, packages_skip_up_to=None, packages_select_build_failed=False, packages_skip_build_finished=False, packages_select_test_failures=False, packages_skip_test_passed=False, packages_select=None, packages_skip=None, packages_select_regex=None, packages_skip_regex=None, packages_start=None, packages_end=None, allow_overriding=[], cmake_args=None, cmake_target=None, cmake_target_skip_unavailable=False, cmake_clean_cache=False, cmake_clean_first=False, cmake_force_configure=False, ament_cmake_args=None, catkin_cmake_args=None, catkin_skip_building_tests=False, mixin_files=None, mixin=None, verb_parser=<colcon_mixin.mixin.mixin_argument.MixinArgumentDecorator object at 0xffff9e20e3e0>, verb_extension=<colcon_core.verb.build.BuildVerb object at 0xffff9e20de70>, main=<bound method BuildVerb.main of <colcon_core.verb.build.BuildVerb object at 0xffff9e20de70>>, mixin_verb=('build',))
[0.768s] Level 1:colcon.colcon_core.package_discovery:discover_packages(colcon_meta) check parameters
[0.769s] Level 1:colcon.colcon_core.package_discovery:discover_packages(recursive) check parameters
[0.769s] Level 1:colcon.colcon_core.package_discovery:discover_packages(ignore) check parameters
[0.769s] Level 1:colcon.colcon_core.package_discovery:discover_packages(path) check parameters
[0.769s] Level 1:colcon.colcon_core.package_discovery:discover_packages(colcon_meta) discover
[0.769s] Level 1:colcon.colcon_core.package_discovery:discover_packages(recursive) discover
[0.769s] INFO:colcon.colcon_core.package_discovery:Crawling recursively for packages in '/home/jetson-amiga/ros2_ws'
[0.769s] Level 1:colcon.colcon_core.package_identification:_identify(.) by extensions ['ignore', 'ignore_ament_install']
[0.770s] Level 1:colcon.colcon_core.package_identification:_identify(.) by extension 'ignore'
[0.770s] Level 1:colcon.colcon_core.package_identification:_identify(.) by extension 'ignore_ament_install'
[0.770s] Level 1:colcon.colcon_core.package_identification:_identify(.) by extensions ['colcon_pkg']
[0.770s] Level 1:colcon.colcon_core.package_identification:_identify(.) by extension 'colcon_pkg'
[0.770s] Level 1:colcon.colcon_core.package_identification:_identify(.) by extensions ['colcon_meta']
[0.770s] Level 1:colcon.colcon_core.package_identification:_identify(.) by extension 'colcon_meta'
[0.770s] Level 1:colcon.colcon_core.package_identification:_identify(.) by extensions ['ros']
[0.770s] Level 1:colcon.colcon_core.package_identification:_identify(.) by extension 'ros'
[0.795s] Level 1:colcon.colcon_core.package_identification:_identify(.) by extensions ['cmake', 'python']
[0.795s] Level 1:colcon.colcon_core.package_identification:_identify(.) by extension 'cmake'
[0.795s] Level 1:colcon.colcon_core.package_identification:_identify(.) by extension 'python'
[0.795s] Level 1:colcon.colcon_core.package_identification:_identify(.) by extensions ['python_setup_py']
[0.795s] Level 1:colcon.colcon_core.package_identification:_identify(.) by extension 'python_setup_py'
[0.796s] Level 1:colcon.colcon_core.package_identification:_identify(build) by extensions ['ignore', 'ignore_ament_install']
[0.796s] Level 1:colcon.colcon_core.package_identification:_identify(build) by extension 'ignore'
[0.796s] Level 1:colcon.colcon_core.package_identification:_identify(build) ignored
[0.796s] Level 1:colcon.colcon_core.package_identification:_identify(install) by extensions ['ignore', 'ignore_ament_install']
[0.797s] Level 1:colcon.colcon_core.package_identification:_identify(install) by extension 'ignore'
[0.797s] Level 1:colcon.colcon_core.package_identification:_identify(install) ignored
[0.797s] Level 1:colcon.colcon_core.package_identification:_identify(log) by extensions ['ignore', 'ignore_ament_install']
[0.797s] Level 1:colcon.colcon_core.package_identification:_identify(log) by extension 'ignore'
[0.797s] Level 1:colcon.colcon_core.package_identification:_identify(log) ignored
[0.797s] Level 1:colcon.colcon_core.package_identification:_identify(src) by extensions ['ignore', 'ignore_ament_install']
[0.798s] Level 1:colcon.colcon_core.package_identification:_identify(src) by extension 'ignore'
[0.798s] Level 1:colcon.colcon_core.package_identification:_identify(src) by extension 'ignore_ament_install'
[0.798s] Level 1:colcon.colcon_core.package_identification:_identify(src) by extensions ['colcon_pkg']
[0.798s] Level 1:colcon.colcon_core.package_identification:_identify(src) by extension 'colcon_pkg'
[0.798s] Level 1:colcon.colcon_core.package_identification:_identify(src) by extensions ['colcon_meta']
[0.798s] Level 1:colcon.colcon_core.package_identification:_identify(src) by extension 'colcon_meta'
[0.798s] Level 1:colcon.colcon_core.package_identification:_identify(src) by extensions ['ros']
[0.798s] Level 1:colcon.colcon_core.package_identification:_identify(src) by extension 'ros'
[0.799s] Level 1:colcon.colcon_core.package_identification:_identify(src) by extensions ['cmake', 'python']
[0.799s] Level 1:colcon.colcon_core.package_identification:_identify(src) by extension 'cmake'
[0.799s] Level 1:colcon.colcon_core.package_identification:_identify(src) by extension 'python'
[0.799s] Level 1:colcon.colcon_core.package_identification:_identify(src) by extensions ['python_setup_py']
[0.799s] Level 1:colcon.colcon_core.package_identification:_identify(src) by extension 'python_setup_py'
[0.799s] Level 1:colcon.colcon_core.package_identification:_identify(src/amiga-ros2-bridge) by extensions ['ignore', 'ignore_ament_install']
[0.799s] Level 1:colcon.colcon_core.package_identification:_identify(src/amiga-ros2-bridge) by extension 'ignore'
[0.800s] Level 1:colcon.colcon_core.package_identification:_identify(src/amiga-ros2-bridge) by extension 'ignore_ament_install'
[0.800s] Level 1:colcon.colcon_core.package_identification:_identify(src/amiga-ros2-bridge) by extensions ['colcon_pkg']
[0.800s] Level 1:colcon.colcon_core.package_identification:_identify(src/amiga-ros2-bridge) by extension 'colcon_pkg'
[0.800s] Level 1:colcon.colcon_core.package_identification:_identify(src/amiga-ros2-bridge) by extensions ['colcon_meta']
[0.800s] Level 1:colcon.colcon_core.package_identification:_identify(src/amiga-ros2-bridge) by extension 'colcon_meta'
[0.800s] Level 1:colcon.colcon_core.package_identification:_identify(src/amiga-ros2-bridge) by extensions ['ros']
[0.800s] Level 1:colcon.colcon_core.package_identification:_identify(src/amiga-ros2-bridge) by extension 'ros'
[0.800s] Level 1:colcon.colcon_core.package_identification:_identify(src/amiga-ros2-bridge) by extensions ['cmake', 'python']
[0.800s] Level 1:colcon.colcon_core.package_identification:_identify(src/amiga-ros2-bridge) by extension 'cmake'
[0.801s] Level 1:colcon.colcon_core.package_identification:_identify(src/amiga-ros2-bridge) by extension 'python'
[0.801s] Level 1:colcon.colcon_core.package_identification:_identify(src/amiga-ros2-bridge) by extensions ['python_setup_py']
[0.801s] Level 1:colcon.colcon_core.package_identification:_identify(src/amiga-ros2-bridge) by extension 'python_setup_py'
[0.801s] Level 1:colcon.colcon_core.package_identification:_identify(src/amiga-ros2-bridge/amiga_ros2_bridge) by extensions ['ignore', 'ignore_ament_install']
[0.801s] Level 1:colcon.colcon_core.package_identification:_identify(src/amiga-ros2-bridge/amiga_ros2_bridge) by extension 'ignore'
[0.801s] Level 1:colcon.colcon_core.package_identification:_identify(src/amiga-ros2-bridge/amiga_ros2_bridge) by extension 'ignore_ament_install'
[0.801s] Level 1:colcon.colcon_core.package_identification:_identify(src/amiga-ros2-bridge/amiga_ros2_bridge) by extensions ['colcon_pkg']
[0.802s] Level 1:colcon.colcon_core.package_identification:_identify(src/amiga-ros2-bridge/amiga_ros2_bridge) by extension 'colcon_pkg'
[0.802s] Level 1:colcon.colcon_core.package_identification:_identify(src/amiga-ros2-bridge/amiga_ros2_bridge) by extensions ['colcon_meta']
[0.802s] Level 1:colcon.colcon_core.package_identification:_identify(src/amiga-ros2-bridge/amiga_ros2_bridge) by extension 'colcon_meta'
[0.802s] Level 1:colcon.colcon_core.package_identification:_identify(src/amiga-ros2-bridge/amiga_ros2_bridge) by extensions ['ros']
[0.802s] Level 1:colcon.colcon_core.package_identification:_identify(src/amiga-ros2-bridge/amiga_ros2_bridge) by extension 'ros'
[0.808s] DEBUG:colcon.colcon_core.package_identification:Package 'src/amiga-ros2-bridge/amiga_ros2_bridge' with type 'ros.ament_python' and name 'amiga_ros2_bridge'
[0.808s] Level 1:colcon.colcon_core.package_identification:_identify(src/amiga-ros2-bridge/venv) by extensions ['ignore', 'ignore_ament_install']
[0.809s] Level 1:colcon.colcon_core.package_identification:_identify(src/amiga-ros2-bridge/venv) by extension 'ignore'
[0.809s] Level 1:colcon.colcon_core.package_identification:_identify(src/amiga-ros2-bridge/venv) by extension 'ignore_ament_install'
[0.809s] Level 1:colcon.colcon_core.package_identification:_identify(src/amiga-ros2-bridge/venv) by extensions ['colcon_pkg']
[0.809s] Level 1:colcon.colcon_core.package_identification:_identify(src/amiga-ros2-bridge/venv) by extension 'colcon_pkg'
[0.809s] Level 1:colcon.colcon_core.package_identification:_identify(src/amiga-ros2-bridge/venv) by extensions ['colcon_meta']
[0.809s] Level 1:colcon.colcon_core.package_identification:_identify(src/amiga-ros2-bridge/venv) by extension 'colcon_meta'
[0.809s] Level 1:colcon.colcon_core.package_identification:_identify(src/amiga-ros2-bridge/venv) by extensions ['ros']
[0.809s] Level 1:colcon.colcon_core.package_identification:_identify(src/amiga-ros2-bridge/venv) by extension 'ros'
[0.810s] Level 1:colcon.colcon_core.package_identification:_identify(src/amiga-ros2-bridge/venv) by extensions ['cmake', 'python']
[0.810s] Level 1:colcon.colcon_core.package_identification:_identify(src/amiga-ros2-bridge/venv) by extension 'cmake'
[0.810s] Level 1:colcon.colcon_core.package_identification:_identify(src/amiga-ros2-bridge/venv) by extension 'python'
[0.810s] Level 1:colcon.colcon_core.package_identification:_identify(src/amiga-ros2-bridge/venv) by extensions ['python_setup_py']
[0.810s] Level 1:colcon.colcon_core.package_identification:_identify(src/amiga-ros2-bridge/venv) by extension 'python_setup_py'
[0.811s] Level 1:colcon.colcon_core.package_identification:_identify(src/amiga-ros2-bridge/venv/bin) by extensions ['ignore', 'ignore_ament_install']
[0.811s] Level 1:colcon.colcon_core.package_identification:_identify(src/amiga-ros2-bridge/venv/bin) by extension 'ignore'
[0.811s] Level 1:colcon.colcon_core.package_identification:_identify(src/amiga-ros2-bridge/venv/bin) by extension 'ignore_ament_install'
[0.811s] Level 1:colcon.colcon_core.package_identification:_identify(src/amiga-ros2-bridge/venv/bin) by extensions ['colcon_pkg']
[0.811s] Level 1:colcon.colcon_core.package_identification:_identify(src/amiga-ros2-bridge/venv/bin) by extension 'colcon_pkg'
[0.811s] Level 1:colcon.colcon_core.package_identification:_identify(src/amiga-ros2-bridge/venv/bin) by extensions ['colcon_meta']
[0.811s] Level 1:colcon.colcon_core.package_identification:_identify(src/amiga-ros2-bridge/venv/bin) by extension 'colcon_meta'
[0.812s] Level 1:colcon.colcon_core.package_identification:_identify(src/amiga-ros2-bridge/venv/bin) by extensions ['ros']
[0.812s] Level 1:colcon.colcon_core.package_identification:_identify(src/amiga-ros2-bridge/venv/bin) by extension 'ros'
[0.812s] Level 1:colcon.colcon_core.package_identification:_identify(src/amiga-ros2-bridge/venv/bin) by extensions ['cmake', 'python']
[0.812s] Level 1:colcon.colcon_core.package_identification:_identify(src/amiga-ros2-bridge/venv/bin) by extension 'cmake'
[0.812s] Level 1:colcon.colcon_core.package_identification:_identify(src/amiga-ros2-bridge/venv/bin) by extension 'python'
[0.812s] Level 1:colcon.colcon_core.package_identification:_identify(src/amiga-ros2-bridge/venv/bin) by extensions ['python_setup_py']
[0.812s] Level 1:colcon.colcon_core.package_identification:_identify(src/amiga-ros2-bridge/venv/bin) by extension 'python_setup_py'
[0.813s] Level 1:colcon.colcon_core.package_identification:_identify(src/amiga-ros2-bridge/venv/include) by extensions ['ignore', 'ignore_ament_install']
[0.813s] Level 1:colcon.colcon_core.package_identification:_identify(src/amiga-ros2-bridge/venv/include) by extension 'ignore'
[0.813s] Level 1:colcon.colcon_core.package_identification:_identify(src/amiga-ros2-bridge/venv/include) by extension 'ignore_ament_install'
[0.813s] Level 1:colcon.colcon_core.package_identification:_identify(src/amiga-ros2-bridge/venv/include) by extensions ['colcon_pkg']
[0.813s] Level 1:colcon.colcon_core.package_identification:_identify(src/amiga-ros2-bridge/venv/include) by extension 'colcon_pkg'
[0.813s] Level 1:colcon.colcon_core.package_identification:_identify(src/amiga-ros2-bridge/venv/include) by extensions ['colcon_meta']
[0.813s] Level 1:colcon.colcon_core.package_identification:_identify(src/amiga-ros2-bridge/venv/include) by extension 'colcon_meta'
[0.813s] Level 1:colcon.colcon_core.package_identification:_identify(src/amiga-ros2-bridge/venv/include) by extensions ['ros']
[0.813s] Level 1:colcon.colcon_core.package_identification:_identify(src/amiga-ros2-bridge/venv/include) by extension 'ros'
[0.814s] Level 1:colcon.colcon_core.package_identification:_identify(src/amiga-ros2-bridge/venv/include) by extensions ['cmake', 'python']
[0.814s] Level 1:colcon.colcon_core.package_identification:_identify(src/amiga-ros2-bridge/venv/include) by extension 'cmake'
[0.814s] Level 1:colcon.colcon_core.package_identification:_identify(src/amiga-ros2-bridge/venv/include) by extension 'python'
[0.814s] Level 1:colcon.colcon_core.package_identification:_identify(src/amiga-ros2-bridge/venv/include) by extensions ['python_setup_py']
[0.814s] Level 1:colcon.colcon_core.package_identification:_identify(src/amiga-ros2-bridge/venv/include) by extension 'python_setup_py'
[0.814s] Level 1:colcon.colcon_core.package_identification:_identify(src/amiga-ros2-bridge/venv/lib) by extensions ['ignore', 'ignore_ament_install']
[0.815s] Level 1:colcon.colcon_core.package_identification:_identify(src/amiga-ros2-bridge/venv/lib) by extension 'ignore'
[0.815s] Level 1:colcon.colcon_core.package_identification:_identify(src/amiga-ros2-bridge/venv/lib) by extension 'ignore_ament_install'
[0.815s] Level 1:colcon.colcon_core.package_identification:_identify(src/amiga-ros2-bridge/venv/lib) by extensions ['colcon_pkg']
[0.815s] Level 1:colcon.colcon_core.package_identification:_identify(src/amiga-ros2-bridge/venv/lib) by extension 'colcon_pkg'
[0.815s] Level 1:colcon.colcon_core.package_identification:_identify(src/amiga-ros2-bridge/venv/lib) by extensions ['colcon_meta']
[0.815s] Level 1:colcon.colcon_core.package_identification:_identify(src/amiga-ros2-bridge/venv/lib) by extension 'colcon_meta'
[0.815s] Level 1:colcon.colcon_core.package_identification:_identify(src/amiga-ros2-bridge/venv/lib) by extensions ['ros']
[0.815s] Level 1:colcon.colcon_core.package_identification:_identify(src/amiga-ros2-bridge/venv/lib) by extension 'ros'
[0.816s] Level 1:colcon.colcon_core.package_identification:_identify(src/amiga-ros2-bridge/venv/lib) by extensions ['cmake', 'python']
[0.816s] Level 1:colcon.colcon_core.package_identification:_identify(src/amiga-ros2-bridge/venv/lib) by extension 'cmake'
[0.816s] Level 1:colcon.colcon_core.package_identification:_identify(src/amiga-ros2-bridge/venv/lib) by extension 'python'
[0.816s] Level 1:colcon.colcon_core.package_identification:_identify(src/amiga-ros2-bridge/venv/lib) by extensions ['python_setup_py']
[0.816s] Level 1:colcon.colcon_core.package_identification:_identify(src/amiga-ros2-bridge/venv/lib) by extension 'python_setup_py'
[0.816s] Level 1:colcon.colcon_core.package_identification:_identify(src/amiga-ros2-bridge/venv/lib/python3.10) by extensions ['ignore', 'ignore_ament_install']
[0.816s] Level 1:colcon.colcon_core.package_identification:_identify(src/amiga-ros2-bridge/venv/lib/python3.10) by extension 'ignore'
[0.817s] Level 1:colcon.colcon_core.package_identification:_identify(src/amiga-ros2-bridge/venv/lib/python3.10) by extension 'ignore_ament_install'
[0.817s] Level 1:colcon.colcon_core.package_identification:_identify(src/amiga-ros2-bridge/venv/lib/python3.10) by extensions ['colcon_pkg']
[0.817s] Level 1:colcon.colcon_core.package_identification:_identify(src/amiga-ros2-bridge/venv/lib/python3.10) by extension 'colcon_pkg'
[0.817s] Level 1:colcon.colcon_core.package_identification:_identify(src/amiga-ros2-bridge/venv/lib/python3.10) by extensions ['colcon_meta']
[0.817s] Level 1:colcon.colcon_core.package_identification:_identify(src/amiga-ros2-bridge/venv/lib/python3.10) by extension 'colcon_meta'
[0.817s] Level 1:colcon.colcon_core.package_identification:_identify(src/amiga-ros2-bridge/venv/lib/python3.10) by extensions ['ros']
[0.817s] Level 1:colcon.colcon_core.package_identification:_identify(src/amiga-ros2-bridge/venv/lib/python3.10) by extension 'ros'
[0.817s] Level 1:colcon.colcon_core.package_identification:_identify(src/amiga-ros2-bridge/venv/lib/python3.10) by extensions ['cmake', 'python']
[0.817s] Level 1:colcon.colcon_core.package_identification:_identify(src/amiga-ros2-bridge/venv/lib/python3.10) by extension 'cmake'
[0.818s] Level 1:colcon.colcon_core.package_identification:_identify(src/amiga-ros2-bridge/venv/lib/python3.10) by extension 'python'
[0.818s] Level 1:colcon.colcon_core.package_identification:_identify(src/amiga-ros2-bridge/venv/lib/python3.10) by extensions ['python_setup_py']
[0.818s] Level 1:colcon.colcon_core.package_identification:_identify(src/amiga-ros2-bridge/venv/lib/python3.10) by extension 'python_setup_py'
[0.818s] Level 1:colcon.colcon_core.package_identification:_identify(src/amiga-ros2-bridge/venv/lib/python3.10/site-packages) by extensions ['ignore', 'ignore_ament_install']
[0.818s] Level 1:colcon.colcon_core.package_identification:_identify(src/amiga-ros2-bridge/venv/lib/python3.10/site-packages) by extension 'ignore'
[0.819s] Level 1:colcon.colcon_core.package_identification:_identify(src/amiga-ros2-bridge/venv/lib/python3.10/site-packages) by extension 'ignore_ament_install'
[0.819s] Level 1:colcon.colcon_core.package_identification:_identify(src/amiga-ros2-bridge/venv/lib/python3.10/site-packages) by extensions ['colcon_pkg']
[0.819s] Level 1:colcon.colcon_core.package_identification:_identify(src/amiga-ros2-bridge/venv/lib/python3.10/site-packages) by extension 'colcon_pkg'
[0.819s] Level 1:colcon.colcon_core.package_identification:_identify(src/amiga-ros2-bridge/venv/lib/python3.10/site-packages) by extensions ['colcon_meta']
[0.819s] Level 1:colcon.colcon_core.package_identification:_identify(src/amiga-ros2-bridge/venv/lib/python3.10/site-packages) by extension 'colcon_meta'
[0.819s] Level 1:colcon.colcon_core.package_identification:_identify(src/amiga-ros2-bridge/venv/lib/python3.10/site-packages) by extensions ['ros']
[0.819s] Level 1:colcon.colcon_core.package_identification:_identify(src/amiga-ros2-bridge/venv/lib/python3.10/site-packages) by extension 'ros'
[0.819s] Level 1:colcon.colcon_core.package_identification:_identify(src/amiga-ros2-bridge/venv/lib/python3.10/site-packages) by extensions ['cmake', 'python']
[0.819s] Level 1:colcon.colcon_core.package_identification:_identify(src/amiga-ros2-bridge/venv/lib/python3.10/site-packages) by extension 'cmake'
[0.820s] Level 1:colcon.colcon_core.package_identification:_identify(src/amiga-ros2-bridge/venv/lib/python3.10/site-packages) by extension 'python'
[0.820s] Level 1:colcon.colcon_core.package_identification:_identify(src/amiga-ros2-bridge/venv/lib/python3.10/site-packages) by extensions ['python_setup_py']
[0.820s] Level 1:colcon.colcon_core.package_identification:_identify(src/amiga-ros2-bridge/venv/lib/python3.10/site-packages) by extension 'python_setup_py'
[0.820s] Level 1:colcon.colcon_core.package_identification:_identify(src/amiga-ros2-bridge/venv/lib/python3.10/site-packages/_distutils_hack) by extensions ['ignore', 'ignore_ament_install']
[0.820s] Level 1:colcon.colcon_core.package_identification:_identify(src/amiga-ros2-bridge/venv/lib/python3.10/site-packages/_distutils_hack) by extension 'ignore'
[0.820s] Level 1:colcon.colcon_core.package_identification:_identify(src/amiga-ros2-bridge/venv/lib/python3.10/site-packages/_distutils_hack) by extension 'ignore_ament_install'
[0.821s] Level 1:colcon.colcon_core.package_identification:_identify(src/amiga-ros2-bridge/venv/lib/python3.10/site-packages/_distutils_hack) by extensions ['colcon_pkg']
[0.821s] Level 1:colcon.colcon_core.package_identification:_identify(src/amiga-ros2-bridge/venv/lib/python3.10/site-packages/_distutils_hack) by extension 'colcon_pkg'
[0.821s] Level 1:colcon.colcon_core.package_identification:_identify(src/amiga-ros2-bridge/venv/lib/python3.10/site-packages/_distutils_hack) by extensions ['colcon_meta']
[0.821s] Level 1:colcon.colcon_core.package_identification:_identify(src/amiga-ros2-bridge/venv/lib/python3.10/site-packages/_distutils_hack) by extension 'colcon_meta'
[0.821s] Level 1:colcon.colcon_core.package_identification:_identify(src/amiga-ros2-bridge/venv/lib/python3.10/site-packages/_distutils_hack) by extensions ['ros']
[0.821s] Level 1:colcon.colcon_core.package_identification:_identify(src/amiga-ros2-bridge/venv/lib/python3.10/site-packages/_distutils_hack) by extension 'ros'
[0.821s] Level 1:colcon.colcon_core.package_identification:_identify(src/amiga-ros2-bridge/venv/lib/python3.10/site-packages/_distutils_hack) by extensions ['cmake', 'python']
[0.821s] Level 1:colcon.colcon_core.package_identification:_identify(src/amiga-ros2-bridge/venv/lib/python3.10/site-packages/_distutils_hack) by extension 'cmake'
[0.821s] Level 1:colcon.colcon_core.package_identification:_identify(src/amiga-ros2-bridge/venv/lib/python3.10/site-packages/_distutils_hack) by extension 'python'
[0.822s] Level 1:colcon.colcon_core.package_identification:_identify(src/amiga-ros2-bridge/venv/lib/python3.10/site-packages/_distutils_hack) by extensions ['python_setup_py']
[0.822s] Level 1:colcon.colcon_core.package_identification:_identify(src/amiga-ros2-bridge/venv/lib/python3.10/site-packages/_distutils_hack) by extension 'python_setup_py'
[0.822s] Level 1:colcon.colcon_core.package_identification:_identify(src/amiga-ros2-bridge/venv/lib/python3.10/site-packages/_distutils_hack/__pycache__) by extensions ['ignore', 'ignore_ament_install']
[0.822s] Level 1:colcon.colcon_core.package_identification:_identify(src/amiga-ros2-bridge/venv/lib/python3.10/site-packages/_distutils_hack/__pycache__) by extension 'ignore'
[0.822s] Level 1:colcon.colcon_core.package_identification:_identify(src/amiga-ros2-bridge/venv/lib/python3.10/site-packages/_distutils_hack/__pycache__) by extension 'ignore_ament_install'
[0.823s] Level 1:colcon.colcon_core.package_identification:_identify(src/amiga-ros2-bridge/venv/lib/python3.10/site-packages/_distutils_hack/__pycache__) by extensions ['colcon_pkg']
[0.823s] Level 1:colcon.colcon_core.package_identification:_identify(src/amiga-ros2-bridge/venv/lib/python3.10/site-packages/_distutils_hack/__pycache__) by extension 'colcon_pkg'
[0.823s] Level 1:colcon.colcon_core.package_identification:_identify(src/amiga-ros2-bridge/venv/lib/python3.10/site-packages/_distutils_hack/__pycache__) by extensions ['colcon_meta']
[0.823s] Level 1:colcon.colcon_core.package_identification:_identify(src/amiga-ros2-bridge/venv/lib/python3.10/site-packages/_distutils_hack/__pycache__) by extension 'colcon_meta'
[0.823s] Level 1:colcon.colcon_core.package_identification:_identify(src/amiga-ros2-bridge/venv/lib/python3.10/site-packages/_distutils_hack/__pycache__) by extensions ['ros']
[0.823s] Level 1:colcon.colcon_core.package_identification:_identify(src/amiga-ros2-bridge/venv/lib/python3.10/site-packages/_distutils_hack/__pycache__) by extension 'ros'
[0.823s] Level 1:colcon.colcon_core.package_identification:_identify(src/amiga-ros2-bridge/venv/lib/python3.10/site-packages/_distutils_hack/__pycache__) by extensions ['cmake', 'python']
[0.823s] Level 1:colcon.colcon_core.package_identification:_identify(src/amiga-ros2-bridge/venv/lib/python3.10/site-packages/_distutils_hack/__pycache__) by extension 'cmake'
[0.823s] Level 1:colcon.colcon_core.package_identification:_identify(src/amiga-ros2-bridge/venv/lib/python3.10/site-packages/_distutils_hack/__pycache__) by extension 'python'
[0.824s] Level 1:colcon.colcon_core.package_identification:_identify(src/amiga-ros2-bridge/venv/lib/python3.10/site-packages/_distutils_hack/__pycache__) by extensions ['python_setup_py']
[0.824s] Level 1:colcon.colcon_core.package_identification:_identify(src/amiga-ros2-bridge/venv/lib/python3.10/site-packages/_distutils_hack/__pycache__) by extension 'python_setup_py'
[0.824s] Level 1:colcon.colcon_core.package_identification:_identify(src/amiga-ros2-bridge/venv/lib/python3.10/site-packages/farm_ng) by extensions ['ignore', 'ignore_ament_install']
[0.824s] Level 1:colcon.colcon_core.package_identification:_identify(src/amiga-ros2-bridge/venv/lib/python3.10/site-packages/farm_ng) by extension 'ignore'
[0.824s] Level 1:colcon.colcon_core.package_identification:_identify(src/amiga-ros2-bridge/venv/lib/python3.10/site-packages/farm_ng) by extension 'ignore_ament_install'
[0.825s] Level 1:colcon.colcon_core.package_identification:_identify(src/amiga-ros2-bridge/venv/lib/python3.10/site-packages/farm_ng) by extensions ['colcon_pkg']
[0.825s] Level 1:colcon.colcon_core.package_identification:_identify(src/amiga-ros2-bridge/venv/lib/python3.10/site-packages/farm_ng) by extension 'colcon_pkg'
[0.825s] Level 1:colcon.colcon_core.package_identification:_identify(src/amiga-ros2-bridge/venv/lib/python3.10/site-packages/farm_ng) by extensions ['colcon_meta']
[0.825s] Level 1:colcon.colcon_core.package_identification:_identify(src/amiga-ros2-bridge/venv/lib/python3.10/site-packages/farm_ng) by extension 'colcon_meta'
[0.825s] Level 1:colcon.colcon_core.package_identification:_identify(src/amiga-ros2-bridge/venv/lib/python3.10/site-packages/farm_ng) by extensions ['ros']
[0.825s] Level 1:colcon.colcon_core.package_identification:_identify(src/amiga-ros2-bridge/venv/lib/python3.10/site-packages/farm_ng) by extension 'ros'
[0.825s] Level 1:colcon.colcon_core.package_identification:_identify(src/amiga-ros2-bridge/venv/lib/python3.10/site-packages/farm_ng) by extensions ['cmake', 'python']
[0.825s] Level 1:colcon.colcon_core.package_identification:_identify(src/amiga-ros2-bridge/venv/lib/python3.10/site-packages/farm_ng) by extension 'cmake'
[0.825s] Level 1:colcon.colcon_core.package_identification:_identify(src/amiga-ros2-bridge/venv/lib/python3.10/site-packages/farm_ng) by extension 'python'
[0.825s] Level 1:colcon.colcon_core.package_identification:_identify(src/amiga-ros2-bridge/venv/lib/python3.10/site-packages/farm_ng) by extensions ['python_setup_py']
[0.826s] Level 1:colcon.colcon_core.package_identification:_identify(src/amiga-ros2-bridge/venv/lib/python3.10/site-packages/farm_ng) by extension 'python_setup_py'
[0.826s] Level 1:colcon.colcon_core.package_identification:_identify(src/amiga-ros2-bridge/venv/lib/python3.10/site-packages/farm_ng/amiga) by extensions ['ignore', 'ignore_ament_install']
[0.826s] Level 1:colcon.colcon_core.package_identification:_identify(src/amiga-ros2-bridge/venv/lib/python3.10/site-packages/farm_ng/amiga) by extension 'ignore'
[0.826s] Level 1:colcon.colcon_core.package_identification:_identify(src/amiga-ros2-bridge/venv/lib/python3.10/site-packages/farm_ng/amiga) by extension 'ignore_ament_install'
[0.826s] Level 1:colcon.colcon_core.package_identification:_identify(src/amiga-ros2-bridge/venv/lib/python3.10/site-packages/farm_ng/amiga) by extensions ['colcon_pkg']
[0.827s] Level 1:colcon.colcon_core.package_identification:_identify(src/amiga-ros2-bridge/venv/lib/python3.10/site-packages/farm_ng/amiga) by extension 'colcon_pkg'
[0.827s] Level 1:colcon.colcon_core.package_identification:_identify(src/amiga-ros2-bridge/venv/lib/python3.10/site-packages/farm_ng/amiga) by extensions ['colcon_meta']
[0.827s] Level 1:colcon.colcon_core.package_identification:_identify(src/amiga-ros2-bridge/venv/lib/python3.10/site-packages/farm_ng/amiga) by extension 'colcon_meta'
[0.827s] Level 1:colcon.colcon_core.package_identification:_identify(src/amiga-ros2-bridge/venv/lib/python3.10/site-packages/farm_ng/amiga) by extensions ['ros']
[0.827s] Level 1:colcon.colcon_core.package_identification:_identify(src/amiga-ros2-bridge/venv/lib/python3.10/site-packages/farm_ng/amiga) by extension 'ros'
[0.827s] Level 1:colcon.colcon_core.package_identification:_identify(src/amiga-ros2-bridge/venv/lib/python3.10/site-packages/farm_ng/amiga) by extensions ['cmake', 'python']
[0.827s] Level 1:colcon.colcon_core.package_identification:_identify(src/amiga-ros2-bridge/venv/lib/python3.10/site-packages/farm_ng/amiga) by extension 'cmake'
[0.827s] Level 1:colcon.colcon_core.package_identification:_identify(src/amiga-ros2-bridge/venv/lib/python3.10/site-packages/farm_ng/amiga) by extension 'python'
[0.827s] Level 1:colcon.colcon_core.package_identification:_identify(src/amiga-ros2-bridge/venv/lib/python3.10/site-packages/farm_ng/amiga) by extensions ['python_setup_py']
[0.828s] Level 1:colcon.colcon_core.package_identification:_identify(src/amiga-ros2-bridge/venv/lib/python3.10/site-packages/farm_ng/amiga) by extension 'python_setup_py'
[0.828s] Level 1:colcon.colcon_core.package_identification:_identify(src/amiga-ros2-bridge/venv/lib/python3.10/site-packages/farm_ng/amiga/__pycache__) by extensions ['ignore', 'ignore_ament_install']
[0.828s] Level 1:colcon.colcon_core.package_identification:_identify(src/amiga-ros2-bridge/venv/lib/python3.10/site-packages/farm_ng/amiga/__pycache__) by extension 'ignore'
[0.828s] Level 1:colcon.colcon_core.package_identification:_identify(src/amiga-ros2-bridge/venv/lib/python3.10/site-packages/farm_ng/amiga/__pycache__) by extension 'ignore_ament_install'
[0.828s] Level 1:colcon.colcon_core.package_identification:_identify(src/amiga-ros2-bridge/venv/lib/python3.10/site-packages/farm_ng/amiga/__pycache__) by extensions ['colcon_pkg']
[0.829s] Level 1:colcon.colcon_core.package_identification:_identify(src/amiga-ros2-bridge/venv/lib/python3.10/site-packages/farm_ng/amiga/__pycache__) by extension 'colcon_pkg'
[0.829s] Level 1:colcon.colcon_core.package_identification:_identify(src/amiga-ros2-bridge/venv/lib/python3.10/site-packages/farm_ng/amiga/__pycache__) by extensions ['colcon_meta']
[0.829s] Level 1:colcon.colcon_core.package_identification:_identify(src/amiga-ros2-bridge/venv/lib/python3.10/site-packages/farm_ng/amiga/__pycache__) by extension 'colcon_meta'
[0.829s] Level 1:colcon.colcon_core.package_identification:_identify(src/amiga-ros2-bridge/venv/lib/python3.10/site-packages/farm_ng/amiga/__pycache__) by extensions ['ros']
[0.829s] Level 1:colcon.colcon_core.package_identification:_identify(src/amiga-ros2-bridge/venv/lib/python3.10/site-packages/farm_ng/amiga/__pycache__) by extension 'ros'
[0.829s] Level 1:colcon.colcon_core.package_identification:_identify(src/amiga-ros2-bridge/venv/lib/python3.10/site-packages/farm_ng/amiga/__pycache__) by extensions ['cmake', 'python']
[0.829s] Level 1:colcon.colcon_core.package_identification:_identify(src/amiga-ros2-bridge/venv/lib/python3.10/site-packages/farm_ng/amiga/__pycache__) by extension 'cmake'
[0.829s] Level 1:colcon.colcon_core.package_identification:_identify(src/amiga-ros2-bridge/venv/lib/python3.10/site-packages/farm_ng/amiga/__pycache__) by extension 'python'
[0.829s] Level 1:colcon.colcon_core.package_identification:_identify(src/amiga-ros2-bridge/venv/lib/python3.10/site-packages/farm_ng/amiga/__pycache__) by extensions ['python_setup_py']
[0.830s] Level 1:colcon.colcon_core.package_identification:_identify(src/amiga-ros2-bridge/venv/lib/python3.10/site-packages/farm_ng/amiga/__pycache__) by extension 'python_setup_py'
[0.830s] Level 1:colcon.colcon_core.package_identification:_identify(src/amiga-ros2-bridge/venv/lib/python3.10/site-packages/farm_ng/canbus) by extensions ['ignore', 'ignore_ament_install']
[0.830s] Level 1:colcon.colcon_core.package_identification:_identify(src/amiga-ros2-bridge/venv/lib/python3.10/site-packages/farm_ng/canbus) by extension 'ignore'
[0.830s] Level 1:colcon.colcon_core.package_identification:_identify(src/amiga-ros2-bridge/venv/lib/python3.10/site-packages/farm_ng/canbus) by extension 'ignore_ament_install'
[0.830s] Level 1:colcon.colcon_core.package_identification:_identify(src/amiga-ros2-bridge/venv/lib/python3.10/site-packages/farm_ng/canbus) by extensions ['colcon_pkg']
[0.831s] Level 1:colcon.colcon_core.package_identification:_identify(src/amiga-ros2-bridge/venv/lib/python3.10/site-packages/farm_ng/canbus) by extension 'colcon_pkg'
[0.831s] Level 1:colcon.colcon_core.package_identification:_identify(src/amiga-ros2-bridge/venv/lib/python3.10/site-packages/farm_ng/canbus) by extensions ['colcon_meta']
[0.831s] Level 1:colcon.colcon_core.package_identification:_identify(src/amiga-ros2-bridge/venv/lib/python3.10/site-packages/farm_ng/canbus) by extension 'colcon_meta'
[0.831s] Level 1:colcon.colcon_core.package_identification:_identify(src/amiga-ros2-bridge/venv/lib/python3.10/site-packages/farm_ng/canbus) by extensions ['ros']
[0.831s] Level 1:colcon.colcon_core.package_identification:_identify(src/amiga-ros2-bridge/venv/lib/python3.10/site-packages/farm_ng/canbus) by extension 'ros'
[0.831s] Level 1:colcon.colcon_core.package_identification:_identify(src/amiga-ros2-bridge/venv/lib/python3.10/site-packages/farm_ng/canbus) by extensions ['cmake', 'python']
[0.831s] Level 1:colcon.colcon_core.package_identification:_identify(src/amiga-ros2-bridge/venv/lib/python3.10/site-packages/farm_ng/canbus) by extension 'cmake'
[0.831s] Level 1:colcon.colcon_core.package_identification:_identify(src/amiga-ros2-bridge/venv/lib/python3.10/site-packages/farm_ng/canbus) by extension 'python'
[0.831s] Level 1:colcon.colcon_core.package_identification:_identify(src/amiga-ros2-bridge/venv/lib/python3.10/site-packages/farm_ng/canbus) by extensions ['python_setup_py']
[0.831s] Level 1:colcon.colcon_core.package_identification:_identify(src/amiga-ros2-bridge/venv/lib/python3.10/site-packages/farm_ng/canbus) by extension 'python_setup_py'
[0.832s] Level 1:colcon.colcon_core.package_identification:_identify(src/amiga-ros2-bridge/venv/lib/python3.10/site-packages/farm_ng/canbus/__pycache__) by extensions ['ignore', 'ignore_ament_install']
[0.832s] Level 1:colcon.colcon_core.package_identification:_identify(src/amiga-ros2-bridge/venv/lib/python3.10/site-packages/farm_ng/canbus/__pycache__) by extension 'ignore'
[0.832s] Level 1:colcon.colcon_core.package_identification:_identify(src/amiga-ros2-bridge/venv/lib/python3.10/site-packages/farm_ng/canbus/__pycache__) by extension 'ignore_ament_install'
[0.832s] Level 1:colcon.colcon_core.package_identification:_identify(src/amiga-ros2-bridge/venv/lib/python3.10/site-packages/farm_ng/canbus/__pycache__) by extensions ['colcon_pkg']
[0.832s] Level 1:colcon.colcon_core.package_identification:_identify(src/amiga-ros2-bridge/venv/lib/python3.10/site-packages/farm_ng/canbus/__pycache__) by extension 'colcon_pkg'
[0.833s] Level 1:colcon.colcon_core.package_identification:_identify(src/amiga-ros2-bridge/venv/lib/python3.10/site-packages/farm_ng/canbus/__pycache__) by extensions ['colcon_meta']
[0.833s] Level 1:colcon.colcon_core.package_identification:_identify(src/amiga-ros2-bridge/venv/lib/python3.10/site-packages/farm_ng/canbus/__pycache__) by extension 'colcon_meta'
[0.833s] Level 1:colcon.colcon_core.package_identification:_identify(src/amiga-ros2-bridge/venv/lib/python3.10/site-packages/farm_ng/canbus/__pycache__) by extensions ['ros']
[0.833s] Level 1:colcon.colcon_core.package_identification:_identify(src/amiga-ros2-bridge/venv/lib/python3.10/site-packages/farm_ng/canbus/__pycache__) by extension 'ros'
[0.833s] Level 1:colcon.colcon_core.package_identification:_identify(src/amiga-ros2-bridge/venv/lib/python3.10/site-packages/farm_ng/canbus/__pycache__) by extensions ['cmake', 'python']
[0.833s] Level 1:colcon.colcon_core.package_identification:_identify(src/amiga-ros2-bridge/venv/lib/python3.10/site-packages/farm_ng/canbus/__pycache__) by extension 'cmake'
[0.833s] Level 1:colcon.colcon_core.package_identification:_identify(src/amiga-ros2-bridge/venv/lib/python3.10/site-packages/farm_ng/canbus/__pycache__) by extension 'python'
[0.833s] Level 1:colcon.colcon_core.package_identification:_identify(src/amiga-ros2-bridge/venv/lib/python3.10/site-packages/farm_ng/canbus/__pycache__) by extensions ['python_setup_py']
[0.833s] Level 1:colcon.colcon_core.package_identification:_identify(src/amiga-ros2-bridge/venv/lib/python3.10/site-packages/farm_ng/canbus/__pycache__) by extension 'python_setup_py'
[0.834s] Level 1:colcon.colcon_core.package_identification:_identify(src/amiga-ros2-bridge/venv/lib/python3.10/site-packages/farm_ng/core) by extensions ['ignore', 'ignore_ament_install']
[0.834s] Level 1:colcon.colcon_core.package_identification:_identify(src/amiga-ros2-bridge/venv/lib/python3.10/site-packages/farm_ng/core) by extension 'ignore'
[0.834s] Level 1:colcon.colcon_core.package_identification:_identify(src/amiga-ros2-bridge/venv/lib/python3.10/site-packages/farm_ng/core) by extension 'ignore_ament_install'
[0.834s] Level 1:colcon.colcon_core.package_identification:_identify(src/amiga-ros2-bridge/venv/lib/python3.10/site-packages/farm_ng/core) by extensions ['colcon_pkg']
[0.835s] Level 1:colcon.colcon_core.package_identification:_identify(src/amiga-ros2-bridge/venv/lib/python3.10/site-packages/farm_ng/core) by extension 'colcon_pkg'
[0.835s] Level 1:colcon.colcon_core.package_identification:_identify(src/amiga-ros2-bridge/venv/lib/python3.10/site-packages/farm_ng/core) by extensions ['colcon_meta']
[0.835s] Level 1:colcon.colcon_core.package_identification:_identify(src/amiga-ros2-bridge/venv/lib/python3.10/site-packages/farm_ng/core) by extension 'colcon_meta'
[0.835s] Level 1:colcon.colcon_core.package_identification:_identify(src/amiga-ros2-bridge/venv/lib/python3.10/site-packages/farm_ng/core) by extensions ['ros']
[0.835s] Level 1:colcon.colcon_core.package_identification:_identify(src/amiga-ros2-bridge/venv/lib/python3.10/site-packages/farm_ng/core) by extension 'ros'
[0.835s] Level 1:colcon.colcon_core.package_identification:_identify(src/amiga-ros2-bridge/venv/lib/python3.10/site-packages/farm_ng/core) by extensions ['cmake', 'python']
[0.835s] Level 1:colcon.colcon_core.package_identification:_identify(src/amiga-ros2-bridge/venv/lib/python3.10/site-packages/farm_ng/core) by extension 'cmake'
[0.835s] Level 1:colcon.colcon_core.package_identification:_identify(src/amiga-ros2-bridge/venv/lib/python3.10/site-packages/farm_ng/core) by extension 'python'
[0.835s] Level 1:colcon.colcon_core.package_identification:_identify(src/amiga-ros2-bridge/venv/lib/python3.10/site-packages/farm_ng/core) by extensions ['python_setup_py']
[0.836s] Level 1:colcon.colcon_core.package_identification:_identify(src/amiga-ros2-bridge/venv/lib/python3.10/site-packages/farm_ng/core) by extension 'python_setup_py'
[0.836s] Level 1:colcon.colcon_core.package_identification:_identify(src/amiga-ros2-bridge/venv/lib/python3.10/site-packages/farm_ng/core/__pycache__) by extensions ['ignore', 'ignore_ament_install']
[0.836s] Level 1:colcon.colcon_core.package_identification:_identify(src/amiga-ros2-bridge/venv/lib/python3.10/site-packages/farm_ng/core/__pycache__) by extension 'ignore'
[0.836s] Level 1:colcon.colcon_core.package_identification:_identify(src/amiga-ros2-bridge/venv/lib/python3.10/site-packages/farm_ng/core/__pycache__) by extension 'ignore_ament_install'
[0.837s] Level 1:colcon.colcon_core.package_identification:_identify(src/amiga-ros2-bridge/venv/lib/python3.10/site-packages/farm_ng/core/__pycache__) by extensions ['colcon_pkg']
[0.837s] Level 1:colcon.colcon_core.package_identification:_identify(src/amiga-ros2-bridge/venv/lib/python3.10/site-packages/farm_ng/core/__pycache__) by extension 'colcon_pkg'
[0.837s] Level 1:colcon.colcon_core.package_identification:_identify(src/amiga-ros2-bridge/venv/lib/python3.10/site-packages/farm_ng/core/__pycache__) by extensions ['colcon_meta']
[0.837s] Level 1:colcon.colcon_core.package_identification:_identify(src/amiga-ros2-bridge/venv/lib/python3.10/site-packages/farm_ng/core/__pycache__) by extension 'colcon_meta'
[0.837s] Level 1:colcon.colcon_core.package_identification:_identify(src/amiga-ros2-bridge/venv/lib/python3.10/site-packages/farm_ng/core/__pycache__) by extensions ['ros']
[0.837s] Level 1:colcon.colcon_core.package_identification:_identify(src/amiga-ros2-bridge/venv/lib/python3.10/site-packages/farm_ng/core/__pycache__) by extension 'ros'
[0.837s] Level 1:colcon.colcon_core.package_identification:_identify(src/amiga-ros2-bridge/venv/lib/python3.10/site-packages/farm_ng/core/__pycache__) by extensions ['cmake', 'python']
[0.837s] Level 1:colcon.colcon_core.package_identification:_identify(src/amiga-ros2-bridge/venv/lib/python3.10/site-packages/farm_ng/core/__pycache__) by extension 'cmake'
[0.837s] Level 1:colcon.colcon_core.package_identification:_identify(src/amiga-ros2-bridge/venv/lib/python3.10/site-packages/farm_ng/core/__pycache__) by extension 'python'
[0.838s] Level 1:colcon.colcon_core.package_identification:_identify(src/amiga-ros2-bridge/venv/lib/python3.10/site-packages/farm_ng/core/__pycache__) by extensions ['python_setup_py']
[0.838s] Level 1:colcon.colcon_core.package_identification:_identify(src/amiga-ros2-bridge/venv/lib/python3.10/site-packages/farm_ng/core/__pycache__) by extension 'python_setup_py'
[0.838s] Level 1:colcon.colcon_core.package_identification:_identify(src/amiga-ros2-bridge/venv/lib/python3.10/site-packages/farm_ng/filter) by extensions ['ignore', 'ignore_ament_install']
[0.838s] Level 1:colcon.colcon_core.package_identification:_identify(src/amiga-ros2-bridge/venv/lib/python3.10/site-packages/farm_ng/filter) by extension 'ignore'
[0.838s] Level 1:colcon.colcon_core.package_identification:_identify(src/amiga-ros2-bridge/venv/lib/python3.10/site-packages/farm_ng/filter) by extension 'ignore_ament_install'
[0.839s] Level 1:colcon.colcon_core.package_identification:_identify(src/amiga-ros2-bridge/venv/lib/python3.10/site-packages/farm_ng/filter) by extensions ['colcon_pkg']
[0.839s] Level 1:colcon.colcon_core.package_identification:_identify(src/amiga-ros2-bridge/venv/lib/python3.10/site-packages/farm_ng/filter) by extension 'colcon_pkg'
[0.839s] Level 1:colcon.colcon_core.package_identification:_identify(src/amiga-ros2-bridge/venv/lib/python3.10/site-packages/farm_ng/filter) by extensions ['colcon_meta']
[0.839s] Level 1:colcon.colcon_core.package_identification:_identify(src/amiga-ros2-bridge/venv/lib/python3.10/site-packages/farm_ng/filter) by extension 'colcon_meta'
[0.839s] Level 1:colcon.colcon_core.package_identification:_identify(src/amiga-ros2-bridge/venv/lib/python3.10/site-packages/farm_ng/filter) by extensions ['ros']
[0.839s] Level 1:colcon.colcon_core.package_identification:_identify(src/amiga-ros2-bridge/venv/lib/python3.10/site-packages/farm_ng/filter) by extension 'ros'
[0.839s] Level 1:colcon.colcon_core.package_identification:_identify(src/amiga-ros2-bridge/venv/lib/python3.10/site-packages/farm_ng/filter) by extensions ['cmake', 'python']
[0.839s] Level 1:colcon.colcon_core.package_identification:_identify(src/amiga-ros2-bridge/venv/lib/python3.10/site-packages/farm_ng/filter) by extension 'cmake'
[0.839s] Level 1:colcon.colcon_core.package_identification:_identify(src/amiga-ros2-bridge/venv/lib/python3.10/site-packages/farm_ng/filter) by extension 'python'
[0.840s] Level 1:colcon.colcon_core.package_identification:_identify(src/amiga-ros2-bridge/venv/lib/python3.10/site-packages/farm_ng/filter) by extensions ['python_setup_py']
[0.840s] Level 1:colcon.colcon_core.package_identification:_identify(src/amiga-ros2-bridge/venv/lib/python3.10/site-packages/farm_ng/filter) by extension 'python_setup_py'
[0.840s] Level 1:colcon.colcon_core.package_identification:_identify(src/amiga-ros2-bridge/venv/lib/python3.10/site-packages/farm_ng/filter/__pycache__) by extensions ['ignore', 'ignore_ament_install']
[0.840s] Level 1:colcon.colcon_core.package_identification:_identify(src/amiga-ros2-bridge/venv/lib/python3.10/site-packages/farm_ng/filter/__pycache__) by extension 'ignore'
[0.840s] Level 1:colcon.colcon_core.package_identification:_identify(src/amiga-ros2-bridge/venv/lib/python3.10/site-packages/farm_ng/filter/__pycache__) by extension 'ignore_ament_install'
[0.840s] Level 1:colcon.colcon_core.package_identification:_identify(src/amiga-ros2-bridge/venv/lib/python3.10/site-packages/farm_ng/filter/__pycache__) by extensions ['colcon_pkg']
[0.841s] Level 1:colcon.colcon_core.package_identification:_identify(src/amiga-ros2-bridge/venv/lib/python3.10/site-packages/farm_ng/filter/__pycache__) by extension 'colcon_pkg'
[0.841s] Level 1:colcon.colcon_core.package_identification:_identify(src/amiga-ros2-bridge/venv/lib/python3.10/site-packages/farm_ng/filter/__pycache__) by extensions ['colcon_meta']
[0.841s] Level 1:colcon.colcon_core.package_identification:_identify(src/amiga-ros2-bridge/venv/lib/python3.10/site-packages/farm_ng/filter/__pycache__) by extension 'colcon_meta'
[0.841s] Level 1:colcon.colcon_core.package_identification:_identify(src/amiga-ros2-bridge/venv/lib/python3.10/site-packages/farm_ng/filter/__pycache__) by extensions ['ros']
[0.841s] Level 1:colcon.colcon_core.package_identification:_identify(src/amiga-ros2-bridge/venv/lib/python3.10/site-packages/farm_ng/filter/__pycache__) by extension 'ros'
[0.841s] Level 1:colcon.colcon_core.package_identification:_identify(src/amiga-ros2-bridge/venv/lib/python3.10/site-packages/farm_ng/filter/__pycache__) by extensions ['cmake', 'python']
[0.841s] Level 1:colcon.colcon_core.package_identification:_identify(src/amiga-ros2-bridge/venv/lib/python3.10/site-packages/farm_ng/filter/__pycache__) by extension 'cmake'
[0.841s] Level 1:colcon.colcon_core.package_identification:_identify(src/amiga-ros2-bridge/venv/lib/python3.10/site-packages/farm_ng/filter/__pycache__) by extension 'python'
[0.841s] Level 1:colcon.colcon_core.package_identification:_identify(src/amiga-ros2-bridge/venv/lib/python3.10/site-packages/farm_ng/filter/__pycache__) by extensions ['python_setup_py']
[0.842s] Level 1:colcon.colcon_core.package_identification:_identify(src/amiga-ros2-bridge/venv/lib/python3.10/site-packages/farm_ng/filter/__pycache__) by extension 'python_setup_py'
[0.842s] Level 1:colcon.colcon_core.package_identification:_identify(src/amiga-ros2-bridge/venv/lib/python3.10/site-packages/farm_ng/gps) by extensions ['ignore', 'ignore_ament_install']
[0.842s] Level 1:colcon.colcon_core.package_identification:_identify(src/amiga-ros2-bridge/venv/lib/python3.10/site-packages/farm_ng/gps) by extension 'ignore'
[0.842s] Level 1:colcon.colcon_core.package_identification:_identify(src/amiga-ros2-bridge/venv/lib/python3.10/site-packages/farm_ng/gps) by extension 'ignore_ament_install'
[0.842s] Level 1:colcon.colcon_core.package_identification:_identify(src/amiga-ros2-bridge/venv/lib/python3.10/site-packages/farm_ng/gps) by extensions ['colcon_pkg']
[0.842s] Level 1:colcon.colcon_core.package_identification:_identify(src/amiga-ros2-bridge/venv/lib/python3.10/site-packages/farm_ng/gps) by extension 'colcon_pkg'
[0.843s] Level 1:colcon.colcon_core.package_identification:_identify(src/amiga-ros2-bridge/venv/lib/python3.10/site-packages/farm_ng/gps) by extensions ['colcon_meta']
[0.843s] Level 1:colcon.colcon_core.package_identification:_identify(src/amiga-ros2-bridge/venv/lib/python3.10/site-packages/farm_ng/gps) by extension 'colcon_meta'
[0.843s] Level 1:colcon.colcon_core.package_identification:_identify(src/amiga-ros2-bridge/venv/lib/python3.10/site-packages/farm_ng/gps) by extensions ['ros']
[0.843s] Level 1:colcon.colcon_core.package_identification:_identify(src/amiga-ros2-bridge/venv/lib/python3.10/site-packages/farm_ng/gps) by extension 'ros'
[0.843s] Level 1:colcon.colcon_core.package_identification:_identify(src/amiga-ros2-bridge/venv/lib/python3.10/site-packages/farm_ng/gps) by extensions ['cmake', 'python']
[0.843s] Level 1:colcon.colcon_core.package_identification:_identify(src/amiga-ros2-bridge/venv/lib/python3.10/site-packages/farm_ng/gps) by extension 'cmake'
[0.843s] Level 1:colcon.colcon_core.package_identification:_identify(src/amiga-ros2-bridge/venv/lib/python3.10/site-packages/farm_ng/gps) by extension 'python'
[0.843s] Level 1:colcon.colcon_core.package_identification:_identify(src/amiga-ros2-bridge/venv/lib/python3.10/site-packages/farm_ng/gps) by extensions ['python_setup_py']
[0.843s] Level 1:colcon.colcon_core.package_identification:_identify(src/amiga-ros2-bridge/venv/lib/python3.10/site-packages/farm_ng/gps) by extension 'python_setup_py'
[0.844s] Level 1:colcon.colcon_core.package_identification:_identify(src/amiga-ros2-bridge/venv/lib/python3.10/site-packages/farm_ng/gps/__pycache__) by extensions ['ignore', 'ignore_ament_install']
[0.844s] Level 1:colcon.colcon_core.package_identification:_identify(src/amiga-ros2-bridge/venv/lib/python3.10/site-packages/farm_ng/gps/__pycache__) by extension 'ignore'
[0.844s] Level 1:colcon.colcon_core.package_identification:_identify(src/amiga-ros2-bridge/venv/lib/python3.10/site-packages/farm_ng/gps/__pycache__) by extension 'ignore_ament_install'
[0.844s] Level 1:colcon.colcon_core.package_identification:_identify(src/amiga-ros2-bridge/venv/lib/python3.10/site-packages/farm_ng/gps/__pycache__) by extensions ['colcon_pkg']
[0.844s] Level 1:colcon.colcon_core.package_identification:_identify(src/amiga-ros2-bridge/venv/lib/python3.10/site-packages/farm_ng/gps/__pycache__) by extension 'colcon_pkg'
[0.845s] Level 1:colcon.colcon_core.package_identification:_identify(src/amiga-ros2-bridge/venv/lib/python3.10/site-packages/farm_ng/gps/__pycache__) by extensions ['colcon_meta']
[0.845s] Level 1:colcon.colcon_core.package_identification:_identify(src/amiga-ros2-bridge/venv/lib/python3.10/site-packages/farm_ng/gps/__pycache__) by extension 'colcon_meta'
[0.845s] Level 1:colcon.colcon_core.package_identification:_identify(src/amiga-ros2-bridge/venv/lib/python3.10/site-packages/farm_ng/gps/__pycache__) by extensions ['ros']
[0.845s] Level 1:colcon.colcon_core.package_identification:_identify(src/amiga-ros2-bridge/venv/lib/python3.10/site-packages/farm_ng/gps/__pycache__) by extension 'ros'
[0.845s] Level 1:colcon.colcon_core.package_identification:_identify(src/amiga-ros2-bridge/venv/lib/python3.10/site-packages/farm_ng/gps/__pycache__) by extensions ['cmake', 'python']
[0.845s] Level 1:colcon.colcon_core.package_identification:_identify(src/amiga-ros2-bridge/venv/lib/python3.10/site-packages/farm_ng/gps/__pycache__) by extension 'cmake'
[0.845s] Level 1:colcon.colcon_core.package_identification:_identify(src/amiga-ros2-bridge/venv/lib/python3.10/site-packages/farm_ng/gps/__pycache__) by extension 'python'
[0.845s] Level 1:colcon.colcon_core.package_identification:_identify(src/amiga-ros2-bridge/venv/lib/python3.10/site-packages/farm_ng/gps/__pycache__) by extensions ['python_setup_py']
[0.845s] Level 1:colcon.colcon_core.package_identification:_identify(src/amiga-ros2-bridge/venv/lib/python3.10/site-packages/farm_ng/gps/__pycache__) by extension 'python_setup_py'
[0.846s] Level 1:colcon.colcon_core.package_identification:_identify(src/amiga-ros2-bridge/venv/lib/python3.10/site-packages/farm_ng/imu) by extensions ['ignore', 'ignore_ament_install']
[0.846s] Level 1:colcon.colcon_core.package_identification:_identify(src/amiga-ros2-bridge/venv/lib/python3.10/site-packages/farm_ng/imu) by extension 'ignore'
[0.846s] Level 1:colcon.colcon_core.package_identification:_identify(src/amiga-ros2-bridge/venv/lib/python3.10/site-packages/farm_ng/imu) by extension 'ignore_ament_install'
[0.846s] Level 1:colcon.colcon_core.package_identification:_identify(src/amiga-ros2-bridge/venv/lib/python3.10/site-packages/farm_ng/imu) by extensions ['colcon_pkg']
[0.846s] Level 1:colcon.colcon_core.package_identification:_identify(src/amiga-ros2-bridge/venv/lib/python3.10/site-packages/farm_ng/imu) by extension 'colcon_pkg'
[0.846s] Level 1:colcon.colcon_core.package_identification:_identify(src/amiga-ros2-bridge/venv/lib/python3.10/site-packages/farm_ng/imu) by extensions ['colcon_meta']
[0.846s] Level 1:colcon.colcon_core.package_identification:_identify(src/amiga-ros2-bridge/venv/lib/python3.10/site-packages/farm_ng/imu) by extension 'colcon_meta'
[0.847s] Level 1:colcon.colcon_core.package_identification:_identify(src/amiga-ros2-bridge/venv/lib/python3.10/site-packages/farm_ng/imu) by extensions ['ros']
[0.847s] Level 1:colcon.colcon_core.package_identification:_identify(src/amiga-ros2-bridge/venv/lib/python3.10/site-packages/farm_ng/imu) by extension 'ros'
[0.847s] Level 1:colcon.colcon_core.package_identification:_identify(src/amiga-ros2-bridge/venv/lib/python3.10/site-packages/farm_ng/imu) by extensions ['cmake', 'python']
[0.847s] Level 1:colcon.colcon_core.package_identification:_identify(src/amiga-ros2-bridge/venv/lib/python3.10/site-packages/farm_ng/imu) by extension 'cmake'
[0.847s] Level 1:colcon.colcon_core.package_identification:_identify(src/amiga-ros2-bridge/venv/lib/python3.10/site-packages/farm_ng/imu) by extension 'python'
[0.847s] Level 1:colcon.colcon_core.package_identification:_identify(src/amiga-ros2-bridge/venv/lib/python3.10/site-packages/farm_ng/imu) by extensions ['python_setup_py']
[0.847s] Level 1:colcon.colcon_core.package_identification:_identify(src/amiga-ros2-bridge/venv/lib/python3.10/site-packages/farm_ng/imu) by extension 'python_setup_py'
[0.848s] Level 1:colcon.colcon_core.package_identification:_identify(src/amiga-ros2-bridge/venv/lib/python3.10/site-packages/farm_ng/imu/__pycache__) by extensions ['ignore', 'ignore_ament_install']
[0.848s] Level 1:colcon.colcon_core.package_identification:_identify(src/amiga-ros2-bridge/venv/lib/python3.10/site-packages/farm_ng/imu/__pycache__) by extension 'ignore'
[0.848s] Level 1:colcon.colcon_core.package_identification:_identify(src/amiga-ros2-bridge/venv/lib/python3.10/site-packages/farm_ng/imu/__pycache__) by extension 'ignore_ament_install'
[0.848s] Level 1:colcon.colcon_core.package_identification:_identify(src/amiga-ros2-bridge/venv/lib/python3.10/site-packages/farm_ng/imu/__pycache__) by extensions ['colcon_pkg']
[0.848s] Level 1:colcon.colcon_core.package_identification:_identify(src/amiga-ros2-bridge/venv/lib/python3.10/site-packages/farm_ng/imu/__pycache__) by extension 'colcon_pkg'
[0.848s] Level 1:colcon.colcon_core.package_identification:_identify(src/amiga-ros2-bridge/venv/lib/python3.10/site-packages/farm_ng/imu/__pycache__) by extensions ['colcon_meta']
[0.848s] Level 1:colcon.colcon_core.package_identification:_identify(src/amiga-ros2-bridge/venv/lib/python3.10/site-packages/farm_ng/imu/__pycache__) by extension 'colcon_meta'
[0.848s] Level 1:colcon.colcon_core.package_identification:_identify(src/amiga-ros2-bridge/venv/lib/python3.10/site-packages/farm_ng/imu/__pycache__) by extensions ['ros']
[0.848s] Level 1:colcon.colcon_core.package_identification:_identify(src/amiga-ros2-bridge/venv/lib/python3.10/site-packages/farm_ng/imu/__pycache__) by extension 'ros'
[0.849s] Level 1:colcon.colcon_core.package_identification:_identify(src/amiga-ros2-bridge/venv/lib/python3.10/site-packages/farm_ng/imu/__pycache__) by extensions ['cmake', 'python']
[0.849s] Level 1:colcon.colcon_core.package_identification:_identify(src/amiga-ros2-bridge/venv/lib/python3.10/site-packages/farm_ng/imu/__pycache__) by extension 'cmake'
[0.849s] Level 1:colcon.colcon_core.package_identification:_identify(src/amiga-ros2-bridge/venv/lib/python3.10/site-packages/farm_ng/imu/__pycache__) by extension 'python'
[0.849s] Level 1:colcon.colcon_core.package_identification:_identify(src/amiga-ros2-bridge/venv/lib/python3.10/site-packages/farm_ng/imu/__pycache__) by extensions ['python_setup_py']
[0.849s] Level 1:colcon.colcon_core.package_identification:_identify(src/amiga-ros2-bridge/venv/lib/python3.10/site-packages/farm_ng/imu/__pycache__) by extension 'python_setup_py'
[0.849s] Level 1:colcon.colcon_core.package_identification:_identify(src/amiga-ros2-bridge/venv/lib/python3.10/site-packages/farm_ng/oak) by extensions ['ignore', 'ignore_ament_install']
[0.850s] Level 1:colcon.colcon_core.package_identification:_identify(src/amiga-ros2-bridge/venv/lib/python3.10/site-packages/farm_ng/oak) by extension 'ignore'
[0.850s] Level 1:colcon.colcon_core.package_identification:_identify(src/amiga-ros2-bridge/venv/lib/python3.10/site-packages/farm_ng/oak) by extension 'ignore_ament_install'
[0.850s] Level 1:colcon.colcon_core.package_identification:_identify(src/amiga-ros2-bridge/venv/lib/python3.10/site-packages/farm_ng/oak) by extensions ['colcon_pkg']
[0.850s] Level 1:colcon.colcon_core.package_identification:_identify(src/amiga-ros2-bridge/venv/lib/python3.10/site-packages/farm_ng/oak) by extension 'colcon_pkg'
[0.850s] Level 1:colcon.colcon_core.package_identification:_identify(src/amiga-ros2-bridge/venv/lib/python3.10/site-packages/farm_ng/oak) by extensions ['colcon_meta']
[0.850s] Level 1:colcon.colcon_core.package_identification:_identify(src/amiga-ros2-bridge/venv/lib/python3.10/site-packages/farm_ng/oak) by extension 'colcon_meta'
[0.850s] Level 1:colcon.colcon_core.package_identification:_identify(src/amiga-ros2-bridge/venv/lib/python3.10/site-packages/farm_ng/oak) by extensions ['ros']
[0.850s] Level 1:colcon.colcon_core.package_identification:_identify(src/amiga-ros2-bridge/venv/lib/python3.10/site-packages/farm_ng/oak) by extension 'ros'
[0.851s] Level 1:colcon.colcon_core.package_identification:_identify(src/amiga-ros2-bridge/venv/lib/python3.10/site-packages/farm_ng/oak) by extensions ['cmake', 'python']
[0.851s] Level 1:colcon.colcon_core.package_identification:_identify(src/amiga-ros2-bridge/venv/lib/python3.10/site-packages/farm_ng/oak) by extension 'cmake'
[0.851s] Level 1:colcon.colcon_core.package_identification:_identify(src/amiga-ros2-bridge/venv/lib/python3.10/site-packages/farm_ng/oak) by extension 'python'
[0.851s] Level 1:colcon.colcon_core.package_identification:_identify(src/amiga-ros2-bridge/venv/lib/python3.10/site-packages/farm_ng/oak) by extensions ['python_setup_py']
[0.851s] Level 1:colcon.colcon_core.package_identification:_identify(src/amiga-ros2-bridge/venv/lib/python3.10/site-packages/farm_ng/oak) by extension 'python_setup_py'
[0.851s] Level 1:colcon.colcon_core.package_identification:_identify(src/amiga-ros2-bridge/venv/lib/python3.10/site-packages/farm_ng/oak/__pycache__) by extensions ['ignore', 'ignore_ament_install']
[0.851s] Level 1:colcon.colcon_core.package_identification:_identify(src/amiga-ros2-bridge/venv/lib/python3.10/site-packages/farm_ng/oak/__pycache__) by extension 'ignore'
[0.852s] Level 1:colcon.colcon_core.package_identification:_identify(src/amiga-ros2-bridge/venv/lib/python3.10/site-packages/farm_ng/oak/__pycache__) by extension 'ignore_ament_install'
[0.852s] Level 1:colcon.colcon_core.package_identification:_identify(src/amiga-ros2-bridge/venv/lib/python3.10/site-packages/farm_ng/oak/__pycache__) by extensions ['colcon_pkg']
[0.852s] Level 1:colcon.colcon_core.package_identification:_identify(src/amiga-ros2-bridge/venv/lib/python3.10/site-packages/farm_ng/oak/__pycache__) by extension 'colcon_pkg'
[0.852s] Level 1:colcon.colcon_core.package_identification:_identify(src/amiga-ros2-bridge/venv/lib/python3.10/site-packages/farm_ng/oak/__pycache__) by extensions ['colcon_meta']
[0.852s] Level 1:colcon.colcon_core.package_identification:_identify(src/amiga-ros2-bridge/venv/lib/python3.10/site-packages/farm_ng/oak/__pycache__) by extension 'colcon_meta'
[0.852s] Level 1:colcon.colcon_core.package_identification:_identify(src/amiga-ros2-bridge/venv/lib/python3.10/site-packages/farm_ng/oak/__pycache__) by extensions ['ros']
[0.852s] Level 1:colcon.colcon_core.package_identification:_identify(src/amiga-ros2-bridge/venv/lib/python3.10/site-packages/farm_ng/oak/__pycache__) by extension 'ros'
[0.852s] Level 1:colcon.colcon_core.package_identification:_identify(src/amiga-ros2-bridge/venv/lib/python3.10/site-packages/farm_ng/oak/__pycache__) by extensions ['cmake', 'python']
[0.852s] Level 1:colcon.colcon_core.package_identification:_identify(src/amiga-ros2-bridge/venv/lib/python3.10/site-packages/farm_ng/oak/__pycache__) by extension 'cmake'
[0.853s] Level 1:colcon.colcon_core.package_identification:_identify(src/amiga-ros2-bridge/venv/lib/python3.10/site-packages/farm_ng/oak/__pycache__) by extension 'python'
[0.853s] Level 1:colcon.colcon_core.package_identification:_identify(src/amiga-ros2-bridge/venv/lib/python3.10/site-packages/farm_ng/oak/__pycache__) by extensions ['python_setup_py']
[0.853s] Level 1:colcon.colcon_core.package_identification:_identify(src/amiga-ros2-bridge/venv/lib/python3.10/site-packages/farm_ng/oak/__pycache__) by extension 'python_setup_py'
[0.853s] Level 1:colcon.colcon_core.package_identification:_identify(src/amiga-ros2-bridge/venv/lib/python3.10/site-packages/farm_ng/package) by extensions ['ignore', 'ignore_ament_install']
[0.853s] Level 1:colcon.colcon_core.package_identification:_identify(src/amiga-ros2-bridge/venv/lib/python3.10/site-packages/farm_ng/package) by extension 'ignore'
[0.853s] Level 1:colcon.colcon_core.package_identification:_identify(src/amiga-ros2-bridge/venv/lib/python3.10/site-packages/farm_ng/package) by extension 'ignore_ament_install'
[0.854s] Level 1:colcon.colcon_core.package_identification:_identify(src/amiga-ros2-bridge/venv/lib/python3.10/site-packages/farm_ng/package) by extensions ['colcon_pkg']
[0.854s] Level 1:colcon.colcon_core.package_identification:_identify(src/amiga-ros2-bridge/venv/lib/python3.10/site-packages/farm_ng/package) by extension 'colcon_pkg'
[0.854s] Level 1:colcon.colcon_core.package_identification:_identify(src/amiga-ros2-bridge/venv/lib/python3.10/site-packages/farm_ng/package) by extensions ['colcon_meta']
[0.854s] Level 1:colcon.colcon_core.package_identification:_identify(src/amiga-ros2-bridge/venv/lib/python3.10/site-packages/farm_ng/package) by extension 'colcon_meta'
[0.854s] Level 1:colcon.colcon_core.package_identification:_identify(src/amiga-ros2-bridge/venv/lib/python3.10/site-packages/farm_ng/package) by extensions ['ros']
[0.854s] Level 1:colcon.colcon_core.package_identification:_identify(src/amiga-ros2-bridge/venv/lib/python3.10/site-packages/farm_ng/package) by extension 'ros'
[0.854s] Level 1:colcon.colcon_core.package_identification:_identify(src/amiga-ros2-bridge/venv/lib/python3.10/site-packages/farm_ng/package) by extensions ['cmake', 'python']
[0.854s] Level 1:colcon.colcon_core.package_identification:_identify(src/amiga-ros2-bridge/venv/lib/python3.10/site-packages/farm_ng/package) by extension 'cmake'
[0.854s] Level 1:colcon.colcon_core.package_identification:_identify(src/amiga-ros2-bridge/venv/lib/python3.10/site-packages/farm_ng/package) by extension 'python'
[0.855s] Level 1:colcon.colcon_core.package_identification:_identify(src/amiga-ros2-bridge/venv/lib/python3.10/site-packages/farm_ng/package) by extensions ['python_setup_py']
[0.855s] Level 1:colcon.colcon_core.package_identification:_identify(src/amiga-ros2-bridge/venv/lib/python3.10/site-packages/farm_ng/package) by extension 'python_setup_py'
[0.855s] Level 1:colcon.colcon_core.package_identification:_identify(src/amiga-ros2-bridge/venv/lib/python3.10/site-packages/farm_ng/package/__pycache__) by extensions ['ignore', 'ignore_ament_install']
[0.855s] Level 1:colcon.colcon_core.package_identification:_identify(src/amiga-ros2-bridge/venv/lib/python3.10/site-packages/farm_ng/package/__pycache__) by extension 'ignore'
[0.855s] Level 1:colcon.colcon_core.package_identification:_identify(src/amiga-ros2-bridge/venv/lib/python3.10/site-packages/farm_ng/package/__pycache__) by extension 'ignore_ament_install'
[0.856s] Level 1:colcon.colcon_core.package_identification:_identify(src/amiga-ros2-bridge/venv/lib/python3.10/site-packages/farm_ng/package/__pycache__) by extensions ['colcon_pkg']
[0.856s] Level 1:colcon.colcon_core.package_identification:_identify(src/amiga-ros2-bridge/venv/lib/python3.10/site-packages/farm_ng/package/__pycache__) by extension 'colcon_pkg'
[0.856s] Level 1:colcon.colcon_core.package_identification:_identify(src/amiga-ros2-bridge/venv/lib/python3.10/site-packages/farm_ng/package/__pycache__) by extensions ['colcon_meta']
[0.856s] Level 1:colcon.colcon_core.package_identification:_identify(src/amiga-ros2-bridge/venv/lib/python3.10/site-packages/farm_ng/package/__pycache__) by extension 'colcon_meta'
[0.856s] Level 1:colcon.colcon_core.package_identification:_identify(src/amiga-ros2-bridge/venv/lib/python3.10/site-packages/farm_ng/package/__pycache__) by extensions ['ros']
[0.856s] Level 1:colcon.colcon_core.package_identification:_identify(src/amiga-ros2-bridge/venv/lib/python3.10/site-packages/farm_ng/package/__pycache__) by extension 'ros'
[0.856s] Level 1:colcon.colcon_core.package_identification:_identify(src/amiga-ros2-bridge/venv/lib/python3.10/site-packages/farm_ng/package/__pycache__) by extensions ['cmake', 'python']
[0.856s] Level 1:colcon.colcon_core.package_identification:_identify(src/amiga-ros2-bridge/venv/lib/python3.10/site-packages/farm_ng/package/__pycache__) by extension 'cmake'
[0.856s] Level 1:colcon.colcon_core.package_identification:_identify(src/amiga-ros2-bridge/venv/lib/python3.10/site-packages/farm_ng/package/__pycache__) by extension 'python'
[0.856s] Level 1:colcon.colcon_core.package_identification:_identify(src/amiga-ros2-bridge/venv/lib/python3.10/site-packages/farm_ng/package/__pycache__) by extensions ['python_setup_py']
[0.857s] Level 1:colcon.colcon_core.package_identification:_identify(src/amiga-ros2-bridge/venv/lib/python3.10/site-packages/farm_ng/package/__pycache__) by extension 'python_setup_py'
[0.857s] Level 1:colcon.colcon_core.package_identification:_identify(src/amiga-ros2-bridge/venv/lib/python3.10/site-packages/farm_ng/track) by extensions ['ignore', 'ignore_ament_install']
[0.857s] Level 1:colcon.colcon_core.package_identification:_identify(src/amiga-ros2-bridge/venv/lib/python3.10/site-packages/farm_ng/track) by extension 'ignore'
[0.857s] Level 1:colcon.colcon_core.package_identification:_identify(src/amiga-ros2-bridge/venv/lib/python3.10/site-packages/farm_ng/track) by extension 'ignore_ament_install'
[0.857s] Level 1:colcon.colcon_core.package_identification:_identify(src/amiga-ros2-bridge/venv/lib/python3.10/site-packages/farm_ng/track) by extensions ['colcon_pkg']
[0.857s] Level 1:colcon.colcon_core.package_identification:_identify(src/amiga-ros2-bridge/venv/lib/python3.10/site-packages/farm_ng/track) by extension 'colcon_pkg'
[0.858s] Level 1:colcon.colcon_core.package_identification:_identify(src/amiga-ros2-bridge/venv/lib/python3.10/site-packages/farm_ng/track) by extensions ['colcon_meta']
[0.858s] Level 1:colcon.colcon_core.package_identification:_identify(src/amiga-ros2-bridge/venv/lib/python3.10/site-packages/farm_ng/track) by extension 'colcon_meta'
[0.858s] Level 1:colcon.colcon_core.package_identification:_identify(src/amiga-ros2-bridge/venv/lib/python3.10/site-packages/farm_ng/track) by extensions ['ros']
[0.858s] Level 1:colcon.colcon_core.package_identification:_identify(src/amiga-ros2-bridge/venv/lib/python3.10/site-packages/farm_ng/track) by extension 'ros'
[0.858s] Level 1:colcon.colcon_core.package_identification:_identify(src/amiga-ros2-bridge/venv/lib/python3.10/site-packages/farm_ng/track) by extensions ['cmake', 'python']
[0.858s] Level 1:colcon.colcon_core.package_identification:_identify(src/amiga-ros2-bridge/venv/lib/python3.10/site-packages/farm_ng/track) by extension 'cmake'
[0.858s] Level 1:colcon.colcon_core.package_identification:_identify(src/amiga-ros2-bridge/venv/lib/python3.10/site-packages/farm_ng/track) by extension 'python'
[0.858s] Level 1:colcon.colcon_core.package_identification:_identify(src/amiga-ros2-bridge/venv/lib/python3.10/site-packages/farm_ng/track) by extensions ['python_setup_py']
[0.858s] Level 1:colcon.colcon_core.package_identification:_identify(src/amiga-ros2-bridge/venv/lib/python3.10/site-packages/farm_ng/track) by extension 'python_setup_py'
[0.859s] Level 1:colcon.colcon_core.package_identification:_identify(src/amiga-ros2-bridge/venv/lib/python3.10/site-packages/farm_ng/track/__pycache__) by extensions ['ignore', 'ignore_ament_install']
[0.859s] Level 1:colcon.colcon_core.package_identification:_identify(src/amiga-ros2-bridge/venv/lib/python3.10/site-packages/farm_ng/track/__pycache__) by extension 'ignore'
[0.859s] Level 1:colcon.colcon_core.package_identification:_identify(src/amiga-ros2-bridge/venv/lib/python3.10/site-packages/farm_ng/track/__pycache__) by extension 'ignore_ament_install'
[0.859s] Level 1:colcon.colcon_core.package_identification:_identify(src/amiga-ros2-bridge/venv/lib/python3.10/site-packages/farm_ng/track/__pycache__) by extensions ['colcon_pkg']
[0.859s] Level 1:colcon.colcon_core.package_identification:_identify(src/amiga-ros2-bridge/venv/lib/python3.10/site-packages/farm_ng/track/__pycache__) by extension 'colcon_pkg'
[0.859s] Level 1:colcon.colcon_core.package_identification:_identify(src/amiga-ros2-bridge/venv/lib/python3.10/site-packages/farm_ng/track/__pycache__) by extensions ['colcon_meta']
[0.859s] Level 1:colcon.colcon_core.package_identification:_identify(src/amiga-ros2-bridge/venv/lib/python3.10/site-packages/farm_ng/track/__pycache__) by extension 'colcon_meta'
[0.860s] Level 1:colcon.colcon_core.package_identification:_identify(src/amiga-ros2-bridge/venv/lib/python3.10/site-packages/farm_ng/track/__pycache__) by extensions ['ros']
[0.860s] Level 1:colcon.colcon_core.package_identification:_identify(src/amiga-ros2-bridge/venv/lib/python3.10/site-packages/farm_ng/track/__pycache__) by extension 'ros'
[0.860s] Level 1:colcon.colcon_core.package_identification:_identify(src/amiga-ros2-bridge/venv/lib/python3.10/site-packages/farm_ng/track/__pycache__) by extensions ['cmake', 'python']
[0.860s] Level 1:colcon.colcon_core.package_identification:_identify(src/amiga-ros2-bridge/venv/lib/python3.10/site-packages/farm_ng/track/__pycache__) by extension 'cmake'
[0.860s] Level 1:colcon.colcon_core.package_identification:_identify(src/amiga-ros2-bridge/venv/lib/python3.10/site-packages/farm_ng/track/__pycache__) by extension 'python'
[0.860s] Level 1:colcon.colcon_core.package_identification:_identify(src/amiga-ros2-bridge/venv/lib/python3.10/site-packages/farm_ng/track/__pycache__) by extensions ['python_setup_py']
[0.860s] Level 1:colcon.colcon_core.package_identification:_identify(src/amiga-ros2-bridge/venv/lib/python3.10/site-packages/farm_ng/track/__pycache__) by extension 'python_setup_py'
[0.861s] Level 1:colcon.colcon_core.package_identification:_identify(src/amiga-ros2-bridge/venv/lib/python3.10/site-packages/farm_ng_amiga-2.3.4.dist-info) by extensions ['ignore', 'ignore_ament_install']
[0.861s] Level 1:colcon.colcon_core.package_identification:_identify(src/amiga-ros2-bridge/venv/lib/python3.10/site-packages/farm_ng_amiga-2.3.4.dist-info) by extension 'ignore'
[0.861s] Level 1:colcon.colcon_core.package_identification:_identify(src/amiga-ros2-bridge/venv/lib/python3.10/site-packages/farm_ng_amiga-2.3.4.dist-info) by extension 'ignore_ament_install'
[0.861s] Level 1:colcon.colcon_core.package_identification:_identify(src/amiga-ros2-bridge/venv/lib/python3.10/site-packages/farm_ng_amiga-2.3.4.dist-info) by extensions ['colcon_pkg']
[0.861s] Level 1:colcon.colcon_core.package_identification:_identify(src/amiga-ros2-bridge/venv/lib/python3.10/site-packages/farm_ng_amiga-2.3.4.dist-info) by extension 'colcon_pkg'
[0.861s] Level 1:colcon.colcon_core.package_identification:_identify(src/amiga-ros2-bridge/venv/lib/python3.10/site-packages/farm_ng_amiga-2.3.4.dist-info) by extensions ['colcon_meta']
[0.861s] Level 1:colcon.colcon_core.package_identification:_identify(src/amiga-ros2-bridge/venv/lib/python3.10/site-packages/farm_ng_amiga-2.3.4.dist-info) by extension 'colcon_meta'
[0.862s] Level 1:colcon.colcon_core.package_identification:_identify(src/amiga-ros2-bridge/venv/lib/python3.10/site-packages/farm_ng_amiga-2.3.4.dist-info) by extensions ['ros']
[0.862s] Level 1:colcon.colcon_core.package_identification:_identify(src/amiga-ros2-bridge/venv/lib/python3.10/site-packages/farm_ng_amiga-2.3.4.dist-info) by extension 'ros'
[0.862s] Level 1:colcon.colcon_core.package_identification:_identify(src/amiga-ros2-bridge/venv/lib/python3.10/site-packages/farm_ng_amiga-2.3.4.dist-info) by extensions ['cmake', 'python']
[0.862s] Level 1:colcon.colcon_core.package_identification:_identify(src/amiga-ros2-bridge/venv/lib/python3.10/site-packages/farm_ng_amiga-2.3.4.dist-info) by extension 'cmake'
[0.862s] Level 1:colcon.colcon_core.package_identification:_identify(src/amiga-ros2-bridge/venv/lib/python3.10/site-packages/farm_ng_amiga-2.3.4.dist-info) by extension 'python'
[0.862s] Level 1:colcon.colcon_core.package_identification:_identify(src/amiga-ros2-bridge/venv/lib/python3.10/site-packages/farm_ng_amiga-2.3.4.dist-info) by extensions ['python_setup_py']
[0.862s] Level 1:colcon.colcon_core.package_identification:_identify(src/amiga-ros2-bridge/venv/lib/python3.10/site-packages/farm_ng_amiga-2.3.4.dist-info) by extension 'python_setup_py'
[0.863s] Level 1:colcon.colcon_core.package_identification:_identify(src/amiga-ros2-bridge/venv/lib/python3.10/site-packages/farm_ng_core-2.3.2.dist-info) by extensions ['ignore', 'ignore_ament_install']
[0.863s] Level 1:colcon.colcon_core.package_identification:_identify(src/amiga-ros2-bridge/venv/lib/python3.10/site-packages/farm_ng_core-2.3.2.dist-info) by extension 'ignore'
[0.863s] Level 1:colcon.colcon_core.package_identification:_identify(src/amiga-ros2-bridge/venv/lib/python3.10/site-packages/farm_ng_core-2.3.2.dist-info) by extension 'ignore_ament_install'
[0.863s] Level 1:colcon.colcon_core.package_identification:_identify(src/amiga-ros2-bridge/venv/lib/python3.10/site-packages/farm_ng_core-2.3.2.dist-info) by extensions ['colcon_pkg']
[0.863s] Level 1:colcon.colcon_core.package_identification:_identify(src/amiga-ros2-bridge/venv/lib/python3.10/site-packages/farm_ng_core-2.3.2.dist-info) by extension 'colcon_pkg'
[0.863s] Level 1:colcon.colcon_core.package_identification:_identify(src/amiga-ros2-bridge/venv/lib/python3.10/site-packages/farm_ng_core-2.3.2.dist-info) by extensions ['colcon_meta']
[0.863s] Level 1:colcon.colcon_core.package_identification:_identify(src/amiga-ros2-bridge/venv/lib/python3.10/site-packages/farm_ng_core-2.3.2.dist-info) by extension 'colcon_meta'
[0.863s] Level 1:colcon.colcon_core.package_identification:_identify(src/amiga-ros2-bridge/venv/lib/python3.10/site-packages/farm_ng_core-2.3.2.dist-info) by extensions ['ros']
[0.863s] Level 1:colcon.colcon_core.package_identification:_identify(src/amiga-ros2-bridge/venv/lib/python3.10/site-packages/farm_ng_core-2.3.2.dist-info) by extension 'ros'
[0.864s] Level 1:colcon.colcon_core.package_identification:_identify(src/amiga-ros2-bridge/venv/lib/python3.10/site-packages/farm_ng_core-2.3.2.dist-info) by extensions ['cmake', 'python']
[0.864s] Level 1:colcon.colcon_core.package_identification:_identify(src/amiga-ros2-bridge/venv/lib/python3.10/site-packages/farm_ng_core-2.3.2.dist-info) by extension 'cmake'
[0.864s] Level 1:colcon.colcon_core.package_identification:_identify(src/amiga-ros2-bridge/venv/lib/python3.10/site-packages/farm_ng_core-2.3.2.dist-info) by extension 'python'
[0.864s] Level 1:colcon.colcon_core.package_identification:_identify(src/amiga-ros2-bridge/venv/lib/python3.10/site-packages/farm_ng_core-2.3.2.dist-info) by extensions ['python_setup_py']
[0.864s] Level 1:colcon.colcon_core.package_identification:_identify(src/amiga-ros2-bridge/venv/lib/python3.10/site-packages/farm_ng_core-2.3.2.dist-info) by extension 'python_setup_py'
[0.864s] Level 1:colcon.colcon_core.package_identification:_identify(src/amiga-ros2-bridge/venv/lib/python3.10/site-packages/farm_ng_package-0.1.5.dist-info) by extensions ['ignore', 'ignore_ament_install']
[0.865s] Level 1:colcon.colcon_core.package_identification:_identify(src/amiga-ros2-bridge/venv/lib/python3.10/site-packages/farm_ng_package-0.1.5.dist-info) by extension 'ignore'
[0.865s] Level 1:colcon.colcon_core.package_identification:_identify(src/amiga-ros2-bridge/venv/lib/python3.10/site-packages/farm_ng_package-0.1.5.dist-info) by extension 'ignore_ament_install'
[0.865s] Level 1:colcon.colcon_core.package_identification:_identify(src/amiga-ros2-bridge/venv/lib/python3.10/site-packages/farm_ng_package-0.1.5.dist-info) by extensions ['colcon_pkg']
[0.865s] Level 1:colcon.colcon_core.package_identification:_identify(src/amiga-ros2-bridge/venv/lib/python3.10/site-packages/farm_ng_package-0.1.5.dist-info) by extension 'colcon_pkg'
[0.865s] Level 1:colcon.colcon_core.package_identification:_identify(src/amiga-ros2-bridge/venv/lib/python3.10/site-packages/farm_ng_package-0.1.5.dist-info) by extensions ['colcon_meta']
[0.865s] Level 1:colcon.colcon_core.package_identification:_identify(src/amiga-ros2-bridge/venv/lib/python3.10/site-packages/farm_ng_package-0.1.5.dist-info) by extension 'colcon_meta'
[0.865s] Level 1:colcon.colcon_core.package_identification:_identify(src/amiga-ros2-bridge/venv/lib/python3.10/site-packages/farm_ng_package-0.1.5.dist-info) by extensions ['ros']
[0.865s] Level 1:colcon.colcon_core.package_identification:_identify(src/amiga-ros2-bridge/venv/lib/python3.10/site-packages/farm_ng_package-0.1.5.dist-info) by extension 'ros'
[0.866s] Level 1:colcon.colcon_core.package_identification:_identify(src/amiga-ros2-bridge/venv/lib/python3.10/site-packages/farm_ng_package-0.1.5.dist-info) by extensions ['cmake', 'python']
[0.866s] Level 1:colcon.colcon_core.package_identification:_identify(src/amiga-ros2-bridge/venv/lib/python3.10/site-packages/farm_ng_package-0.1.5.dist-info) by extension 'cmake'
[0.866s] Level 1:colcon.colcon_core.package_identification:_identify(src/amiga-ros2-bridge/venv/lib/python3.10/site-packages/farm_ng_package-0.1.5.dist-info) by extension 'python'
[0.866s] Level 1:colcon.colcon_core.package_identification:_identify(src/amiga-ros2-bridge/venv/lib/python3.10/site-packages/farm_ng_package-0.1.5.dist-info) by extensions ['python_setup_py']
[0.866s] Level 1:colcon.colcon_core.package_identification:_identify(src/amiga-ros2-bridge/venv/lib/python3.10/site-packages/farm_ng_package-0.1.5.dist-info) by extension 'python_setup_py'
[0.866s] Level 1:colcon.colcon_core.package_identification:_identify(src/amiga-ros2-bridge/venv/lib/python3.10/site-packages/google) by extensions ['ignore', 'ignore_ament_install']
[0.866s] Level 1:colcon.colcon_core.package_identification:_identify(src/amiga-ros2-bridge/venv/lib/python3.10/site-packages/google) by extension 'ignore'
[0.867s] Level 1:colcon.colcon_core.package_identification:_identify(src/amiga-ros2-bridge/venv/lib/python3.10/site-packages/google) by extension 'ignore_ament_install'
[0.867s] Level 1:colcon.colcon_core.package_identification:_identify(src/amiga-ros2-bridge/venv/lib/python3.10/site-packages/google) by extensions ['colcon_pkg']
[0.867s] Level 1:colcon.colcon_core.package_identification:_identify(src/amiga-ros2-bridge/venv/lib/python3.10/site-packages/google) by extension 'colcon_pkg'
[0.867s] Level 1:colcon.colcon_core.package_identification:_identify(src/amiga-ros2-bridge/venv/lib/python3.10/site-packages/google) by extensions ['colcon_meta']
[0.867s] Level 1:colcon.colcon_core.package_identification:_identify(src/amiga-ros2-bridge/venv/lib/python3.10/site-packages/google) by extension 'colcon_meta'
[0.867s] Level 1:colcon.colcon_core.package_identification:_identify(src/amiga-ros2-bridge/venv/lib/python3.10/site-packages/google) by extensions ['ros']
[0.867s] Level 1:colcon.colcon_core.package_identification:_identify(src/amiga-ros2-bridge/venv/lib/python3.10/site-packages/google) by extension 'ros'
[0.867s] Level 1:colcon.colcon_core.package_identification:_identify(src/amiga-ros2-bridge/venv/lib/python3.10/site-packages/google) by extensions ['cmake', 'python']
[0.868s] Level 1:colcon.colcon_core.package_identification:_identify(src/amiga-ros2-bridge/venv/lib/python3.10/site-packages/google) by extension 'cmake'
[0.868s] Level 1:colcon.colcon_core.package_identification:_identify(src/amiga-ros2-bridge/venv/lib/python3.10/site-packages/google) by extension 'python'
[0.868s] Level 1:colcon.colcon_core.package_identification:_identify(src/amiga-ros2-bridge/venv/lib/python3.10/site-packages/google) by extensions ['python_setup_py']
[0.868s] Level 1:colcon.colcon_core.package_identification:_identify(src/amiga-ros2-bridge/venv/lib/python3.10/site-packages/google) by extension 'python_setup_py'
[0.868s] Level 1:colcon.colcon_core.package_identification:_identify(src/amiga-ros2-bridge/venv/lib/python3.10/site-packages/google/_upb) by extensions ['ignore', 'ignore_ament_install']
[0.868s] Level 1:colcon.colcon_core.package_identification:_identify(src/amiga-ros2-bridge/venv/lib/python3.10/site-packages/google/_upb) by extension 'ignore'
[0.868s] Level 1:colcon.colcon_core.package_identification:_identify(src/amiga-ros2-bridge/venv/lib/python3.10/site-packages/google/_upb) by extension 'ignore_ament_install'
[0.869s] Level 1:colcon.colcon_core.package_identification:_identify(src/amiga-ros2-bridge/venv/lib/python3.10/site-packages/google/_upb) by extensions ['colcon_pkg']
[0.869s] Level 1:colcon.colcon_core.package_identification:_identify(src/amiga-ros2-bridge/venv/lib/python3.10/site-packages/google/_upb) by extension 'colcon_pkg'
[0.869s] Level 1:colcon.colcon_core.package_identification:_identify(src/amiga-ros2-bridge/venv/lib/python3.10/site-packages/google/_upb) by extensions ['colcon_meta']
[0.869s] Level 1:colcon.colcon_core.package_identification:_identify(src/amiga-ros2-bridge/venv/lib/python3.10/site-packages/google/_upb) by extension 'colcon_meta'
[0.869s] Level 1:colcon.colcon_core.package_identification:_identify(src/amiga-ros2-bridge/venv/lib/python3.10/site-packages/google/_upb) by extensions ['ros']
[0.869s] Level 1:colcon.colcon_core.package_identification:_identify(src/amiga-ros2-bridge/venv/lib/python3.10/site-packages/google/_upb) by extension 'ros'
[0.869s] Level 1:colcon.colcon_core.package_identification:_identify(src/amiga-ros2-bridge/venv/lib/python3.10/site-packages/google/_upb) by extensions ['cmake', 'python']
[0.869s] Level 1:colcon.colcon_core.package_identification:_identify(src/amiga-ros2-bridge/venv/lib/python3.10/site-packages/google/_upb) by extension 'cmake'
[0.869s] Level 1:colcon.colcon_core.package_identification:_identify(src/amiga-ros2-bridge/venv/lib/python3.10/site-packages/google/_upb) by extension 'python'
[0.870s] Level 1:colcon.colcon_core.package_identification:_identify(src/amiga-ros2-bridge/venv/lib/python3.10/site-packages/google/_upb) by extensions ['python_setup_py']
[0.870s] Level 1:colcon.colcon_core.package_identification:_identify(src/amiga-ros2-bridge/venv/lib/python3.10/site-packages/google/_upb) by extension 'python_setup_py'
[0.871s] Level 1:colcon.colcon_core.package_identification:_identify(src/amiga-ros2-bridge/venv/lib/python3.10/site-packages/google/protobuf) by extensions ['ignore', 'ignore_ament_install']
[0.871s] Level 1:colcon.colcon_core.package_identification:_identify(src/amiga-ros2-bridge/venv/lib/python3.10/site-packages/google/protobuf) by extension 'ignore'
[0.871s] Level 1:colcon.colcon_core.package_identification:_identify(src/amiga-ros2-bridge/venv/lib/python3.10/site-packages/google/protobuf) by extension 'ignore_ament_install'
[0.871s] Level 1:colcon.colcon_core.package_identification:_identify(src/amiga-ros2-bridge/venv/lib/python3.10/site-packages/google/protobuf) by extensions ['colcon_pkg']
[0.871s] Level 1:colcon.colcon_core.package_identification:_identify(src/amiga-ros2-bridge/venv/lib/python3.10/site-packages/google/protobuf) by extension 'colcon_pkg'
[0.871s] Level 1:colcon.colcon_core.package_identification:_identify(src/amiga-ros2-bridge/venv/lib/python3.10/site-packages/google/protobuf) by extensions ['colcon_meta']
[0.871s] Level 1:colcon.colcon_core.package_identification:_identify(src/amiga-ros2-bridge/venv/lib/python3.10/site-packages/google/protobuf) by extension 'colcon_meta'
[0.872s] Level 1:colcon.colcon_core.package_identification:_identify(src/amiga-ros2-bridge/venv/lib/python3.10/site-packages/google/protobuf) by extensions ['ros']
[0.872s] Level 1:colcon.colcon_core.package_identification:_identify(src/amiga-ros2-bridge/venv/lib/python3.10/site-packages/google/protobuf) by extension 'ros'
[0.872s] Level 1:colcon.colcon_core.package_identification:_identify(src/amiga-ros2-bridge/venv/lib/python3.10/site-packages/google/protobuf) by extensions ['cmake', 'python']
[0.872s] Level 1:colcon.colcon_core.package_identification:_identify(src/amiga-ros2-bridge/venv/lib/python3.10/site-packages/google/protobuf) by extension 'cmake'
[0.872s] Level 1:colcon.colcon_core.package_identification:_identify(src/amiga-ros2-bridge/venv/lib/python3.10/site-packages/google/protobuf) by extension 'python'
[0.872s] Level 1:colcon.colcon_core.package_identification:_identify(src/amiga-ros2-bridge/venv/lib/python3.10/site-packages/google/protobuf) by extensions ['python_setup_py']
[0.872s] Level 1:colcon.colcon_core.package_identification:_identify(src/amiga-ros2-bridge/venv/lib/python3.10/site-packages/google/protobuf) by extension 'python_setup_py'
[0.873s] Level 1:colcon.colcon_core.package_identification:_identify(src/amiga-ros2-bridge/venv/lib/python3.10/site-packages/google/protobuf/__pycache__) by extensions ['ignore', 'ignore_ament_install']
[0.873s] Level 1:colcon.colcon_core.package_identification:_identify(src/amiga-ros2-bridge/venv/lib/python3.10/site-packages/google/protobuf/__pycache__) by extension 'ignore'
[0.873s] Level 1:colcon.colcon_core.package_identification:_identify(src/amiga-ros2-bridge/venv/lib/python3.10/site-packages/google/protobuf/__pycache__) by extension 'ignore_ament_install'
[0.873s] Level 1:colcon.colcon_core.package_identification:_identify(src/amiga-ros2-bridge/venv/lib/python3.10/site-packages/google/protobuf/__pycache__) by extensions ['colcon_pkg']
[0.873s] Level 1:colcon.colcon_core.package_identification:_identify(src/amiga-ros2-bridge/venv/lib/python3.10/site-packages/google/protobuf/__pycache__) by extension 'colcon_pkg'
[0.873s] Level 1:colcon.colcon_core.package_identification:_identify(src/amiga-ros2-bridge/venv/lib/python3.10/site-packages/google/protobuf/__pycache__) by extensions ['colcon_meta']
[0.873s] Level 1:colcon.colcon_core.package_identification:_identify(src/amiga-ros2-bridge/venv/lib/python3.10/site-packages/google/protobuf/__pycache__) by extension 'colcon_meta'
[0.873s] Level 1:colcon.colcon_core.package_identification:_identify(src/amiga-ros2-bridge/venv/lib/python3.10/site-packages/google/protobuf/__pycache__) by extensions ['ros']
[0.874s] Level 1:colcon.colcon_core.package_identification:_identify(src/amiga-ros2-bridge/venv/lib/python3.10/site-packages/google/protobuf/__pycache__) by extension 'ros'
[0.874s] Level 1:colcon.colcon_core.package_identification:_identify(src/amiga-ros2-bridge/venv/lib/python3.10/site-packages/google/protobuf/__pycache__) by extensions ['cmake', 'python']
[0.874s] Level 1:colcon.colcon_core.package_identification:_identify(src/amiga-ros2-bridge/venv/lib/python3.10/site-packages/google/protobuf/__pycache__) by extension 'cmake'
[0.874s] Level 1:colcon.colcon_core.package_identification:_identify(src/amiga-ros2-bridge/venv/lib/python3.10/site-packages/google/protobuf/__pycache__) by extension 'python'
[0.874s] Level 1:colcon.colcon_core.package_identification:_identify(src/amiga-ros2-bridge/venv/lib/python3.10/site-packages/google/protobuf/__pycache__) by extensions ['python_setup_py']
[0.874s] Level 1:colcon.colcon_core.package_identification:_identify(src/amiga-ros2-bridge/venv/lib/python3.10/site-packages/google/protobuf/__pycache__) by extension 'python_setup_py'
[0.874s] Level 1:colcon.colcon_core.package_identification:_identify(src/amiga-ros2-bridge/venv/lib/python3.10/site-packages/google/protobuf/compiler) by extensions ['ignore', 'ignore_ament_install']
[0.875s] Level 1:colcon.colcon_core.package_identification:_identify(src/amiga-ros2-bridge/venv/lib/python3.10/site-packages/google/protobuf/compiler) by extension 'ignore'
[0.875s] Level 1:colcon.colcon_core.package_identification:_identify(src/amiga-ros2-bridge/venv/lib/python3.10/site-packages/google/protobuf/compiler) by extension 'ignore_ament_install'
[0.875s] Level 1:colcon.colcon_core.package_identification:_identify(src/amiga-ros2-bridge/venv/lib/python3.10/site-packages/google/protobuf/compiler) by extensions ['colcon_pkg']
[0.875s] Level 1:colcon.colcon_core.package_identification:_identify(src/amiga-ros2-bridge/venv/lib/python3.10/site-packages/google/protobuf/compiler) by extension 'colcon_pkg'
[0.875s] Level 1:colcon.colcon_core.package_identification:_identify(src/amiga-ros2-bridge/venv/lib/python3.10/site-packages/google/protobuf/compiler) by extensions ['colcon_meta']
[0.875s] Level 1:colcon.colcon_core.package_identification:_identify(src/amiga-ros2-bridge/venv/lib/python3.10/site-packages/google/protobuf/compiler) by extension 'colcon_meta'
[0.875s] Level 1:colcon.colcon_core.package_identification:_identify(src/amiga-ros2-bridge/venv/lib/python3.10/site-packages/google/protobuf/compiler) by extensions ['ros']
[0.875s] Level 1:colcon.colcon_core.package_identification:_identify(src/amiga-ros2-bridge/venv/lib/python3.10/site-packages/google/protobuf/compiler) by extension 'ros'
[0.876s] Level 1:colcon.colcon_core.package_identification:_identify(src/amiga-ros2-bridge/venv/lib/python3.10/site-packages/google/protobuf/compiler) by extensions ['cmake', 'python']
[0.876s] Level 1:colcon.colcon_core.package_identification:_identify(src/amiga-ros2-bridge/venv/lib/python3.10/site-packages/google/protobuf/compiler) by extension 'cmake'
[0.876s] Level 1:colcon.colcon_core.package_identification:_identify(src/amiga-ros2-bridge/venv/lib/python3.10/site-packages/google/protobuf/compiler) by extension 'python'
[0.876s] Level 1:colcon.colcon_core.package_identification:_identify(src/amiga-ros2-bridge/venv/lib/python3.10/site-packages/google/protobuf/compiler) by extensions ['python_setup_py']
[0.876s] Level 1:colcon.colcon_core.package_identification:_identify(src/amiga-ros2-bridge/venv/lib/python3.10/site-packages/google/protobuf/compiler) by extension 'python_setup_py'
[0.876s] Level 1:colcon.colcon_core.package_identification:_identify(src/amiga-ros2-bridge/venv/lib/python3.10/site-packages/google/protobuf/compiler/__pycache__) by extensions ['ignore', 'ignore_ament_install']
[0.877s] Level 1:colcon.colcon_core.package_identification:_identify(src/amiga-ros2-bridge/venv/lib/python3.10/site-packages/google/protobuf/compiler/__pycache__) by extension 'ignore'
[0.877s] Level 1:colcon.colcon_core.package_identification:_identify(src/amiga-ros2-bridge/venv/lib/python3.10/site-packages/google/protobuf/compiler/__pycache__) by extension 'ignore_ament_install'
[0.877s] Level 1:colcon.colcon_core.package_identification:_identify(src/amiga-ros2-bridge/venv/lib/python3.10/site-packages/google/protobuf/compiler/__pycache__) by extensions ['colcon_pkg']
[0.877s] Level 1:colcon.colcon_core.package_identification:_identify(src/amiga-ros2-bridge/venv/lib/python3.10/site-packages/google/protobuf/compiler/__pycache__) by extension 'colcon_pkg'
[0.877s] Level 1:colcon.colcon_core.package_identification:_identify(src/amiga-ros2-bridge/venv/lib/python3.10/site-packages/google/protobuf/compiler/__pycache__) by extensions ['colcon_meta']
[0.877s] Level 1:colcon.colcon_core.package_identification:_identify(src/amiga-ros2-bridge/venv/lib/python3.10/site-packages/google/protobuf/compiler/__pycache__) by extension 'colcon_meta'
[0.877s] Level 1:colcon.colcon_core.package_identification:_identify(src/amiga-ros2-bridge/venv/lib/python3.10/site-packages/google/protobuf/compiler/__pycache__) by extensions ['ros']
[0.877s] Level 1:colcon.colcon_core.package_identification:_identify(src/amiga-ros2-bridge/venv/lib/python3.10/site-packages/google/protobuf/compiler/__pycache__) by extension 'ros'
[0.877s] Level 1:colcon.colcon_core.package_identification:_identify(src/amiga-ros2-bridge/venv/lib/python3.10/site-packages/google/protobuf/compiler/__pycache__) by extensions ['cmake', 'python']
[0.878s] Level 1:colcon.colcon_core.package_identification:_identify(src/amiga-ros2-bridge/venv/lib/python3.10/site-packages/google/protobuf/compiler/__pycache__) by extension 'cmake'
[0.878s] Level 1:colcon.colcon_core.package_identification:_identify(src/amiga-ros2-bridge/venv/lib/python3.10/site-packages/google/protobuf/compiler/__pycache__) by extension 'python'
[0.878s] Level 1:colcon.colcon_core.package_identification:_identify(src/amiga-ros2-bridge/venv/lib/python3.10/site-packages/google/protobuf/compiler/__pycache__) by extensions ['python_setup_py']
[0.878s] Level 1:colcon.colcon_core.package_identification:_identify(src/amiga-ros2-bridge/venv/lib/python3.10/site-packages/google/protobuf/compiler/__pycache__) by extension 'python_setup_py'
[0.878s] Level 1:colcon.colcon_core.package_identification:_identify(src/amiga-ros2-bridge/venv/lib/python3.10/site-packages/google/protobuf/internal) by extensions ['ignore', 'ignore_ament_install']
[0.878s] Level 1:colcon.colcon_core.package_identification:_identify(src/amiga-ros2-bridge/venv/lib/python3.10/site-packages/google/protobuf/internal) by extension 'ignore'
[0.879s] Level 1:colcon.colcon_core.package_identification:_identify(src/amiga-ros2-bridge/venv/lib/python3.10/site-packages/google/protobuf/internal) by extension 'ignore_ament_install'
[0.879s] Level 1:colcon.colcon_core.package_identification:_identify(src/amiga-ros2-bridge/venv/lib/python3.10/site-packages/google/protobuf/internal) by extensions ['colcon_pkg']
[0.879s] Level 1:colcon.colcon_core.package_identification:_identify(src/amiga-ros2-bridge/venv/lib/python3.10/site-packages/google/protobuf/internal) by extension 'colcon_pkg'
[0.879s] Level 1:colcon.colcon_core.package_identification:_identify(src/amiga-ros2-bridge/venv/lib/python3.10/site-packages/google/protobuf/internal) by extensions ['colcon_meta']
[0.879s] Level 1:colcon.colcon_core.package_identification:_identify(src/amiga-ros2-bridge/venv/lib/python3.10/site-packages/google/protobuf/internal) by extension 'colcon_meta'
[0.879s] Level 1:colcon.colcon_core.package_identification:_identify(src/amiga-ros2-bridge/venv/lib/python3.10/site-packages/google/protobuf/internal) by extensions ['ros']
[0.879s] Level 1:colcon.colcon_core.package_identification:_identify(src/amiga-ros2-bridge/venv/lib/python3.10/site-packages/google/protobuf/internal) by extension 'ros'
[0.879s] Level 1:colcon.colcon_core.package_identification:_identify(src/amiga-ros2-bridge/venv/lib/python3.10/site-packages/google/protobuf/internal) by extensions ['cmake', 'python']
[0.879s] Level 1:colcon.colcon_core.package_identification:_identify(src/amiga-ros2-bridge/venv/lib/python3.10/site-packages/google/protobuf/internal) by extension 'cmake'
[0.880s] Level 1:colcon.colcon_core.package_identification:_identify(src/amiga-ros2-bridge/venv/lib/python3.10/site-packages/google/protobuf/internal) by extension 'python'
[0.880s] Level 1:colcon.colcon_core.package_identification:_identify(src/amiga-ros2-bridge/venv/lib/python3.10/site-packages/google/protobuf/internal) by extensions ['python_setup_py']
[0.880s] Level 1:colcon.colcon_core.package_identification:_identify(src/amiga-ros2-bridge/venv/lib/python3.10/site-packages/google/protobuf/internal) by extension 'python_setup_py'
[0.880s] Level 1:colcon.colcon_core.package_identification:_identify(src/amiga-ros2-bridge/venv/lib/python3.10/site-packages/google/protobuf/internal/__pycache__) by extensions ['ignore', 'ignore_ament_install']
[0.880s] Level 1:colcon.colcon_core.package_identification:_identify(src/amiga-ros2-bridge/venv/lib/python3.10/site-packages/google/protobuf/internal/__pycache__) by extension 'ignore'
[0.881s] Level 1:colcon.colcon_core.package_identification:_identify(src/amiga-ros2-bridge/venv/lib/python3.10/site-packages/google/protobuf/internal/__pycache__) by extension 'ignore_ament_install'
[0.881s] Level 1:colcon.colcon_core.package_identification:_identify(src/amiga-ros2-bridge/venv/lib/python3.10/site-packages/google/protobuf/internal/__pycache__) by extensions ['colcon_pkg']
[0.881s] Level 1:colcon.colcon_core.package_identification:_identify(src/amiga-ros2-bridge/venv/lib/python3.10/site-packages/google/protobuf/internal/__pycache__) by extension 'colcon_pkg'
[0.881s] Level 1:colcon.colcon_core.package_identification:_identify(src/amiga-ros2-bridge/venv/lib/python3.10/site-packages/google/protobuf/internal/__pycache__) by extensions ['colcon_meta']
[0.881s] Level 1:colcon.colcon_core.package_identification:_identify(src/amiga-ros2-bridge/venv/lib/python3.10/site-packages/google/protobuf/internal/__pycache__) by extension 'colcon_meta'
[0.881s] Level 1:colcon.colcon_core.package_identification:_identify(src/amiga-ros2-bridge/venv/lib/python3.10/site-packages/google/protobuf/internal/__pycache__) by extensions ['ros']
[0.881s] Level 1:colcon.colcon_core.package_identification:_identify(src/amiga-ros2-bridge/venv/lib/python3.10/site-packages/google/protobuf/internal/__pycache__) by extension 'ros'
[0.881s] Level 1:colcon.colcon_core.package_identification:_identify(src/amiga-ros2-bridge/venv/lib/python3.10/site-packages/google/protobuf/internal/__pycache__) by extensions ['cmake', 'python']
[0.881s] Level 1:colcon.colcon_core.package_identification:_identify(src/amiga-ros2-bridge/venv/lib/python3.10/site-packages/google/protobuf/internal/__pycache__) by extension 'cmake'
[0.882s] Level 1:colcon.colcon_core.package_identification:_identify(src/amiga-ros2-bridge/venv/lib/python3.10/site-packages/google/protobuf/internal/__pycache__) by extension 'python'
[0.882s] Level 1:colcon.colcon_core.package_identification:_identify(src/amiga-ros2-bridge/venv/lib/python3.10/site-packages/google/protobuf/internal/__pycache__) by extensions ['python_setup_py']
[0.882s] Level 1:colcon.colcon_core.package_identification:_identify(src/amiga-ros2-bridge/venv/lib/python3.10/site-packages/google/protobuf/internal/__pycache__) by extension 'python_setup_py'
[0.882s] Level 1:colcon.colcon_core.package_identification:_identify(src/amiga-ros2-bridge/venv/lib/python3.10/site-packages/google/protobuf/pyext) by extensions ['ignore', 'ignore_ament_install']
[0.882s] Level 1:colcon.colcon_core.package_identification:_identify(src/amiga-ros2-bridge/venv/lib/python3.10/site-packages/google/protobuf/pyext) by extension 'ignore'
[0.882s] Level 1:colcon.colcon_core.package_identification:_identify(src/amiga-ros2-bridge/venv/lib/python3.10/site-packages/google/protobuf/pyext) by extension 'ignore_ament_install'
[0.883s] Level 1:colcon.colcon_core.package_identification:_identify(src/amiga-ros2-bridge/venv/lib/python3.10/site-packages/google/protobuf/pyext) by extensions ['colcon_pkg']
[0.883s] Level 1:colcon.colcon_core.package_identification:_identify(src/amiga-ros2-bridge/venv/lib/python3.10/site-packages/google/protobuf/pyext) by extension 'colcon_pkg'
[0.883s] Level 1:colcon.colcon_core.package_identification:_identify(src/amiga-ros2-bridge/venv/lib/python3.10/site-packages/google/protobuf/pyext) by extensions ['colcon_meta']
[0.883s] Level 1:colcon.colcon_core.package_identification:_identify(src/amiga-ros2-bridge/venv/lib/python3.10/site-packages/google/protobuf/pyext) by extension 'colcon_meta'
[0.883s] Level 1:colcon.colcon_core.package_identification:_identify(src/amiga-ros2-bridge/venv/lib/python3.10/site-packages/google/protobuf/pyext) by extensions ['ros']
[0.883s] Level 1:colcon.colcon_core.package_identification:_identify(src/amiga-ros2-bridge/venv/lib/python3.10/site-packages/google/protobuf/pyext) by extension 'ros'
[0.883s] Level 1:colcon.colcon_core.package_identification:_identify(src/amiga-ros2-bridge/venv/lib/python3.10/site-packages/google/protobuf/pyext) by extensions ['cmake', 'python']
[0.883s] Level 1:colcon.colcon_core.package_identification:_identify(src/amiga-ros2-bridge/venv/lib/python3.10/site-packages/google/protobuf/pyext) by extension 'cmake'
[0.883s] Level 1:colcon.colcon_core.package_identification:_identify(src/amiga-ros2-bridge/venv/lib/python3.10/site-packages/google/protobuf/pyext) by extension 'python'
[0.884s] Level 1:colcon.colcon_core.package_identification:_identify(src/amiga-ros2-bridge/venv/lib/python3.10/site-packages/google/protobuf/pyext) by extensions ['python_setup_py']
[0.884s] Level 1:colcon.colcon_core.package_identification:_identify(src/amiga-ros2-bridge/venv/lib/python3.10/site-packages/google/protobuf/pyext) by extension 'python_setup_py'
[0.884s] Level 1:colcon.colcon_core.package_identification:_identify(src/amiga-ros2-bridge/venv/lib/python3.10/site-packages/google/protobuf/pyext/__pycache__) by extensions ['ignore', 'ignore_ament_install']
[0.884s] Level 1:colcon.colcon_core.package_identification:_identify(src/amiga-ros2-bridge/venv/lib/python3.10/site-packages/google/protobuf/pyext/__pycache__) by extension 'ignore'
[0.884s] Level 1:colcon.colcon_core.package_identification:_identify(src/amiga-ros2-bridge/venv/lib/python3.10/site-packages/google/protobuf/pyext/__pycache__) by extension 'ignore_ament_install'
[0.884s] Level 1:colcon.colcon_core.package_identification:_identify(src/amiga-ros2-bridge/venv/lib/python3.10/site-packages/google/protobuf/pyext/__pycache__) by extensions ['colcon_pkg']
[0.885s] Level 1:colcon.colcon_core.package_identification:_identify(src/amiga-ros2-bridge/venv/lib/python3.10/site-packages/google/protobuf/pyext/__pycache__) by extension 'colcon_pkg'
[0.885s] Level 1:colcon.colcon_core.package_identification:_identify(src/amiga-ros2-bridge/venv/lib/python3.10/site-packages/google/protobuf/pyext/__pycache__) by extensions ['colcon_meta']
[0.885s] Level 1:colcon.colcon_core.package_identification:_identify(src/amiga-ros2-bridge/venv/lib/python3.10/site-packages/google/protobuf/pyext/__pycache__) by extension 'colcon_meta'
[0.885s] Level 1:colcon.colcon_core.package_identification:_identify(src/amiga-ros2-bridge/venv/lib/python3.10/site-packages/google/protobuf/pyext/__pycache__) by extensions ['ros']
[0.885s] Level 1:colcon.colcon_core.package_identification:_identify(src/amiga-ros2-bridge/venv/lib/python3.10/site-packages/google/protobuf/pyext/__pycache__) by extension 'ros'
[0.885s] Level 1:colcon.colcon_core.package_identification:_identify(src/amiga-ros2-bridge/venv/lib/python3.10/site-packages/google/protobuf/pyext/__pycache__) by extensions ['cmake', 'python']
[0.885s] Level 1:colcon.colcon_core.package_identification:_identify(src/amiga-ros2-bridge/venv/lib/python3.10/site-packages/google/protobuf/pyext/__pycache__) by extension 'cmake'
[0.885s] Level 1:colcon.colcon_core.package_identification:_identify(src/amiga-ros2-bridge/venv/lib/python3.10/site-packages/google/protobuf/pyext/__pycache__) by extension 'python'
[0.885s] Level 1:colcon.colcon_core.package_identification:_identify(src/amiga-ros2-bridge/venv/lib/python3.10/site-packages/google/protobuf/pyext/__pycache__) by extensions ['python_setup_py']
[0.885s] Level 1:colcon.colcon_core.package_identification:_identify(src/amiga-ros2-bridge/venv/lib/python3.10/site-packages/google/protobuf/pyext/__pycache__) by extension 'python_setup_py'
[0.886s] Level 1:colcon.colcon_core.package_identification:_identify(src/amiga-ros2-bridge/venv/lib/python3.10/site-packages/google/protobuf/testdata) by extensions ['ignore', 'ignore_ament_install']
[0.886s] Level 1:colcon.colcon_core.package_identification:_identify(src/amiga-ros2-bridge/venv/lib/python3.10/site-packages/google/protobuf/testdata) by extension 'ignore'
[0.886s] Level 1:colcon.colcon_core.package_identification:_identify(src/amiga-ros2-bridge/venv/lib/python3.10/site-packages/google/protobuf/testdata) by extension 'ignore_ament_install'
[0.886s] Level 1:colcon.colcon_core.package_identification:_identify(src/amiga-ros2-bridge/venv/lib/python3.10/site-packages/google/protobuf/testdata) by extensions ['colcon_pkg']
[0.886s] Level 1:colcon.colcon_core.package_identification:_identify(src/amiga-ros2-bridge/venv/lib/python3.10/site-packages/google/protobuf/testdata) by extension 'colcon_pkg'
[0.886s] Level 1:colcon.colcon_core.package_identification:_identify(src/amiga-ros2-bridge/venv/lib/python3.10/site-packages/google/protobuf/testdata) by extensions ['colcon_meta']
[0.887s] Level 1:colcon.colcon_core.package_identification:_identify(src/amiga-ros2-bridge/venv/lib/python3.10/site-packages/google/protobuf/testdata) by extension 'colcon_meta'
[0.887s] Level 1:colcon.colcon_core.package_identification:_identify(src/amiga-ros2-bridge/venv/lib/python3.10/site-packages/google/protobuf/testdata) by extensions ['ros']
[0.887s] Level 1:colcon.colcon_core.package_identification:_identify(src/amiga-ros2-bridge/venv/lib/python3.10/site-packages/google/protobuf/testdata) by extension 'ros'
[0.887s] Level 1:colcon.colcon_core.package_identification:_identify(src/amiga-ros2-bridge/venv/lib/python3.10/site-packages/google/protobuf/testdata) by extensions ['cmake', 'python']
[0.887s] Level 1:colcon.colcon_core.package_identification:_identify(src/amiga-ros2-bridge/venv/lib/python3.10/site-packages/google/protobuf/testdata) by extension 'cmake'
[0.887s] Level 1:colcon.colcon_core.package_identification:_identify(src/amiga-ros2-bridge/venv/lib/python3.10/site-packages/google/protobuf/testdata) by extension 'python'
[0.887s] Level 1:colcon.colcon_core.package_identification:_identify(src/amiga-ros2-bridge/venv/lib/python3.10/site-packages/google/protobuf/testdata) by extensions ['python_setup_py']
[0.887s] Level 1:colcon.colcon_core.package_identification:_identify(src/amiga-ros2-bridge/venv/lib/python3.10/site-packages/google/protobuf/testdata) by extension 'python_setup_py'
[0.888s] Level 1:colcon.colcon_core.package_identification:_identify(src/amiga-ros2-bridge/venv/lib/python3.10/site-packages/google/protobuf/testdata/__pycache__) by extensions ['ignore', 'ignore_ament_install']
[0.888s] Level 1:colcon.colcon_core.package_identification:_identify(src/amiga-ros2-bridge/venv/lib/python3.10/site-packages/google/protobuf/testdata/__pycache__) by extension 'ignore'
[0.888s] Level 1:colcon.colcon_core.package_identification:_identify(src/amiga-ros2-bridge/venv/lib/python3.10/site-packages/google/protobuf/testdata/__pycache__) by extension 'ignore_ament_install'
[0.888s] Level 1:colcon.colcon_core.package_identification:_identify(src/amiga-ros2-bridge/venv/lib/python3.10/site-packages/google/protobuf/testdata/__pycache__) by extensions ['colcon_pkg']
[0.888s] Level 1:colcon.colcon_core.package_identification:_identify(src/amiga-ros2-bridge/venv/lib/python3.10/site-packages/google/protobuf/testdata/__pycache__) by extension 'colcon_pkg'
[0.888s] Level 1:colcon.colcon_core.package_identification:_identify(src/amiga-ros2-bridge/venv/lib/python3.10/site-packages/google/protobuf/testdata/__pycache__) by extensions ['colcon_meta']
[0.888s] Level 1:colcon.colcon_core.package_identification:_identify(src/amiga-ros2-bridge/venv/lib/python3.10/site-packages/google/protobuf/testdata/__pycache__) by extension 'colcon_meta'
[0.889s] Level 1:colcon.colcon_core.package_identification:_identify(src/amiga-ros2-bridge/venv/lib/python3.10/site-packages/google/protobuf/testdata/__pycache__) by extensions ['ros']
[0.889s] Level 1:colcon.colcon_core.package_identification:_identify(src/amiga-ros2-bridge/venv/lib/python3.10/site-packages/google/protobuf/testdata/__pycache__) by extension 'ros'
[0.889s] Level 1:colcon.colcon_core.package_identification:_identify(src/amiga-ros2-bridge/venv/lib/python3.10/site-packages/google/protobuf/testdata/__pycache__) by extensions ['cmake', 'python']
[0.889s] Level 1:colcon.colcon_core.package_identification:_identify(src/amiga-ros2-bridge/venv/lib/python3.10/site-packages/google/protobuf/testdata/__pycache__) by extension 'cmake'
[0.889s] Level 1:colcon.colcon_core.package_identification:_identify(src/amiga-ros2-bridge/venv/lib/python3.10/site-packages/google/protobuf/testdata/__pycache__) by extension 'python'
[0.889s] Level 1:colcon.colcon_core.package_identification:_identify(src/amiga-ros2-bridge/venv/lib/python3.10/site-packages/google/protobuf/testdata/__pycache__) by extensions ['python_setup_py']
[0.889s] Level 1:colcon.colcon_core.package_identification:_identify(src/amiga-ros2-bridge/venv/lib/python3.10/site-packages/google/protobuf/testdata/__pycache__) by extension 'python_setup_py'
[0.890s] Level 1:colcon.colcon_core.package_identification:_identify(src/amiga-ros2-bridge/venv/lib/python3.10/site-packages/google/protobuf/util) by extensions ['ignore', 'ignore_ament_install']
[0.890s] Level 1:colcon.colcon_core.package_identification:_identify(src/amiga-ros2-bridge/venv/lib/python3.10/site-packages/google/protobuf/util) by extension 'ignore'
[0.890s] Level 1:colcon.colcon_core.package_identification:_identify(src/amiga-ros2-bridge/venv/lib/python3.10/site-packages/google/protobuf/util) by extension 'ignore_ament_install'
[0.890s] Level 1:colcon.colcon_core.package_identification:_identify(src/amiga-ros2-bridge/venv/lib/python3.10/site-packages/google/protobuf/util) by extensions ['colcon_pkg']
[0.890s] Level 1:colcon.colcon_core.package_identification:_identify(src/amiga-ros2-bridge/venv/lib/python3.10/site-packages/google/protobuf/util) by extension 'colcon_pkg'
[0.890s] Level 1:colcon.colcon_core.package_identification:_identify(src/amiga-ros2-bridge/venv/lib/python3.10/site-packages/google/protobuf/util) by extensions ['colcon_meta']
[0.890s] Level 1:colcon.colcon_core.package_identification:_identify(src/amiga-ros2-bridge/venv/lib/python3.10/site-packages/google/protobuf/util) by extension 'colcon_meta'
[0.890s] Level 1:colcon.colcon_core.package_identification:_identify(src/amiga-ros2-bridge/venv/lib/python3.10/site-packages/google/protobuf/util) by extensions ['ros']
[0.891s] Level 1:colcon.colcon_core.package_identification:_identify(src/amiga-ros2-bridge/venv/lib/python3.10/site-packages/google/protobuf/util) by extension 'ros'
[0.891s] Level 1:colcon.colcon_core.package_identification:_identify(src/amiga-ros2-bridge/venv/lib/python3.10/site-packages/google/protobuf/util) by extensions ['cmake', 'python']
[0.891s] Level 1:colcon.colcon_core.package_identification:_identify(src/amiga-ros2-bridge/venv/lib/python3.10/site-packages/google/protobuf/util) by extension 'cmake'
[0.891s] Level 1:colcon.colcon_core.package_identification:_identify(src/amiga-ros2-bridge/venv/lib/python3.10/site-packages/google/protobuf/util) by extension 'python'
[0.891s] Level 1:colcon.colcon_core.package_identification:_identify(src/amiga-ros2-bridge/venv/lib/python3.10/site-packages/google/protobuf/util) by extensions ['python_setup_py']
[0.891s] Level 1:colcon.colcon_core.package_identification:_identify(src/amiga-ros2-bridge/venv/lib/python3.10/site-packages/google/protobuf/util) by extension 'python_setup_py'
[0.891s] Level 1:colcon.colcon_core.package_identification:_identify(src/amiga-ros2-bridge/venv/lib/python3.10/site-packages/google/protobuf/util/__pycache__) by extensions ['ignore', 'ignore_ament_install']
[0.892s] Level 1:colcon.colcon_core.package_identification:_identify(src/amiga-ros2-bridge/venv/lib/python3.10/site-packages/google/protobuf/util/__pycache__) by extension 'ignore'
[0.892s] Level 1:colcon.colcon_core.package_identification:_identify(src/amiga-ros2-bridge/venv/lib/python3.10/site-packages/google/protobuf/util/__pycache__) by extension 'ignore_ament_install'
[0.892s] Level 1:colcon.colcon_core.package_identification:_identify(src/amiga-ros2-bridge/venv/lib/python3.10/site-packages/google/protobuf/util/__pycache__) by extensions ['colcon_pkg']
[0.892s] Level 1:colcon.colcon_core.package_identification:_identify(src/amiga-ros2-bridge/venv/lib/python3.10/site-packages/google/protobuf/util/__pycache__) by extension 'colcon_pkg'
[0.892s] Level 1:colcon.colcon_core.package_identification:_identify(src/amiga-ros2-bridge/venv/lib/python3.10/site-packages/google/protobuf/util/__pycache__) by extensions ['colcon_meta']
[0.892s] Level 1:colcon.colcon_core.package_identification:_identify(src/amiga-ros2-bridge/venv/lib/python3.10/site-packages/google/protobuf/util/__pycache__) by extension 'colcon_meta'
[0.892s] Level 1:colcon.colcon_core.package_identification:_identify(src/amiga-ros2-bridge/venv/lib/python3.10/site-packages/google/protobuf/util/__pycache__) by extensions ['ros']
[0.892s] Level 1:colcon.colcon_core.package_identification:_identify(src/amiga-ros2-bridge/venv/lib/python3.10/site-packages/google/protobuf/util/__pycache__) by extension 'ros'
[0.893s] Level 1:colcon.colcon_core.package_identification:_identify(src/amiga-ros2-bridge/venv/lib/python3.10/site-packages/google/protobuf/util/__pycache__) by extensions ['cmake', 'python']
[0.893s] Level 1:colcon.colcon_core.package_identification:_identify(src/amiga-ros2-bridge/venv/lib/python3.10/site-packages/google/protobuf/util/__pycache__) by extension 'cmake'
[0.893s] Level 1:colcon.colcon_core.package_identification:_identify(src/amiga-ros2-bridge/venv/lib/python3.10/site-packages/google/protobuf/util/__pycache__) by extension 'python'
[0.893s] Level 1:colcon.colcon_core.package_identification:_identify(src/amiga-ros2-bridge/venv/lib/python3.10/site-packages/google/protobuf/util/__pycache__) by extensions ['python_setup_py']
[0.893s] Level 1:colcon.colcon_core.package_identification:_identify(src/amiga-ros2-bridge/venv/lib/python3.10/site-packages/google/protobuf/util/__pycache__) by extension 'python_setup_py'
[0.893s] Level 1:colcon.colcon_core.package_identification:_identify(src/amiga-ros2-bridge/venv/lib/python3.10/site-packages/grpc) by extensions ['ignore', 'ignore_ament_install']
[0.894s] Level 1:colcon.colcon_core.package_identification:_identify(src/amiga-ros2-bridge/venv/lib/python3.10/site-packages/grpc) by extension 'ignore'
[0.894s] Level 1:colcon.colcon_core.package_identification:_identify(src/amiga-ros2-bridge/venv/lib/python3.10/site-packages/grpc) by extension 'ignore_ament_install'
[0.894s] Level 1:colcon.colcon_core.package_identification:_identify(src/amiga-ros2-bridge/venv/lib/python3.10/site-packages/grpc) by extensions ['colcon_pkg']
[0.894s] Level 1:colcon.colcon_core.package_identification:_identify(src/amiga-ros2-bridge/venv/lib/python3.10/site-packages/grpc) by extension 'colcon_pkg'
[0.894s] Level 1:colcon.colcon_core.package_identification:_identify(src/amiga-ros2-bridge/venv/lib/python3.10/site-packages/grpc) by extensions ['colcon_meta']
[0.894s] Level 1:colcon.colcon_core.package_identification:_identify(src/amiga-ros2-bridge/venv/lib/python3.10/site-packages/grpc) by extension 'colcon_meta'
[0.894s] Level 1:colcon.colcon_core.package_identification:_identify(src/amiga-ros2-bridge/venv/lib/python3.10/site-packages/grpc) by extensions ['ros']
[0.894s] Level 1:colcon.colcon_core.package_identification:_identify(src/amiga-ros2-bridge/venv/lib/python3.10/site-packages/grpc) by extension 'ros'
[0.894s] Level 1:colcon.colcon_core.package_identification:_identify(src/amiga-ros2-bridge/venv/lib/python3.10/site-packages/grpc) by extensions ['cmake', 'python']
[0.895s] Level 1:colcon.colcon_core.package_identification:_identify(src/amiga-ros2-bridge/venv/lib/python3.10/site-packages/grpc) by extension 'cmake'
[0.895s] Level 1:colcon.colcon_core.package_identification:_identify(src/amiga-ros2-bridge/venv/lib/python3.10/site-packages/grpc) by extension 'python'
[0.895s] Level 1:colcon.colcon_core.package_identification:_identify(src/amiga-ros2-bridge/venv/lib/python3.10/site-packages/grpc) by extensions ['python_setup_py']
[0.895s] Level 1:colcon.colcon_core.package_identification:_identify(src/amiga-ros2-bridge/venv/lib/python3.10/site-packages/grpc) by extension 'python_setup_py'
[0.895s] Level 1:colcon.colcon_core.package_identification:_identify(src/amiga-ros2-bridge/venv/lib/python3.10/site-packages/grpc/__pycache__) by extensions ['ignore', 'ignore_ament_install']
[0.895s] Level 1:colcon.colcon_core.package_identification:_identify(src/amiga-ros2-bridge/venv/lib/python3.10/site-packages/grpc/__pycache__) by extension 'ignore'
[0.896s] Level 1:colcon.colcon_core.package_identification:_identify(src/amiga-ros2-bridge/venv/lib/python3.10/site-packages/grpc/__pycache__) by extension 'ignore_ament_install'
[0.896s] Level 1:colcon.colcon_core.package_identification:_identify(src/amiga-ros2-bridge/venv/lib/python3.10/site-packages/grpc/__pycache__) by extensions ['colcon_pkg']
[0.896s] Level 1:colcon.colcon_core.package_identification:_identify(src/amiga-ros2-bridge/venv/lib/python3.10/site-packages/grpc/__pycache__) by extension 'colcon_pkg'
[0.896s] Level 1:colcon.colcon_core.package_identification:_identify(src/amiga-ros2-bridge/venv/lib/python3.10/site-packages/grpc/__pycache__) by extensions ['colcon_meta']
[0.896s] Level 1:colcon.colcon_core.package_identification:_identify(src/amiga-ros2-bridge/venv/lib/python3.10/site-packages/grpc/__pycache__) by extension 'colcon_meta'
[0.896s] Level 1:colcon.colcon_core.package_identification:_identify(src/amiga-ros2-bridge/venv/lib/python3.10/site-packages/grpc/__pycache__) by extensions ['ros']
[0.896s] Level 1:colcon.colcon_core.package_identification:_identify(src/amiga-ros2-bridge/venv/lib/python3.10/site-packages/grpc/__pycache__) by extension 'ros'
[0.896s] Level 1:colcon.colcon_core.package_identification:_identify(src/amiga-ros2-bridge/venv/lib/python3.10/site-packages/grpc/__pycache__) by extensions ['cmake', 'python']
[0.896s] Level 1:colcon.colcon_core.package_identification:_identify(src/amiga-ros2-bridge/venv/lib/python3.10/site-packages/grpc/__pycache__) by extension 'cmake'
[0.897s] Level 1:colcon.colcon_core.package_identification:_identify(src/amiga-ros2-bridge/venv/lib/python3.10/site-packages/grpc/__pycache__) by extension 'python'
[0.897s] Level 1:colcon.colcon_core.package_identification:_identify(src/amiga-ros2-bridge/venv/lib/python3.10/site-packages/grpc/__pycache__) by extensions ['python_setup_py']
[0.897s] Level 1:colcon.colcon_core.package_identification:_identify(src/amiga-ros2-bridge/venv/lib/python3.10/site-packages/grpc/__pycache__) by extension 'python_setup_py'
[0.897s] Level 1:colcon.colcon_core.package_identification:_identify(src/amiga-ros2-bridge/venv/lib/python3.10/site-packages/grpc/_cython) by extensions ['ignore', 'ignore_ament_install']
[0.897s] Level 1:colcon.colcon_core.package_identification:_identify(src/amiga-ros2-bridge/venv/lib/python3.10/site-packages/grpc/_cython) by extension 'ignore'
[0.897s] Level 1:colcon.colcon_core.package_identification:_identify(src/amiga-ros2-bridge/venv/lib/python3.10/site-packages/grpc/_cython) by extension 'ignore_ament_install'
[0.898s] Level 1:colcon.colcon_core.package_identification:_identify(src/amiga-ros2-bridge/venv/lib/python3.10/site-packages/grpc/_cython) by extensions ['colcon_pkg']
[0.898s] Level 1:colcon.colcon_core.package_identification:_identify(src/amiga-ros2-bridge/venv/lib/python3.10/site-packages/grpc/_cython) by extension 'colcon_pkg'
[0.898s] Level 1:colcon.colcon_core.package_identification:_identify(src/amiga-ros2-bridge/venv/lib/python3.10/site-packages/grpc/_cython) by extensions ['colcon_meta']
[0.898s] Level 1:colcon.colcon_core.package_identification:_identify(src/amiga-ros2-bridge/venv/lib/python3.10/site-packages/grpc/_cython) by extension 'colcon_meta'
[0.898s] Level 1:colcon.colcon_core.package_identification:_identify(src/amiga-ros2-bridge/venv/lib/python3.10/site-packages/grpc/_cython) by extensions ['ros']
[0.898s] Level 1:colcon.colcon_core.package_identification:_identify(src/amiga-ros2-bridge/venv/lib/python3.10/site-packages/grpc/_cython) by extension 'ros'
[0.898s] Level 1:colcon.colcon_core.package_identification:_identify(src/amiga-ros2-bridge/venv/lib/python3.10/site-packages/grpc/_cython) by extensions ['cmake', 'python']
[0.898s] Level 1:colcon.colcon_core.package_identification:_identify(src/amiga-ros2-bridge/venv/lib/python3.10/site-packages/grpc/_cython) by extension 'cmake'
[0.898s] Level 1:colcon.colcon_core.package_identification:_identify(src/amiga-ros2-bridge/venv/lib/python3.10/site-packages/grpc/_cython) by extension 'python'
[0.899s] Level 1:colcon.colcon_core.package_identification:_identify(src/amiga-ros2-bridge/venv/lib/python3.10/site-packages/grpc/_cython) by extensions ['python_setup_py']
[0.899s] Level 1:colcon.colcon_core.package_identification:_identify(src/amiga-ros2-bridge/venv/lib/python3.10/site-packages/grpc/_cython) by extension 'python_setup_py'
[0.899s] Level 1:colcon.colcon_core.package_identification:_identify(src/amiga-ros2-bridge/venv/lib/python3.10/site-packages/grpc/_cython/__pycache__) by extensions ['ignore', 'ignore_ament_install']
[0.899s] Level 1:colcon.colcon_core.package_identification:_identify(src/amiga-ros2-bridge/venv/lib/python3.10/site-packages/grpc/_cython/__pycache__) by extension 'ignore'
[0.899s] Level 1:colcon.colcon_core.package_identification:_identify(src/amiga-ros2-bridge/venv/lib/python3.10/site-packages/grpc/_cython/__pycache__) by extension 'ignore_ament_install'
[0.900s] Level 1:colcon.colcon_core.package_identification:_identify(src/amiga-ros2-bridge/venv/lib/python3.10/site-packages/grpc/_cython/__pycache__) by extensions ['colcon_pkg']
[0.900s] Level 1:colcon.colcon_core.package_identification:_identify(src/amiga-ros2-bridge/venv/lib/python3.10/site-packages/grpc/_cython/__pycache__) by extension 'colcon_pkg'
[0.900s] Level 1:colcon.colcon_core.package_identification:_identify(src/amiga-ros2-bridge/venv/lib/python3.10/site-packages/grpc/_cython/__pycache__) by extensions ['colcon_meta']
[0.900s] Level 1:colcon.colcon_core.package_identification:_identify(src/amiga-ros2-bridge/venv/lib/python3.10/site-packages/grpc/_cython/__pycache__) by extension 'colcon_meta'
[0.900s] Level 1:colcon.colcon_core.package_identification:_identify(src/amiga-ros2-bridge/venv/lib/python3.10/site-packages/grpc/_cython/__pycache__) by extensions ['ros']
[0.900s] Level 1:colcon.colcon_core.package_identification:_identify(src/amiga-ros2-bridge/venv/lib/python3.10/site-packages/grpc/_cython/__pycache__) by extension 'ros'
[0.900s] Level 1:colcon.colcon_core.package_identification:_identify(src/amiga-ros2-bridge/venv/lib/python3.10/site-packages/grpc/_cython/__pycache__) by extensions ['cmake', 'python']
[0.900s] Level 1:colcon.colcon_core.package_identification:_identify(src/amiga-ros2-bridge/venv/lib/python3.10/site-packages/grpc/_cython/__pycache__) by extension 'cmake'
[0.900s] Level 1:colcon.colcon_core.package_identification:_identify(src/amiga-ros2-bridge/venv/lib/python3.10/site-packages/grpc/_cython/__pycache__) by extension 'python'
[0.900s] Level 1:colcon.colcon_core.package_identification:_identify(src/amiga-ros2-bridge/venv/lib/python3.10/site-packages/grpc/_cython/__pycache__) by extensions ['python_setup_py']
[0.901s] Level 1:colcon.colcon_core.package_identification:_identify(src/amiga-ros2-bridge/venv/lib/python3.10/site-packages/grpc/_cython/__pycache__) by extension 'python_setup_py'
[0.901s] Level 1:colcon.colcon_core.package_identification:_identify(src/amiga-ros2-bridge/venv/lib/python3.10/site-packages/grpc/_cython/_credentials) by extensions ['ignore', 'ignore_ament_install']
[0.901s] Level 1:colcon.colcon_core.package_identification:_identify(src/amiga-ros2-bridge/venv/lib/python3.10/site-packages/grpc/_cython/_credentials) by extension 'ignore'
[0.901s] Level 1:colcon.colcon_core.package_identification:_identify(src/amiga-ros2-bridge/venv/lib/python3.10/site-packages/grpc/_cython/_credentials) by extension 'ignore_ament_install'
[0.901s] Level 1:colcon.colcon_core.package_identification:_identify(src/amiga-ros2-bridge/venv/lib/python3.10/site-packages/grpc/_cython/_credentials) by extensions ['colcon_pkg']
[0.902s] Level 1:colcon.colcon_core.package_identification:_identify(src/amiga-ros2-bridge/venv/lib/python3.10/site-packages/grpc/_cython/_credentials) by extension 'colcon_pkg'
[0.902s] Level 1:colcon.colcon_core.package_identification:_identify(src/amiga-ros2-bridge/venv/lib/python3.10/site-packages/grpc/_cython/_credentials) by extensions ['colcon_meta']
[0.902s] Level 1:colcon.colcon_core.package_identification:_identify(src/amiga-ros2-bridge/venv/lib/python3.10/site-packages/grpc/_cython/_credentials) by extension 'colcon_meta'
[0.902s] Level 1:colcon.colcon_core.package_identification:_identify(src/amiga-ros2-bridge/venv/lib/python3.10/site-packages/grpc/_cython/_credentials) by extensions ['ros']
[0.902s] Level 1:colcon.colcon_core.package_identification:_identify(src/amiga-ros2-bridge/venv/lib/python3.10/site-packages/grpc/_cython/_credentials) by extension 'ros'
[0.902s] Level 1:colcon.colcon_core.package_identification:_identify(src/amiga-ros2-bridge/venv/lib/python3.10/site-packages/grpc/_cython/_credentials) by extensions ['cmake', 'python']
[0.902s] Level 1:colcon.colcon_core.package_identification:_identify(src/amiga-ros2-bridge/venv/lib/python3.10/site-packages/grpc/_cython/_credentials) by extension 'cmake'
[0.902s] Level 1:colcon.colcon_core.package_identification:_identify(src/amiga-ros2-bridge/venv/lib/python3.10/site-packages/grpc/_cython/_credentials) by extension 'python'
[0.902s] Level 1:colcon.colcon_core.package_identification:_identify(src/amiga-ros2-bridge/venv/lib/python3.10/site-packages/grpc/_cython/_credentials) by extensions ['python_setup_py']
[0.902s] Level 1:colcon.colcon_core.package_identification:_identify(src/amiga-ros2-bridge/venv/lib/python3.10/site-packages/grpc/_cython/_credentials) by extension 'python_setup_py'
[0.903s] Level 1:colcon.colcon_core.package_identification:_identify(src/amiga-ros2-bridge/venv/lib/python3.10/site-packages/grpc/_cython/_cygrpc) by extensions ['ignore', 'ignore_ament_install']
[0.903s] Level 1:colcon.colcon_core.package_identification:_identify(src/amiga-ros2-bridge/venv/lib/python3.10/site-packages/grpc/_cython/_cygrpc) by extension 'ignore'
[0.903s] Level 1:colcon.colcon_core.package_identification:_identify(src/amiga-ros2-bridge/venv/lib/python3.10/site-packages/grpc/_cython/_cygrpc) by extension 'ignore_ament_install'
[0.904s] Level 1:colcon.colcon_core.package_identification:_identify(src/amiga-ros2-bridge/venv/lib/python3.10/site-packages/grpc/_cython/_cygrpc) by extensions ['colcon_pkg']
[0.904s] Level 1:colcon.colcon_core.package_identification:_identify(src/amiga-ros2-bridge/venv/lib/python3.10/site-packages/grpc/_cython/_cygrpc) by extension 'colcon_pkg'
[0.904s] Level 1:colcon.colcon_core.package_identification:_identify(src/amiga-ros2-bridge/venv/lib/python3.10/site-packages/grpc/_cython/_cygrpc) by extensions ['colcon_meta']
[0.904s] Level 1:colcon.colcon_core.package_identification:_identify(src/amiga-ros2-bridge/venv/lib/python3.10/site-packages/grpc/_cython/_cygrpc) by extension 'colcon_meta'
[0.904s] Level 1:colcon.colcon_core.package_identification:_identify(src/amiga-ros2-bridge/venv/lib/python3.10/site-packages/grpc/_cython/_cygrpc) by extensions ['ros']
[0.904s] Level 1:colcon.colcon_core.package_identification:_identify(src/amiga-ros2-bridge/venv/lib/python3.10/site-packages/grpc/_cython/_cygrpc) by extension 'ros'
[0.904s] Level 1:colcon.colcon_core.package_identification:_identify(src/amiga-ros2-bridge/venv/lib/python3.10/site-packages/grpc/_cython/_cygrpc) by extensions ['cmake', 'python']
[0.904s] Level 1:colcon.colcon_core.package_identification:_identify(src/amiga-ros2-bridge/venv/lib/python3.10/site-packages/grpc/_cython/_cygrpc) by extension 'cmake'
[0.904s] Level 1:colcon.colcon_core.package_identification:_identify(src/amiga-ros2-bridge/venv/lib/python3.10/site-packages/grpc/_cython/_cygrpc) by extension 'python'
[0.905s] Level 1:colcon.colcon_core.package_identification:_identify(src/amiga-ros2-bridge/venv/lib/python3.10/site-packages/grpc/_cython/_cygrpc) by extensions ['python_setup_py']
[0.905s] Level 1:colcon.colcon_core.package_identification:_identify(src/amiga-ros2-bridge/venv/lib/python3.10/site-packages/grpc/_cython/_cygrpc) by extension 'python_setup_py'
[0.905s] Level 1:colcon.colcon_core.package_identification:_identify(src/amiga-ros2-bridge/venv/lib/python3.10/site-packages/grpc/_cython/_cygrpc/__pycache__) by extensions ['ignore', 'ignore_ament_install']
[0.905s] Level 1:colcon.colcon_core.package_identification:_identify(src/amiga-ros2-bridge/venv/lib/python3.10/site-packages/grpc/_cython/_cygrpc/__pycache__) by extension 'ignore'
[0.905s] Level 1:colcon.colcon_core.package_identification:_identify(src/amiga-ros2-bridge/venv/lib/python3.10/site-packages/grpc/_cython/_cygrpc/__pycache__) by extension 'ignore_ament_install'
[0.905s] Level 1:colcon.colcon_core.package_identification:_identify(src/amiga-ros2-bridge/venv/lib/python3.10/site-packages/grpc/_cython/_cygrpc/__pycache__) by extensions ['colcon_pkg']
[0.906s] Level 1:colcon.colcon_core.package_identification:_identify(src/amiga-ros2-bridge/venv/lib/python3.10/site-packages/grpc/_cython/_cygrpc/__pycache__) by extension 'colcon_pkg'
[0.906s] Level 1:colcon.colcon_core.package_identification:_identify(src/amiga-ros2-bridge/venv/lib/python3.10/site-packages/grpc/_cython/_cygrpc/__pycache__) by extensions ['colcon_meta']
[0.906s] Level 1:colcon.colcon_core.package_identification:_identify(src/amiga-ros2-bridge/venv/lib/python3.10/site-packages/grpc/_cython/_cygrpc/__pycache__) by extension 'colcon_meta'
[0.906s] Level 1:colcon.colcon_core.package_identification:_identify(src/amiga-ros2-bridge/venv/lib/python3.10/site-packages/grpc/_cython/_cygrpc/__pycache__) by extensions ['ros']
[0.906s] Level 1:colcon.colcon_core.package_identification:_identify(src/amiga-ros2-bridge/venv/lib/python3.10/site-packages/grpc/_cython/_cygrpc/__pycache__) by extension 'ros'
[0.906s] Level 1:colcon.colcon_core.package_identification:_identify(src/amiga-ros2-bridge/venv/lib/python3.10/site-packages/grpc/_cython/_cygrpc/__pycache__) by extensions ['cmake', 'python']
[0.906s] Level 1:colcon.colcon_core.package_identification:_identify(src/amiga-ros2-bridge/venv/lib/python3.10/site-packages/grpc/_cython/_cygrpc/__pycache__) by extension 'cmake'
[0.906s] Level 1:colcon.colcon_core.package_identification:_identify(src/amiga-ros2-bridge/venv/lib/python3.10/site-packages/grpc/_cython/_cygrpc/__pycache__) by extension 'python'
[0.906s] Level 1:colcon.colcon_core.package_identification:_identify(src/amiga-ros2-bridge/venv/lib/python3.10/site-packages/grpc/_cython/_cygrpc/__pycache__) by extensions ['python_setup_py']
[0.907s] Level 1:colcon.colcon_core.package_identification:_identify(src/amiga-ros2-bridge/venv/lib/python3.10/site-packages/grpc/_cython/_cygrpc/__pycache__) by extension 'python_setup_py'
[0.907s] Level 1:colcon.colcon_core.package_identification:_identify(src/amiga-ros2-bridge/venv/lib/python3.10/site-packages/grpc/aio) by extensions ['ignore', 'ignore_ament_install']
[0.907s] Level 1:colcon.colcon_core.package_identification:_identify(src/amiga-ros2-bridge/venv/lib/python3.10/site-packages/grpc/aio) by extension 'ignore'
[0.907s] Level 1:colcon.colcon_core.package_identification:_identify(src/amiga-ros2-bridge/venv/lib/python3.10/site-packages/grpc/aio) by extension 'ignore_ament_install'
[0.907s] Level 1:colcon.colcon_core.package_identification:_identify(src/amiga-ros2-bridge/venv/lib/python3.10/site-packages/grpc/aio) by extensions ['colcon_pkg']
[0.907s] Level 1:colcon.colcon_core.package_identification:_identify(src/amiga-ros2-bridge/venv/lib/python3.10/site-packages/grpc/aio) by extension 'colcon_pkg'
[0.908s] Level 1:colcon.colcon_core.package_identification:_identify(src/amiga-ros2-bridge/venv/lib/python3.10/site-packages/grpc/aio) by extensions ['colcon_meta']
[0.908s] Level 1:colcon.colcon_core.package_identification:_identify(src/amiga-ros2-bridge/venv/lib/python3.10/site-packages/grpc/aio) by extension 'colcon_meta'
[0.908s] Level 1:colcon.colcon_core.package_identification:_identify(src/amiga-ros2-bridge/venv/lib/python3.10/site-packages/grpc/aio) by extensions ['ros']
[0.908s] Level 1:colcon.colcon_core.package_identification:_identify(src/amiga-ros2-bridge/venv/lib/python3.10/site-packages/grpc/aio) by extension 'ros'
[0.908s] Level 1:colcon.colcon_core.package_identification:_identify(src/amiga-ros2-bridge/venv/lib/python3.10/site-packages/grpc/aio) by extensions ['cmake', 'python']
[0.908s] Level 1:colcon.colcon_core.package_identification:_identify(src/amiga-ros2-bridge/venv/lib/python3.10/site-packages/grpc/aio) by extension 'cmake'
[0.908s] Level 1:colcon.colcon_core.package_identification:_identify(src/amiga-ros2-bridge/venv/lib/python3.10/site-packages/grpc/aio) by extension 'python'
[0.908s] Level 1:colcon.colcon_core.package_identification:_identify(src/amiga-ros2-bridge/venv/lib/python3.10/site-packages/grpc/aio) by extensions ['python_setup_py']
[0.908s] Level 1:colcon.colcon_core.package_identification:_identify(src/amiga-ros2-bridge/venv/lib/python3.10/site-packages/grpc/aio) by extension 'python_setup_py'
[0.909s] Level 1:colcon.colcon_core.package_identification:_identify(src/amiga-ros2-bridge/venv/lib/python3.10/site-packages/grpc/aio/__pycache__) by extensions ['ignore', 'ignore_ament_install']
[0.909s] Level 1:colcon.colcon_core.package_identification:_identify(src/amiga-ros2-bridge/venv/lib/python3.10/site-packages/grpc/aio/__pycache__) by extension 'ignore'
[0.909s] Level 1:colcon.colcon_core.package_identification:_identify(src/amiga-ros2-bridge/venv/lib/python3.10/site-packages/grpc/aio/__pycache__) by extension 'ignore_ament_install'
[0.909s] Level 1:colcon.colcon_core.package_identification:_identify(src/amiga-ros2-bridge/venv/lib/python3.10/site-packages/grpc/aio/__pycache__) by extensions ['colcon_pkg']
[0.909s] Level 1:colcon.colcon_core.package_identification:_identify(src/amiga-ros2-bridge/venv/lib/python3.10/site-packages/grpc/aio/__pycache__) by extension 'colcon_pkg'
[0.909s] Level 1:colcon.colcon_core.package_identification:_identify(src/amiga-ros2-bridge/venv/lib/python3.10/site-packages/grpc/aio/__pycache__) by extensions ['colcon_meta']
[0.910s] Level 1:colcon.colcon_core.package_identification:_identify(src/amiga-ros2-bridge/venv/lib/python3.10/site-packages/grpc/aio/__pycache__) by extension 'colcon_meta'
[0.910s] Level 1:colcon.colcon_core.package_identification:_identify(src/amiga-ros2-bridge/venv/lib/python3.10/site-packages/grpc/aio/__pycache__) by extensions ['ros']
[0.910s] Level 1:colcon.colcon_core.package_identification:_identify(src/amiga-ros2-bridge/venv/lib/python3.10/site-packages/grpc/aio/__pycache__) by extension 'ros'
[0.910s] Level 1:colcon.colcon_core.package_identification:_identify(src/amiga-ros2-bridge/venv/lib/python3.10/site-packages/grpc/aio/__pycache__) by extensions ['cmake', 'python']
[0.910s] Level 1:colcon.colcon_core.package_identification:_identify(src/amiga-ros2-bridge/venv/lib/python3.10/site-packages/grpc/aio/__pycache__) by extension 'cmake'
[0.910s] Level 1:colcon.colcon_core.package_identification:_identify(src/amiga-ros2-bridge/venv/lib/python3.10/site-packages/grpc/aio/__pycache__) by extension 'python'
[0.910s] Level 1:colcon.colcon_core.package_identification:_identify(src/amiga-ros2-bridge/venv/lib/python3.10/site-packages/grpc/aio/__pycache__) by extensions ['python_setup_py']
[0.910s] Level 1:colcon.colcon_core.package_identification:_identify(src/amiga-ros2-bridge/venv/lib/python3.10/site-packages/grpc/aio/__pycache__) by extension 'python_setup_py'
[0.911s] Level 1:colcon.colcon_core.package_identification:_identify(src/amiga-ros2-bridge/venv/lib/python3.10/site-packages/grpc/beta) by extensions ['ignore', 'ignore_ament_install']
[0.911s] Level 1:colcon.colcon_core.package_identification:_identify(src/amiga-ros2-bridge/venv/lib/python3.10/site-packages/grpc/beta) by extension 'ignore'
[0.911s] Level 1:colcon.colcon_core.package_identification:_identify(src/amiga-ros2-bridge/venv/lib/python3.10/site-packages/grpc/beta) by extension 'ignore_ament_install'
[0.911s] Level 1:colcon.colcon_core.package_identification:_identify(src/amiga-ros2-bridge/venv/lib/python3.10/site-packages/grpc/beta) by extensions ['colcon_pkg']
[0.911s] Level 1:colcon.colcon_core.package_identification:_identify(src/amiga-ros2-bridge/venv/lib/python3.10/site-packages/grpc/beta) by extension 'colcon_pkg'
[0.911s] Level 1:colcon.colcon_core.package_identification:_identify(src/amiga-ros2-bridge/venv/lib/python3.10/site-packages/grpc/beta) by extensions ['colcon_meta']
[0.911s] Level 1:colcon.colcon_core.package_identification:_identify(src/amiga-ros2-bridge/venv/lib/python3.10/site-packages/grpc/beta) by extension 'colcon_meta'
[0.912s] Level 1:colcon.colcon_core.package_identification:_identify(src/amiga-ros2-bridge/venv/lib/python3.10/site-packages/grpc/beta) by extensions ['ros']
[0.912s] Level 1:colcon.colcon_core.package_identification:_identify(src/amiga-ros2-bridge/venv/lib/python3.10/site-packages/grpc/beta) by extension 'ros'
[0.912s] Level 1:colcon.colcon_core.package_identification:_identify(src/amiga-ros2-bridge/venv/lib/python3.10/site-packages/grpc/beta) by extensions ['cmake', 'python']
[0.912s] Level 1:colcon.colcon_core.package_identification:_identify(src/amiga-ros2-bridge/venv/lib/python3.10/site-packages/grpc/beta) by extension 'cmake'
[0.912s] Level 1:colcon.colcon_core.package_identification:_identify(src/amiga-ros2-bridge/venv/lib/python3.10/site-packages/grpc/beta) by extension 'python'
[0.912s] Level 1:colcon.colcon_core.package_identification:_identify(src/amiga-ros2-bridge/venv/lib/python3.10/site-packages/grpc/beta) by extensions ['python_setup_py']
[0.912s] Level 1:colcon.colcon_core.package_identification:_identify(src/amiga-ros2-bridge/venv/lib/python3.10/site-packages/grpc/beta) by extension 'python_setup_py'
[0.913s] Level 1:colcon.colcon_core.package_identification:_identify(src/amiga-ros2-bridge/venv/lib/python3.10/site-packages/grpc/beta/__pycache__) by extensions ['ignore', 'ignore_ament_install']
[0.913s] Level 1:colcon.colcon_core.package_identification:_identify(src/amiga-ros2-bridge/venv/lib/python3.10/site-packages/grpc/beta/__pycache__) by extension 'ignore'
[0.913s] Level 1:colcon.colcon_core.package_identification:_identify(src/amiga-ros2-bridge/venv/lib/python3.10/site-packages/grpc/beta/__pycache__) by extension 'ignore_ament_install'
[0.913s] Level 1:colcon.colcon_core.package_identification:_identify(src/amiga-ros2-bridge/venv/lib/python3.10/site-packages/grpc/beta/__pycache__) by extensions ['colcon_pkg']
[0.913s] Level 1:colcon.colcon_core.package_identification:_identify(src/amiga-ros2-bridge/venv/lib/python3.10/site-packages/grpc/beta/__pycache__) by extension 'colcon_pkg'
[0.913s] Level 1:colcon.colcon_core.package_identification:_identify(src/amiga-ros2-bridge/venv/lib/python3.10/site-packages/grpc/beta/__pycache__) by extensions ['colcon_meta']
[0.913s] Level 1:colcon.colcon_core.package_identification:_identify(src/amiga-ros2-bridge/venv/lib/python3.10/site-packages/grpc/beta/__pycache__) by extension 'colcon_meta'
[0.913s] Level 1:colcon.colcon_core.package_identification:_identify(src/amiga-ros2-bridge/venv/lib/python3.10/site-packages/grpc/beta/__pycache__) by extensions ['ros']
[0.914s] Level 1:colcon.colcon_core.package_identification:_identify(src/amiga-ros2-bridge/venv/lib/python3.10/site-packages/grpc/beta/__pycache__) by extension 'ros'
[0.914s] Level 1:colcon.colcon_core.package_identification:_identify(src/amiga-ros2-bridge/venv/lib/python3.10/site-packages/grpc/beta/__pycache__) by extensions ['cmake', 'python']
[0.914s] Level 1:colcon.colcon_core.package_identification:_identify(src/amiga-ros2-bridge/venv/lib/python3.10/site-packages/grpc/beta/__pycache__) by extension 'cmake'
[0.914s] Level 1:colcon.colcon_core.package_identification:_identify(src/amiga-ros2-bridge/venv/lib/python3.10/site-packages/grpc/beta/__pycache__) by extension 'python'
[0.914s] Level 1:colcon.colcon_core.package_identification:_identify(src/amiga-ros2-bridge/venv/lib/python3.10/site-packages/grpc/beta/__pycache__) by extensions ['python_setup_py']
[0.914s] Level 1:colcon.colcon_core.package_identification:_identify(src/amiga-ros2-bridge/venv/lib/python3.10/site-packages/grpc/beta/__pycache__) by extension 'python_setup_py'
[0.914s] Level 1:colcon.colcon_core.package_identification:_identify(src/amiga-ros2-bridge/venv/lib/python3.10/site-packages/grpc/experimental) by extensions ['ignore', 'ignore_ament_install']
[0.915s] Level 1:colcon.colcon_core.package_identification:_identify(src/amiga-ros2-bridge/venv/lib/python3.10/site-packages/grpc/experimental) by extension 'ignore'
[0.915s] Level 1:colcon.colcon_core.package_identification:_identify(src/amiga-ros2-bridge/venv/lib/python3.10/site-packages/grpc/experimental) by extension 'ignore_ament_install'
[0.915s] Level 1:colcon.colcon_core.package_identification:_identify(src/amiga-ros2-bridge/venv/lib/python3.10/site-packages/grpc/experimental) by extensions ['colcon_pkg']
[0.915s] Level 1:colcon.colcon_core.package_identification:_identify(src/amiga-ros2-bridge/venv/lib/python3.10/site-packages/grpc/experimental) by extension 'colcon_pkg'
[0.915s] Level 1:colcon.colcon_core.package_identification:_identify(src/amiga-ros2-bridge/venv/lib/python3.10/site-packages/grpc/experimental) by extensions ['colcon_meta']
[0.915s] Level 1:colcon.colcon_core.package_identification:_identify(src/amiga-ros2-bridge/venv/lib/python3.10/site-packages/grpc/experimental) by extension 'colcon_meta'
[0.915s] Level 1:colcon.colcon_core.package_identification:_identify(src/amiga-ros2-bridge/venv/lib/python3.10/site-packages/grpc/experimental) by extensions ['ros']
[0.915s] Level 1:colcon.colcon_core.package_identification:_identify(src/amiga-ros2-bridge/venv/lib/python3.10/site-packages/grpc/experimental) by extension 'ros'
[0.916s] Level 1:colcon.colcon_core.package_identification:_identify(src/amiga-ros2-bridge/venv/lib/python3.10/site-packages/grpc/experimental) by extensions ['cmake', 'python']
[0.916s] Level 1:colcon.colcon_core.package_identification:_identify(src/amiga-ros2-bridge/venv/lib/python3.10/site-packages/grpc/experimental) by extension 'cmake'
[0.916s] Level 1:colcon.colcon_core.package_identification:_identify(src/amiga-ros2-bridge/venv/lib/python3.10/site-packages/grpc/experimental) by extension 'python'
[0.916s] Level 1:colcon.colcon_core.package_identification:_identify(src/amiga-ros2-bridge/venv/lib/python3.10/site-packages/grpc/experimental) by extensions ['python_setup_py']
[0.916s] Level 1:colcon.colcon_core.package_identification:_identify(src/amiga-ros2-bridge/venv/lib/python3.10/site-packages/grpc/experimental) by extension 'python_setup_py'
[0.916s] Level 1:colcon.colcon_core.package_identification:_identify(src/amiga-ros2-bridge/venv/lib/python3.10/site-packages/grpc/experimental/__pycache__) by extensions ['ignore', 'ignore_ament_install']
[0.917s] Level 1:colcon.colcon_core.package_identification:_identify(src/amiga-ros2-bridge/venv/lib/python3.10/site-packages/grpc/experimental/__pycache__) by extension 'ignore'
[0.917s] Level 1:colcon.colcon_core.package_identification:_identify(src/amiga-ros2-bridge/venv/lib/python3.10/site-packages/grpc/experimental/__pycache__) by extension 'ignore_ament_install'
[0.917s] Level 1:colcon.colcon_core.package_identification:_identify(src/amiga-ros2-bridge/venv/lib/python3.10/site-packages/grpc/experimental/__pycache__) by extensions ['colcon_pkg']
[0.917s] Level 1:colcon.colcon_core.package_identification:_identify(src/amiga-ros2-bridge/venv/lib/python3.10/site-packages/grpc/experimental/__pycache__) by extension 'colcon_pkg'
[0.917s] Level 1:colcon.colcon_core.package_identification:_identify(src/amiga-ros2-bridge/venv/lib/python3.10/site-packages/grpc/experimental/__pycache__) by extensions ['colcon_meta']
[0.917s] Level 1:colcon.colcon_core.package_identification:_identify(src/amiga-ros2-bridge/venv/lib/python3.10/site-packages/grpc/experimental/__pycache__) by extension 'colcon_meta'
[0.917s] Level 1:colcon.colcon_core.package_identification:_identify(src/amiga-ros2-bridge/venv/lib/python3.10/site-packages/grpc/experimental/__pycache__) by extensions ['ros']
[0.917s] Level 1:colcon.colcon_core.package_identification:_identify(src/amiga-ros2-bridge/venv/lib/python3.10/site-packages/grpc/experimental/__pycache__) by extension 'ros'
[0.918s] Level 1:colcon.colcon_core.package_identification:_identify(src/amiga-ros2-bridge/venv/lib/python3.10/site-packages/grpc/experimental/__pycache__) by extensions ['cmake', 'python']
[0.918s] Level 1:colcon.colcon_core.package_identification:_identify(src/amiga-ros2-bridge/venv/lib/python3.10/site-packages/grpc/experimental/__pycache__) by extension 'cmake'
[0.918s] Level 1:colcon.colcon_core.package_identification:_identify(src/amiga-ros2-bridge/venv/lib/python3.10/site-packages/grpc/experimental/__pycache__) by extension 'python'
[0.918s] Level 1:colcon.colcon_core.package_identification:_identify(src/amiga-ros2-bridge/venv/lib/python3.10/site-packages/grpc/experimental/__pycache__) by extensions ['python_setup_py']
[0.918s] Level 1:colcon.colcon_core.package_identification:_identify(src/amiga-ros2-bridge/venv/lib/python3.10/site-packages/grpc/experimental/__pycache__) by extension 'python_setup_py'
[0.918s] Level 1:colcon.colcon_core.package_identification:_identify(src/amiga-ros2-bridge/venv/lib/python3.10/site-packages/grpc/experimental/aio) by extensions ['ignore', 'ignore_ament_install']
[0.918s] Level 1:colcon.colcon_core.package_identification:_identify(src/amiga-ros2-bridge/venv/lib/python3.10/site-packages/grpc/experimental/aio) by extension 'ignore'
[0.919s] Level 1:colcon.colcon_core.package_identification:_identify(src/amiga-ros2-bridge/venv/lib/python3.10/site-packages/grpc/experimental/aio) by extension 'ignore_ament_install'
[0.919s] Level 1:colcon.colcon_core.package_identification:_identify(src/amiga-ros2-bridge/venv/lib/python3.10/site-packages/grpc/experimental/aio) by extensions ['colcon_pkg']
[0.919s] Level 1:colcon.colcon_core.package_identification:_identify(src/amiga-ros2-bridge/venv/lib/python3.10/site-packages/grpc/experimental/aio) by extension 'colcon_pkg'
[0.919s] Level 1:colcon.colcon_core.package_identification:_identify(src/amiga-ros2-bridge/venv/lib/python3.10/site-packages/grpc/experimental/aio) by extensions ['colcon_meta']
[0.919s] Level 1:colcon.colcon_core.package_identification:_identify(src/amiga-ros2-bridge/venv/lib/python3.10/site-packages/grpc/experimental/aio) by extension 'colcon_meta'
[0.919s] Level 1:colcon.colcon_core.package_identification:_identify(src/amiga-ros2-bridge/venv/lib/python3.10/site-packages/grpc/experimental/aio) by extensions ['ros']
[0.919s] Level 1:colcon.colcon_core.package_identification:_identify(src/amiga-ros2-bridge/venv/lib/python3.10/site-packages/grpc/experimental/aio) by extension 'ros'
[0.919s] Level 1:colcon.colcon_core.package_identification:_identify(src/amiga-ros2-bridge/venv/lib/python3.10/site-packages/grpc/experimental/aio) by extensions ['cmake', 'python']
[0.919s] Level 1:colcon.colcon_core.package_identification:_identify(src/amiga-ros2-bridge/venv/lib/python3.10/site-packages/grpc/experimental/aio) by extension 'cmake'
[0.920s] Level 1:colcon.colcon_core.package_identification:_identify(src/amiga-ros2-bridge/venv/lib/python3.10/site-packages/grpc/experimental/aio) by extension 'python'
[0.920s] Level 1:colcon.colcon_core.package_identification:_identify(src/amiga-ros2-bridge/venv/lib/python3.10/site-packages/grpc/experimental/aio) by extensions ['python_setup_py']
[0.920s] Level 1:colcon.colcon_core.package_identification:_identify(src/amiga-ros2-bridge/venv/lib/python3.10/site-packages/grpc/experimental/aio) by extension 'python_setup_py'
[0.920s] Level 1:colcon.colcon_core.package_identification:_identify(src/amiga-ros2-bridge/venv/lib/python3.10/site-packages/grpc/experimental/aio/__pycache__) by extensions ['ignore', 'ignore_ament_install']
[0.920s] Level 1:colcon.colcon_core.package_identification:_identify(src/amiga-ros2-bridge/venv/lib/python3.10/site-packages/grpc/experimental/aio/__pycache__) by extension 'ignore'
[0.920s] Level 1:colcon.colcon_core.package_identification:_identify(src/amiga-ros2-bridge/venv/lib/python3.10/site-packages/grpc/experimental/aio/__pycache__) by extension 'ignore_ament_install'
[0.921s] Level 1:colcon.colcon_core.package_identification:_identify(src/amiga-ros2-bridge/venv/lib/python3.10/site-packages/grpc/experimental/aio/__pycache__) by extensions ['colcon_pkg']
[0.921s] Level 1:colcon.colcon_core.package_identification:_identify(src/amiga-ros2-bridge/venv/lib/python3.10/site-packages/grpc/experimental/aio/__pycache__) by extension 'colcon_pkg'
[0.921s] Level 1:colcon.colcon_core.package_identification:_identify(src/amiga-ros2-bridge/venv/lib/python3.10/site-packages/grpc/experimental/aio/__pycache__) by extensions ['colcon_meta']
[0.921s] Level 1:colcon.colcon_core.package_identification:_identify(src/amiga-ros2-bridge/venv/lib/python3.10/site-packages/grpc/experimental/aio/__pycache__) by extension 'colcon_meta'
[0.921s] Level 1:colcon.colcon_core.package_identification:_identify(src/amiga-ros2-bridge/venv/lib/python3.10/site-packages/grpc/experimental/aio/__pycache__) by extensions ['ros']
[0.921s] Level 1:colcon.colcon_core.package_identification:_identify(src/amiga-ros2-bridge/venv/lib/python3.10/site-packages/grpc/experimental/aio/__pycache__) by extension 'ros'
[0.921s] Level 1:colcon.colcon_core.package_identification:_identify(src/amiga-ros2-bridge/venv/lib/python3.10/site-packages/grpc/experimental/aio/__pycache__) by extensions ['cmake', 'python']
[0.921s] Level 1:colcon.colcon_core.package_identification:_identify(src/amiga-ros2-bridge/venv/lib/python3.10/site-packages/grpc/experimental/aio/__pycache__) by extension 'cmake'
[0.921s] Level 1:colcon.colcon_core.package_identification:_identify(src/amiga-ros2-bridge/venv/lib/python3.10/site-packages/grpc/experimental/aio/__pycache__) by extension 'python'
[0.922s] Level 1:colcon.colcon_core.package_identification:_identify(src/amiga-ros2-bridge/venv/lib/python3.10/site-packages/grpc/experimental/aio/__pycache__) by extensions ['python_setup_py']
[0.922s] Level 1:colcon.colcon_core.package_identification:_identify(src/amiga-ros2-bridge/venv/lib/python3.10/site-packages/grpc/experimental/aio/__pycache__) by extension 'python_setup_py'
[0.922s] Level 1:colcon.colcon_core.package_identification:_identify(src/amiga-ros2-bridge/venv/lib/python3.10/site-packages/grpc/framework) by extensions ['ignore', 'ignore_ament_install']
[0.922s] Level 1:colcon.colcon_core.package_identification:_identify(src/amiga-ros2-bridge/venv/lib/python3.10/site-packages/grpc/framework) by extension 'ignore'
[0.922s] Level 1:colcon.colcon_core.package_identification:_identify(src/amiga-ros2-bridge/venv/lib/python3.10/site-packages/grpc/framework) by extension 'ignore_ament_install'
[0.922s] Level 1:colcon.colcon_core.package_identification:_identify(src/amiga-ros2-bridge/venv/lib/python3.10/site-packages/grpc/framework) by extensions ['colcon_pkg']
[0.922s] Level 1:colcon.colcon_core.package_identification:_identify(src/amiga-ros2-bridge/venv/lib/python3.10/site-packages/grpc/framework) by extension 'colcon_pkg'
[0.923s] Level 1:colcon.colcon_core.package_identification:_identify(src/amiga-ros2-bridge/venv/lib/python3.10/site-packages/grpc/framework) by extensions ['colcon_meta']
[0.923s] Level 1:colcon.colcon_core.package_identification:_identify(src/amiga-ros2-bridge/venv/lib/python3.10/site-packages/grpc/framework) by extension 'colcon_meta'
[0.923s] Level 1:colcon.colcon_core.package_identification:_identify(src/amiga-ros2-bridge/venv/lib/python3.10/site-packages/grpc/framework) by extensions ['ros']
[0.923s] Level 1:colcon.colcon_core.package_identification:_identify(src/amiga-ros2-bridge/venv/lib/python3.10/site-packages/grpc/framework) by extension 'ros'
[0.923s] Level 1:colcon.colcon_core.package_identification:_identify(src/amiga-ros2-bridge/venv/lib/python3.10/site-packages/grpc/framework) by extensions ['cmake', 'python']
[0.923s] Level 1:colcon.colcon_core.package_identification:_identify(src/amiga-ros2-bridge/venv/lib/python3.10/site-packages/grpc/framework) by extension 'cmake'
[0.923s] Level 1:colcon.colcon_core.package_identification:_identify(src/amiga-ros2-bridge/venv/lib/python3.10/site-packages/grpc/framework) by extension 'python'
[0.923s] Level 1:colcon.colcon_core.package_identification:_identify(src/amiga-ros2-bridge/venv/lib/python3.10/site-packages/grpc/framework) by extensions ['python_setup_py']
[0.923s] Level 1:colcon.colcon_core.package_identification:_identify(src/amiga-ros2-bridge/venv/lib/python3.10/site-packages/grpc/framework) by extension 'python_setup_py'
[0.924s] Level 1:colcon.colcon_core.package_identification:_identify(src/amiga-ros2-bridge/venv/lib/python3.10/site-packages/grpc/framework/__pycache__) by extensions ['ignore', 'ignore_ament_install']
[0.924s] Level 1:colcon.colcon_core.package_identification:_identify(src/amiga-ros2-bridge/venv/lib/python3.10/site-packages/grpc/framework/__pycache__) by extension 'ignore'
[0.924s] Level 1:colcon.colcon_core.package_identification:_identify(src/amiga-ros2-bridge/venv/lib/python3.10/site-packages/grpc/framework/__pycache__) by extension 'ignore_ament_install'
[0.924s] Level 1:colcon.colcon_core.package_identification:_identify(src/amiga-ros2-bridge/venv/lib/python3.10/site-packages/grpc/framework/__pycache__) by extensions ['colcon_pkg']
[0.924s] Level 1:colcon.colcon_core.package_identification:_identify(src/amiga-ros2-bridge/venv/lib/python3.10/site-packages/grpc/framework/__pycache__) by extension 'colcon_pkg'
[0.924s] Level 1:colcon.colcon_core.package_identification:_identify(src/amiga-ros2-bridge/venv/lib/python3.10/site-packages/grpc/framework/__pycache__) by extensions ['colcon_meta']
[0.925s] Level 1:colcon.colcon_core.package_identification:_identify(src/amiga-ros2-bridge/venv/lib/python3.10/site-packages/grpc/framework/__pycache__) by extension 'colcon_meta'
[0.925s] Level 1:colcon.colcon_core.package_identification:_identify(src/amiga-ros2-bridge/venv/lib/python3.10/site-packages/grpc/framework/__pycache__) by extensions ['ros']
[0.925s] Level 1:colcon.colcon_core.package_identification:_identify(src/amiga-ros2-bridge/venv/lib/python3.10/site-packages/grpc/framework/__pycache__) by extension 'ros'
[0.925s] Level 1:colcon.colcon_core.package_identification:_identify(src/amiga-ros2-bridge/venv/lib/python3.10/site-packages/grpc/framework/__pycache__) by extensions ['cmake', 'python']
[0.925s] Level 1:colcon.colcon_core.package_identification:_identify(src/amiga-ros2-bridge/venv/lib/python3.10/site-packages/grpc/framework/__pycache__) by extension 'cmake'
[0.925s] Level 1:colcon.colcon_core.package_identification:_identify(src/amiga-ros2-bridge/venv/lib/python3.10/site-packages/grpc/framework/__pycache__) by extension 'python'
[0.925s] Level 1:colcon.colcon_core.package_identification:_identify(src/amiga-ros2-bridge/venv/lib/python3.10/site-packages/grpc/framework/__pycache__) by extensions ['python_setup_py']
[0.925s] Level 1:colcon.colcon_core.package_identification:_identify(src/amiga-ros2-bridge/venv/lib/python3.10/site-packages/grpc/framework/__pycache__) by extension 'python_setup_py'
[0.926s] Level 1:colcon.colcon_core.package_identification:_identify(src/amiga-ros2-bridge/venv/lib/python3.10/site-packages/grpc/framework/common) by extensions ['ignore', 'ignore_ament_install']
[0.926s] Level 1:colcon.colcon_core.package_identification:_identify(src/amiga-ros2-bridge/venv/lib/python3.10/site-packages/grpc/framework/common) by extension 'ignore'
[0.926s] Level 1:colcon.colcon_core.package_identification:_identify(src/amiga-ros2-bridge/venv/lib/python3.10/site-packages/grpc/framework/common) by extension 'ignore_ament_install'
[0.926s] Level 1:colcon.colcon_core.package_identification:_identify(src/amiga-ros2-bridge/venv/lib/python3.10/site-packages/grpc/framework/common) by extensions ['colcon_pkg']
[0.926s] Level 1:colcon.colcon_core.package_identification:_identify(src/amiga-ros2-bridge/venv/lib/python3.10/site-packages/grpc/framework/common) by extension 'colcon_pkg'
[0.926s] Level 1:colcon.colcon_core.package_identification:_identify(src/amiga-ros2-bridge/venv/lib/python3.10/site-packages/grpc/framework/common) by extensions ['colcon_meta']
[0.926s] Level 1:colcon.colcon_core.package_identification:_identify(src/amiga-ros2-bridge/venv/lib/python3.10/site-packages/grpc/framework/common) by extension 'colcon_meta'
[0.927s] Level 1:colcon.colcon_core.package_identification:_identify(src/amiga-ros2-bridge/venv/lib/python3.10/site-packages/grpc/framework/common) by extensions ['ros']
[0.927s] Level 1:colcon.colcon_core.package_identification:_identify(src/amiga-ros2-bridge/venv/lib/python3.10/site-packages/grpc/framework/common) by extension 'ros'
[0.927s] Level 1:colcon.colcon_core.package_identification:_identify(src/amiga-ros2-bridge/venv/lib/python3.10/site-packages/grpc/framework/common) by extensions ['cmake', 'python']
[0.927s] Level 1:colcon.colcon_core.package_identification:_identify(src/amiga-ros2-bridge/venv/lib/python3.10/site-packages/grpc/framework/common) by extension 'cmake'
[0.927s] Level 1:colcon.colcon_core.package_identification:_identify(src/amiga-ros2-bridge/venv/lib/python3.10/site-packages/grpc/framework/common) by extension 'python'
[0.927s] Level 1:colcon.colcon_core.package_identification:_identify(src/amiga-ros2-bridge/venv/lib/python3.10/site-packages/grpc/framework/common) by extensions ['python_setup_py']
[0.927s] Level 1:colcon.colcon_core.package_identification:_identify(src/amiga-ros2-bridge/venv/lib/python3.10/site-packages/grpc/framework/common) by extension 'python_setup_py'
[0.928s] Level 1:colcon.colcon_core.package_identification:_identify(src/amiga-ros2-bridge/venv/lib/python3.10/site-packages/grpc/framework/common/__pycache__) by extensions ['ignore', 'ignore_ament_install']
[0.928s] Level 1:colcon.colcon_core.package_identification:_identify(src/amiga-ros2-bridge/venv/lib/python3.10/site-packages/grpc/framework/common/__pycache__) by extension 'ignore'
[0.928s] Level 1:colcon.colcon_core.package_identification:_identify(src/amiga-ros2-bridge/venv/lib/python3.10/site-packages/grpc/framework/common/__pycache__) by extension 'ignore_ament_install'
[0.928s] Level 1:colcon.colcon_core.package_identification:_identify(src/amiga-ros2-bridge/venv/lib/python3.10/site-packages/grpc/framework/common/__pycache__) by extensions ['colcon_pkg']
[0.928s] Level 1:colcon.colcon_core.package_identification:_identify(src/amiga-ros2-bridge/venv/lib/python3.10/site-packages/grpc/framework/common/__pycache__) by extension 'colcon_pkg'
[0.928s] Level 1:colcon.colcon_core.package_identification:_identify(src/amiga-ros2-bridge/venv/lib/python3.10/site-packages/grpc/framework/common/__pycache__) by extensions ['colcon_meta']
[0.928s] Level 1:colcon.colcon_core.package_identification:_identify(src/amiga-ros2-bridge/venv/lib/python3.10/site-packages/grpc/framework/common/__pycache__) by extension 'colcon_meta'
[0.928s] Level 1:colcon.colcon_core.package_identification:_identify(src/amiga-ros2-bridge/venv/lib/python3.10/site-packages/grpc/framework/common/__pycache__) by extensions ['ros']
[0.928s] Level 1:colcon.colcon_core.package_identification:_identify(src/amiga-ros2-bridge/venv/lib/python3.10/site-packages/grpc/framework/common/__pycache__) by extension 'ros'
[0.929s] Level 1:colcon.colcon_core.package_identification:_identify(src/amiga-ros2-bridge/venv/lib/python3.10/site-packages/grpc/framework/common/__pycache__) by extensions ['cmake', 'python']
[0.929s] Level 1:colcon.colcon_core.package_identification:_identify(src/amiga-ros2-bridge/venv/lib/python3.10/site-packages/grpc/framework/common/__pycache__) by extension 'cmake'
[0.929s] Level 1:colcon.colcon_core.package_identification:_identify(src/amiga-ros2-bridge/venv/lib/python3.10/site-packages/grpc/framework/common/__pycache__) by extension 'python'
[0.929s] Level 1:colcon.colcon_core.package_identification:_identify(src/amiga-ros2-bridge/venv/lib/python3.10/site-packages/grpc/framework/common/__pycache__) by extensions ['python_setup_py']
[0.929s] Level 1:colcon.colcon_core.package_identification:_identify(src/amiga-ros2-bridge/venv/lib/python3.10/site-packages/grpc/framework/common/__pycache__) by extension 'python_setup_py'
[0.929s] Level 1:colcon.colcon_core.package_identification:_identify(src/amiga-ros2-bridge/venv/lib/python3.10/site-packages/grpc/framework/foundation) by extensions ['ignore', 'ignore_ament_install']
[0.930s] Level 1:colcon.colcon_core.package_identification:_identify(src/amiga-ros2-bridge/venv/lib/python3.10/site-packages/grpc/framework/foundation) by extension 'ignore'
[0.930s] Level 1:colcon.colcon_core.package_identification:_identify(src/amiga-ros2-bridge/venv/lib/python3.10/site-packages/grpc/framework/foundation) by extension 'ignore_ament_install'
[0.930s] Level 1:colcon.colcon_core.package_identification:_identify(src/amiga-ros2-bridge/venv/lib/python3.10/site-packages/grpc/framework/foundation) by extensions ['colcon_pkg']
[0.930s] Level 1:colcon.colcon_core.package_identification:_identify(src/amiga-ros2-bridge/venv/lib/python3.10/site-packages/grpc/framework/foundation) by extension 'colcon_pkg'
[0.930s] Level 1:colcon.colcon_core.package_identification:_identify(src/amiga-ros2-bridge/venv/lib/python3.10/site-packages/grpc/framework/foundation) by extensions ['colcon_meta']
[0.930s] Level 1:colcon.colcon_core.package_identification:_identify(src/amiga-ros2-bridge/venv/lib/python3.10/site-packages/grpc/framework/foundation) by extension 'colcon_meta'
[0.930s] Level 1:colcon.colcon_core.package_identification:_identify(src/amiga-ros2-bridge/venv/lib/python3.10/site-packages/grpc/framework/foundation) by extensions ['ros']
[0.930s] Level 1:colcon.colcon_core.package_identification:_identify(src/amiga-ros2-bridge/venv/lib/python3.10/site-packages/grpc/framework/foundation) by extension 'ros'
[0.930s] Level 1:colcon.colcon_core.package_identification:_identify(src/amiga-ros2-bridge/venv/lib/python3.10/site-packages/grpc/framework/foundation) by extensions ['cmake', 'python']
[0.931s] Level 1:colcon.colcon_core.package_identification:_identify(src/amiga-ros2-bridge/venv/lib/python3.10/site-packages/grpc/framework/foundation) by extension 'cmake'
[0.931s] Level 1:colcon.colcon_core.package_identification:_identify(src/amiga-ros2-bridge/venv/lib/python3.10/site-packages/grpc/framework/foundation) by extension 'python'
[0.931s] Level 1:colcon.colcon_core.package_identification:_identify(src/amiga-ros2-bridge/venv/lib/python3.10/site-packages/grpc/framework/foundation) by extensions ['python_setup_py']
[0.931s] Level 1:colcon.colcon_core.package_identification:_identify(src/amiga-ros2-bridge/venv/lib/python3.10/site-packages/grpc/framework/foundation) by extension 'python_setup_py'
[0.931s] Level 1:colcon.colcon_core.package_identification:_identify(src/amiga-ros2-bridge/venv/lib/python3.10/site-packages/grpc/framework/foundation/__pycache__) by extensions ['ignore', 'ignore_ament_install']
[0.931s] Level 1:colcon.colcon_core.package_identification:_identify(src/amiga-ros2-bridge/venv/lib/python3.10/site-packages/grpc/framework/foundation/__pycache__) by extension 'ignore'
[0.932s] Level 1:colcon.colcon_core.package_identification:_identify(src/amiga-ros2-bridge/venv/lib/python3.10/site-packages/grpc/framework/foundation/__pycache__) by extension 'ignore_ament_install'
[0.932s] Level 1:colcon.colcon_core.package_identification:_identify(src/amiga-ros2-bridge/venv/lib/python3.10/site-packages/grpc/framework/foundation/__pycache__) by extensions ['colcon_pkg']
[0.932s] Level 1:colcon.colcon_core.package_identification:_identify(src/amiga-ros2-bridge/venv/lib/python3.10/site-packages/grpc/framework/foundation/__pycache__) by extension 'colcon_pkg'
[0.932s] Level 1:colcon.colcon_core.package_identification:_identify(src/amiga-ros2-bridge/venv/lib/python3.10/site-packages/grpc/framework/foundation/__pycache__) by extensions ['colcon_meta']
[0.932s] Level 1:colcon.colcon_core.package_identification:_identify(src/amiga-ros2-bridge/venv/lib/python3.10/site-packages/grpc/framework/foundation/__pycache__) by extension 'colcon_meta'
[0.932s] Level 1:colcon.colcon_core.package_identification:_identify(src/amiga-ros2-bridge/venv/lib/python3.10/site-packages/grpc/framework/foundation/__pycache__) by extensions ['ros']
[0.932s] Level 1:colcon.colcon_core.package_identification:_identify(src/amiga-ros2-bridge/venv/lib/python3.10/site-packages/grpc/framework/foundation/__pycache__) by extension 'ros'
[0.932s] Level 1:colcon.colcon_core.package_identification:_identify(src/amiga-ros2-bridge/venv/lib/python3.10/site-packages/grpc/framework/foundation/__pycache__) by extensions ['cmake', 'python']
[0.932s] Level 1:colcon.colcon_core.package_identification:_identify(src/amiga-ros2-bridge/venv/lib/python3.10/site-packages/grpc/framework/foundation/__pycache__) by extension 'cmake'
[0.933s] Level 1:colcon.colcon_core.package_identification:_identify(src/amiga-ros2-bridge/venv/lib/python3.10/site-packages/grpc/framework/foundation/__pycache__) by extension 'python'
[0.933s] Level 1:colcon.colcon_core.package_identification:_identify(src/amiga-ros2-bridge/venv/lib/python3.10/site-packages/grpc/framework/foundation/__pycache__) by extensions ['python_setup_py']
[0.933s] Level 1:colcon.colcon_core.package_identification:_identify(src/amiga-ros2-bridge/venv/lib/python3.10/site-packages/grpc/framework/foundation/__pycache__) by extension 'python_setup_py'
[0.933s] Level 1:colcon.colcon_core.package_identification:_identify(src/amiga-ros2-bridge/venv/lib/python3.10/site-packages/grpc/framework/interfaces) by extensions ['ignore', 'ignore_ament_install']
[0.933s] Level 1:colcon.colcon_core.package_identification:_identify(src/amiga-ros2-bridge/venv/lib/python3.10/site-packages/grpc/framework/interfaces) by extension 'ignore'
[0.933s] Level 1:colcon.colcon_core.package_identification:_identify(src/amiga-ros2-bridge/venv/lib/python3.10/site-packages/grpc/framework/interfaces) by extension 'ignore_ament_install'
[0.934s] Level 1:colcon.colcon_core.package_identification:_identify(src/amiga-ros2-bridge/venv/lib/python3.10/site-packages/grpc/framework/interfaces) by extensions ['colcon_pkg']
[0.934s] Level 1:colcon.colcon_core.package_identification:_identify(src/amiga-ros2-bridge/venv/lib/python3.10/site-packages/grpc/framework/interfaces) by extension 'colcon_pkg'
[0.934s] Level 1:colcon.colcon_core.package_identification:_identify(src/amiga-ros2-bridge/venv/lib/python3.10/site-packages/grpc/framework/interfaces) by extensions ['colcon_meta']
[0.934s] Level 1:colcon.colcon_core.package_identification:_identify(src/amiga-ros2-bridge/venv/lib/python3.10/site-packages/grpc/framework/interfaces) by extension 'colcon_meta'
[0.934s] Level 1:colcon.colcon_core.package_identification:_identify(src/amiga-ros2-bridge/venv/lib/python3.10/site-packages/grpc/framework/interfaces) by extensions ['ros']
[0.934s] Level 1:colcon.colcon_core.package_identification:_identify(src/amiga-ros2-bridge/venv/lib/python3.10/site-packages/grpc/framework/interfaces) by extension 'ros'
[0.934s] Level 1:colcon.colcon_core.package_identification:_identify(src/amiga-ros2-bridge/venv/lib/python3.10/site-packages/grpc/framework/interfaces) by extensions ['cmake', 'python']
[0.934s] Level 1:colcon.colcon_core.package_identification:_identify(src/amiga-ros2-bridge/venv/lib/python3.10/site-packages/grpc/framework/interfaces) by extension 'cmake'
[0.934s] Level 1:colcon.colcon_core.package_identification:_identify(src/amiga-ros2-bridge/venv/lib/python3.10/site-packages/grpc/framework/interfaces) by extension 'python'
[0.935s] Level 1:colcon.colcon_core.package_identification:_identify(src/amiga-ros2-bridge/venv/lib/python3.10/site-packages/grpc/framework/interfaces) by extensions ['python_setup_py']
[0.935s] Level 1:colcon.colcon_core.package_identification:_identify(src/amiga-ros2-bridge/venv/lib/python3.10/site-packages/grpc/framework/interfaces) by extension 'python_setup_py'
[0.935s] Level 1:colcon.colcon_core.package_identification:_identify(src/amiga-ros2-bridge/venv/lib/python3.10/site-packages/grpc/framework/interfaces/__pycache__) by extensions ['ignore', 'ignore_ament_install']
[0.935s] Level 1:colcon.colcon_core.package_identification:_identify(src/amiga-ros2-bridge/venv/lib/python3.10/site-packages/grpc/framework/interfaces/__pycache__) by extension 'ignore'
[0.935s] Level 1:colcon.colcon_core.package_identification:_identify(src/amiga-ros2-bridge/venv/lib/python3.10/site-packages/grpc/framework/interfaces/__pycache__) by extension 'ignore_ament_install'
[0.935s] Level 1:colcon.colcon_core.package_identification:_identify(src/amiga-ros2-bridge/venv/lib/python3.10/site-packages/grpc/framework/interfaces/__pycache__) by extensions ['colcon_pkg']
[0.936s] Level 1:colcon.colcon_core.package_identification:_identify(src/amiga-ros2-bridge/venv/lib/python3.10/site-packages/grpc/framework/interfaces/__pycache__) by extension 'colcon_pkg'
[0.936s] Level 1:colcon.colcon_core.package_identification:_identify(src/amiga-ros2-bridge/venv/lib/python3.10/site-packages/grpc/framework/interfaces/__pycache__) by extensions ['colcon_meta']
[0.936s] Level 1:colcon.colcon_core.package_identification:_identify(src/amiga-ros2-bridge/venv/lib/python3.10/site-packages/grpc/framework/interfaces/__pycache__) by extension 'colcon_meta'
[0.936s] Level 1:colcon.colcon_core.package_identification:_identify(src/amiga-ros2-bridge/venv/lib/python3.10/site-packages/grpc/framework/interfaces/__pycache__) by extensions ['ros']
[0.936s] Level 1:colcon.colcon_core.package_identification:_identify(src/amiga-ros2-bridge/venv/lib/python3.10/site-packages/grpc/framework/interfaces/__pycache__) by extension 'ros'
[0.936s] Level 1:colcon.colcon_core.package_identification:_identify(src/amiga-ros2-bridge/venv/lib/python3.10/site-packages/grpc/framework/interfaces/__pycache__) by extensions ['cmake', 'python']
[0.936s] Level 1:colcon.colcon_core.package_identification:_identify(src/amiga-ros2-bridge/venv/lib/python3.10/site-packages/grpc/framework/interfaces/__pycache__) by extension 'cmake'
[0.936s] Level 1:colcon.colcon_core.package_identification:_identify(src/amiga-ros2-bridge/venv/lib/python3.10/site-packages/grpc/framework/interfaces/__pycache__) by extension 'python'
[0.936s] Level 1:colcon.colcon_core.package_identification:_identify(src/amiga-ros2-bridge/venv/lib/python3.10/site-packages/grpc/framework/interfaces/__pycache__) by extensions ['python_setup_py']
[0.936s] Level 1:colcon.colcon_core.package_identification:_identify(src/amiga-ros2-bridge/venv/lib/python3.10/site-packages/grpc/framework/interfaces/__pycache__) by extension 'python_setup_py'
[0.937s] Level 1:colcon.colcon_core.package_identification:_identify(src/amiga-ros2-bridge/venv/lib/python3.10/site-packages/grpc/framework/interfaces/base) by extensions ['ignore', 'ignore_ament_install']
[0.937s] Level 1:colcon.colcon_core.package_identification:_identify(src/amiga-ros2-bridge/venv/lib/python3.10/site-packages/grpc/framework/interfaces/base) by extension 'ignore'
[0.937s] Level 1:colcon.colcon_core.package_identification:_identify(src/amiga-ros2-bridge/venv/lib/python3.10/site-packages/grpc/framework/interfaces/base) by extension 'ignore_ament_install'
[0.937s] Level 1:colcon.colcon_core.package_identification:_identify(src/amiga-ros2-bridge/venv/lib/python3.10/site-packages/grpc/framework/interfaces/base) by extensions ['colcon_pkg']
[0.937s] Level 1:colcon.colcon_core.package_identification:_identify(src/amiga-ros2-bridge/venv/lib/python3.10/site-packages/grpc/framework/interfaces/base) by extension 'colcon_pkg'
[0.938s] Level 1:colcon.colcon_core.package_identification:_identify(src/amiga-ros2-bridge/venv/lib/python3.10/site-packages/grpc/framework/interfaces/base) by extensions ['colcon_meta']
[0.938s] Level 1:colcon.colcon_core.package_identification:_identify(src/amiga-ros2-bridge/venv/lib/python3.10/site-packages/grpc/framework/interfaces/base) by extension 'colcon_meta'
[0.938s] Level 1:colcon.colcon_core.package_identification:_identify(src/amiga-ros2-bridge/venv/lib/python3.10/site-packages/grpc/framework/interfaces/base) by extensions ['ros']
[0.938s] Level 1:colcon.colcon_core.package_identification:_identify(src/amiga-ros2-bridge/venv/lib/python3.10/site-packages/grpc/framework/interfaces/base) by extension 'ros'
[0.938s] Level 1:colcon.colcon_core.package_identification:_identify(src/amiga-ros2-bridge/venv/lib/python3.10/site-packages/grpc/framework/interfaces/base) by extensions ['cmake', 'python']
[0.938s] Level 1:colcon.colcon_core.package_identification:_identify(src/amiga-ros2-bridge/venv/lib/python3.10/site-packages/grpc/framework/interfaces/base) by extension 'cmake'
[0.938s] Level 1:colcon.colcon_core.package_identification:_identify(src/amiga-ros2-bridge/venv/lib/python3.10/site-packages/grpc/framework/interfaces/base) by extension 'python'
[0.938s] Level 1:colcon.colcon_core.package_identification:_identify(src/amiga-ros2-bridge/venv/lib/python3.10/site-packages/grpc/framework/interfaces/base) by extensions ['python_setup_py']
[0.938s] Level 1:colcon.colcon_core.package_identification:_identify(src/amiga-ros2-bridge/venv/lib/python3.10/site-packages/grpc/framework/interfaces/base) by extension 'python_setup_py'
[0.939s] Level 1:colcon.colcon_core.package_identification:_identify(src/amiga-ros2-bridge/venv/lib/python3.10/site-packages/grpc/framework/interfaces/base/__pycache__) by extensions ['ignore', 'ignore_ament_install']
[0.939s] Level 1:colcon.colcon_core.package_identification:_identify(src/amiga-ros2-bridge/venv/lib/python3.10/site-packages/grpc/framework/interfaces/base/__pycache__) by extension 'ignore'
[0.939s] Level 1:colcon.colcon_core.package_identification:_identify(src/amiga-ros2-bridge/venv/lib/python3.10/site-packages/grpc/framework/interfaces/base/__pycache__) by extension 'ignore_ament_install'
[0.939s] Level 1:colcon.colcon_core.package_identification:_identify(src/amiga-ros2-bridge/venv/lib/python3.10/site-packages/grpc/framework/interfaces/base/__pycache__) by extensions ['colcon_pkg']
[0.939s] Level 1:colcon.colcon_core.package_identification:_identify(src/amiga-ros2-bridge/venv/lib/python3.10/site-packages/grpc/framework/interfaces/base/__pycache__) by extension 'colcon_pkg'
[0.939s] Level 1:colcon.colcon_core.package_identification:_identify(src/amiga-ros2-bridge/venv/lib/python3.10/site-packages/grpc/framework/interfaces/base/__pycache__) by extensions ['colcon_meta']
[0.940s] Level 1:colcon.colcon_core.package_identification:_identify(src/amiga-ros2-bridge/venv/lib/python3.10/site-packages/grpc/framework/interfaces/base/__pycache__) by extension 'colcon_meta'
[0.940s] Level 1:colcon.colcon_core.package_identification:_identify(src/amiga-ros2-bridge/venv/lib/python3.10/site-packages/grpc/framework/interfaces/base/__pycache__) by extensions ['ros']
[0.940s] Level 1:colcon.colcon_core.package_identification:_identify(src/amiga-ros2-bridge/venv/lib/python3.10/site-packages/grpc/framework/interfaces/base/__pycache__) by extension 'ros'
[0.940s] Level 1:colcon.colcon_core.package_identification:_identify(src/amiga-ros2-bridge/venv/lib/python3.10/site-packages/grpc/framework/interfaces/base/__pycache__) by extensions ['cmake', 'python']
[0.940s] Level 1:colcon.colcon_core.package_identification:_identify(src/amiga-ros2-bridge/venv/lib/python3.10/site-packages/grpc/framework/interfaces/base/__pycache__) by extension 'cmake'
[0.940s] Level 1:colcon.colcon_core.package_identification:_identify(src/amiga-ros2-bridge/venv/lib/python3.10/site-packages/grpc/framework/interfaces/base/__pycache__) by extension 'python'
[0.940s] Level 1:colcon.colcon_core.package_identification:_identify(src/amiga-ros2-bridge/venv/lib/python3.10/site-packages/grpc/framework/interfaces/base/__pycache__) by extensions ['python_setup_py']
[0.940s] Level 1:colcon.colcon_core.package_identification:_identify(src/amiga-ros2-bridge/venv/lib/python3.10/site-packages/grpc/framework/interfaces/base/__pycache__) by extension 'python_setup_py'
[0.941s] Level 1:colcon.colcon_core.package_identification:_identify(src/amiga-ros2-bridge/venv/lib/python3.10/site-packages/grpc/framework/interfaces/face) by extensions ['ignore', 'ignore_ament_install']
[0.941s] Level 1:colcon.colcon_core.package_identification:_identify(src/amiga-ros2-bridge/venv/lib/python3.10/site-packages/grpc/framework/interfaces/face) by extension 'ignore'
[0.941s] Level 1:colcon.colcon_core.package_identification:_identify(src/amiga-ros2-bridge/venv/lib/python3.10/site-packages/grpc/framework/interfaces/face) by extension 'ignore_ament_install'
[0.941s] Level 1:colcon.colcon_core.package_identification:_identify(src/amiga-ros2-bridge/venv/lib/python3.10/site-packages/grpc/framework/interfaces/face) by extensions ['colcon_pkg']
[0.941s] Level 1:colcon.colcon_core.package_identification:_identify(src/amiga-ros2-bridge/venv/lib/python3.10/site-packages/grpc/framework/interfaces/face) by extension 'colcon_pkg'
[0.941s] Level 1:colcon.colcon_core.package_identification:_identify(src/amiga-ros2-bridge/venv/lib/python3.10/site-packages/grpc/framework/interfaces/face) by extensions ['colcon_meta']
[0.941s] Level 1:colcon.colcon_core.package_identification:_identify(src/amiga-ros2-bridge/venv/lib/python3.10/site-packages/grpc/framework/interfaces/face) by extension 'colcon_meta'
[0.942s] Level 1:colcon.colcon_core.package_identification:_identify(src/amiga-ros2-bridge/venv/lib/python3.10/site-packages/grpc/framework/interfaces/face) by extensions ['ros']
[0.942s] Level 1:colcon.colcon_core.package_identification:_identify(src/amiga-ros2-bridge/venv/lib/python3.10/site-packages/grpc/framework/interfaces/face) by extension 'ros'
[0.942s] Level 1:colcon.colcon_core.package_identification:_identify(src/amiga-ros2-bridge/venv/lib/python3.10/site-packages/grpc/framework/interfaces/face) by extensions ['cmake', 'python']
[0.942s] Level 1:colcon.colcon_core.package_identification:_identify(src/amiga-ros2-bridge/venv/lib/python3.10/site-packages/grpc/framework/interfaces/face) by extension 'cmake'
[0.942s] Level 1:colcon.colcon_core.package_identification:_identify(src/amiga-ros2-bridge/venv/lib/python3.10/site-packages/grpc/framework/interfaces/face) by extension 'python'
[0.942s] Level 1:colcon.colcon_core.package_identification:_identify(src/amiga-ros2-bridge/venv/lib/python3.10/site-packages/grpc/framework/interfaces/face) by extensions ['python_setup_py']
[0.942s] Level 1:colcon.colcon_core.package_identification:_identify(src/amiga-ros2-bridge/venv/lib/python3.10/site-packages/grpc/framework/interfaces/face) by extension 'python_setup_py'
[0.943s] Level 1:colcon.colcon_core.package_identification:_identify(src/amiga-ros2-bridge/venv/lib/python3.10/site-packages/grpc/framework/interfaces/face/__pycache__) by extensions ['ignore', 'ignore_ament_install']
[0.943s] Level 1:colcon.colcon_core.package_identification:_identify(src/amiga-ros2-bridge/venv/lib/python3.10/site-packages/grpc/framework/interfaces/face/__pycache__) by extension 'ignore'
[0.943s] Level 1:colcon.colcon_core.package_identification:_identify(src/amiga-ros2-bridge/venv/lib/python3.10/site-packages/grpc/framework/interfaces/face/__pycache__) by extension 'ignore_ament_install'
[0.943s] Level 1:colcon.colcon_core.package_identification:_identify(src/amiga-ros2-bridge/venv/lib/python3.10/site-packages/grpc/framework/interfaces/face/__pycache__) by extensions ['colcon_pkg']
[0.943s] Level 1:colcon.colcon_core.package_identification:_identify(src/amiga-ros2-bridge/venv/lib/python3.10/site-packages/grpc/framework/interfaces/face/__pycache__) by extension 'colcon_pkg'
[0.943s] Level 1:colcon.colcon_core.package_identification:_identify(src/amiga-ros2-bridge/venv/lib/python3.10/site-packages/grpc/framework/interfaces/face/__pycache__) by extensions ['colcon_meta']
[0.943s] Level 1:colcon.colcon_core.package_identification:_identify(src/amiga-ros2-bridge/venv/lib/python3.10/site-packages/grpc/framework/interfaces/face/__pycache__) by extension 'colcon_meta'
[0.943s] Level 1:colcon.colcon_core.package_identification:_identify(src/amiga-ros2-bridge/venv/lib/python3.10/site-packages/grpc/framework/interfaces/face/__pycache__) by extensions ['ros']
[0.944s] Level 1:colcon.colcon_core.package_identification:_identify(src/amiga-ros2-bridge/venv/lib/python3.10/site-packages/grpc/framework/interfaces/face/__pycache__) by extension 'ros'
[0.944s] Level 1:colcon.colcon_core.package_identification:_identify(src/amiga-ros2-bridge/venv/lib/python3.10/site-packages/grpc/framework/interfaces/face/__pycache__) by extensions ['cmake', 'python']
[0.944s] Level 1:colcon.colcon_core.package_identification:_identify(src/amiga-ros2-bridge/venv/lib/python3.10/site-packages/grpc/framework/interfaces/face/__pycache__) by extension 'cmake'
[0.944s] Level 1:colcon.colcon_core.package_identification:_identify(src/amiga-ros2-bridge/venv/lib/python3.10/site-packages/grpc/framework/interfaces/face/__pycache__) by extension 'python'
[0.944s] Level 1:colcon.colcon_core.package_identification:_identify(src/amiga-ros2-bridge/venv/lib/python3.10/site-packages/grpc/framework/interfaces/face/__pycache__) by extensions ['python_setup_py']
[0.944s] Level 1:colcon.colcon_core.package_identification:_identify(src/amiga-ros2-bridge/venv/lib/python3.10/site-packages/grpc/framework/interfaces/face/__pycache__) by extension 'python_setup_py'
[0.944s] Level 1:colcon.colcon_core.package_identification:_identify(src/amiga-ros2-bridge/venv/lib/python3.10/site-packages/grpc_tools) by extensions ['ignore', 'ignore_ament_install']
[0.945s] Level 1:colcon.colcon_core.package_identification:_identify(src/amiga-ros2-bridge/venv/lib/python3.10/site-packages/grpc_tools) by extension 'ignore'
[0.945s] Level 1:colcon.colcon_core.package_identification:_identify(src/amiga-ros2-bridge/venv/lib/python3.10/site-packages/grpc_tools) by extension 'ignore_ament_install'
[0.945s] Level 1:colcon.colcon_core.package_identification:_identify(src/amiga-ros2-bridge/venv/lib/python3.10/site-packages/grpc_tools) by extensions ['colcon_pkg']
[0.945s] Level 1:colcon.colcon_core.package_identification:_identify(src/amiga-ros2-bridge/venv/lib/python3.10/site-packages/grpc_tools) by extension 'colcon_pkg'
[0.945s] Level 1:colcon.colcon_core.package_identification:_identify(src/amiga-ros2-bridge/venv/lib/python3.10/site-packages/grpc_tools) by extensions ['colcon_meta']
[0.945s] Level 1:colcon.colcon_core.package_identification:_identify(src/amiga-ros2-bridge/venv/lib/python3.10/site-packages/grpc_tools) by extension 'colcon_meta'
[0.945s] Level 1:colcon.colcon_core.package_identification:_identify(src/amiga-ros2-bridge/venv/lib/python3.10/site-packages/grpc_tools) by extensions ['ros']
[0.945s] Level 1:colcon.colcon_core.package_identification:_identify(src/amiga-ros2-bridge/venv/lib/python3.10/site-packages/grpc_tools) by extension 'ros'
[0.946s] Level 1:colcon.colcon_core.package_identification:_identify(src/amiga-ros2-bridge/venv/lib/python3.10/site-packages/grpc_tools) by extensions ['cmake', 'python']
[0.946s] Level 1:colcon.colcon_core.package_identification:_identify(src/amiga-ros2-bridge/venv/lib/python3.10/site-packages/grpc_tools) by extension 'cmake'
[0.946s] Level 1:colcon.colcon_core.package_identification:_identify(src/amiga-ros2-bridge/venv/lib/python3.10/site-packages/grpc_tools) by extension 'python'
[0.946s] Level 1:colcon.colcon_core.package_identification:_identify(src/amiga-ros2-bridge/venv/lib/python3.10/site-packages/grpc_tools) by extensions ['python_setup_py']
[0.946s] Level 1:colcon.colcon_core.package_identification:_identify(src/amiga-ros2-bridge/venv/lib/python3.10/site-packages/grpc_tools) by extension 'python_setup_py'
[0.946s] Level 1:colcon.colcon_core.package_identification:_identify(src/amiga-ros2-bridge/venv/lib/python3.10/site-packages/grpc_tools/__pycache__) by extensions ['ignore', 'ignore_ament_install']
[0.946s] Level 1:colcon.colcon_core.package_identification:_identify(src/amiga-ros2-bridge/venv/lib/python3.10/site-packages/grpc_tools/__pycache__) by extension 'ignore'
[0.947s] Level 1:colcon.colcon_core.package_identification:_identify(src/amiga-ros2-bridge/venv/lib/python3.10/site-packages/grpc_tools/__pycache__) by extension 'ignore_ament_install'
[0.947s] Level 1:colcon.colcon_core.package_identification:_identify(src/amiga-ros2-bridge/venv/lib/python3.10/site-packages/grpc_tools/__pycache__) by extensions ['colcon_pkg']
[0.947s] Level 1:colcon.colcon_core.package_identification:_identify(src/amiga-ros2-bridge/venv/lib/python3.10/site-packages/grpc_tools/__pycache__) by extension 'colcon_pkg'
[0.947s] Level 1:colcon.colcon_core.package_identification:_identify(src/amiga-ros2-bridge/venv/lib/python3.10/site-packages/grpc_tools/__pycache__) by extensions ['colcon_meta']
[0.947s] Level 1:colcon.colcon_core.package_identification:_identify(src/amiga-ros2-bridge/venv/lib/python3.10/site-packages/grpc_tools/__pycache__) by extension 'colcon_meta'
[0.947s] Level 1:colcon.colcon_core.package_identification:_identify(src/amiga-ros2-bridge/venv/lib/python3.10/site-packages/grpc_tools/__pycache__) by extensions ['ros']
[0.947s] Level 1:colcon.colcon_core.package_identification:_identify(src/amiga-ros2-bridge/venv/lib/python3.10/site-packages/grpc_tools/__pycache__) by extension 'ros'
[0.947s] Level 1:colcon.colcon_core.package_identification:_identify(src/amiga-ros2-bridge/venv/lib/python3.10/site-packages/grpc_tools/__pycache__) by extensions ['cmake', 'python']
[0.948s] Level 1:colcon.colcon_core.package_identification:_identify(src/amiga-ros2-bridge/venv/lib/python3.10/site-packages/grpc_tools/__pycache__) by extension 'cmake'
[0.948s] Level 1:colcon.colcon_core.package_identification:_identify(src/amiga-ros2-bridge/venv/lib/python3.10/site-packages/grpc_tools/__pycache__) by extension 'python'
[0.948s] Level 1:colcon.colcon_core.package_identification:_identify(src/amiga-ros2-bridge/venv/lib/python3.10/site-packages/grpc_tools/__pycache__) by extensions ['python_setup_py']
[0.948s] Level 1:colcon.colcon_core.package_identification:_identify(src/amiga-ros2-bridge/venv/lib/python3.10/site-packages/grpc_tools/__pycache__) by extension 'python_setup_py'
[0.948s] Level 1:colcon.colcon_core.package_identification:_identify(src/amiga-ros2-bridge/venv/lib/python3.10/site-packages/grpc_tools/_proto) by extensions ['ignore', 'ignore_ament_install']
[0.948s] Level 1:colcon.colcon_core.package_identification:_identify(src/amiga-ros2-bridge/venv/lib/python3.10/site-packages/grpc_tools/_proto) by extension 'ignore'
[0.948s] Level 1:colcon.colcon_core.package_identification:_identify(src/amiga-ros2-bridge/venv/lib/python3.10/site-packages/grpc_tools/_proto) by extension 'ignore_ament_install'
[0.949s] Level 1:colcon.colcon_core.package_identification:_identify(src/amiga-ros2-bridge/venv/lib/python3.10/site-packages/grpc_tools/_proto) by extensions ['colcon_pkg']
[0.949s] Level 1:colcon.colcon_core.package_identification:_identify(src/amiga-ros2-bridge/venv/lib/python3.10/site-packages/grpc_tools/_proto) by extension 'colcon_pkg'
[0.949s] Level 1:colcon.colcon_core.package_identification:_identify(src/amiga-ros2-bridge/venv/lib/python3.10/site-packages/grpc_tools/_proto) by extensions ['colcon_meta']
[0.949s] Level 1:colcon.colcon_core.package_identification:_identify(src/amiga-ros2-bridge/venv/lib/python3.10/site-packages/grpc_tools/_proto) by extension 'colcon_meta'
[0.949s] Level 1:colcon.colcon_core.package_identification:_identify(src/amiga-ros2-bridge/venv/lib/python3.10/site-packages/grpc_tools/_proto) by extensions ['ros']
[0.949s] Level 1:colcon.colcon_core.package_identification:_identify(src/amiga-ros2-bridge/venv/lib/python3.10/site-packages/grpc_tools/_proto) by extension 'ros'
[0.949s] Level 1:colcon.colcon_core.package_identification:_identify(src/amiga-ros2-bridge/venv/lib/python3.10/site-packages/grpc_tools/_proto) by extensions ['cmake', 'python']
[0.949s] Level 1:colcon.colcon_core.package_identification:_identify(src/amiga-ros2-bridge/venv/lib/python3.10/site-packages/grpc_tools/_proto) by extension 'cmake'
[0.949s] Level 1:colcon.colcon_core.package_identification:_identify(src/amiga-ros2-bridge/venv/lib/python3.10/site-packages/grpc_tools/_proto) by extension 'python'
[0.950s] Level 1:colcon.colcon_core.package_identification:_identify(src/amiga-ros2-bridge/venv/lib/python3.10/site-packages/grpc_tools/_proto) by extensions ['python_setup_py']
[0.950s] Level 1:colcon.colcon_core.package_identification:_identify(src/amiga-ros2-bridge/venv/lib/python3.10/site-packages/grpc_tools/_proto) by extension 'python_setup_py'
[0.950s] Level 1:colcon.colcon_core.package_identification:_identify(src/amiga-ros2-bridge/venv/lib/python3.10/site-packages/grpc_tools/_proto/google) by extensions ['ignore', 'ignore_ament_install']
[0.950s] Level 1:colcon.colcon_core.package_identification:_identify(src/amiga-ros2-bridge/venv/lib/python3.10/site-packages/grpc_tools/_proto/google) by extension 'ignore'
[0.950s] Level 1:colcon.colcon_core.package_identification:_identify(src/amiga-ros2-bridge/venv/lib/python3.10/site-packages/grpc_tools/_proto/google) by extension 'ignore_ament_install'
[0.950s] Level 1:colcon.colcon_core.package_identification:_identify(src/amiga-ros2-bridge/venv/lib/python3.10/site-packages/grpc_tools/_proto/google) by extensions ['colcon_pkg']
[0.950s] Level 1:colcon.colcon_core.package_identification:_identify(src/amiga-ros2-bridge/venv/lib/python3.10/site-packages/grpc_tools/_proto/google) by extension 'colcon_pkg'
[0.951s] Level 1:colcon.colcon_core.package_identification:_identify(src/amiga-ros2-bridge/venv/lib/python3.10/site-packages/grpc_tools/_proto/google) by extensions ['colcon_meta']
[0.951s] Level 1:colcon.colcon_core.package_identification:_identify(src/amiga-ros2-bridge/venv/lib/python3.10/site-packages/grpc_tools/_proto/google) by extension 'colcon_meta'
[0.951s] Level 1:colcon.colcon_core.package_identification:_identify(src/amiga-ros2-bridge/venv/lib/python3.10/site-packages/grpc_tools/_proto/google) by extensions ['ros']
[0.951s] Level 1:colcon.colcon_core.package_identification:_identify(src/amiga-ros2-bridge/venv/lib/python3.10/site-packages/grpc_tools/_proto/google) by extension 'ros'
[0.951s] Level 1:colcon.colcon_core.package_identification:_identify(src/amiga-ros2-bridge/venv/lib/python3.10/site-packages/grpc_tools/_proto/google) by extensions ['cmake', 'python']
[0.951s] Level 1:colcon.colcon_core.package_identification:_identify(src/amiga-ros2-bridge/venv/lib/python3.10/site-packages/grpc_tools/_proto/google) by extension 'cmake'
[0.951s] Level 1:colcon.colcon_core.package_identification:_identify(src/amiga-ros2-bridge/venv/lib/python3.10/site-packages/grpc_tools/_proto/google) by extension 'python'
[0.951s] Level 1:colcon.colcon_core.package_identification:_identify(src/amiga-ros2-bridge/venv/lib/python3.10/site-packages/grpc_tools/_proto/google) by extensions ['python_setup_py']
[0.951s] Level 1:colcon.colcon_core.package_identification:_identify(src/amiga-ros2-bridge/venv/lib/python3.10/site-packages/grpc_tools/_proto/google) by extension 'python_setup_py'
[0.952s] Level 1:colcon.colcon_core.package_identification:_identify(src/amiga-ros2-bridge/venv/lib/python3.10/site-packages/grpc_tools/_proto/google/protobuf) by extensions ['ignore', 'ignore_ament_install']
[0.952s] Level 1:colcon.colcon_core.package_identification:_identify(src/amiga-ros2-bridge/venv/lib/python3.10/site-packages/grpc_tools/_proto/google/protobuf) by extension 'ignore'
[0.952s] Level 1:colcon.colcon_core.package_identification:_identify(src/amiga-ros2-bridge/venv/lib/python3.10/site-packages/grpc_tools/_proto/google/protobuf) by extension 'ignore_ament_install'
[0.952s] Level 1:colcon.colcon_core.package_identification:_identify(src/amiga-ros2-bridge/venv/lib/python3.10/site-packages/grpc_tools/_proto/google/protobuf) by extensions ['colcon_pkg']
[0.952s] Level 1:colcon.colcon_core.package_identification:_identify(src/amiga-ros2-bridge/venv/lib/python3.10/site-packages/grpc_tools/_proto/google/protobuf) by extension 'colcon_pkg'
[0.952s] Level 1:colcon.colcon_core.package_identification:_identify(src/amiga-ros2-bridge/venv/lib/python3.10/site-packages/grpc_tools/_proto/google/protobuf) by extensions ['colcon_meta']
[0.952s] Level 1:colcon.colcon_core.package_identification:_identify(src/amiga-ros2-bridge/venv/lib/python3.10/site-packages/grpc_tools/_proto/google/protobuf) by extension 'colcon_meta'
[0.953s] Level 1:colcon.colcon_core.package_identification:_identify(src/amiga-ros2-bridge/venv/lib/python3.10/site-packages/grpc_tools/_proto/google/protobuf) by extensions ['ros']
[0.953s] Level 1:colcon.colcon_core.package_identification:_identify(src/amiga-ros2-bridge/venv/lib/python3.10/site-packages/grpc_tools/_proto/google/protobuf) by extension 'ros'
[0.953s] Level 1:colcon.colcon_core.package_identification:_identify(src/amiga-ros2-bridge/venv/lib/python3.10/site-packages/grpc_tools/_proto/google/protobuf) by extensions ['cmake', 'python']
[0.953s] Level 1:colcon.colcon_core.package_identification:_identify(src/amiga-ros2-bridge/venv/lib/python3.10/site-packages/grpc_tools/_proto/google/protobuf) by extension 'cmake'
[0.953s] Level 1:colcon.colcon_core.package_identification:_identify(src/amiga-ros2-bridge/venv/lib/python3.10/site-packages/grpc_tools/_proto/google/protobuf) by extension 'python'
[0.953s] Level 1:colcon.colcon_core.package_identification:_identify(src/amiga-ros2-bridge/venv/lib/python3.10/site-packages/grpc_tools/_proto/google/protobuf) by extensions ['python_setup_py']
[0.953s] Level 1:colcon.colcon_core.package_identification:_identify(src/amiga-ros2-bridge/venv/lib/python3.10/site-packages/grpc_tools/_proto/google/protobuf) by extension 'python_setup_py'
[0.954s] Level 1:colcon.colcon_core.package_identification:_identify(src/amiga-ros2-bridge/venv/lib/python3.10/site-packages/grpc_tools/_proto/google/protobuf/compiler) by extensions ['ignore', 'ignore_ament_install']
[0.954s] Level 1:colcon.colcon_core.package_identification:_identify(src/amiga-ros2-bridge/venv/lib/python3.10/site-packages/grpc_tools/_proto/google/protobuf/compiler) by extension 'ignore'
[0.954s] Level 1:colcon.colcon_core.package_identification:_identify(src/amiga-ros2-bridge/venv/lib/python3.10/site-packages/grpc_tools/_proto/google/protobuf/compiler) by extension 'ignore_ament_install'
[0.954s] Level 1:colcon.colcon_core.package_identification:_identify(src/amiga-ros2-bridge/venv/lib/python3.10/site-packages/grpc_tools/_proto/google/protobuf/compiler) by extensions ['colcon_pkg']
[0.954s] Level 1:colcon.colcon_core.package_identification:_identify(src/amiga-ros2-bridge/venv/lib/python3.10/site-packages/grpc_tools/_proto/google/protobuf/compiler) by extension 'colcon_pkg'
[0.954s] Level 1:colcon.colcon_core.package_identification:_identify(src/amiga-ros2-bridge/venv/lib/python3.10/site-packages/grpc_tools/_proto/google/protobuf/compiler) by extensions ['colcon_meta']
[0.954s] Level 1:colcon.colcon_core.package_identification:_identify(src/amiga-ros2-bridge/venv/lib/python3.10/site-packages/grpc_tools/_proto/google/protobuf/compiler) by extension 'colcon_meta'
[0.955s] Level 1:colcon.colcon_core.package_identification:_identify(src/amiga-ros2-bridge/venv/lib/python3.10/site-packages/grpc_tools/_proto/google/protobuf/compiler) by extensions ['ros']
[0.955s] Level 1:colcon.colcon_core.package_identification:_identify(src/amiga-ros2-bridge/venv/lib/python3.10/site-packages/grpc_tools/_proto/google/protobuf/compiler) by extension 'ros'
[0.955s] Level 1:colcon.colcon_core.package_identification:_identify(src/amiga-ros2-bridge/venv/lib/python3.10/site-packages/grpc_tools/_proto/google/protobuf/compiler) by extensions ['cmake', 'python']
[0.955s] Level 1:colcon.colcon_core.package_identification:_identify(src/amiga-ros2-bridge/venv/lib/python3.10/site-packages/grpc_tools/_proto/google/protobuf/compiler) by extension 'cmake'
[0.955s] Level 1:colcon.colcon_core.package_identification:_identify(src/amiga-ros2-bridge/venv/lib/python3.10/site-packages/grpc_tools/_proto/google/protobuf/compiler) by extension 'python'
[0.955s] Level 1:colcon.colcon_core.package_identification:_identify(src/amiga-ros2-bridge/venv/lib/python3.10/site-packages/grpc_tools/_proto/google/protobuf/compiler) by extensions ['python_setup_py']
[0.955s] Level 1:colcon.colcon_core.package_identification:_identify(src/amiga-ros2-bridge/venv/lib/python3.10/site-packages/grpc_tools/_proto/google/protobuf/compiler) by extension 'python_setup_py'
[0.956s] Level 1:colcon.colcon_core.package_identification:_identify(src/amiga-ros2-bridge/venv/lib/python3.10/site-packages/grpcio-1.71.0.dist-info) by extensions ['ignore', 'ignore_ament_install']
[0.956s] Level 1:colcon.colcon_core.package_identification:_identify(src/amiga-ros2-bridge/venv/lib/python3.10/site-packages/grpcio-1.71.0.dist-info) by extension 'ignore'
[0.956s] Level 1:colcon.colcon_core.package_identification:_identify(src/amiga-ros2-bridge/venv/lib/python3.10/site-packages/grpcio-1.71.0.dist-info) by extension 'ignore_ament_install'
[0.956s] Level 1:colcon.colcon_core.package_identification:_identify(src/amiga-ros2-bridge/venv/lib/python3.10/site-packages/grpcio-1.71.0.dist-info) by extensions ['colcon_pkg']
[0.956s] Level 1:colcon.colcon_core.package_identification:_identify(src/amiga-ros2-bridge/venv/lib/python3.10/site-packages/grpcio-1.71.0.dist-info) by extension 'colcon_pkg'
[0.956s] Level 1:colcon.colcon_core.package_identification:_identify(src/amiga-ros2-bridge/venv/lib/python3.10/site-packages/grpcio-1.71.0.dist-info) by extensions ['colcon_meta']
[0.956s] Level 1:colcon.colcon_core.package_identification:_identify(src/amiga-ros2-bridge/venv/lib/python3.10/site-packages/grpcio-1.71.0.dist-info) by extension 'colcon_meta'
[0.956s] Level 1:colcon.colcon_core.package_identification:_identify(src/amiga-ros2-bridge/venv/lib/python3.10/site-packages/grpcio-1.71.0.dist-info) by extensions ['ros']
[0.957s] Level 1:colcon.colcon_core.package_identification:_identify(src/amiga-ros2-bridge/venv/lib/python3.10/site-packages/grpcio-1.71.0.dist-info) by extension 'ros'
[0.957s] Level 1:colcon.colcon_core.package_identification:_identify(src/amiga-ros2-bridge/venv/lib/python3.10/site-packages/grpcio-1.71.0.dist-info) by extensions ['cmake', 'python']
[0.957s] Level 1:colcon.colcon_core.package_identification:_identify(src/amiga-ros2-bridge/venv/lib/python3.10/site-packages/grpcio-1.71.0.dist-info) by extension 'cmake'
[0.957s] Level 1:colcon.colcon_core.package_identification:_identify(src/amiga-ros2-bridge/venv/lib/python3.10/site-packages/grpcio-1.71.0.dist-info) by extension 'python'
[0.957s] Level 1:colcon.colcon_core.package_identification:_identify(src/amiga-ros2-bridge/venv/lib/python3.10/site-packages/grpcio-1.71.0.dist-info) by extensions ['python_setup_py']
[0.957s] Level 1:colcon.colcon_core.package_identification:_identify(src/amiga-ros2-bridge/venv/lib/python3.10/site-packages/grpcio-1.71.0.dist-info) by extension 'python_setup_py'
[0.957s] Level 1:colcon.colcon_core.package_identification:_identify(src/amiga-ros2-bridge/venv/lib/python3.10/site-packages/grpcio_tools-1.64.1.dist-info) by extensions ['ignore', 'ignore_ament_install']
[0.958s] Level 1:colcon.colcon_core.package_identification:_identify(src/amiga-ros2-bridge/venv/lib/python3.10/site-packages/grpcio_tools-1.64.1.dist-info) by extension 'ignore'
[0.958s] Level 1:colcon.colcon_core.package_identification:_identify(src/amiga-ros2-bridge/venv/lib/python3.10/site-packages/grpcio_tools-1.64.1.dist-info) by extension 'ignore_ament_install'
[0.958s] Level 1:colcon.colcon_core.package_identification:_identify(src/amiga-ros2-bridge/venv/lib/python3.10/site-packages/grpcio_tools-1.64.1.dist-info) by extensions ['colcon_pkg']
[0.958s] Level 1:colcon.colcon_core.package_identification:_identify(src/amiga-ros2-bridge/venv/lib/python3.10/site-packages/grpcio_tools-1.64.1.dist-info) by extension 'colcon_pkg'
[0.958s] Level 1:colcon.colcon_core.package_identification:_identify(src/amiga-ros2-bridge/venv/lib/python3.10/site-packages/grpcio_tools-1.64.1.dist-info) by extensions ['colcon_meta']
[0.958s] Level 1:colcon.colcon_core.package_identification:_identify(src/amiga-ros2-bridge/venv/lib/python3.10/site-packages/grpcio_tools-1.64.1.dist-info) by extension 'colcon_meta'
[0.958s] Level 1:colcon.colcon_core.package_identification:_identify(src/amiga-ros2-bridge/venv/lib/python3.10/site-packages/grpcio_tools-1.64.1.dist-info) by extensions ['ros']
[0.958s] Level 1:colcon.colcon_core.package_identification:_identify(src/amiga-ros2-bridge/venv/lib/python3.10/site-packages/grpcio_tools-1.64.1.dist-info) by extension 'ros'
[0.959s] Level 1:colcon.colcon_core.package_identification:_identify(src/amiga-ros2-bridge/venv/lib/python3.10/site-packages/grpcio_tools-1.64.1.dist-info) by extensions ['cmake', 'python']
[0.959s] Level 1:colcon.colcon_core.package_identification:_identify(src/amiga-ros2-bridge/venv/lib/python3.10/site-packages/grpcio_tools-1.64.1.dist-info) by extension 'cmake'
[0.959s] Level 1:colcon.colcon_core.package_identification:_identify(src/amiga-ros2-bridge/venv/lib/python3.10/site-packages/grpcio_tools-1.64.1.dist-info) by extension 'python'
[0.959s] Level 1:colcon.colcon_core.package_identification:_identify(src/amiga-ros2-bridge/venv/lib/python3.10/site-packages/grpcio_tools-1.64.1.dist-info) by extensions ['python_setup_py']
[0.959s] Level 1:colcon.colcon_core.package_identification:_identify(src/amiga-ros2-bridge/venv/lib/python3.10/site-packages/grpcio_tools-1.64.1.dist-info) by extension 'python_setup_py'
[0.959s] Level 1:colcon.colcon_core.package_identification:_identify(src/amiga-ros2-bridge/venv/lib/python3.10/site-packages/numpy) by extensions ['ignore', 'ignore_ament_install']
[0.960s] Level 1:colcon.colcon_core.package_identification:_identify(src/amiga-ros2-bridge/venv/lib/python3.10/site-packages/numpy) by extension 'ignore'
[0.960s] Level 1:colcon.colcon_core.package_identification:_identify(src/amiga-ros2-bridge/venv/lib/python3.10/site-packages/numpy) by extension 'ignore_ament_install'
[0.960s] Level 1:colcon.colcon_core.package_identification:_identify(src/amiga-ros2-bridge/venv/lib/python3.10/site-packages/numpy) by extensions ['colcon_pkg']
[0.960s] Level 1:colcon.colcon_core.package_identification:_identify(src/amiga-ros2-bridge/venv/lib/python3.10/site-packages/numpy) by extension 'colcon_pkg'
[0.960s] Level 1:colcon.colcon_core.package_identification:_identify(src/amiga-ros2-bridge/venv/lib/python3.10/site-packages/numpy) by extensions ['colcon_meta']
[0.960s] Level 1:colcon.colcon_core.package_identification:_identify(src/amiga-ros2-bridge/venv/lib/python3.10/site-packages/numpy) by extension 'colcon_meta'
[0.960s] Level 1:colcon.colcon_core.package_identification:_identify(src/amiga-ros2-bridge/venv/lib/python3.10/site-packages/numpy) by extensions ['ros']
[0.960s] Level 1:colcon.colcon_core.package_identification:_identify(src/amiga-ros2-bridge/venv/lib/python3.10/site-packages/numpy) by extension 'ros'
[0.961s] Level 1:colcon.colcon_core.package_identification:_identify(src/amiga-ros2-bridge/venv/lib/python3.10/site-packages/numpy) by extensions ['cmake', 'python']
[0.961s] Level 1:colcon.colcon_core.package_identification:_identify(src/amiga-ros2-bridge/venv/lib/python3.10/site-packages/numpy) by extension 'cmake'
[0.961s] Level 1:colcon.colcon_core.package_identification:_identify(src/amiga-ros2-bridge/venv/lib/python3.10/site-packages/numpy) by extension 'python'
[0.961s] Level 1:colcon.colcon_core.package_identification:_identify(src/amiga-ros2-bridge/venv/lib/python3.10/site-packages/numpy) by extensions ['python_setup_py']
[0.961s] Level 1:colcon.colcon_core.package_identification:_identify(src/amiga-ros2-bridge/venv/lib/python3.10/site-packages/numpy) by extension 'python_setup_py'
[0.962s] Level 1:colcon.colcon_core.package_identification:_identify(src/amiga-ros2-bridge/venv/lib/python3.10/site-packages/numpy/__pycache__) by extensions ['ignore', 'ignore_ament_install']
[0.962s] Level 1:colcon.colcon_core.package_identification:_identify(src/amiga-ros2-bridge/venv/lib/python3.10/site-packages/numpy/__pycache__) by extension 'ignore'
[0.962s] Level 1:colcon.colcon_core.package_identification:_identify(src/amiga-ros2-bridge/venv/lib/python3.10/site-packages/numpy/__pycache__) by extension 'ignore_ament_install'
[0.962s] Level 1:colcon.colcon_core.package_identification:_identify(src/amiga-ros2-bridge/venv/lib/python3.10/site-packages/numpy/__pycache__) by extensions ['colcon_pkg']
[0.962s] Level 1:colcon.colcon_core.package_identification:_identify(src/amiga-ros2-bridge/venv/lib/python3.10/site-packages/numpy/__pycache__) by extension 'colcon_pkg'
[0.962s] Level 1:colcon.colcon_core.package_identification:_identify(src/amiga-ros2-bridge/venv/lib/python3.10/site-packages/numpy/__pycache__) by extensions ['colcon_meta']
[0.962s] Level 1:colcon.colcon_core.package_identification:_identify(src/amiga-ros2-bridge/venv/lib/python3.10/site-packages/numpy/__pycache__) by extension 'colcon_meta'
[0.962s] Level 1:colcon.colcon_core.package_identification:_identify(src/amiga-ros2-bridge/venv/lib/python3.10/site-packages/numpy/__pycache__) by extensions ['ros']
[0.963s] Level 1:colcon.colcon_core.package_identification:_identify(src/amiga-ros2-bridge/venv/lib/python3.10/site-packages/numpy/__pycache__) by extension 'ros'
[0.963s] Level 1:colcon.colcon_core.package_identification:_identify(src/amiga-ros2-bridge/venv/lib/python3.10/site-packages/numpy/__pycache__) by extensions ['cmake', 'python']
[0.963s] Level 1:colcon.colcon_core.package_identification:_identify(src/amiga-ros2-bridge/venv/lib/python3.10/site-packages/numpy/__pycache__) by extension 'cmake'
[0.963s] Level 1:colcon.colcon_core.package_identification:_identify(src/amiga-ros2-bridge/venv/lib/python3.10/site-packages/numpy/__pycache__) by extension 'python'
[0.963s] Level 1:colcon.colcon_core.package_identification:_identify(src/amiga-ros2-bridge/venv/lib/python3.10/site-packages/numpy/__pycache__) by extensions ['python_setup_py']
[0.963s] Level 1:colcon.colcon_core.package_identification:_identify(src/amiga-ros2-bridge/venv/lib/python3.10/site-packages/numpy/__pycache__) by extension 'python_setup_py'
[0.964s] Level 1:colcon.colcon_core.package_identification:_identify(src/amiga-ros2-bridge/venv/lib/python3.10/site-packages/numpy/_core) by extensions ['ignore', 'ignore_ament_install']
[0.964s] Level 1:colcon.colcon_core.package_identification:_identify(src/amiga-ros2-bridge/venv/lib/python3.10/site-packages/numpy/_core) by extension 'ignore'
[0.964s] Level 1:colcon.colcon_core.package_identification:_identify(src/amiga-ros2-bridge/venv/lib/python3.10/site-packages/numpy/_core) by extension 'ignore_ament_install'
[0.964s] Level 1:colcon.colcon_core.package_identification:_identify(src/amiga-ros2-bridge/venv/lib/python3.10/site-packages/numpy/_core) by extensions ['colcon_pkg']
[0.964s] Level 1:colcon.colcon_core.package_identification:_identify(src/amiga-ros2-bridge/venv/lib/python3.10/site-packages/numpy/_core) by extension 'colcon_pkg'
[0.964s] Level 1:colcon.colcon_core.package_identification:_identify(src/amiga-ros2-bridge/venv/lib/python3.10/site-packages/numpy/_core) by extensions ['colcon_meta']
[0.964s] Level 1:colcon.colcon_core.package_identification:_identify(src/amiga-ros2-bridge/venv/lib/python3.10/site-packages/numpy/_core) by extension 'colcon_meta'
[0.965s] Level 1:colcon.colcon_core.package_identification:_identify(src/amiga-ros2-bridge/venv/lib/python3.10/site-packages/numpy/_core) by extensions ['ros']
[0.965s] Level 1:colcon.colcon_core.package_identification:_identify(src/amiga-ros2-bridge/venv/lib/python3.10/site-packages/numpy/_core) by extension 'ros'
[0.965s] Level 1:colcon.colcon_core.package_identification:_identify(src/amiga-ros2-bridge/venv/lib/python3.10/site-packages/numpy/_core) by extensions ['cmake', 'python']
[0.965s] Level 1:colcon.colcon_core.package_identification:_identify(src/amiga-ros2-bridge/venv/lib/python3.10/site-packages/numpy/_core) by extension 'cmake'
[0.965s] Level 1:colcon.colcon_core.package_identification:_identify(src/amiga-ros2-bridge/venv/lib/python3.10/site-packages/numpy/_core) by extension 'python'
[0.965s] Level 1:colcon.colcon_core.package_identification:_identify(src/amiga-ros2-bridge/venv/lib/python3.10/site-packages/numpy/_core) by extensions ['python_setup_py']
[0.965s] Level 1:colcon.colcon_core.package_identification:_identify(src/amiga-ros2-bridge/venv/lib/python3.10/site-packages/numpy/_core) by extension 'python_setup_py'
[0.966s] Level 1:colcon.colcon_core.package_identification:_identify(src/amiga-ros2-bridge/venv/lib/python3.10/site-packages/numpy/_core/__pycache__) by extensions ['ignore', 'ignore_ament_install']
[0.966s] Level 1:colcon.colcon_core.package_identification:_identify(src/amiga-ros2-bridge/venv/lib/python3.10/site-packages/numpy/_core/__pycache__) by extension 'ignore'
[0.966s] Level 1:colcon.colcon_core.package_identification:_identify(src/amiga-ros2-bridge/venv/lib/python3.10/site-packages/numpy/_core/__pycache__) by extension 'ignore_ament_install'
[0.966s] Level 1:colcon.colcon_core.package_identification:_identify(src/amiga-ros2-bridge/venv/lib/python3.10/site-packages/numpy/_core/__pycache__) by extensions ['colcon_pkg']
[0.966s] Level 1:colcon.colcon_core.package_identification:_identify(src/amiga-ros2-bridge/venv/lib/python3.10/site-packages/numpy/_core/__pycache__) by extension 'colcon_pkg'
[0.966s] Level 1:colcon.colcon_core.package_identification:_identify(src/amiga-ros2-bridge/venv/lib/python3.10/site-packages/numpy/_core/__pycache__) by extensions ['colcon_meta']
[0.966s] Level 1:colcon.colcon_core.package_identification:_identify(src/amiga-ros2-bridge/venv/lib/python3.10/site-packages/numpy/_core/__pycache__) by extension 'colcon_meta'
[0.966s] Level 1:colcon.colcon_core.package_identification:_identify(src/amiga-ros2-bridge/venv/lib/python3.10/site-packages/numpy/_core/__pycache__) by extensions ['ros']
[0.967s] Level 1:colcon.colcon_core.package_identification:_identify(src/amiga-ros2-bridge/venv/lib/python3.10/site-packages/numpy/_core/__pycache__) by extension 'ros'
[0.967s] Level 1:colcon.colcon_core.package_identification:_identify(src/amiga-ros2-bridge/venv/lib/python3.10/site-packages/numpy/_core/__pycache__) by extensions ['cmake', 'python']
[0.967s] Level 1:colcon.colcon_core.package_identification:_identify(src/amiga-ros2-bridge/venv/lib/python3.10/site-packages/numpy/_core/__pycache__) by extension 'cmake'
[0.967s] Level 1:colcon.colcon_core.package_identification:_identify(src/amiga-ros2-bridge/venv/lib/python3.10/site-packages/numpy/_core/__pycache__) by extension 'python'
[0.967s] Level 1:colcon.colcon_core.package_identification:_identify(src/amiga-ros2-bridge/venv/lib/python3.10/site-packages/numpy/_core/__pycache__) by extensions ['python_setup_py']
[0.967s] Level 1:colcon.colcon_core.package_identification:_identify(src/amiga-ros2-bridge/venv/lib/python3.10/site-packages/numpy/_core/__pycache__) by extension 'python_setup_py'
[0.968s] Level 1:colcon.colcon_core.package_identification:_identify(src/amiga-ros2-bridge/venv/lib/python3.10/site-packages/numpy/_core/include) by extensions ['ignore', 'ignore_ament_install']
[0.968s] Level 1:colcon.colcon_core.package_identification:_identify(src/amiga-ros2-bridge/venv/lib/python3.10/site-packages/numpy/_core/include) by extension 'ignore'
[0.968s] Level 1:colcon.colcon_core.package_identification:_identify(src/amiga-ros2-bridge/venv/lib/python3.10/site-packages/numpy/_core/include) by extension 'ignore_ament_install'
[0.968s] Level 1:colcon.colcon_core.package_identification:_identify(src/amiga-ros2-bridge/venv/lib/python3.10/site-packages/numpy/_core/include) by extensions ['colcon_pkg']
[0.968s] Level 1:colcon.colcon_core.package_identification:_identify(src/amiga-ros2-bridge/venv/lib/python3.10/site-packages/numpy/_core/include) by extension 'colcon_pkg'
[0.968s] Level 1:colcon.colcon_core.package_identification:_identify(src/amiga-ros2-bridge/venv/lib/python3.10/site-packages/numpy/_core/include) by extensions ['colcon_meta']
[0.968s] Level 1:colcon.colcon_core.package_identification:_identify(src/amiga-ros2-bridge/venv/lib/python3.10/site-packages/numpy/_core/include) by extension 'colcon_meta'
[0.968s] Level 1:colcon.colcon_core.package_identification:_identify(src/amiga-ros2-bridge/venv/lib/python3.10/site-packages/numpy/_core/include) by extensions ['ros']
[0.968s] Level 1:colcon.colcon_core.package_identification:_identify(src/amiga-ros2-bridge/venv/lib/python3.10/site-packages/numpy/_core/include) by extension 'ros'
[0.969s] Level 1:colcon.colcon_core.package_identification:_identify(src/amiga-ros2-bridge/venv/lib/python3.10/site-packages/numpy/_core/include) by extensions ['cmake', 'python']
[0.969s] Level 1:colcon.colcon_core.package_identification:_identify(src/amiga-ros2-bridge/venv/lib/python3.10/site-packages/numpy/_core/include) by extension 'cmake'
[0.969s] Level 1:colcon.colcon_core.package_identification:_identify(src/amiga-ros2-bridge/venv/lib/python3.10/site-packages/numpy/_core/include) by extension 'python'
[0.969s] Level 1:colcon.colcon_core.package_identification:_identify(src/amiga-ros2-bridge/venv/lib/python3.10/site-packages/numpy/_core/include) by extensions ['python_setup_py']
[0.969s] Level 1:colcon.colcon_core.package_identification:_identify(src/amiga-ros2-bridge/venv/lib/python3.10/site-packages/numpy/_core/include) by extension 'python_setup_py'
[0.969s] Level 1:colcon.colcon_core.package_identification:_identify(src/amiga-ros2-bridge/venv/lib/python3.10/site-packages/numpy/_core/include/numpy) by extensions ['ignore', 'ignore_ament_install']
[0.970s] Level 1:colcon.colcon_core.package_identification:_identify(src/amiga-ros2-bridge/venv/lib/python3.10/site-packages/numpy/_core/include/numpy) by extension 'ignore'
[0.970s] Level 1:colcon.colcon_core.package_identification:_identify(src/amiga-ros2-bridge/venv/lib/python3.10/site-packages/numpy/_core/include/numpy) by extension 'ignore_ament_install'
[0.970s] Level 1:colcon.colcon_core.package_identification:_identify(src/amiga-ros2-bridge/venv/lib/python3.10/site-packages/numpy/_core/include/numpy) by extensions ['colcon_pkg']
[0.970s] Level 1:colcon.colcon_core.package_identification:_identify(src/amiga-ros2-bridge/venv/lib/python3.10/site-packages/numpy/_core/include/numpy) by extension 'colcon_pkg'
[0.970s] Level 1:colcon.colcon_core.package_identification:_identify(src/amiga-ros2-bridge/venv/lib/python3.10/site-packages/numpy/_core/include/numpy) by extensions ['colcon_meta']
[0.970s] Level 1:colcon.colcon_core.package_identification:_identify(src/amiga-ros2-bridge/venv/lib/python3.10/site-packages/numpy/_core/include/numpy) by extension 'colcon_meta'
[0.970s] Level 1:colcon.colcon_core.package_identification:_identify(src/amiga-ros2-bridge/venv/lib/python3.10/site-packages/numpy/_core/include/numpy) by extensions ['ros']
[0.970s] Level 1:colcon.colcon_core.package_identification:_identify(src/amiga-ros2-bridge/venv/lib/python3.10/site-packages/numpy/_core/include/numpy) by extension 'ros'
[0.971s] Level 1:colcon.colcon_core.package_identification:_identify(src/amiga-ros2-bridge/venv/lib/python3.10/site-packages/numpy/_core/include/numpy) by extensions ['cmake', 'python']
[0.971s] Level 1:colcon.colcon_core.package_identification:_identify(src/amiga-ros2-bridge/venv/lib/python3.10/site-packages/numpy/_core/include/numpy) by extension 'cmake'
[0.971s] Level 1:colcon.colcon_core.package_identification:_identify(src/amiga-ros2-bridge/venv/lib/python3.10/site-packages/numpy/_core/include/numpy) by extension 'python'
[0.971s] Level 1:colcon.colcon_core.package_identification:_identify(src/amiga-ros2-bridge/venv/lib/python3.10/site-packages/numpy/_core/include/numpy) by extensions ['python_setup_py']
[0.971s] Level 1:colcon.colcon_core.package_identification:_identify(src/amiga-ros2-bridge/venv/lib/python3.10/site-packages/numpy/_core/include/numpy) by extension 'python_setup_py'
[0.971s] Level 1:colcon.colcon_core.package_identification:_identify(src/amiga-ros2-bridge/venv/lib/python3.10/site-packages/numpy/_core/include/numpy/random) by extensions ['ignore', 'ignore_ament_install']
[0.972s] Level 1:colcon.colcon_core.package_identification:_identify(src/amiga-ros2-bridge/venv/lib/python3.10/site-packages/numpy/_core/include/numpy/random) by extension 'ignore'
[0.972s] Level 1:colcon.colcon_core.package_identification:_identify(src/amiga-ros2-bridge/venv/lib/python3.10/site-packages/numpy/_core/include/numpy/random) by extension 'ignore_ament_install'
[0.972s] Level 1:colcon.colcon_core.package_identification:_identify(src/amiga-ros2-bridge/venv/lib/python3.10/site-packages/numpy/_core/include/numpy/random) by extensions ['colcon_pkg']
[0.972s] Level 1:colcon.colcon_core.package_identification:_identify(src/amiga-ros2-bridge/venv/lib/python3.10/site-packages/numpy/_core/include/numpy/random) by extension 'colcon_pkg'
[0.972s] Level 1:colcon.colcon_core.package_identification:_identify(src/amiga-ros2-bridge/venv/lib/python3.10/site-packages/numpy/_core/include/numpy/random) by extensions ['colcon_meta']
[0.972s] Level 1:colcon.colcon_core.package_identification:_identify(src/amiga-ros2-bridge/venv/lib/python3.10/site-packages/numpy/_core/include/numpy/random) by extension 'colcon_meta'
[0.972s] Level 1:colcon.colcon_core.package_identification:_identify(src/amiga-ros2-bridge/venv/lib/python3.10/site-packages/numpy/_core/include/numpy/random) by extensions ['ros']
[0.972s] Level 1:colcon.colcon_core.package_identification:_identify(src/amiga-ros2-bridge/venv/lib/python3.10/site-packages/numpy/_core/include/numpy/random) by extension 'ros'
[0.973s] Level 1:colcon.colcon_core.package_identification:_identify(src/amiga-ros2-bridge/venv/lib/python3.10/site-packages/numpy/_core/include/numpy/random) by extensions ['cmake', 'python']
[0.973s] Level 1:colcon.colcon_core.package_identification:_identify(src/amiga-ros2-bridge/venv/lib/python3.10/site-packages/numpy/_core/include/numpy/random) by extension 'cmake'
[0.973s] Level 1:colcon.colcon_core.package_identification:_identify(src/amiga-ros2-bridge/venv/lib/python3.10/site-packages/numpy/_core/include/numpy/random) by extension 'python'
[0.973s] Level 1:colcon.colcon_core.package_identification:_identify(src/amiga-ros2-bridge/venv/lib/python3.10/site-packages/numpy/_core/include/numpy/random) by extensions ['python_setup_py']
[0.973s] Level 1:colcon.colcon_core.package_identification:_identify(src/amiga-ros2-bridge/venv/lib/python3.10/site-packages/numpy/_core/include/numpy/random) by extension 'python_setup_py'
[0.973s] Level 1:colcon.colcon_core.package_identification:_identify(src/amiga-ros2-bridge/venv/lib/python3.10/site-packages/numpy/_core/lib) by extensions ['ignore', 'ignore_ament_install']
[0.973s] Level 1:colcon.colcon_core.package_identification:_identify(src/amiga-ros2-bridge/venv/lib/python3.10/site-packages/numpy/_core/lib) by extension 'ignore'
[0.974s] Level 1:colcon.colcon_core.package_identification:_identify(src/amiga-ros2-bridge/venv/lib/python3.10/site-packages/numpy/_core/lib) by extension 'ignore_ament_install'
[0.974s] Level 1:colcon.colcon_core.package_identification:_identify(src/amiga-ros2-bridge/venv/lib/python3.10/site-packages/numpy/_core/lib) by extensions ['colcon_pkg']
[0.974s] Level 1:colcon.colcon_core.package_identification:_identify(src/amiga-ros2-bridge/venv/lib/python3.10/site-packages/numpy/_core/lib) by extension 'colcon_pkg'
[0.974s] Level 1:colcon.colcon_core.package_identification:_identify(src/amiga-ros2-bridge/venv/lib/python3.10/site-packages/numpy/_core/lib) by extensions ['colcon_meta']
[0.974s] Level 1:colcon.colcon_core.package_identification:_identify(src/amiga-ros2-bridge/venv/lib/python3.10/site-packages/numpy/_core/lib) by extension 'colcon_meta'
[0.974s] Level 1:colcon.colcon_core.package_identification:_identify(src/amiga-ros2-bridge/venv/lib/python3.10/site-packages/numpy/_core/lib) by extensions ['ros']
[0.974s] Level 1:colcon.colcon_core.package_identification:_identify(src/amiga-ros2-bridge/venv/lib/python3.10/site-packages/numpy/_core/lib) by extension 'ros'
[0.974s] Level 1:colcon.colcon_core.package_identification:_identify(src/amiga-ros2-bridge/venv/lib/python3.10/site-packages/numpy/_core/lib) by extensions ['cmake', 'python']
[0.974s] Level 1:colcon.colcon_core.package_identification:_identify(src/amiga-ros2-bridge/venv/lib/python3.10/site-packages/numpy/_core/lib) by extension 'cmake'
[0.975s] Level 1:colcon.colcon_core.package_identification:_identify(src/amiga-ros2-bridge/venv/lib/python3.10/site-packages/numpy/_core/lib) by extension 'python'
[0.975s] Level 1:colcon.colcon_core.package_identification:_identify(src/amiga-ros2-bridge/venv/lib/python3.10/site-packages/numpy/_core/lib) by extensions ['python_setup_py']
[0.975s] Level 1:colcon.colcon_core.package_identification:_identify(src/amiga-ros2-bridge/venv/lib/python3.10/site-packages/numpy/_core/lib) by extension 'python_setup_py'
[0.975s] Level 1:colcon.colcon_core.package_identification:_identify(src/amiga-ros2-bridge/venv/lib/python3.10/site-packages/numpy/_core/lib/npy-pkg-config) by extensions ['ignore', 'ignore_ament_install']
[0.975s] Level 1:colcon.colcon_core.package_identification:_identify(src/amiga-ros2-bridge/venv/lib/python3.10/site-packages/numpy/_core/lib/npy-pkg-config) by extension 'ignore'
[0.975s] Level 1:colcon.colcon_core.package_identification:_identify(src/amiga-ros2-bridge/venv/lib/python3.10/site-packages/numpy/_core/lib/npy-pkg-config) by extension 'ignore_ament_install'
[0.976s] Level 1:colcon.colcon_core.package_identification:_identify(src/amiga-ros2-bridge/venv/lib/python3.10/site-packages/numpy/_core/lib/npy-pkg-config) by extensions ['colcon_pkg']
[0.976s] Level 1:colcon.colcon_core.package_identification:_identify(src/amiga-ros2-bridge/venv/lib/python3.10/site-packages/numpy/_core/lib/npy-pkg-config) by extension 'colcon_pkg'
[0.976s] Level 1:colcon.colcon_core.package_identification:_identify(src/amiga-ros2-bridge/venv/lib/python3.10/site-packages/numpy/_core/lib/npy-pkg-config) by extensions ['colcon_meta']
[0.976s] Level 1:colcon.colcon_core.package_identification:_identify(src/amiga-ros2-bridge/venv/lib/python3.10/site-packages/numpy/_core/lib/npy-pkg-config) by extension 'colcon_meta'
[0.976s] Level 1:colcon.colcon_core.package_identification:_identify(src/amiga-ros2-bridge/venv/lib/python3.10/site-packages/numpy/_core/lib/npy-pkg-config) by extensions ['ros']
[0.976s] Level 1:colcon.colcon_core.package_identification:_identify(src/amiga-ros2-bridge/venv/lib/python3.10/site-packages/numpy/_core/lib/npy-pkg-config) by extension 'ros'
[0.976s] Level 1:colcon.colcon_core.package_identification:_identify(src/amiga-ros2-bridge/venv/lib/python3.10/site-packages/numpy/_core/lib/npy-pkg-config) by extensions ['cmake', 'python']
[0.976s] Level 1:colcon.colcon_core.package_identification:_identify(src/amiga-ros2-bridge/venv/lib/python3.10/site-packages/numpy/_core/lib/npy-pkg-config) by extension 'cmake'
[0.976s] Level 1:colcon.colcon_core.package_identification:_identify(src/amiga-ros2-bridge/venv/lib/python3.10/site-packages/numpy/_core/lib/npy-pkg-config) by extension 'python'
[0.977s] Level 1:colcon.colcon_core.package_identification:_identify(src/amiga-ros2-bridge/venv/lib/python3.10/site-packages/numpy/_core/lib/npy-pkg-config) by extensions ['python_setup_py']
[0.977s] Level 1:colcon.colcon_core.package_identification:_identify(src/amiga-ros2-bridge/venv/lib/python3.10/site-packages/numpy/_core/lib/npy-pkg-config) by extension 'python_setup_py'
[0.977s] Level 1:colcon.colcon_core.package_identification:_identify(src/amiga-ros2-bridge/venv/lib/python3.10/site-packages/numpy/_core/lib/pkgconfig) by extensions ['ignore', 'ignore_ament_install']
[0.977s] Level 1:colcon.colcon_core.package_identification:_identify(src/amiga-ros2-bridge/venv/lib/python3.10/site-packages/numpy/_core/lib/pkgconfig) by extension 'ignore'
[0.977s] Level 1:colcon.colcon_core.package_identification:_identify(src/amiga-ros2-bridge/venv/lib/python3.10/site-packages/numpy/_core/lib/pkgconfig) by extension 'ignore_ament_install'
[0.977s] Level 1:colcon.colcon_core.package_identification:_identify(src/amiga-ros2-bridge/venv/lib/python3.10/site-packages/numpy/_core/lib/pkgconfig) by extensions ['colcon_pkg']
[0.978s] Level 1:colcon.colcon_core.package_identification:_identify(src/amiga-ros2-bridge/venv/lib/python3.10/site-packages/numpy/_core/lib/pkgconfig) by extension 'colcon_pkg'
[0.978s] Level 1:colcon.colcon_core.package_identification:_identify(src/amiga-ros2-bridge/venv/lib/python3.10/site-packages/numpy/_core/lib/pkgconfig) by extensions ['colcon_meta']
[0.978s] Level 1:colcon.colcon_core.package_identification:_identify(src/amiga-ros2-bridge/venv/lib/python3.10/site-packages/numpy/_core/lib/pkgconfig) by extension 'colcon_meta'
[0.978s] Level 1:colcon.colcon_core.package_identification:_identify(src/amiga-ros2-bridge/venv/lib/python3.10/site-packages/numpy/_core/lib/pkgconfig) by extensions ['ros']
[0.978s] Level 1:colcon.colcon_core.package_identification:_identify(src/amiga-ros2-bridge/venv/lib/python3.10/site-packages/numpy/_core/lib/pkgconfig) by extension 'ros'
[0.978s] Level 1:colcon.colcon_core.package_identification:_identify(src/amiga-ros2-bridge/venv/lib/python3.10/site-packages/numpy/_core/lib/pkgconfig) by extensions ['cmake', 'python']
[0.978s] Level 1:colcon.colcon_core.package_identification:_identify(src/amiga-ros2-bridge/venv/lib/python3.10/site-packages/numpy/_core/lib/pkgconfig) by extension 'cmake'
[0.978s] Level 1:colcon.colcon_core.package_identification:_identify(src/amiga-ros2-bridge/venv/lib/python3.10/site-packages/numpy/_core/lib/pkgconfig) by extension 'python'
[0.978s] Level 1:colcon.colcon_core.package_identification:_identify(src/amiga-ros2-bridge/venv/lib/python3.10/site-packages/numpy/_core/lib/pkgconfig) by extensions ['python_setup_py']
[0.978s] Level 1:colcon.colcon_core.package_identification:_identify(src/amiga-ros2-bridge/venv/lib/python3.10/site-packages/numpy/_core/lib/pkgconfig) by extension 'python_setup_py'
[0.979s] Level 1:colcon.colcon_core.package_identification:_identify(src/amiga-ros2-bridge/venv/lib/python3.10/site-packages/numpy/_core/tests) by extensions ['ignore', 'ignore_ament_install']
[0.979s] Level 1:colcon.colcon_core.package_identification:_identify(src/amiga-ros2-bridge/venv/lib/python3.10/site-packages/numpy/_core/tests) by extension 'ignore'
[0.979s] Level 1:colcon.colcon_core.package_identification:_identify(src/amiga-ros2-bridge/venv/lib/python3.10/site-packages/numpy/_core/tests) by extension 'ignore_ament_install'
[0.979s] Level 1:colcon.colcon_core.package_identification:_identify(src/amiga-ros2-bridge/venv/lib/python3.10/site-packages/numpy/_core/tests) by extensions ['colcon_pkg']
[0.979s] Level 1:colcon.colcon_core.package_identification:_identify(src/amiga-ros2-bridge/venv/lib/python3.10/site-packages/numpy/_core/tests) by extension 'colcon_pkg'
[0.980s] Level 1:colcon.colcon_core.package_identification:_identify(src/amiga-ros2-bridge/venv/lib/python3.10/site-packages/numpy/_core/tests) by extensions ['colcon_meta']
[0.980s] Level 1:colcon.colcon_core.package_identification:_identify(src/amiga-ros2-bridge/venv/lib/python3.10/site-packages/numpy/_core/tests) by extension 'colcon_meta'
[0.980s] Level 1:colcon.colcon_core.package_identification:_identify(src/amiga-ros2-bridge/venv/lib/python3.10/site-packages/numpy/_core/tests) by extensions ['ros']
[0.980s] Level 1:colcon.colcon_core.package_identification:_identify(src/amiga-ros2-bridge/venv/lib/python3.10/site-packages/numpy/_core/tests) by extension 'ros'
[0.980s] Level 1:colcon.colcon_core.package_identification:_identify(src/amiga-ros2-bridge/venv/lib/python3.10/site-packages/numpy/_core/tests) by extensions ['cmake', 'python']
[0.980s] Level 1:colcon.colcon_core.package_identification:_identify(src/amiga-ros2-bridge/venv/lib/python3.10/site-packages/numpy/_core/tests) by extension 'cmake'
[0.980s] Level 1:colcon.colcon_core.package_identification:_identify(src/amiga-ros2-bridge/venv/lib/python3.10/site-packages/numpy/_core/tests) by extension 'python'
[0.980s] Level 1:colcon.colcon_core.package_identification:_identify(src/amiga-ros2-bridge/venv/lib/python3.10/site-packages/numpy/_core/tests) by extensions ['python_setup_py']
[0.980s] Level 1:colcon.colcon_core.package_identification:_identify(src/amiga-ros2-bridge/venv/lib/python3.10/site-packages/numpy/_core/tests) by extension 'python_setup_py'
[0.981s] Level 1:colcon.colcon_core.package_identification:_identify(src/amiga-ros2-bridge/venv/lib/python3.10/site-packages/numpy/_core/tests/__pycache__) by extensions ['ignore', 'ignore_ament_install']
[0.981s] Level 1:colcon.colcon_core.package_identification:_identify(src/amiga-ros2-bridge/venv/lib/python3.10/site-packages/numpy/_core/tests/__pycache__) by extension 'ignore'
[0.981s] Level 1:colcon.colcon_core.package_identification:_identify(src/amiga-ros2-bridge/venv/lib/python3.10/site-packages/numpy/_core/tests/__pycache__) by extension 'ignore_ament_install'
[0.982s] Level 1:colcon.colcon_core.package_identification:_identify(src/amiga-ros2-bridge/venv/lib/python3.10/site-packages/numpy/_core/tests/__pycache__) by extensions ['colcon_pkg']
[0.982s] Level 1:colcon.colcon_core.package_identification:_identify(src/amiga-ros2-bridge/venv/lib/python3.10/site-packages/numpy/_core/tests/__pycache__) by extension 'colcon_pkg'
[0.982s] Level 1:colcon.colcon_core.package_identification:_identify(src/amiga-ros2-bridge/venv/lib/python3.10/site-packages/numpy/_core/tests/__pycache__) by extensions ['colcon_meta']
[0.982s] Level 1:colcon.colcon_core.package_identification:_identify(src/amiga-ros2-bridge/venv/lib/python3.10/site-packages/numpy/_core/tests/__pycache__) by extension 'colcon_meta'
[0.982s] Level 1:colcon.colcon_core.package_identification:_identify(src/amiga-ros2-bridge/venv/lib/python3.10/site-packages/numpy/_core/tests/__pycache__) by extensions ['ros']
[0.982s] Level 1:colcon.colcon_core.package_identification:_identify(src/amiga-ros2-bridge/venv/lib/python3.10/site-packages/numpy/_core/tests/__pycache__) by extension 'ros'
[0.982s] Level 1:colcon.colcon_core.package_identification:_identify(src/amiga-ros2-bridge/venv/lib/python3.10/site-packages/numpy/_core/tests/__pycache__) by extensions ['cmake', 'python']
[0.982s] Level 1:colcon.colcon_core.package_identification:_identify(src/amiga-ros2-bridge/venv/lib/python3.10/site-packages/numpy/_core/tests/__pycache__) by extension 'cmake'
[0.983s] Level 1:colcon.colcon_core.package_identification:_identify(src/amiga-ros2-bridge/venv/lib/python3.10/site-packages/numpy/_core/tests/__pycache__) by extension 'python'
[0.983s] Level 1:colcon.colcon_core.package_identification:_identify(src/amiga-ros2-bridge/venv/lib/python3.10/site-packages/numpy/_core/tests/__pycache__) by extensions ['python_setup_py']
[0.983s] Level 1:colcon.colcon_core.package_identification:_identify(src/amiga-ros2-bridge/venv/lib/python3.10/site-packages/numpy/_core/tests/__pycache__) by extension 'python_setup_py'
[0.983s] Level 1:colcon.colcon_core.package_identification:_identify(src/amiga-ros2-bridge/venv/lib/python3.10/site-packages/numpy/_core/tests/data) by extensions ['ignore', 'ignore_ament_install']
[0.983s] Level 1:colcon.colcon_core.package_identification:_identify(src/amiga-ros2-bridge/venv/lib/python3.10/site-packages/numpy/_core/tests/data) by extension 'ignore'
[0.983s] Level 1:colcon.colcon_core.package_identification:_identify(src/amiga-ros2-bridge/venv/lib/python3.10/site-packages/numpy/_core/tests/data) by extension 'ignore_ament_install'
[0.984s] Level 1:colcon.colcon_core.package_identification:_identify(src/amiga-ros2-bridge/venv/lib/python3.10/site-packages/numpy/_core/tests/data) by extensions ['colcon_pkg']
[0.984s] Level 1:colcon.colcon_core.package_identification:_identify(src/amiga-ros2-bridge/venv/lib/python3.10/site-packages/numpy/_core/tests/data) by extension 'colcon_pkg'
[0.984s] Level 1:colcon.colcon_core.package_identification:_identify(src/amiga-ros2-bridge/venv/lib/python3.10/site-packages/numpy/_core/tests/data) by extensions ['colcon_meta']
[0.984s] Level 1:colcon.colcon_core.package_identification:_identify(src/amiga-ros2-bridge/venv/lib/python3.10/site-packages/numpy/_core/tests/data) by extension 'colcon_meta'
[0.984s] Level 1:colcon.colcon_core.package_identification:_identify(src/amiga-ros2-bridge/venv/lib/python3.10/site-packages/numpy/_core/tests/data) by extensions ['ros']
[0.984s] Level 1:colcon.colcon_core.package_identification:_identify(src/amiga-ros2-bridge/venv/lib/python3.10/site-packages/numpy/_core/tests/data) by extension 'ros'
[0.984s] Level 1:colcon.colcon_core.package_identification:_identify(src/amiga-ros2-bridge/venv/lib/python3.10/site-packages/numpy/_core/tests/data) by extensions ['cmake', 'python']
[0.984s] Level 1:colcon.colcon_core.package_identification:_identify(src/amiga-ros2-bridge/venv/lib/python3.10/site-packages/numpy/_core/tests/data) by extension 'cmake'
[0.984s] Level 1:colcon.colcon_core.package_identification:_identify(src/amiga-ros2-bridge/venv/lib/python3.10/site-packages/numpy/_core/tests/data) by extension 'python'
[0.985s] Level 1:colcon.colcon_core.package_identification:_identify(src/amiga-ros2-bridge/venv/lib/python3.10/site-packages/numpy/_core/tests/data) by extensions ['python_setup_py']
[0.985s] Level 1:colcon.colcon_core.package_identification:_identify(src/amiga-ros2-bridge/venv/lib/python3.10/site-packages/numpy/_core/tests/data) by extension 'python_setup_py'
[0.985s] Level 1:colcon.colcon_core.package_identification:_identify(src/amiga-ros2-bridge/venv/lib/python3.10/site-packages/numpy/_core/tests/examples) by extensions ['ignore', 'ignore_ament_install']
[0.985s] Level 1:colcon.colcon_core.package_identification:_identify(src/amiga-ros2-bridge/venv/lib/python3.10/site-packages/numpy/_core/tests/examples) by extension 'ignore'
[0.985s] Level 1:colcon.colcon_core.package_identification:_identify(src/amiga-ros2-bridge/venv/lib/python3.10/site-packages/numpy/_core/tests/examples) by extension 'ignore_ament_install'
[0.985s] Level 1:colcon.colcon_core.package_identification:_identify(src/amiga-ros2-bridge/venv/lib/python3.10/site-packages/numpy/_core/tests/examples) by extensions ['colcon_pkg']
[0.986s] Level 1:colcon.colcon_core.package_identification:_identify(src/amiga-ros2-bridge/venv/lib/python3.10/site-packages/numpy/_core/tests/examples) by extension 'colcon_pkg'
[0.986s] Level 1:colcon.colcon_core.package_identification:_identify(src/amiga-ros2-bridge/venv/lib/python3.10/site-packages/numpy/_core/tests/examples) by extensions ['colcon_meta']
[0.986s] Level 1:colcon.colcon_core.package_identification:_identify(src/amiga-ros2-bridge/venv/lib/python3.10/site-packages/numpy/_core/tests/examples) by extension 'colcon_meta'
[0.986s] Level 1:colcon.colcon_core.package_identification:_identify(src/amiga-ros2-bridge/venv/lib/python3.10/site-packages/numpy/_core/tests/examples) by extensions ['ros']
[0.986s] Level 1:colcon.colcon_core.package_identification:_identify(src/amiga-ros2-bridge/venv/lib/python3.10/site-packages/numpy/_core/tests/examples) by extension 'ros'
[0.986s] Level 1:colcon.colcon_core.package_identification:_identify(src/amiga-ros2-bridge/venv/lib/python3.10/site-packages/numpy/_core/tests/examples) by extensions ['cmake', 'python']
[0.986s] Level 1:colcon.colcon_core.package_identification:_identify(src/amiga-ros2-bridge/venv/lib/python3.10/site-packages/numpy/_core/tests/examples) by extension 'cmake'
[0.986s] Level 1:colcon.colcon_core.package_identification:_identify(src/amiga-ros2-bridge/venv/lib/python3.10/site-packages/numpy/_core/tests/examples) by extension 'python'
[0.986s] Level 1:colcon.colcon_core.package_identification:_identify(src/amiga-ros2-bridge/venv/lib/python3.10/site-packages/numpy/_core/tests/examples) by extensions ['python_setup_py']
[0.986s] Level 1:colcon.colcon_core.package_identification:_identify(src/amiga-ros2-bridge/venv/lib/python3.10/site-packages/numpy/_core/tests/examples) by extension 'python_setup_py'
[0.987s] Level 1:colcon.colcon_core.package_identification:_identify(src/amiga-ros2-bridge/venv/lib/python3.10/site-packages/numpy/_core/tests/examples/cython) by extensions ['ignore', 'ignore_ament_install']
[0.987s] Level 1:colcon.colcon_core.package_identification:_identify(src/amiga-ros2-bridge/venv/lib/python3.10/site-packages/numpy/_core/tests/examples/cython) by extension 'ignore'
[0.987s] Level 1:colcon.colcon_core.package_identification:_identify(src/amiga-ros2-bridge/venv/lib/python3.10/site-packages/numpy/_core/tests/examples/cython) by extension 'ignore_ament_install'
[0.987s] Level 1:colcon.colcon_core.package_identification:_identify(src/amiga-ros2-bridge/venv/lib/python3.10/site-packages/numpy/_core/tests/examples/cython) by extensions ['colcon_pkg']
[0.987s] Level 1:colcon.colcon_core.package_identification:_identify(src/amiga-ros2-bridge/venv/lib/python3.10/site-packages/numpy/_core/tests/examples/cython) by extension 'colcon_pkg'
[0.988s] Level 1:colcon.colcon_core.package_identification:_identify(src/amiga-ros2-bridge/venv/lib/python3.10/site-packages/numpy/_core/tests/examples/cython) by extensions ['colcon_meta']
[0.988s] Level 1:colcon.colcon_core.package_identification:_identify(src/amiga-ros2-bridge/venv/lib/python3.10/site-packages/numpy/_core/tests/examples/cython) by extension 'colcon_meta'
[0.988s] Level 1:colcon.colcon_core.package_identification:_identify(src/amiga-ros2-bridge/venv/lib/python3.10/site-packages/numpy/_core/tests/examples/cython) by extensions ['ros']
[0.988s] Level 1:colcon.colcon_core.package_identification:_identify(src/amiga-ros2-bridge/venv/lib/python3.10/site-packages/numpy/_core/tests/examples/cython) by extension 'ros'
[0.988s] Level 1:colcon.colcon_core.package_identification:_identify(src/amiga-ros2-bridge/venv/lib/python3.10/site-packages/numpy/_core/tests/examples/cython) by extensions ['cmake', 'python']
[0.988s] Level 1:colcon.colcon_core.package_identification:_identify(src/amiga-ros2-bridge/venv/lib/python3.10/site-packages/numpy/_core/tests/examples/cython) by extension 'cmake'
[0.988s] Level 1:colcon.colcon_core.package_identification:_identify(src/amiga-ros2-bridge/venv/lib/python3.10/site-packages/numpy/_core/tests/examples/cython) by extension 'python'
[0.988s] Level 1:colcon.colcon_core.package_identification:_identify(src/amiga-ros2-bridge/venv/lib/python3.10/site-packages/numpy/_core/tests/examples/cython) by extensions ['python_setup_py']
[0.988s] Level 1:colcon.colcon_core.package_identification:_identify(src/amiga-ros2-bridge/venv/lib/python3.10/site-packages/numpy/_core/tests/examples/cython) by extension 'python_setup_py'
[1.619s] ERROR:colcon.colcon_core.package_identification:Exception in package identification extension 'python_setup_py' in 'src/amiga-ros2-bridge/venv/lib/python3.10/site-packages/numpy/_core/tests/examples/cython': Command '['/usr/bin/python3', '-c', 'import sys;from contextlib import suppress;exec("with suppress(ImportError):    from setuptools.extern.packaging.specifiers    import SpecifierSet");exec("with suppress(ImportError):    from packaging.specifiers import SpecifierSet");from distutils.core import run_setup;dist = run_setup(    \'setup.py\', script_args=(\'--dry-run\',), stop_after=\'config\');skip_keys = (\'cmdclass\', \'distclass\', \'ext_modules\', \'metadata\');data = {    key: value for key, value in dist.__dict__.items()     if (        not key.startswith(\'_\') and         not callable(value) and         key not in skip_keys and         key not in dist.display_option_names    )};data[\'metadata\'] = {    k: v for k, v in dist.metadata.__dict__.items()     if k not in (\'license_files\', \'provides_extras\')};sys.stdout.buffer.write(repr(data).encode(\'utf-8\'))']' returned non-zero exit status 1.
Traceback (most recent call last):
  File "/usr/lib/python3/dist-packages/colcon_core/package_identification/__init__.py", line 144, in _identify
    retval = extension.identify(_reused_descriptor_instance)
  File "/usr/lib/python3/dist-packages/colcon_python_setup_py/package_identification/python_setup_py.py", line 48, in identify
    config = get_setup_information(setup_py)
  File "/usr/lib/python3/dist-packages/colcon_python_setup_py/package_identification/python_setup_py.py", line 249, in get_setup_information
    _setup_information_cache[hashable_env] = _get_setup_information(
  File "/usr/lib/python3/dist-packages/colcon_python_setup_py/package_identification/python_setup_py.py", line 296, in _get_setup_information
    result = subprocess.run(
  File "/usr/lib/python3.10/subprocess.py", line 526, in run
    raise CalledProcessError(retcode, process.args,
subprocess.CalledProcessError: Command '['/usr/bin/python3', '-c', 'import sys;from contextlib import suppress;exec("with suppress(ImportError):    from setuptools.extern.packaging.specifiers    import SpecifierSet");exec("with suppress(ImportError):    from packaging.specifiers import SpecifierSet");from distutils.core import run_setup;dist = run_setup(    \'setup.py\', script_args=(\'--dry-run\',), stop_after=\'config\');skip_keys = (\'cmdclass\', \'distclass\', \'ext_modules\', \'metadata\');data = {    key: value for key, value in dist.__dict__.items()     if (        not key.startswith(\'_\') and         not callable(value) and         key not in skip_keys and         key not in dist.display_option_names    )};data[\'metadata\'] = {    k: v for k, v in dist.metadata.__dict__.items()     if k not in (\'license_files\', \'provides_extras\')};sys.stdout.buffer.write(repr(data).encode(\'utf-8\'))']' returned non-zero exit status 1.

[1.620s] Level 1:colcon.colcon_core.package_identification:_identify(src/amiga-ros2-bridge/venv/lib/python3.10/site-packages/numpy/_core/tests/examples/cython/__pycache__) by extensions ['ignore', 'ignore_ament_install']
[1.620s] Level 1:colcon.colcon_core.package_identification:_identify(src/amiga-ros2-bridge/venv/lib/python3.10/site-packages/numpy/_core/tests/examples/cython/__pycache__) by extension 'ignore'
[1.621s] Level 1:colcon.colcon_core.package_identification:_identify(src/amiga-ros2-bridge/venv/lib/python3.10/site-packages/numpy/_core/tests/examples/cython/__pycache__) by extension 'ignore_ament_install'
[1.621s] Level 1:colcon.colcon_core.package_identification:_identify(src/amiga-ros2-bridge/venv/lib/python3.10/site-packages/numpy/_core/tests/examples/cython/__pycache__) by extensions ['colcon_pkg']
[1.621s] Level 1:colcon.colcon_core.package_identification:_identify(src/amiga-ros2-bridge/venv/lib/python3.10/site-packages/numpy/_core/tests/examples/cython/__pycache__) by extension 'colcon_pkg'
[1.621s] Level 1:colcon.colcon_core.package_identification:_identify(src/amiga-ros2-bridge/venv/lib/python3.10/site-packages/numpy/_core/tests/examples/cython/__pycache__) by extensions ['colcon_meta']
[1.621s] Level 1:colcon.colcon_core.package_identification:_identify(src/amiga-ros2-bridge/venv/lib/python3.10/site-packages/numpy/_core/tests/examples/cython/__pycache__) by extension 'colcon_meta'
[1.621s] Level 1:colcon.colcon_core.package_identification:_identify(src/amiga-ros2-bridge/venv/lib/python3.10/site-packages/numpy/_core/tests/examples/cython/__pycache__) by extensions ['ros']
[1.622s] Level 1:colcon.colcon_core.package_identification:_identify(src/amiga-ros2-bridge/venv/lib/python3.10/site-packages/numpy/_core/tests/examples/cython/__pycache__) by extension 'ros'
[1.622s] Level 1:colcon.colcon_core.package_identification:_identify(src/amiga-ros2-bridge/venv/lib/python3.10/site-packages/numpy/_core/tests/examples/cython/__pycache__) by extensions ['cmake', 'python']
[1.622s] Level 1:colcon.colcon_core.package_identification:_identify(src/amiga-ros2-bridge/venv/lib/python3.10/site-packages/numpy/_core/tests/examples/cython/__pycache__) by extension 'cmake'
[1.622s] Level 1:colcon.colcon_core.package_identification:_identify(src/amiga-ros2-bridge/venv/lib/python3.10/site-packages/numpy/_core/tests/examples/cython/__pycache__) by extension 'python'
[1.622s] Level 1:colcon.colcon_core.package_identification:_identify(src/amiga-ros2-bridge/venv/lib/python3.10/site-packages/numpy/_core/tests/examples/cython/__pycache__) by extensions ['python_setup_py']
[1.622s] Level 1:colcon.colcon_core.package_identification:_identify(src/amiga-ros2-bridge/venv/lib/python3.10/site-packages/numpy/_core/tests/examples/cython/__pycache__) by extension 'python_setup_py'
[1.623s] Level 1:colcon.colcon_core.package_identification:_identify(src/amiga-ros2-bridge/venv/lib/python3.10/site-packages/numpy/_core/tests/examples/limited_api) by extensions ['ignore', 'ignore_ament_install']
[1.624s] Level 1:colcon.colcon_core.package_identification:_identify(src/amiga-ros2-bridge/venv/lib/python3.10/site-packages/numpy/_core/tests/examples/limited_api) by extension 'ignore'
[1.624s] Level 1:colcon.colcon_core.package_identification:_identify(src/amiga-ros2-bridge/venv/lib/python3.10/site-packages/numpy/_core/tests/examples/limited_api) by extension 'ignore_ament_install'
[1.624s] Level 1:colcon.colcon_core.package_identification:_identify(src/amiga-ros2-bridge/venv/lib/python3.10/site-packages/numpy/_core/tests/examples/limited_api) by extensions ['colcon_pkg']
[1.624s] Level 1:colcon.colcon_core.package_identification:_identify(src/amiga-ros2-bridge/venv/lib/python3.10/site-packages/numpy/_core/tests/examples/limited_api) by extension 'colcon_pkg'
[1.624s] Level 1:colcon.colcon_core.package_identification:_identify(src/amiga-ros2-bridge/venv/lib/python3.10/site-packages/numpy/_core/tests/examples/limited_api) by extensions ['colcon_meta']
[1.624s] Level 1:colcon.colcon_core.package_identification:_identify(src/amiga-ros2-bridge/venv/lib/python3.10/site-packages/numpy/_core/tests/examples/limited_api) by extension 'colcon_meta'
[1.625s] Level 1:colcon.colcon_core.package_identification:_identify(src/amiga-ros2-bridge/venv/lib/python3.10/site-packages/numpy/_core/tests/examples/limited_api) by extensions ['ros']
[1.625s] Level 1:colcon.colcon_core.package_identification:_identify(src/amiga-ros2-bridge/venv/lib/python3.10/site-packages/numpy/_core/tests/examples/limited_api) by extension 'ros'
[1.625s] Level 1:colcon.colcon_core.package_identification:_identify(src/amiga-ros2-bridge/venv/lib/python3.10/site-packages/numpy/_core/tests/examples/limited_api) by extensions ['cmake', 'python']
[1.625s] Level 1:colcon.colcon_core.package_identification:_identify(src/amiga-ros2-bridge/venv/lib/python3.10/site-packages/numpy/_core/tests/examples/limited_api) by extension 'cmake'
[1.625s] Level 1:colcon.colcon_core.package_identification:_identify(src/amiga-ros2-bridge/venv/lib/python3.10/site-packages/numpy/_core/tests/examples/limited_api) by extension 'python'
[1.626s] Level 1:colcon.colcon_core.package_identification:_identify(src/amiga-ros2-bridge/venv/lib/python3.10/site-packages/numpy/_core/tests/examples/limited_api) by extensions ['python_setup_py']
[1.626s] Level 1:colcon.colcon_core.package_identification:_identify(src/amiga-ros2-bridge/venv/lib/python3.10/site-packages/numpy/_core/tests/examples/limited_api) by extension 'python_setup_py'
[2.357s] ERROR:colcon.colcon_core.package_identification:Failed to determine Python package name in 'src/amiga-ros2-bridge/venv/lib/python3.10/site-packages/numpy/_core/tests/examples/limited_api'
[2.357s] ERROR:colcon.colcon_core.package_identification:Exception in package identification extension 'python_setup_py' in 'src/amiga-ros2-bridge/venv/lib/python3.10/site-packages/numpy/_core/tests/examples/limited_api': Failed to determine Python package name in 'src/amiga-ros2-bridge/venv/lib/python3.10/site-packages/numpy/_core/tests/examples/limited_api'
Traceback (most recent call last):
  File "/usr/lib/python3/dist-packages/colcon_core/package_identification/__init__.py", line 144, in _identify
    retval = extension.identify(_reused_descriptor_instance)
  File "/usr/lib/python3/dist-packages/colcon_python_setup_py/package_identification/python_setup_py.py", line 57, in identify
    raise RuntimeError(
RuntimeError: Failed to determine Python package name in 'src/amiga-ros2-bridge/venv/lib/python3.10/site-packages/numpy/_core/tests/examples/limited_api'

[2.359s] Level 1:colcon.colcon_core.package_identification:_identify(src/amiga-ros2-bridge/venv/lib/python3.10/site-packages/numpy/_core/tests/examples/limited_api/__pycache__) by extensions ['ignore', 'ignore_ament_install']
[2.360s] Level 1:colcon.colcon_core.package_identification:_identify(src/amiga-ros2-bridge/venv/lib/python3.10/site-packages/numpy/_core/tests/examples/limited_api/__pycache__) by extension 'ignore'
[2.360s] Level 1:colcon.colcon_core.package_identification:_identify(src/amiga-ros2-bridge/venv/lib/python3.10/site-packages/numpy/_core/tests/examples/limited_api/__pycache__) by extension 'ignore_ament_install'
[2.360s] Level 1:colcon.colcon_core.package_identification:_identify(src/amiga-ros2-bridge/venv/lib/python3.10/site-packages/numpy/_core/tests/examples/limited_api/__pycache__) by extensions ['colcon_pkg']
[2.360s] Level 1:colcon.colcon_core.package_identification:_identify(src/amiga-ros2-bridge/venv/lib/python3.10/site-packages/numpy/_core/tests/examples/limited_api/__pycache__) by extension 'colcon_pkg'
[2.361s] Level 1:colcon.colcon_core.package_identification:_identify(src/amiga-ros2-bridge/venv/lib/python3.10/site-packages/numpy/_core/tests/examples/limited_api/__pycache__) by extensions ['colcon_meta']
[2.361s] Level 1:colcon.colcon_core.package_identification:_identify(src/amiga-ros2-bridge/venv/lib/python3.10/site-packages/numpy/_core/tests/examples/limited_api/__pycache__) by extension 'colcon_meta'
[2.361s] Level 1:colcon.colcon_core.package_identification:_identify(src/amiga-ros2-bridge/venv/lib/python3.10/site-packages/numpy/_core/tests/examples/limited_api/__pycache__) by extensions ['ros']
[2.361s] Level 1:colcon.colcon_core.package_identification:_identify(src/amiga-ros2-bridge/venv/lib/python3.10/site-packages/numpy/_core/tests/examples/limited_api/__pycache__) by extension 'ros'
[2.362s] Level 1:colcon.colcon_core.package_identification:_identify(src/amiga-ros2-bridge/venv/lib/python3.10/site-packages/numpy/_core/tests/examples/limited_api/__pycache__) by extensions ['cmake', 'python']
[2.362s] Level 1:colcon.colcon_core.package_identification:_identify(src/amiga-ros2-bridge/venv/lib/python3.10/site-packages/numpy/_core/tests/examples/limited_api/__pycache__) by extension 'cmake'
[2.362s] Level 1:colcon.colcon_core.package_identification:_identify(src/amiga-ros2-bridge/venv/lib/python3.10/site-packages/numpy/_core/tests/examples/limited_api/__pycache__) by extension 'python'
[2.362s] Level 1:colcon.colcon_core.package_identification:_identify(src/amiga-ros2-bridge/venv/lib/python3.10/site-packages/numpy/_core/tests/examples/limited_api/__pycache__) by extensions ['python_setup_py']
[2.362s] Level 1:colcon.colcon_core.package_identification:_identify(src/amiga-ros2-bridge/venv/lib/python3.10/site-packages/numpy/_core/tests/examples/limited_api/__pycache__) by extension 'python_setup_py'
[2.363s] Level 1:colcon.colcon_core.package_identification:_identify(src/amiga-ros2-bridge/venv/lib/python3.10/site-packages/numpy/_pyinstaller) by extensions ['ignore', 'ignore_ament_install']
[2.363s] Level 1:colcon.colcon_core.package_identification:_identify(src/amiga-ros2-bridge/venv/lib/python3.10/site-packages/numpy/_pyinstaller) by extension 'ignore'
[2.364s] Level 1:colcon.colcon_core.package_identification:_identify(src/amiga-ros2-bridge/venv/lib/python3.10/site-packages/numpy/_pyinstaller) by extension 'ignore_ament_install'
[2.364s] Level 1:colcon.colcon_core.package_identification:_identify(src/amiga-ros2-bridge/venv/lib/python3.10/site-packages/numpy/_pyinstaller) by extensions ['colcon_pkg']
[2.364s] Level 1:colcon.colcon_core.package_identification:_identify(src/amiga-ros2-bridge/venv/lib/python3.10/site-packages/numpy/_pyinstaller) by extension 'colcon_pkg'
[2.364s] Level 1:colcon.colcon_core.package_identification:_identify(src/amiga-ros2-bridge/venv/lib/python3.10/site-packages/numpy/_pyinstaller) by extensions ['colcon_meta']
[2.364s] Level 1:colcon.colcon_core.package_identification:_identify(src/amiga-ros2-bridge/venv/lib/python3.10/site-packages/numpy/_pyinstaller) by extension 'colcon_meta'
[2.365s] Level 1:colcon.colcon_core.package_identification:_identify(src/amiga-ros2-bridge/venv/lib/python3.10/site-packages/numpy/_pyinstaller) by extensions ['ros']
[2.365s] Level 1:colcon.colcon_core.package_identification:_identify(src/amiga-ros2-bridge/venv/lib/python3.10/site-packages/numpy/_pyinstaller) by extension 'ros'
[2.365s] Level 1:colcon.colcon_core.package_identification:_identify(src/amiga-ros2-bridge/venv/lib/python3.10/site-packages/numpy/_pyinstaller) by extensions ['cmake', 'python']
[2.365s] Level 1:colcon.colcon_core.package_identification:_identify(src/amiga-ros2-bridge/venv/lib/python3.10/site-packages/numpy/_pyinstaller) by extension 'cmake'
[2.366s] Level 1:colcon.colcon_core.package_identification:_identify(src/amiga-ros2-bridge/venv/lib/python3.10/site-packages/numpy/_pyinstaller) by extension 'python'
[2.366s] Level 1:colcon.colcon_core.package_identification:_identify(src/amiga-ros2-bridge/venv/lib/python3.10/site-packages/numpy/_pyinstaller) by extensions ['python_setup_py']
[2.366s] Level 1:colcon.colcon_core.package_identification:_identify(src/amiga-ros2-bridge/venv/lib/python3.10/site-packages/numpy/_pyinstaller) by extension 'python_setup_py'
[2.367s] Level 1:colcon.colcon_core.package_identification:_identify(src/amiga-ros2-bridge/venv/lib/python3.10/site-packages/numpy/_pyinstaller/__pycache__) by extensions ['ignore', 'ignore_ament_install']
[2.367s] Level 1:colcon.colcon_core.package_identification:_identify(src/amiga-ros2-bridge/venv/lib/python3.10/site-packages/numpy/_pyinstaller/__pycache__) by extension 'ignore'
[2.367s] Level 1:colcon.colcon_core.package_identification:_identify(src/amiga-ros2-bridge/venv/lib/python3.10/site-packages/numpy/_pyinstaller/__pycache__) by extension 'ignore_ament_install'
[2.367s] Level 1:colcon.colcon_core.package_identification:_identify(src/amiga-ros2-bridge/venv/lib/python3.10/site-packages/numpy/_pyinstaller/__pycache__) by extensions ['colcon_pkg']
[2.367s] Level 1:colcon.colcon_core.package_identification:_identify(src/amiga-ros2-bridge/venv/lib/python3.10/site-packages/numpy/_pyinstaller/__pycache__) by extension 'colcon_pkg'
[2.368s] Level 1:colcon.colcon_core.package_identification:_identify(src/amiga-ros2-bridge/venv/lib/python3.10/site-packages/numpy/_pyinstaller/__pycache__) by extensions ['colcon_meta']
[2.368s] Level 1:colcon.colcon_core.package_identification:_identify(src/amiga-ros2-bridge/venv/lib/python3.10/site-packages/numpy/_pyinstaller/__pycache__) by extension 'colcon_meta'
[2.368s] Level 1:colcon.colcon_core.package_identification:_identify(src/amiga-ros2-bridge/venv/lib/python3.10/site-packages/numpy/_pyinstaller/__pycache__) by extensions ['ros']
[2.368s] Level 1:colcon.colcon_core.package_identification:_identify(src/amiga-ros2-bridge/venv/lib/python3.10/site-packages/numpy/_pyinstaller/__pycache__) by extension 'ros'
[2.369s] Level 1:colcon.colcon_core.package_identification:_identify(src/amiga-ros2-bridge/venv/lib/python3.10/site-packages/numpy/_pyinstaller/__pycache__) by extensions ['cmake', 'python']
[2.369s] Level 1:colcon.colcon_core.package_identification:_identify(src/amiga-ros2-bridge/venv/lib/python3.10/site-packages/numpy/_pyinstaller/__pycache__) by extension 'cmake'
[2.369s] Level 1:colcon.colcon_core.package_identification:_identify(src/amiga-ros2-bridge/venv/lib/python3.10/site-packages/numpy/_pyinstaller/__pycache__) by extension 'python'
[2.369s] Level 1:colcon.colcon_core.package_identification:_identify(src/amiga-ros2-bridge/venv/lib/python3.10/site-packages/numpy/_pyinstaller/__pycache__) by extensions ['python_setup_py']
[2.369s] Level 1:colcon.colcon_core.package_identification:_identify(src/amiga-ros2-bridge/venv/lib/python3.10/site-packages/numpy/_pyinstaller/__pycache__) by extension 'python_setup_py'
[2.370s] Level 1:colcon.colcon_core.package_identification:_identify(src/amiga-ros2-bridge/venv/lib/python3.10/site-packages/numpy/_pyinstaller/tests) by extensions ['ignore', 'ignore_ament_install']
[2.370s] Level 1:colcon.colcon_core.package_identification:_identify(src/amiga-ros2-bridge/venv/lib/python3.10/site-packages/numpy/_pyinstaller/tests) by extension 'ignore'
[2.370s] Level 1:colcon.colcon_core.package_identification:_identify(src/amiga-ros2-bridge/venv/lib/python3.10/site-packages/numpy/_pyinstaller/tests) by extension 'ignore_ament_install'
[2.371s] Level 1:colcon.colcon_core.package_identification:_identify(src/amiga-ros2-bridge/venv/lib/python3.10/site-packages/numpy/_pyinstaller/tests) by extensions ['colcon_pkg']
[2.371s] Level 1:colcon.colcon_core.package_identification:_identify(src/amiga-ros2-bridge/venv/lib/python3.10/site-packages/numpy/_pyinstaller/tests) by extension 'colcon_pkg'
[2.371s] Level 1:colcon.colcon_core.package_identification:_identify(src/amiga-ros2-bridge/venv/lib/python3.10/site-packages/numpy/_pyinstaller/tests) by extensions ['colcon_meta']
[2.371s] Level 1:colcon.colcon_core.package_identification:_identify(src/amiga-ros2-bridge/venv/lib/python3.10/site-packages/numpy/_pyinstaller/tests) by extension 'colcon_meta'
[2.371s] Level 1:colcon.colcon_core.package_identification:_identify(src/amiga-ros2-bridge/venv/lib/python3.10/site-packages/numpy/_pyinstaller/tests) by extensions ['ros']
[2.372s] Level 1:colcon.colcon_core.package_identification:_identify(src/amiga-ros2-bridge/venv/lib/python3.10/site-packages/numpy/_pyinstaller/tests) by extension 'ros'
[2.372s] Level 1:colcon.colcon_core.package_identification:_identify(src/amiga-ros2-bridge/venv/lib/python3.10/site-packages/numpy/_pyinstaller/tests) by extensions ['cmake', 'python']
[2.372s] Level 1:colcon.colcon_core.package_identification:_identify(src/amiga-ros2-bridge/venv/lib/python3.10/site-packages/numpy/_pyinstaller/tests) by extension 'cmake'
[2.372s] Level 1:colcon.colcon_core.package_identification:_identify(src/amiga-ros2-bridge/venv/lib/python3.10/site-packages/numpy/_pyinstaller/tests) by extension 'python'
[2.372s] Level 1:colcon.colcon_core.package_identification:_identify(src/amiga-ros2-bridge/venv/lib/python3.10/site-packages/numpy/_pyinstaller/tests) by extensions ['python_setup_py']
[2.373s] Level 1:colcon.colcon_core.package_identification:_identify(src/amiga-ros2-bridge/venv/lib/python3.10/site-packages/numpy/_pyinstaller/tests) by extension 'python_setup_py'
[2.373s] Level 1:colcon.colcon_core.package_identification:_identify(src/amiga-ros2-bridge/venv/lib/python3.10/site-packages/numpy/_pyinstaller/tests/__pycache__) by extensions ['ignore', 'ignore_ament_install']
[2.374s] Level 1:colcon.colcon_core.package_identification:_identify(src/amiga-ros2-bridge/venv/lib/python3.10/site-packages/numpy/_pyinstaller/tests/__pycache__) by extension 'ignore'
[2.374s] Level 1:colcon.colcon_core.package_identification:_identify(src/amiga-ros2-bridge/venv/lib/python3.10/site-packages/numpy/_pyinstaller/tests/__pycache__) by extension 'ignore_ament_install'
[2.374s] Level 1:colcon.colcon_core.package_identification:_identify(src/amiga-ros2-bridge/venv/lib/python3.10/site-packages/numpy/_pyinstaller/tests/__pycache__) by extensions ['colcon_pkg']
[2.374s] Level 1:colcon.colcon_core.package_identification:_identify(src/amiga-ros2-bridge/venv/lib/python3.10/site-packages/numpy/_pyinstaller/tests/__pycache__) by extension 'colcon_pkg'
[2.374s] Level 1:colcon.colcon_core.package_identification:_identify(src/amiga-ros2-bridge/venv/lib/python3.10/site-packages/numpy/_pyinstaller/tests/__pycache__) by extensions ['colcon_meta']
[2.374s] Level 1:colcon.colcon_core.package_identification:_identify(src/amiga-ros2-bridge/venv/lib/python3.10/site-packages/numpy/_pyinstaller/tests/__pycache__) by extension 'colcon_meta'
[2.375s] Level 1:colcon.colcon_core.package_identification:_identify(src/amiga-ros2-bridge/venv/lib/python3.10/site-packages/numpy/_pyinstaller/tests/__pycache__) by extensions ['ros']
[2.375s] Level 1:colcon.colcon_core.package_identification:_identify(src/amiga-ros2-bridge/venv/lib/python3.10/site-packages/numpy/_pyinstaller/tests/__pycache__) by extension 'ros'
[2.375s] Level 1:colcon.colcon_core.package_identification:_identify(src/amiga-ros2-bridge/venv/lib/python3.10/site-packages/numpy/_pyinstaller/tests/__pycache__) by extensions ['cmake', 'python']
[2.375s] Level 1:colcon.colcon_core.package_identification:_identify(src/amiga-ros2-bridge/venv/lib/python3.10/site-packages/numpy/_pyinstaller/tests/__pycache__) by extension 'cmake'
[2.376s] Level 1:colcon.colcon_core.package_identification:_identify(src/amiga-ros2-bridge/venv/lib/python3.10/site-packages/numpy/_pyinstaller/tests/__pycache__) by extension 'python'
[2.376s] Level 1:colcon.colcon_core.package_identification:_identify(src/amiga-ros2-bridge/venv/lib/python3.10/site-packages/numpy/_pyinstaller/tests/__pycache__) by extensions ['python_setup_py']
[2.376s] Level 1:colcon.colcon_core.package_identification:_identify(src/amiga-ros2-bridge/venv/lib/python3.10/site-packages/numpy/_pyinstaller/tests/__pycache__) by extension 'python_setup_py'
[2.377s] Level 1:colcon.colcon_core.package_identification:_identify(src/amiga-ros2-bridge/venv/lib/python3.10/site-packages/numpy/_typing) by extensions ['ignore', 'ignore_ament_install']
[2.377s] Level 1:colcon.colcon_core.package_identification:_identify(src/amiga-ros2-bridge/venv/lib/python3.10/site-packages/numpy/_typing) by extension 'ignore'
[2.377s] Level 1:colcon.colcon_core.package_identification:_identify(src/amiga-ros2-bridge/venv/lib/python3.10/site-packages/numpy/_typing) by extension 'ignore_ament_install'
[2.377s] Level 1:colcon.colcon_core.package_identification:_identify(src/amiga-ros2-bridge/venv/lib/python3.10/site-packages/numpy/_typing) by extensions ['colcon_pkg']
[2.377s] Level 1:colcon.colcon_core.package_identification:_identify(src/amiga-ros2-bridge/venv/lib/python3.10/site-packages/numpy/_typing) by extension 'colcon_pkg'
[2.378s] Level 1:colcon.colcon_core.package_identification:_identify(src/amiga-ros2-bridge/venv/lib/python3.10/site-packages/numpy/_typing) by extensions ['colcon_meta']
[2.378s] Level 1:colcon.colcon_core.package_identification:_identify(src/amiga-ros2-bridge/venv/lib/python3.10/site-packages/numpy/_typing) by extension 'colcon_meta'
[2.378s] Level 1:colcon.colcon_core.package_identification:_identify(src/amiga-ros2-bridge/venv/lib/python3.10/site-packages/numpy/_typing) by extensions ['ros']
[2.378s] Level 1:colcon.colcon_core.package_identification:_identify(src/amiga-ros2-bridge/venv/lib/python3.10/site-packages/numpy/_typing) by extension 'ros'
[2.378s] Level 1:colcon.colcon_core.package_identification:_identify(src/amiga-ros2-bridge/venv/lib/python3.10/site-packages/numpy/_typing) by extensions ['cmake', 'python']
[2.379s] Level 1:colcon.colcon_core.package_identification:_identify(src/amiga-ros2-bridge/venv/lib/python3.10/site-packages/numpy/_typing) by extension 'cmake'
[2.379s] Level 1:colcon.colcon_core.package_identification:_identify(src/amiga-ros2-bridge/venv/lib/python3.10/site-packages/numpy/_typing) by extension 'python'
[2.379s] Level 1:colcon.colcon_core.package_identification:_identify(src/amiga-ros2-bridge/venv/lib/python3.10/site-packages/numpy/_typing) by extensions ['python_setup_py']
[2.379s] Level 1:colcon.colcon_core.package_identification:_identify(src/amiga-ros2-bridge/venv/lib/python3.10/site-packages/numpy/_typing) by extension 'python_setup_py'
[2.380s] Level 1:colcon.colcon_core.package_identification:_identify(src/amiga-ros2-bridge/venv/lib/python3.10/site-packages/numpy/_typing/__pycache__) by extensions ['ignore', 'ignore_ament_install']
[2.380s] Level 1:colcon.colcon_core.package_identification:_identify(src/amiga-ros2-bridge/venv/lib/python3.10/site-packages/numpy/_typing/__pycache__) by extension 'ignore'
[2.380s] Level 1:colcon.colcon_core.package_identification:_identify(src/amiga-ros2-bridge/venv/lib/python3.10/site-packages/numpy/_typing/__pycache__) by extension 'ignore_ament_install'
[2.381s] Level 1:colcon.colcon_core.package_identification:_identify(src/amiga-ros2-bridge/venv/lib/python3.10/site-packages/numpy/_typing/__pycache__) by extensions ['colcon_pkg']
[2.381s] Level 1:colcon.colcon_core.package_identification:_identify(src/amiga-ros2-bridge/venv/lib/python3.10/site-packages/numpy/_typing/__pycache__) by extension 'colcon_pkg'
[2.381s] Level 1:colcon.colcon_core.package_identification:_identify(src/amiga-ros2-bridge/venv/lib/python3.10/site-packages/numpy/_typing/__pycache__) by extensions ['colcon_meta']
[2.381s] Level 1:colcon.colcon_core.package_identification:_identify(src/amiga-ros2-bridge/venv/lib/python3.10/site-packages/numpy/_typing/__pycache__) by extension 'colcon_meta'
[2.381s] Level 1:colcon.colcon_core.package_identification:_identify(src/amiga-ros2-bridge/venv/lib/python3.10/site-packages/numpy/_typing/__pycache__) by extensions ['ros']
[2.381s] Level 1:colcon.colcon_core.package_identification:_identify(src/amiga-ros2-bridge/venv/lib/python3.10/site-packages/numpy/_typing/__pycache__) by extension 'ros'
[2.382s] Level 1:colcon.colcon_core.package_identification:_identify(src/amiga-ros2-bridge/venv/lib/python3.10/site-packages/numpy/_typing/__pycache__) by extensions ['cmake', 'python']
[2.382s] Level 1:colcon.colcon_core.package_identification:_identify(src/amiga-ros2-bridge/venv/lib/python3.10/site-packages/numpy/_typing/__pycache__) by extension 'cmake'
[2.382s] Level 1:colcon.colcon_core.package_identification:_identify(src/amiga-ros2-bridge/venv/lib/python3.10/site-packages/numpy/_typing/__pycache__) by extension 'python'
[2.382s] Level 1:colcon.colcon_core.package_identification:_identify(src/amiga-ros2-bridge/venv/lib/python3.10/site-packages/numpy/_typing/__pycache__) by extensions ['python_setup_py']
[2.382s] Level 1:colcon.colcon_core.package_identification:_identify(src/amiga-ros2-bridge/venv/lib/python3.10/site-packages/numpy/_typing/__pycache__) by extension 'python_setup_py'
[2.383s] Level 1:colcon.colcon_core.package_identification:_identify(src/amiga-ros2-bridge/venv/lib/python3.10/site-packages/numpy/_utils) by extensions ['ignore', 'ignore_ament_install']
[2.383s] Level 1:colcon.colcon_core.package_identification:_identify(src/amiga-ros2-bridge/venv/lib/python3.10/site-packages/numpy/_utils) by extension 'ignore'
[2.384s] Level 1:colcon.colcon_core.package_identification:_identify(src/amiga-ros2-bridge/venv/lib/python3.10/site-packages/numpy/_utils) by extension 'ignore_ament_install'
[2.384s] Level 1:colcon.colcon_core.package_identification:_identify(src/amiga-ros2-bridge/venv/lib/python3.10/site-packages/numpy/_utils) by extensions ['colcon_pkg']
[2.384s] Level 1:colcon.colcon_core.package_identification:_identify(src/amiga-ros2-bridge/venv/lib/python3.10/site-packages/numpy/_utils) by extension 'colcon_pkg'
[2.384s] Level 1:colcon.colcon_core.package_identification:_identify(src/amiga-ros2-bridge/venv/lib/python3.10/site-packages/numpy/_utils) by extensions ['colcon_meta']
[2.384s] Level 1:colcon.colcon_core.package_identification:_identify(src/amiga-ros2-bridge/venv/lib/python3.10/site-packages/numpy/_utils) by extension 'colcon_meta'
[2.385s] Level 1:colcon.colcon_core.package_identification:_identify(src/amiga-ros2-bridge/venv/lib/python3.10/site-packages/numpy/_utils) by extensions ['ros']
[2.385s] Level 1:colcon.colcon_core.package_identification:_identify(src/amiga-ros2-bridge/venv/lib/python3.10/site-packages/numpy/_utils) by extension 'ros'
[2.385s] Level 1:colcon.colcon_core.package_identification:_identify(src/amiga-ros2-bridge/venv/lib/python3.10/site-packages/numpy/_utils) by extensions ['cmake', 'python']
[2.385s] Level 1:colcon.colcon_core.package_identification:_identify(src/amiga-ros2-bridge/venv/lib/python3.10/site-packages/numpy/_utils) by extension 'cmake'
[2.385s] Level 1:colcon.colcon_core.package_identification:_identify(src/amiga-ros2-bridge/venv/lib/python3.10/site-packages/numpy/_utils) by extension 'python'
[2.385s] Level 1:colcon.colcon_core.package_identification:_identify(src/amiga-ros2-bridge/venv/lib/python3.10/site-packages/numpy/_utils) by extensions ['python_setup_py']
[2.386s] Level 1:colcon.colcon_core.package_identification:_identify(src/amiga-ros2-bridge/venv/lib/python3.10/site-packages/numpy/_utils) by extension 'python_setup_py'
[2.386s] Level 1:colcon.colcon_core.package_identification:_identify(src/amiga-ros2-bridge/venv/lib/python3.10/site-packages/numpy/_utils/__pycache__) by extensions ['ignore', 'ignore_ament_install']
[2.387s] Level 1:colcon.colcon_core.package_identification:_identify(src/amiga-ros2-bridge/venv/lib/python3.10/site-packages/numpy/_utils/__pycache__) by extension 'ignore'
[2.387s] Level 1:colcon.colcon_core.package_identification:_identify(src/amiga-ros2-bridge/venv/lib/python3.10/site-packages/numpy/_utils/__pycache__) by extension 'ignore_ament_install'
[2.387s] Level 1:colcon.colcon_core.package_identification:_identify(src/amiga-ros2-bridge/venv/lib/python3.10/site-packages/numpy/_utils/__pycache__) by extensions ['colcon_pkg']
[2.387s] Level 1:colcon.colcon_core.package_identification:_identify(src/amiga-ros2-bridge/venv/lib/python3.10/site-packages/numpy/_utils/__pycache__) by extension 'colcon_pkg'
[2.387s] Level 1:colcon.colcon_core.package_identification:_identify(src/amiga-ros2-bridge/venv/lib/python3.10/site-packages/numpy/_utils/__pycache__) by extensions ['colcon_meta']
[2.388s] Level 1:colcon.colcon_core.package_identification:_identify(src/amiga-ros2-bridge/venv/lib/python3.10/site-packages/numpy/_utils/__pycache__) by extension 'colcon_meta'
[2.388s] Level 1:colcon.colcon_core.package_identification:_identify(src/amiga-ros2-bridge/venv/lib/python3.10/site-packages/numpy/_utils/__pycache__) by extensions ['ros']
[2.388s] Level 1:colcon.colcon_core.package_identification:_identify(src/amiga-ros2-bridge/venv/lib/python3.10/site-packages/numpy/_utils/__pycache__) by extension 'ros'
[2.388s] Level 1:colcon.colcon_core.package_identification:_identify(src/amiga-ros2-bridge/venv/lib/python3.10/site-packages/numpy/_utils/__pycache__) by extensions ['cmake', 'python']
[2.388s] Level 1:colcon.colcon_core.package_identification:_identify(src/amiga-ros2-bridge/venv/lib/python3.10/site-packages/numpy/_utils/__pycache__) by extension 'cmake'
[2.389s] Level 1:colcon.colcon_core.package_identification:_identify(src/amiga-ros2-bridge/venv/lib/python3.10/site-packages/numpy/_utils/__pycache__) by extension 'python'
[2.389s] Level 1:colcon.colcon_core.package_identification:_identify(src/amiga-ros2-bridge/venv/lib/python3.10/site-packages/numpy/_utils/__pycache__) by extensions ['python_setup_py']
[2.389s] Level 1:colcon.colcon_core.package_identification:_identify(src/amiga-ros2-bridge/venv/lib/python3.10/site-packages/numpy/_utils/__pycache__) by extension 'python_setup_py'
[2.390s] Level 1:colcon.colcon_core.package_identification:_identify(src/amiga-ros2-bridge/venv/lib/python3.10/site-packages/numpy/char) by extensions ['ignore', 'ignore_ament_install']
[2.390s] Level 1:colcon.colcon_core.package_identification:_identify(src/amiga-ros2-bridge/venv/lib/python3.10/site-packages/numpy/char) by extension 'ignore'
[2.390s] Level 1:colcon.colcon_core.package_identification:_identify(src/amiga-ros2-bridge/venv/lib/python3.10/site-packages/numpy/char) by extension 'ignore_ament_install'
[2.390s] Level 1:colcon.colcon_core.package_identification:_identify(src/amiga-ros2-bridge/venv/lib/python3.10/site-packages/numpy/char) by extensions ['colcon_pkg']
[2.390s] Level 1:colcon.colcon_core.package_identification:_identify(src/amiga-ros2-bridge/venv/lib/python3.10/site-packages/numpy/char) by extension 'colcon_pkg'
[2.391s] Level 1:colcon.colcon_core.package_identification:_identify(src/amiga-ros2-bridge/venv/lib/python3.10/site-packages/numpy/char) by extensions ['colcon_meta']
[2.391s] Level 1:colcon.colcon_core.package_identification:_identify(src/amiga-ros2-bridge/venv/lib/python3.10/site-packages/numpy/char) by extension 'colcon_meta'
[2.391s] Level 1:colcon.colcon_core.package_identification:_identify(src/amiga-ros2-bridge/venv/lib/python3.10/site-packages/numpy/char) by extensions ['ros']
[2.391s] Level 1:colcon.colcon_core.package_identification:_identify(src/amiga-ros2-bridge/venv/lib/python3.10/site-packages/numpy/char) by extension 'ros'
[2.392s] Level 1:colcon.colcon_core.package_identification:_identify(src/amiga-ros2-bridge/venv/lib/python3.10/site-packages/numpy/char) by extensions ['cmake', 'python']
[2.392s] Level 1:colcon.colcon_core.package_identification:_identify(src/amiga-ros2-bridge/venv/lib/python3.10/site-packages/numpy/char) by extension 'cmake'
[2.392s] Level 1:colcon.colcon_core.package_identification:_identify(src/amiga-ros2-bridge/venv/lib/python3.10/site-packages/numpy/char) by extension 'python'
[2.392s] Level 1:colcon.colcon_core.package_identification:_identify(src/amiga-ros2-bridge/venv/lib/python3.10/site-packages/numpy/char) by extensions ['python_setup_py']
[2.392s] Level 1:colcon.colcon_core.package_identification:_identify(src/amiga-ros2-bridge/venv/lib/python3.10/site-packages/numpy/char) by extension 'python_setup_py'
[2.393s] Level 1:colcon.colcon_core.package_identification:_identify(src/amiga-ros2-bridge/venv/lib/python3.10/site-packages/numpy/char/__pycache__) by extensions ['ignore', 'ignore_ament_install']
[2.393s] Level 1:colcon.colcon_core.package_identification:_identify(src/amiga-ros2-bridge/venv/lib/python3.10/site-packages/numpy/char/__pycache__) by extension 'ignore'
[2.393s] Level 1:colcon.colcon_core.package_identification:_identify(src/amiga-ros2-bridge/venv/lib/python3.10/site-packages/numpy/char/__pycache__) by extension 'ignore_ament_install'
[2.394s] Level 1:colcon.colcon_core.package_identification:_identify(src/amiga-ros2-bridge/venv/lib/python3.10/site-packages/numpy/char/__pycache__) by extensions ['colcon_pkg']
[2.394s] Level 1:colcon.colcon_core.package_identification:_identify(src/amiga-ros2-bridge/venv/lib/python3.10/site-packages/numpy/char/__pycache__) by extension 'colcon_pkg'
[2.394s] Level 1:colcon.colcon_core.package_identification:_identify(src/amiga-ros2-bridge/venv/lib/python3.10/site-packages/numpy/char/__pycache__) by extensions ['colcon_meta']
[2.394s] Level 1:colcon.colcon_core.package_identification:_identify(src/amiga-ros2-bridge/venv/lib/python3.10/site-packages/numpy/char/__pycache__) by extension 'colcon_meta'
[2.394s] Level 1:colcon.colcon_core.package_identification:_identify(src/amiga-ros2-bridge/venv/lib/python3.10/site-packages/numpy/char/__pycache__) by extensions ['ros']
[2.394s] Level 1:colcon.colcon_core.package_identification:_identify(src/amiga-ros2-bridge/venv/lib/python3.10/site-packages/numpy/char/__pycache__) by extension 'ros'
[2.395s] Level 1:colcon.colcon_core.package_identification:_identify(src/amiga-ros2-bridge/venv/lib/python3.10/site-packages/numpy/char/__pycache__) by extensions ['cmake', 'python']
[2.395s] Level 1:colcon.colcon_core.package_identification:_identify(src/amiga-ros2-bridge/venv/lib/python3.10/site-packages/numpy/char/__pycache__) by extension 'cmake'
[2.395s] Level 1:colcon.colcon_core.package_identification:_identify(src/amiga-ros2-bridge/venv/lib/python3.10/site-packages/numpy/char/__pycache__) by extension 'python'
[2.395s] Level 1:colcon.colcon_core.package_identification:_identify(src/amiga-ros2-bridge/venv/lib/python3.10/site-packages/numpy/char/__pycache__) by extensions ['python_setup_py']
[2.395s] Level 1:colcon.colcon_core.package_identification:_identify(src/amiga-ros2-bridge/venv/lib/python3.10/site-packages/numpy/char/__pycache__) by extension 'python_setup_py'
[2.396s] Level 1:colcon.colcon_core.package_identification:_identify(src/amiga-ros2-bridge/venv/lib/python3.10/site-packages/numpy/compat) by extensions ['ignore', 'ignore_ament_install']
[2.396s] Level 1:colcon.colcon_core.package_identification:_identify(src/amiga-ros2-bridge/venv/lib/python3.10/site-packages/numpy/compat) by extension 'ignore'
[2.396s] Level 1:colcon.colcon_core.package_identification:_identify(src/amiga-ros2-bridge/venv/lib/python3.10/site-packages/numpy/compat) by extension 'ignore_ament_install'
[2.397s] Level 1:colcon.colcon_core.package_identification:_identify(src/amiga-ros2-bridge/venv/lib/python3.10/site-packages/numpy/compat) by extensions ['colcon_pkg']
[2.397s] Level 1:colcon.colcon_core.package_identification:_identify(src/amiga-ros2-bridge/venv/lib/python3.10/site-packages/numpy/compat) by extension 'colcon_pkg'
[2.397s] Level 1:colcon.colcon_core.package_identification:_identify(src/amiga-ros2-bridge/venv/lib/python3.10/site-packages/numpy/compat) by extensions ['colcon_meta']
[2.397s] Level 1:colcon.colcon_core.package_identification:_identify(src/amiga-ros2-bridge/venv/lib/python3.10/site-packages/numpy/compat) by extension 'colcon_meta'
[2.397s] Level 1:colcon.colcon_core.package_identification:_identify(src/amiga-ros2-bridge/venv/lib/python3.10/site-packages/numpy/compat) by extensions ['ros']
[2.398s] Level 1:colcon.colcon_core.package_identification:_identify(src/amiga-ros2-bridge/venv/lib/python3.10/site-packages/numpy/compat) by extension 'ros'
[2.398s] Level 1:colcon.colcon_core.package_identification:_identify(src/amiga-ros2-bridge/venv/lib/python3.10/site-packages/numpy/compat) by extensions ['cmake', 'python']
[2.398s] Level 1:colcon.colcon_core.package_identification:_identify(src/amiga-ros2-bridge/venv/lib/python3.10/site-packages/numpy/compat) by extension 'cmake'
[2.398s] Level 1:colcon.colcon_core.package_identification:_identify(src/amiga-ros2-bridge/venv/lib/python3.10/site-packages/numpy/compat) by extension 'python'
[2.398s] Level 1:colcon.colcon_core.package_identification:_identify(src/amiga-ros2-bridge/venv/lib/python3.10/site-packages/numpy/compat) by extensions ['python_setup_py']
[2.398s] Level 1:colcon.colcon_core.package_identification:_identify(src/amiga-ros2-bridge/venv/lib/python3.10/site-packages/numpy/compat) by extension 'python_setup_py'
[2.399s] Level 1:colcon.colcon_core.package_identification:_identify(src/amiga-ros2-bridge/venv/lib/python3.10/site-packages/numpy/compat/__pycache__) by extensions ['ignore', 'ignore_ament_install']
[2.399s] Level 1:colcon.colcon_core.package_identification:_identify(src/amiga-ros2-bridge/venv/lib/python3.10/site-packages/numpy/compat/__pycache__) by extension 'ignore'
[2.400s] Level 1:colcon.colcon_core.package_identification:_identify(src/amiga-ros2-bridge/venv/lib/python3.10/site-packages/numpy/compat/__pycache__) by extension 'ignore_ament_install'
[2.400s] Level 1:colcon.colcon_core.package_identification:_identify(src/amiga-ros2-bridge/venv/lib/python3.10/site-packages/numpy/compat/__pycache__) by extensions ['colcon_pkg']
[2.400s] Level 1:colcon.colcon_core.package_identification:_identify(src/amiga-ros2-bridge/venv/lib/python3.10/site-packages/numpy/compat/__pycache__) by extension 'colcon_pkg'
[2.400s] Level 1:colcon.colcon_core.package_identification:_identify(src/amiga-ros2-bridge/venv/lib/python3.10/site-packages/numpy/compat/__pycache__) by extensions ['colcon_meta']
[2.400s] Level 1:colcon.colcon_core.package_identification:_identify(src/amiga-ros2-bridge/venv/lib/python3.10/site-packages/numpy/compat/__pycache__) by extension 'colcon_meta'
[2.401s] Level 1:colcon.colcon_core.package_identification:_identify(src/amiga-ros2-bridge/venv/lib/python3.10/site-packages/numpy/compat/__pycache__) by extensions ['ros']
[2.401s] Level 1:colcon.colcon_core.package_identification:_identify(src/amiga-ros2-bridge/venv/lib/python3.10/site-packages/numpy/compat/__pycache__) by extension 'ros'
[2.401s] Level 1:colcon.colcon_core.package_identification:_identify(src/amiga-ros2-bridge/venv/lib/python3.10/site-packages/numpy/compat/__pycache__) by extensions ['cmake', 'python']
[2.401s] Level 1:colcon.colcon_core.package_identification:_identify(src/amiga-ros2-bridge/venv/lib/python3.10/site-packages/numpy/compat/__pycache__) by extension 'cmake'
[2.401s] Level 1:colcon.colcon_core.package_identification:_identify(src/amiga-ros2-bridge/venv/lib/python3.10/site-packages/numpy/compat/__pycache__) by extension 'python'
[2.402s] Level 1:colcon.colcon_core.package_identification:_identify(src/amiga-ros2-bridge/venv/lib/python3.10/site-packages/numpy/compat/__pycache__) by extensions ['python_setup_py']
[2.402s] Level 1:colcon.colcon_core.package_identification:_identify(src/amiga-ros2-bridge/venv/lib/python3.10/site-packages/numpy/compat/__pycache__) by extension 'python_setup_py'
[2.402s] Level 1:colcon.colcon_core.package_identification:_identify(src/amiga-ros2-bridge/venv/lib/python3.10/site-packages/numpy/compat/tests) by extensions ['ignore', 'ignore_ament_install']
[2.403s] Level 1:colcon.colcon_core.package_identification:_identify(src/amiga-ros2-bridge/venv/lib/python3.10/site-packages/numpy/compat/tests) by extension 'ignore'
[2.403s] Level 1:colcon.colcon_core.package_identification:_identify(src/amiga-ros2-bridge/venv/lib/python3.10/site-packages/numpy/compat/tests) by extension 'ignore_ament_install'
[2.403s] Level 1:colcon.colcon_core.package_identification:_identify(src/amiga-ros2-bridge/venv/lib/python3.10/site-packages/numpy/compat/tests) by extensions ['colcon_pkg']
[2.403s] Level 1:colcon.colcon_core.package_identification:_identify(src/amiga-ros2-bridge/venv/lib/python3.10/site-packages/numpy/compat/tests) by extension 'colcon_pkg'
[2.403s] Level 1:colcon.colcon_core.package_identification:_identify(src/amiga-ros2-bridge/venv/lib/python3.10/site-packages/numpy/compat/tests) by extensions ['colcon_meta']
[2.404s] Level 1:colcon.colcon_core.package_identification:_identify(src/amiga-ros2-bridge/venv/lib/python3.10/site-packages/numpy/compat/tests) by extension 'colcon_meta'
[2.404s] Level 1:colcon.colcon_core.package_identification:_identify(src/amiga-ros2-bridge/venv/lib/python3.10/site-packages/numpy/compat/tests) by extensions ['ros']
[2.404s] Level 1:colcon.colcon_core.package_identification:_identify(src/amiga-ros2-bridge/venv/lib/python3.10/site-packages/numpy/compat/tests) by extension 'ros'
[2.404s] Level 1:colcon.colcon_core.package_identification:_identify(src/amiga-ros2-bridge/venv/lib/python3.10/site-packages/numpy/compat/tests) by extensions ['cmake', 'python']
[2.404s] Level 1:colcon.colcon_core.package_identification:_identify(src/amiga-ros2-bridge/venv/lib/python3.10/site-packages/numpy/compat/tests) by extension 'cmake'
[2.405s] Level 1:colcon.colcon_core.package_identification:_identify(src/amiga-ros2-bridge/venv/lib/python3.10/site-packages/numpy/compat/tests) by extension 'python'
[2.405s] Level 1:colcon.colcon_core.package_identification:_identify(src/amiga-ros2-bridge/venv/lib/python3.10/site-packages/numpy/compat/tests) by extensions ['python_setup_py']
[2.405s] Level 1:colcon.colcon_core.package_identification:_identify(src/amiga-ros2-bridge/venv/lib/python3.10/site-packages/numpy/compat/tests) by extension 'python_setup_py'
[2.406s] Level 1:colcon.colcon_core.package_identification:_identify(src/amiga-ros2-bridge/venv/lib/python3.10/site-packages/numpy/compat/tests/__pycache__) by extensions ['ignore', 'ignore_ament_install']
[2.406s] Level 1:colcon.colcon_core.package_identification:_identify(src/amiga-ros2-bridge/venv/lib/python3.10/site-packages/numpy/compat/tests/__pycache__) by extension 'ignore'
[2.406s] Level 1:colcon.colcon_core.package_identification:_identify(src/amiga-ros2-bridge/venv/lib/python3.10/site-packages/numpy/compat/tests/__pycache__) by extension 'ignore_ament_install'
[2.406s] Level 1:colcon.colcon_core.package_identification:_identify(src/amiga-ros2-bridge/venv/lib/python3.10/site-packages/numpy/compat/tests/__pycache__) by extensions ['colcon_pkg']
[2.407s] Level 1:colcon.colcon_core.package_identification:_identify(src/amiga-ros2-bridge/venv/lib/python3.10/site-packages/numpy/compat/tests/__pycache__) by extension 'colcon_pkg'
[2.407s] Level 1:colcon.colcon_core.package_identification:_identify(src/amiga-ros2-bridge/venv/lib/python3.10/site-packages/numpy/compat/tests/__pycache__) by extensions ['colcon_meta']
[2.407s] Level 1:colcon.colcon_core.package_identification:_identify(src/amiga-ros2-bridge/venv/lib/python3.10/site-packages/numpy/compat/tests/__pycache__) by extension 'colcon_meta'
[2.407s] Level 1:colcon.colcon_core.package_identification:_identify(src/amiga-ros2-bridge/venv/lib/python3.10/site-packages/numpy/compat/tests/__pycache__) by extensions ['ros']
[2.407s] Level 1:colcon.colcon_core.package_identification:_identify(src/amiga-ros2-bridge/venv/lib/python3.10/site-packages/numpy/compat/tests/__pycache__) by extension 'ros'
[2.408s] Level 1:colcon.colcon_core.package_identification:_identify(src/amiga-ros2-bridge/venv/lib/python3.10/site-packages/numpy/compat/tests/__pycache__) by extensions ['cmake', 'python']
[2.408s] Level 1:colcon.colcon_core.package_identification:_identify(src/amiga-ros2-bridge/venv/lib/python3.10/site-packages/numpy/compat/tests/__pycache__) by extension 'cmake'
[2.408s] Level 1:colcon.colcon_core.package_identification:_identify(src/amiga-ros2-bridge/venv/lib/python3.10/site-packages/numpy/compat/tests/__pycache__) by extension 'python'
[2.408s] Level 1:colcon.colcon_core.package_identification:_identify(src/amiga-ros2-bridge/venv/lib/python3.10/site-packages/numpy/compat/tests/__pycache__) by extensions ['python_setup_py']
[2.408s] Level 1:colcon.colcon_core.package_identification:_identify(src/amiga-ros2-bridge/venv/lib/python3.10/site-packages/numpy/compat/tests/__pycache__) by extension 'python_setup_py'
[2.409s] Level 1:colcon.colcon_core.package_identification:_identify(src/amiga-ros2-bridge/venv/lib/python3.10/site-packages/numpy/core) by extensions ['ignore', 'ignore_ament_install']
[2.409s] Level 1:colcon.colcon_core.package_identification:_identify(src/amiga-ros2-bridge/venv/lib/python3.10/site-packages/numpy/core) by extension 'ignore'
[2.409s] Level 1:colcon.colcon_core.package_identification:_identify(src/amiga-ros2-bridge/venv/lib/python3.10/site-packages/numpy/core) by extension 'ignore_ament_install'
[2.410s] Level 1:colcon.colcon_core.package_identification:_identify(src/amiga-ros2-bridge/venv/lib/python3.10/site-packages/numpy/core) by extensions ['colcon_pkg']
[2.410s] Level 1:colcon.colcon_core.package_identification:_identify(src/amiga-ros2-bridge/venv/lib/python3.10/site-packages/numpy/core) by extension 'colcon_pkg'
[2.410s] Level 1:colcon.colcon_core.package_identification:_identify(src/amiga-ros2-bridge/venv/lib/python3.10/site-packages/numpy/core) by extensions ['colcon_meta']
[2.410s] Level 1:colcon.colcon_core.package_identification:_identify(src/amiga-ros2-bridge/venv/lib/python3.10/site-packages/numpy/core) by extension 'colcon_meta'
[2.410s] Level 1:colcon.colcon_core.package_identification:_identify(src/amiga-ros2-bridge/venv/lib/python3.10/site-packages/numpy/core) by extensions ['ros']
[2.410s] Level 1:colcon.colcon_core.package_identification:_identify(src/amiga-ros2-bridge/venv/lib/python3.10/site-packages/numpy/core) by extension 'ros'
[2.411s] Level 1:colcon.colcon_core.package_identification:_identify(src/amiga-ros2-bridge/venv/lib/python3.10/site-packages/numpy/core) by extensions ['cmake', 'python']
[2.411s] Level 1:colcon.colcon_core.package_identification:_identify(src/amiga-ros2-bridge/venv/lib/python3.10/site-packages/numpy/core) by extension 'cmake'
[2.411s] Level 1:colcon.colcon_core.package_identification:_identify(src/amiga-ros2-bridge/venv/lib/python3.10/site-packages/numpy/core) by extension 'python'
[2.411s] Level 1:colcon.colcon_core.package_identification:_identify(src/amiga-ros2-bridge/venv/lib/python3.10/site-packages/numpy/core) by extensions ['python_setup_py']
[2.411s] Level 1:colcon.colcon_core.package_identification:_identify(src/amiga-ros2-bridge/venv/lib/python3.10/site-packages/numpy/core) by extension 'python_setup_py'
[2.412s] Level 1:colcon.colcon_core.package_identification:_identify(src/amiga-ros2-bridge/venv/lib/python3.10/site-packages/numpy/core/__pycache__) by extensions ['ignore', 'ignore_ament_install']
[2.412s] Level 1:colcon.colcon_core.package_identification:_identify(src/amiga-ros2-bridge/venv/lib/python3.10/site-packages/numpy/core/__pycache__) by extension 'ignore'
[2.413s] Level 1:colcon.colcon_core.package_identification:_identify(src/amiga-ros2-bridge/venv/lib/python3.10/site-packages/numpy/core/__pycache__) by extension 'ignore_ament_install'
[2.413s] Level 1:colcon.colcon_core.package_identification:_identify(src/amiga-ros2-bridge/venv/lib/python3.10/site-packages/numpy/core/__pycache__) by extensions ['colcon_pkg']
[2.413s] Level 1:colcon.colcon_core.package_identification:_identify(src/amiga-ros2-bridge/venv/lib/python3.10/site-packages/numpy/core/__pycache__) by extension 'colcon_pkg'
[2.413s] Level 1:colcon.colcon_core.package_identification:_identify(src/amiga-ros2-bridge/venv/lib/python3.10/site-packages/numpy/core/__pycache__) by extensions ['colcon_meta']
[2.413s] Level 1:colcon.colcon_core.package_identification:_identify(src/amiga-ros2-bridge/venv/lib/python3.10/site-packages/numpy/core/__pycache__) by extension 'colcon_meta'
[2.414s] Level 1:colcon.colcon_core.package_identification:_identify(src/amiga-ros2-bridge/venv/lib/python3.10/site-packages/numpy/core/__pycache__) by extensions ['ros']
[2.414s] Level 1:colcon.colcon_core.package_identification:_identify(src/amiga-ros2-bridge/venv/lib/python3.10/site-packages/numpy/core/__pycache__) by extension 'ros'
[2.414s] Level 1:colcon.colcon_core.package_identification:_identify(src/amiga-ros2-bridge/venv/lib/python3.10/site-packages/numpy/core/__pycache__) by extensions ['cmake', 'python']
[2.414s] Level 1:colcon.colcon_core.package_identification:_identify(src/amiga-ros2-bridge/venv/lib/python3.10/site-packages/numpy/core/__pycache__) by extension 'cmake'
[2.414s] Level 1:colcon.colcon_core.package_identification:_identify(src/amiga-ros2-bridge/venv/lib/python3.10/site-packages/numpy/core/__pycache__) by extension 'python'
[2.415s] Level 1:colcon.colcon_core.package_identification:_identify(src/amiga-ros2-bridge/venv/lib/python3.10/site-packages/numpy/core/__pycache__) by extensions ['python_setup_py']
[2.415s] Level 1:colcon.colcon_core.package_identification:_identify(src/amiga-ros2-bridge/venv/lib/python3.10/site-packages/numpy/core/__pycache__) by extension 'python_setup_py'
[2.415s] Level 1:colcon.colcon_core.package_identification:_identify(src/amiga-ros2-bridge/venv/lib/python3.10/site-packages/numpy/distutils) by extensions ['ignore', 'ignore_ament_install']
[2.416s] Level 1:colcon.colcon_core.package_identification:_identify(src/amiga-ros2-bridge/venv/lib/python3.10/site-packages/numpy/distutils) by extension 'ignore'
[2.416s] Level 1:colcon.colcon_core.package_identification:_identify(src/amiga-ros2-bridge/venv/lib/python3.10/site-packages/numpy/distutils) by extension 'ignore_ament_install'
[2.416s] Level 1:colcon.colcon_core.package_identification:_identify(src/amiga-ros2-bridge/venv/lib/python3.10/site-packages/numpy/distutils) by extensions ['colcon_pkg']
[2.416s] Level 1:colcon.colcon_core.package_identification:_identify(src/amiga-ros2-bridge/venv/lib/python3.10/site-packages/numpy/distutils) by extension 'colcon_pkg'
[2.417s] Level 1:colcon.colcon_core.package_identification:_identify(src/amiga-ros2-bridge/venv/lib/python3.10/site-packages/numpy/distutils) by extensions ['colcon_meta']
[2.417s] Level 1:colcon.colcon_core.package_identification:_identify(src/amiga-ros2-bridge/venv/lib/python3.10/site-packages/numpy/distutils) by extension 'colcon_meta'
[2.417s] Level 1:colcon.colcon_core.package_identification:_identify(src/amiga-ros2-bridge/venv/lib/python3.10/site-packages/numpy/distutils) by extensions ['ros']
[2.417s] Level 1:colcon.colcon_core.package_identification:_identify(src/amiga-ros2-bridge/venv/lib/python3.10/site-packages/numpy/distutils) by extension 'ros'
[2.417s] Level 1:colcon.colcon_core.package_identification:_identify(src/amiga-ros2-bridge/venv/lib/python3.10/site-packages/numpy/distutils) by extensions ['cmake', 'python']
[2.417s] Level 1:colcon.colcon_core.package_identification:_identify(src/amiga-ros2-bridge/venv/lib/python3.10/site-packages/numpy/distutils) by extension 'cmake'
[2.418s] Level 1:colcon.colcon_core.package_identification:_identify(src/amiga-ros2-bridge/venv/lib/python3.10/site-packages/numpy/distutils) by extension 'python'
[2.418s] Level 1:colcon.colcon_core.package_identification:_identify(src/amiga-ros2-bridge/venv/lib/python3.10/site-packages/numpy/distutils) by extensions ['python_setup_py']
[2.418s] Level 1:colcon.colcon_core.package_identification:_identify(src/amiga-ros2-bridge/venv/lib/python3.10/site-packages/numpy/distutils) by extension 'python_setup_py'
[2.419s] Level 1:colcon.colcon_core.package_identification:_identify(src/amiga-ros2-bridge/venv/lib/python3.10/site-packages/numpy/distutils/__pycache__) by extensions ['ignore', 'ignore_ament_install']
[2.419s] Level 1:colcon.colcon_core.package_identification:_identify(src/amiga-ros2-bridge/venv/lib/python3.10/site-packages/numpy/distutils/__pycache__) by extension 'ignore'
[2.419s] Level 1:colcon.colcon_core.package_identification:_identify(src/amiga-ros2-bridge/venv/lib/python3.10/site-packages/numpy/distutils/__pycache__) by extension 'ignore_ament_install'
[2.420s] Level 1:colcon.colcon_core.package_identification:_identify(src/amiga-ros2-bridge/venv/lib/python3.10/site-packages/numpy/distutils/__pycache__) by extensions ['colcon_pkg']
[2.420s] Level 1:colcon.colcon_core.package_identification:_identify(src/amiga-ros2-bridge/venv/lib/python3.10/site-packages/numpy/distutils/__pycache__) by extension 'colcon_pkg'
[2.420s] Level 1:colcon.colcon_core.package_identification:_identify(src/amiga-ros2-bridge/venv/lib/python3.10/site-packages/numpy/distutils/__pycache__) by extensions ['colcon_meta']
[2.420s] Level 1:colcon.colcon_core.package_identification:_identify(src/amiga-ros2-bridge/venv/lib/python3.10/site-packages/numpy/distutils/__pycache__) by extension 'colcon_meta'
[2.420s] Level 1:colcon.colcon_core.package_identification:_identify(src/amiga-ros2-bridge/venv/lib/python3.10/site-packages/numpy/distutils/__pycache__) by extensions ['ros']
[2.420s] Level 1:colcon.colcon_core.package_identification:_identify(src/amiga-ros2-bridge/venv/lib/python3.10/site-packages/numpy/distutils/__pycache__) by extension 'ros'
[2.421s] Level 1:colcon.colcon_core.package_identification:_identify(src/amiga-ros2-bridge/venv/lib/python3.10/site-packages/numpy/distutils/__pycache__) by extensions ['cmake', 'python']
[2.421s] Level 1:colcon.colcon_core.package_identification:_identify(src/amiga-ros2-bridge/venv/lib/python3.10/site-packages/numpy/distutils/__pycache__) by extension 'cmake'
[2.421s] Level 1:colcon.colcon_core.package_identification:_identify(src/amiga-ros2-bridge/venv/lib/python3.10/site-packages/numpy/distutils/__pycache__) by extension 'python'
[2.421s] Level 1:colcon.colcon_core.package_identification:_identify(src/amiga-ros2-bridge/venv/lib/python3.10/site-packages/numpy/distutils/__pycache__) by extensions ['python_setup_py']
[2.421s] Level 1:colcon.colcon_core.package_identification:_identify(src/amiga-ros2-bridge/venv/lib/python3.10/site-packages/numpy/distutils/__pycache__) by extension 'python_setup_py'
[2.422s] Level 1:colcon.colcon_core.package_identification:_identify(src/amiga-ros2-bridge/venv/lib/python3.10/site-packages/numpy/distutils/checks) by extensions ['ignore', 'ignore_ament_install']
[2.422s] Level 1:colcon.colcon_core.package_identification:_identify(src/amiga-ros2-bridge/venv/lib/python3.10/site-packages/numpy/distutils/checks) by extension 'ignore'
[2.423s] Level 1:colcon.colcon_core.package_identification:_identify(src/amiga-ros2-bridge/venv/lib/python3.10/site-packages/numpy/distutils/checks) by extension 'ignore_ament_install'
[2.423s] Level 1:colcon.colcon_core.package_identification:_identify(src/amiga-ros2-bridge/venv/lib/python3.10/site-packages/numpy/distutils/checks) by extensions ['colcon_pkg']
[2.423s] Level 1:colcon.colcon_core.package_identification:_identify(src/amiga-ros2-bridge/venv/lib/python3.10/site-packages/numpy/distutils/checks) by extension 'colcon_pkg'
[2.423s] Level 1:colcon.colcon_core.package_identification:_identify(src/amiga-ros2-bridge/venv/lib/python3.10/site-packages/numpy/distutils/checks) by extensions ['colcon_meta']
[2.423s] Level 1:colcon.colcon_core.package_identification:_identify(src/amiga-ros2-bridge/venv/lib/python3.10/site-packages/numpy/distutils/checks) by extension 'colcon_meta'
[2.424s] Level 1:colcon.colcon_core.package_identification:_identify(src/amiga-ros2-bridge/venv/lib/python3.10/site-packages/numpy/distutils/checks) by extensions ['ros']
[2.424s] Level 1:colcon.colcon_core.package_identification:_identify(src/amiga-ros2-bridge/venv/lib/python3.10/site-packages/numpy/distutils/checks) by extension 'ros'
[2.424s] Level 1:colcon.colcon_core.package_identification:_identify(src/amiga-ros2-bridge/venv/lib/python3.10/site-packages/numpy/distutils/checks) by extensions ['cmake', 'python']
[2.424s] Level 1:colcon.colcon_core.package_identification:_identify(src/amiga-ros2-bridge/venv/lib/python3.10/site-packages/numpy/distutils/checks) by extension 'cmake'
[2.424s] Level 1:colcon.colcon_core.package_identification:_identify(src/amiga-ros2-bridge/venv/lib/python3.10/site-packages/numpy/distutils/checks) by extension 'python'
[2.425s] Level 1:colcon.colcon_core.package_identification:_identify(src/amiga-ros2-bridge/venv/lib/python3.10/site-packages/numpy/distutils/checks) by extensions ['python_setup_py']
[2.425s] Level 1:colcon.colcon_core.package_identification:_identify(src/amiga-ros2-bridge/venv/lib/python3.10/site-packages/numpy/distutils/checks) by extension 'python_setup_py'
[2.425s] Level 1:colcon.colcon_core.package_identification:_identify(src/amiga-ros2-bridge/venv/lib/python3.10/site-packages/numpy/distutils/command) by extensions ['ignore', 'ignore_ament_install']
[2.426s] Level 1:colcon.colcon_core.package_identification:_identify(src/amiga-ros2-bridge/venv/lib/python3.10/site-packages/numpy/distutils/command) by extension 'ignore'
[2.426s] Level 1:colcon.colcon_core.package_identification:_identify(src/amiga-ros2-bridge/venv/lib/python3.10/site-packages/numpy/distutils/command) by extension 'ignore_ament_install'
[2.426s] Level 1:colcon.colcon_core.package_identification:_identify(src/amiga-ros2-bridge/venv/lib/python3.10/site-packages/numpy/distutils/command) by extensions ['colcon_pkg']
[2.426s] Level 1:colcon.colcon_core.package_identification:_identify(src/amiga-ros2-bridge/venv/lib/python3.10/site-packages/numpy/distutils/command) by extension 'colcon_pkg'
[2.426s] Level 1:colcon.colcon_core.package_identification:_identify(src/amiga-ros2-bridge/venv/lib/python3.10/site-packages/numpy/distutils/command) by extensions ['colcon_meta']
[2.427s] Level 1:colcon.colcon_core.package_identification:_identify(src/amiga-ros2-bridge/venv/lib/python3.10/site-packages/numpy/distutils/command) by extension 'colcon_meta'
[2.427s] Level 1:colcon.colcon_core.package_identification:_identify(src/amiga-ros2-bridge/venv/lib/python3.10/site-packages/numpy/distutils/command) by extensions ['ros']
[2.427s] Level 1:colcon.colcon_core.package_identification:_identify(src/amiga-ros2-bridge/venv/lib/python3.10/site-packages/numpy/distutils/command) by extension 'ros'
[2.427s] Level 1:colcon.colcon_core.package_identification:_identify(src/amiga-ros2-bridge/venv/lib/python3.10/site-packages/numpy/distutils/command) by extensions ['cmake', 'python']
[2.427s] Level 1:colcon.colcon_core.package_identification:_identify(src/amiga-ros2-bridge/venv/lib/python3.10/site-packages/numpy/distutils/command) by extension 'cmake'
[2.428s] Level 1:colcon.colcon_core.package_identification:_identify(src/amiga-ros2-bridge/venv/lib/python3.10/site-packages/numpy/distutils/command) by extension 'python'
[2.428s] Level 1:colcon.colcon_core.package_identification:_identify(src/amiga-ros2-bridge/venv/lib/python3.10/site-packages/numpy/distutils/command) by extensions ['python_setup_py']
[2.428s] Level 1:colcon.colcon_core.package_identification:_identify(src/amiga-ros2-bridge/venv/lib/python3.10/site-packages/numpy/distutils/command) by extension 'python_setup_py'
[2.429s] Level 1:colcon.colcon_core.package_identification:_identify(src/amiga-ros2-bridge/venv/lib/python3.10/site-packages/numpy/distutils/command/__pycache__) by extensions ['ignore', 'ignore_ament_install']
[2.429s] Level 1:colcon.colcon_core.package_identification:_identify(src/amiga-ros2-bridge/venv/lib/python3.10/site-packages/numpy/distutils/command/__pycache__) by extension 'ignore'
[2.429s] Level 1:colcon.colcon_core.package_identification:_identify(src/amiga-ros2-bridge/venv/lib/python3.10/site-packages/numpy/distutils/command/__pycache__) by extension 'ignore_ament_install'
[2.429s] Level 1:colcon.colcon_core.package_identification:_identify(src/amiga-ros2-bridge/venv/lib/python3.10/site-packages/numpy/distutils/command/__pycache__) by extensions ['colcon_pkg']
[2.430s] Level 1:colcon.colcon_core.package_identification:_identify(src/amiga-ros2-bridge/venv/lib/python3.10/site-packages/numpy/distutils/command/__pycache__) by extension 'colcon_pkg'
[2.430s] Level 1:colcon.colcon_core.package_identification:_identify(src/amiga-ros2-bridge/venv/lib/python3.10/site-packages/numpy/distutils/command/__pycache__) by extensions ['colcon_meta']
[2.430s] Level 1:colcon.colcon_core.package_identification:_identify(src/amiga-ros2-bridge/venv/lib/python3.10/site-packages/numpy/distutils/command/__pycache__) by extension 'colcon_meta'
[2.430s] Level 1:colcon.colcon_core.package_identification:_identify(src/amiga-ros2-bridge/venv/lib/python3.10/site-packages/numpy/distutils/command/__pycache__) by extensions ['ros']
[2.430s] Level 1:colcon.colcon_core.package_identification:_identify(src/amiga-ros2-bridge/venv/lib/python3.10/site-packages/numpy/distutils/command/__pycache__) by extension 'ros'
[2.431s] Level 1:colcon.colcon_core.package_identification:_identify(src/amiga-ros2-bridge/venv/lib/python3.10/site-packages/numpy/distutils/command/__pycache__) by extensions ['cmake', 'python']
[2.431s] Level 1:colcon.colcon_core.package_identification:_identify(src/amiga-ros2-bridge/venv/lib/python3.10/site-packages/numpy/distutils/command/__pycache__) by extension 'cmake'
[2.431s] Level 1:colcon.colcon_core.package_identification:_identify(src/amiga-ros2-bridge/venv/lib/python3.10/site-packages/numpy/distutils/command/__pycache__) by extension 'python'
[2.431s] Level 1:colcon.colcon_core.package_identification:_identify(src/amiga-ros2-bridge/venv/lib/python3.10/site-packages/numpy/distutils/command/__pycache__) by extensions ['python_setup_py']
[2.431s] Level 1:colcon.colcon_core.package_identification:_identify(src/amiga-ros2-bridge/venv/lib/python3.10/site-packages/numpy/distutils/command/__pycache__) by extension 'python_setup_py'
[2.432s] Level 1:colcon.colcon_core.package_identification:_identify(src/amiga-ros2-bridge/venv/lib/python3.10/site-packages/numpy/distutils/fcompiler) by extensions ['ignore', 'ignore_ament_install']
[2.432s] Level 1:colcon.colcon_core.package_identification:_identify(src/amiga-ros2-bridge/venv/lib/python3.10/site-packages/numpy/distutils/fcompiler) by extension 'ignore'
[2.433s] Level 1:colcon.colcon_core.package_identification:_identify(src/amiga-ros2-bridge/venv/lib/python3.10/site-packages/numpy/distutils/fcompiler) by extension 'ignore_ament_install'
[2.433s] Level 1:colcon.colcon_core.package_identification:_identify(src/amiga-ros2-bridge/venv/lib/python3.10/site-packages/numpy/distutils/fcompiler) by extensions ['colcon_pkg']
[2.433s] Level 1:colcon.colcon_core.package_identification:_identify(src/amiga-ros2-bridge/venv/lib/python3.10/site-packages/numpy/distutils/fcompiler) by extension 'colcon_pkg'
[2.433s] Level 1:colcon.colcon_core.package_identification:_identify(src/amiga-ros2-bridge/venv/lib/python3.10/site-packages/numpy/distutils/fcompiler) by extensions ['colcon_meta']
[2.433s] Level 1:colcon.colcon_core.package_identification:_identify(src/amiga-ros2-bridge/venv/lib/python3.10/site-packages/numpy/distutils/fcompiler) by extension 'colcon_meta'
[2.433s] Level 1:colcon.colcon_core.package_identification:_identify(src/amiga-ros2-bridge/venv/lib/python3.10/site-packages/numpy/distutils/fcompiler) by extensions ['ros']
[2.434s] Level 1:colcon.colcon_core.package_identification:_identify(src/amiga-ros2-bridge/venv/lib/python3.10/site-packages/numpy/distutils/fcompiler) by extension 'ros'
[2.434s] Level 1:colcon.colcon_core.package_identification:_identify(src/amiga-ros2-bridge/venv/lib/python3.10/site-packages/numpy/distutils/fcompiler) by extensions ['cmake', 'python']
[2.434s] Level 1:colcon.colcon_core.package_identification:_identify(src/amiga-ros2-bridge/venv/lib/python3.10/site-packages/numpy/distutils/fcompiler) by extension 'cmake'
[2.434s] Level 1:colcon.colcon_core.package_identification:_identify(src/amiga-ros2-bridge/venv/lib/python3.10/site-packages/numpy/distutils/fcompiler) by extension 'python'
[2.434s] Level 1:colcon.colcon_core.package_identification:_identify(src/amiga-ros2-bridge/venv/lib/python3.10/site-packages/numpy/distutils/fcompiler) by extensions ['python_setup_py']
[2.435s] Level 1:colcon.colcon_core.package_identification:_identify(src/amiga-ros2-bridge/venv/lib/python3.10/site-packages/numpy/distutils/fcompiler) by extension 'python_setup_py'
[2.435s] Level 1:colcon.colcon_core.package_identification:_identify(src/amiga-ros2-bridge/venv/lib/python3.10/site-packages/numpy/distutils/fcompiler/__pycache__) by extensions ['ignore', 'ignore_ament_install']
[2.436s] Level 1:colcon.colcon_core.package_identification:_identify(src/amiga-ros2-bridge/venv/lib/python3.10/site-packages/numpy/distutils/fcompiler/__pycache__) by extension 'ignore'
[2.436s] Level 1:colcon.colcon_core.package_identification:_identify(src/amiga-ros2-bridge/venv/lib/python3.10/site-packages/numpy/distutils/fcompiler/__pycache__) by extension 'ignore_ament_install'
[2.436s] Level 1:colcon.colcon_core.package_identification:_identify(src/amiga-ros2-bridge/venv/lib/python3.10/site-packages/numpy/distutils/fcompiler/__pycache__) by extensions ['colcon_pkg']
[2.436s] Level 1:colcon.colcon_core.package_identification:_identify(src/amiga-ros2-bridge/venv/lib/python3.10/site-packages/numpy/distutils/fcompiler/__pycache__) by extension 'colcon_pkg'
[2.436s] Level 1:colcon.colcon_core.package_identification:_identify(src/amiga-ros2-bridge/venv/lib/python3.10/site-packages/numpy/distutils/fcompiler/__pycache__) by extensions ['colcon_meta']
[2.436s] Level 1:colcon.colcon_core.package_identification:_identify(src/amiga-ros2-bridge/venv/lib/python3.10/site-packages/numpy/distutils/fcompiler/__pycache__) by extension 'colcon_meta'
[2.437s] Level 1:colcon.colcon_core.package_identification:_identify(src/amiga-ros2-bridge/venv/lib/python3.10/site-packages/numpy/distutils/fcompiler/__pycache__) by extensions ['ros']
[2.437s] Level 1:colcon.colcon_core.package_identification:_identify(src/amiga-ros2-bridge/venv/lib/python3.10/site-packages/numpy/distutils/fcompiler/__pycache__) by extension 'ros'
[2.437s] Level 1:colcon.colcon_core.package_identification:_identify(src/amiga-ros2-bridge/venv/lib/python3.10/site-packages/numpy/distutils/fcompiler/__pycache__) by extensions ['cmake', 'python']
[2.437s] Level 1:colcon.colcon_core.package_identification:_identify(src/amiga-ros2-bridge/venv/lib/python3.10/site-packages/numpy/distutils/fcompiler/__pycache__) by extension 'cmake'
[2.437s] Level 1:colcon.colcon_core.package_identification:_identify(src/amiga-ros2-bridge/venv/lib/python3.10/site-packages/numpy/distutils/fcompiler/__pycache__) by extension 'python'
[2.437s] Level 1:colcon.colcon_core.package_identification:_identify(src/amiga-ros2-bridge/venv/lib/python3.10/site-packages/numpy/distutils/fcompiler/__pycache__) by extensions ['python_setup_py']
[2.438s] Level 1:colcon.colcon_core.package_identification:_identify(src/amiga-ros2-bridge/venv/lib/python3.10/site-packages/numpy/distutils/fcompiler/__pycache__) by extension 'python_setup_py'
[2.438s] Level 1:colcon.colcon_core.package_identification:_identify(src/amiga-ros2-bridge/venv/lib/python3.10/site-packages/numpy/distutils/mingw) by extensions ['ignore', 'ignore_ament_install']
[2.438s] Level 1:colcon.colcon_core.package_identification:_identify(src/amiga-ros2-bridge/venv/lib/python3.10/site-packages/numpy/distutils/mingw) by extension 'ignore'
[2.439s] Level 1:colcon.colcon_core.package_identification:_identify(src/amiga-ros2-bridge/venv/lib/python3.10/site-packages/numpy/distutils/mingw) by extension 'ignore_ament_install'
[2.439s] Level 1:colcon.colcon_core.package_identification:_identify(src/amiga-ros2-bridge/venv/lib/python3.10/site-packages/numpy/distutils/mingw) by extensions ['colcon_pkg']
[2.439s] Level 1:colcon.colcon_core.package_identification:_identify(src/amiga-ros2-bridge/venv/lib/python3.10/site-packages/numpy/distutils/mingw) by extension 'colcon_pkg'
[2.439s] Level 1:colcon.colcon_core.package_identification:_identify(src/amiga-ros2-bridge/venv/lib/python3.10/site-packages/numpy/distutils/mingw) by extensions ['colcon_meta']
[2.439s] Level 1:colcon.colcon_core.package_identification:_identify(src/amiga-ros2-bridge/venv/lib/python3.10/site-packages/numpy/distutils/mingw) by extension 'colcon_meta'
[2.440s] Level 1:colcon.colcon_core.package_identification:_identify(src/amiga-ros2-bridge/venv/lib/python3.10/site-packages/numpy/distutils/mingw) by extensions ['ros']
[2.440s] Level 1:colcon.colcon_core.package_identification:_identify(src/amiga-ros2-bridge/venv/lib/python3.10/site-packages/numpy/distutils/mingw) by extension 'ros'
[2.440s] Level 1:colcon.colcon_core.package_identification:_identify(src/amiga-ros2-bridge/venv/lib/python3.10/site-packages/numpy/distutils/mingw) by extensions ['cmake', 'python']
[2.440s] Level 1:colcon.colcon_core.package_identification:_identify(src/amiga-ros2-bridge/venv/lib/python3.10/site-packages/numpy/distutils/mingw) by extension 'cmake'
[2.440s] Level 1:colcon.colcon_core.package_identification:_identify(src/amiga-ros2-bridge/venv/lib/python3.10/site-packages/numpy/distutils/mingw) by extension 'python'
[2.440s] Level 1:colcon.colcon_core.package_identification:_identify(src/amiga-ros2-bridge/venv/lib/python3.10/site-packages/numpy/distutils/mingw) by extensions ['python_setup_py']
[2.441s] Level 1:colcon.colcon_core.package_identification:_identify(src/amiga-ros2-bridge/venv/lib/python3.10/site-packages/numpy/distutils/mingw) by extension 'python_setup_py'
[2.441s] Level 1:colcon.colcon_core.package_identification:_identify(src/amiga-ros2-bridge/venv/lib/python3.10/site-packages/numpy/distutils/tests) by extensions ['ignore', 'ignore_ament_install']
[2.441s] Level 1:colcon.colcon_core.package_identification:_identify(src/amiga-ros2-bridge/venv/lib/python3.10/site-packages/numpy/distutils/tests) by extension 'ignore'
[2.442s] Level 1:colcon.colcon_core.package_identification:_identify(src/amiga-ros2-bridge/venv/lib/python3.10/site-packages/numpy/distutils/tests) by extension 'ignore_ament_install'
[2.442s] Level 1:colcon.colcon_core.package_identification:_identify(src/amiga-ros2-bridge/venv/lib/python3.10/site-packages/numpy/distutils/tests) by extensions ['colcon_pkg']
[2.442s] Level 1:colcon.colcon_core.package_identification:_identify(src/amiga-ros2-bridge/venv/lib/python3.10/site-packages/numpy/distutils/tests) by extension 'colcon_pkg'
[2.442s] Level 1:colcon.colcon_core.package_identification:_identify(src/amiga-ros2-bridge/venv/lib/python3.10/site-packages/numpy/distutils/tests) by extensions ['colcon_meta']
[2.442s] Level 1:colcon.colcon_core.package_identification:_identify(src/amiga-ros2-bridge/venv/lib/python3.10/site-packages/numpy/distutils/tests) by extension 'colcon_meta'
[2.443s] Level 1:colcon.colcon_core.package_identification:_identify(src/amiga-ros2-bridge/venv/lib/python3.10/site-packages/numpy/distutils/tests) by extensions ['ros']
[2.443s] Level 1:colcon.colcon_core.package_identification:_identify(src/amiga-ros2-bridge/venv/lib/python3.10/site-packages/numpy/distutils/tests) by extension 'ros'
[2.443s] Level 1:colcon.colcon_core.package_identification:_identify(src/amiga-ros2-bridge/venv/lib/python3.10/site-packages/numpy/distutils/tests) by extensions ['cmake', 'python']
[2.443s] Level 1:colcon.colcon_core.package_identification:_identify(src/amiga-ros2-bridge/venv/lib/python3.10/site-packages/numpy/distutils/tests) by extension 'cmake'
[2.443s] Level 1:colcon.colcon_core.package_identification:_identify(src/amiga-ros2-bridge/venv/lib/python3.10/site-packages/numpy/distutils/tests) by extension 'python'
[2.443s] Level 1:colcon.colcon_core.package_identification:_identify(src/amiga-ros2-bridge/venv/lib/python3.10/site-packages/numpy/distutils/tests) by extensions ['python_setup_py']
[2.444s] Level 1:colcon.colcon_core.package_identification:_identify(src/amiga-ros2-bridge/venv/lib/python3.10/site-packages/numpy/distutils/tests) by extension 'python_setup_py'
[2.444s] Level 1:colcon.colcon_core.package_identification:_identify(src/amiga-ros2-bridge/venv/lib/python3.10/site-packages/numpy/distutils/tests/__pycache__) by extensions ['ignore', 'ignore_ament_install']
[2.444s] Level 1:colcon.colcon_core.package_identification:_identify(src/amiga-ros2-bridge/venv/lib/python3.10/site-packages/numpy/distutils/tests/__pycache__) by extension 'ignore'
[2.445s] Level 1:colcon.colcon_core.package_identification:_identify(src/amiga-ros2-bridge/venv/lib/python3.10/site-packages/numpy/distutils/tests/__pycache__) by extension 'ignore_ament_install'
[2.445s] Level 1:colcon.colcon_core.package_identification:_identify(src/amiga-ros2-bridge/venv/lib/python3.10/site-packages/numpy/distutils/tests/__pycache__) by extensions ['colcon_pkg']
[2.445s] Level 1:colcon.colcon_core.package_identification:_identify(src/amiga-ros2-bridge/venv/lib/python3.10/site-packages/numpy/distutils/tests/__pycache__) by extension 'colcon_pkg'
[2.445s] Level 1:colcon.colcon_core.package_identification:_identify(src/amiga-ros2-bridge/venv/lib/python3.10/site-packages/numpy/distutils/tests/__pycache__) by extensions ['colcon_meta']
[2.445s] Level 1:colcon.colcon_core.package_identification:_identify(src/amiga-ros2-bridge/venv/lib/python3.10/site-packages/numpy/distutils/tests/__pycache__) by extension 'colcon_meta'
[2.446s] Level 1:colcon.colcon_core.package_identification:_identify(src/amiga-ros2-bridge/venv/lib/python3.10/site-packages/numpy/distutils/tests/__pycache__) by extensions ['ros']
[2.446s] Level 1:colcon.colcon_core.package_identification:_identify(src/amiga-ros2-bridge/venv/lib/python3.10/site-packages/numpy/distutils/tests/__pycache__) by extension 'ros'
[2.446s] Level 1:colcon.colcon_core.package_identification:_identify(src/amiga-ros2-bridge/venv/lib/python3.10/site-packages/numpy/distutils/tests/__pycache__) by extensions ['cmake', 'python']
[2.446s] Level 1:colcon.colcon_core.package_identification:_identify(src/amiga-ros2-bridge/venv/lib/python3.10/site-packages/numpy/distutils/tests/__pycache__) by extension 'cmake'
[2.446s] Level 1:colcon.colcon_core.package_identification:_identify(src/amiga-ros2-bridge/venv/lib/python3.10/site-packages/numpy/distutils/tests/__pycache__) by extension 'python'
[2.446s] Level 1:colcon.colcon_core.package_identification:_identify(src/amiga-ros2-bridge/venv/lib/python3.10/site-packages/numpy/distutils/tests/__pycache__) by extensions ['python_setup_py']
[2.447s] Level 1:colcon.colcon_core.package_identification:_identify(src/amiga-ros2-bridge/venv/lib/python3.10/site-packages/numpy/distutils/tests/__pycache__) by extension 'python_setup_py'
[2.447s] Level 1:colcon.colcon_core.package_identification:_identify(src/amiga-ros2-bridge/venv/lib/python3.10/site-packages/numpy/doc) by extensions ['ignore', 'ignore_ament_install']
[2.447s] Level 1:colcon.colcon_core.package_identification:_identify(src/amiga-ros2-bridge/venv/lib/python3.10/site-packages/numpy/doc) by extension 'ignore'
[2.448s] Level 1:colcon.colcon_core.package_identification:_identify(src/amiga-ros2-bridge/venv/lib/python3.10/site-packages/numpy/doc) by extension 'ignore_ament_install'
[2.448s] Level 1:colcon.colcon_core.package_identification:_identify(src/amiga-ros2-bridge/venv/lib/python3.10/site-packages/numpy/doc) by extensions ['colcon_pkg']
[2.448s] Level 1:colcon.colcon_core.package_identification:_identify(src/amiga-ros2-bridge/venv/lib/python3.10/site-packages/numpy/doc) by extension 'colcon_pkg'
[2.448s] Level 1:colcon.colcon_core.package_identification:_identify(src/amiga-ros2-bridge/venv/lib/python3.10/site-packages/numpy/doc) by extensions ['colcon_meta']
[2.448s] Level 1:colcon.colcon_core.package_identification:_identify(src/amiga-ros2-bridge/venv/lib/python3.10/site-packages/numpy/doc) by extension 'colcon_meta'
[2.448s] Level 1:colcon.colcon_core.package_identification:_identify(src/amiga-ros2-bridge/venv/lib/python3.10/site-packages/numpy/doc) by extensions ['ros']
[2.449s] Level 1:colcon.colcon_core.package_identification:_identify(src/amiga-ros2-bridge/venv/lib/python3.10/site-packages/numpy/doc) by extension 'ros'
[2.449s] Level 1:colcon.colcon_core.package_identification:_identify(src/amiga-ros2-bridge/venv/lib/python3.10/site-packages/numpy/doc) by extensions ['cmake', 'python']
[2.449s] Level 1:colcon.colcon_core.package_identification:_identify(src/amiga-ros2-bridge/venv/lib/python3.10/site-packages/numpy/doc) by extension 'cmake'
[2.449s] Level 1:colcon.colcon_core.package_identification:_identify(src/amiga-ros2-bridge/venv/lib/python3.10/site-packages/numpy/doc) by extension 'python'
[2.449s] Level 1:colcon.colcon_core.package_identification:_identify(src/amiga-ros2-bridge/venv/lib/python3.10/site-packages/numpy/doc) by extensions ['python_setup_py']
[2.449s] Level 1:colcon.colcon_core.package_identification:_identify(src/amiga-ros2-bridge/venv/lib/python3.10/site-packages/numpy/doc) by extension 'python_setup_py'
[2.450s] Level 1:colcon.colcon_core.package_identification:_identify(src/amiga-ros2-bridge/venv/lib/python3.10/site-packages/numpy/doc/__pycache__) by extensions ['ignore', 'ignore_ament_install']
[2.450s] Level 1:colcon.colcon_core.package_identification:_identify(src/amiga-ros2-bridge/venv/lib/python3.10/site-packages/numpy/doc/__pycache__) by extension 'ignore'
[2.450s] Level 1:colcon.colcon_core.package_identification:_identify(src/amiga-ros2-bridge/venv/lib/python3.10/site-packages/numpy/doc/__pycache__) by extension 'ignore_ament_install'
[2.451s] Level 1:colcon.colcon_core.package_identification:_identify(src/amiga-ros2-bridge/venv/lib/python3.10/site-packages/numpy/doc/__pycache__) by extensions ['colcon_pkg']
[2.451s] Level 1:colcon.colcon_core.package_identification:_identify(src/amiga-ros2-bridge/venv/lib/python3.10/site-packages/numpy/doc/__pycache__) by extension 'colcon_pkg'
[2.451s] Level 1:colcon.colcon_core.package_identification:_identify(src/amiga-ros2-bridge/venv/lib/python3.10/site-packages/numpy/doc/__pycache__) by extensions ['colcon_meta']
[2.451s] Level 1:colcon.colcon_core.package_identification:_identify(src/amiga-ros2-bridge/venv/lib/python3.10/site-packages/numpy/doc/__pycache__) by extension 'colcon_meta'
[2.451s] Level 1:colcon.colcon_core.package_identification:_identify(src/amiga-ros2-bridge/venv/lib/python3.10/site-packages/numpy/doc/__pycache__) by extensions ['ros']
[2.451s] Level 1:colcon.colcon_core.package_identification:_identify(src/amiga-ros2-bridge/venv/lib/python3.10/site-packages/numpy/doc/__pycache__) by extension 'ros'
[2.452s] Level 1:colcon.colcon_core.package_identification:_identify(src/amiga-ros2-bridge/venv/lib/python3.10/site-packages/numpy/doc/__pycache__) by extensions ['cmake', 'python']
[2.452s] Level 1:colcon.colcon_core.package_identification:_identify(src/amiga-ros2-bridge/venv/lib/python3.10/site-packages/numpy/doc/__pycache__) by extension 'cmake'
[2.452s] Level 1:colcon.colcon_core.package_identification:_identify(src/amiga-ros2-bridge/venv/lib/python3.10/site-packages/numpy/doc/__pycache__) by extension 'python'
[2.452s] Level 1:colcon.colcon_core.package_identification:_identify(src/amiga-ros2-bridge/venv/lib/python3.10/site-packages/numpy/doc/__pycache__) by extensions ['python_setup_py']
[2.452s] Level 1:colcon.colcon_core.package_identification:_identify(src/amiga-ros2-bridge/venv/lib/python3.10/site-packages/numpy/doc/__pycache__) by extension 'python_setup_py'
[2.453s] Level 1:colcon.colcon_core.package_identification:_identify(src/amiga-ros2-bridge/venv/lib/python3.10/site-packages/numpy/f2py) by extensions ['ignore', 'ignore_ament_install']
[2.453s] Level 1:colcon.colcon_core.package_identification:_identify(src/amiga-ros2-bridge/venv/lib/python3.10/site-packages/numpy/f2py) by extension 'ignore'
[2.453s] Level 1:colcon.colcon_core.package_identification:_identify(src/amiga-ros2-bridge/venv/lib/python3.10/site-packages/numpy/f2py) by extension 'ignore_ament_install'
[2.453s] Level 1:colcon.colcon_core.package_identification:_identify(src/amiga-ros2-bridge/venv/lib/python3.10/site-packages/numpy/f2py) by extensions ['colcon_pkg']
[2.454s] Level 1:colcon.colcon_core.package_identification:_identify(src/amiga-ros2-bridge/venv/lib/python3.10/site-packages/numpy/f2py) by extension 'colcon_pkg'
[2.454s] Level 1:colcon.colcon_core.package_identification:_identify(src/amiga-ros2-bridge/venv/lib/python3.10/site-packages/numpy/f2py) by extensions ['colcon_meta']
[2.454s] Level 1:colcon.colcon_core.package_identification:_identify(src/amiga-ros2-bridge/venv/lib/python3.10/site-packages/numpy/f2py) by extension 'colcon_meta'
[2.454s] Level 1:colcon.colcon_core.package_identification:_identify(src/amiga-ros2-bridge/venv/lib/python3.10/site-packages/numpy/f2py) by extensions ['ros']
[2.454s] Level 1:colcon.colcon_core.package_identification:_identify(src/amiga-ros2-bridge/venv/lib/python3.10/site-packages/numpy/f2py) by extension 'ros'
[2.454s] Level 1:colcon.colcon_core.package_identification:_identify(src/amiga-ros2-bridge/venv/lib/python3.10/site-packages/numpy/f2py) by extensions ['cmake', 'python']
[2.455s] Level 1:colcon.colcon_core.package_identification:_identify(src/amiga-ros2-bridge/venv/lib/python3.10/site-packages/numpy/f2py) by extension 'cmake'
[2.455s] Level 1:colcon.colcon_core.package_identification:_identify(src/amiga-ros2-bridge/venv/lib/python3.10/site-packages/numpy/f2py) by extension 'python'
[2.455s] Level 1:colcon.colcon_core.package_identification:_identify(src/amiga-ros2-bridge/venv/lib/python3.10/site-packages/numpy/f2py) by extensions ['python_setup_py']
[2.455s] Level 1:colcon.colcon_core.package_identification:_identify(src/amiga-ros2-bridge/venv/lib/python3.10/site-packages/numpy/f2py) by extension 'python_setup_py'
[2.456s] Level 1:colcon.colcon_core.package_identification:_identify(src/amiga-ros2-bridge/venv/lib/python3.10/site-packages/numpy/f2py/__pycache__) by extensions ['ignore', 'ignore_ament_install']
[2.456s] Level 1:colcon.colcon_core.package_identification:_identify(src/amiga-ros2-bridge/venv/lib/python3.10/site-packages/numpy/f2py/__pycache__) by extension 'ignore'
[2.456s] Level 1:colcon.colcon_core.package_identification:_identify(src/amiga-ros2-bridge/venv/lib/python3.10/site-packages/numpy/f2py/__pycache__) by extension 'ignore_ament_install'
[2.456s] Level 1:colcon.colcon_core.package_identification:_identify(src/amiga-ros2-bridge/venv/lib/python3.10/site-packages/numpy/f2py/__pycache__) by extensions ['colcon_pkg']
[2.456s] Level 1:colcon.colcon_core.package_identification:_identify(src/amiga-ros2-bridge/venv/lib/python3.10/site-packages/numpy/f2py/__pycache__) by extension 'colcon_pkg'
[2.457s] Level 1:colcon.colcon_core.package_identification:_identify(src/amiga-ros2-bridge/venv/lib/python3.10/site-packages/numpy/f2py/__pycache__) by extensions ['colcon_meta']
[2.457s] Level 1:colcon.colcon_core.package_identification:_identify(src/amiga-ros2-bridge/venv/lib/python3.10/site-packages/numpy/f2py/__pycache__) by extension 'colcon_meta'
[2.457s] Level 1:colcon.colcon_core.package_identification:_identify(src/amiga-ros2-bridge/venv/lib/python3.10/site-packages/numpy/f2py/__pycache__) by extensions ['ros']
[2.457s] Level 1:colcon.colcon_core.package_identification:_identify(src/amiga-ros2-bridge/venv/lib/python3.10/site-packages/numpy/f2py/__pycache__) by extension 'ros'
[2.457s] Level 1:colcon.colcon_core.package_identification:_identify(src/amiga-ros2-bridge/venv/lib/python3.10/site-packages/numpy/f2py/__pycache__) by extensions ['cmake', 'python']
[2.457s] Level 1:colcon.colcon_core.package_identification:_identify(src/amiga-ros2-bridge/venv/lib/python3.10/site-packages/numpy/f2py/__pycache__) by extension 'cmake'
[2.457s] Level 1:colcon.colcon_core.package_identification:_identify(src/amiga-ros2-bridge/venv/lib/python3.10/site-packages/numpy/f2py/__pycache__) by extension 'python'
[2.458s] Level 1:colcon.colcon_core.package_identification:_identify(src/amiga-ros2-bridge/venv/lib/python3.10/site-packages/numpy/f2py/__pycache__) by extensions ['python_setup_py']
[2.458s] Level 1:colcon.colcon_core.package_identification:_identify(src/amiga-ros2-bridge/venv/lib/python3.10/site-packages/numpy/f2py/__pycache__) by extension 'python_setup_py'
[2.458s] Level 1:colcon.colcon_core.package_identification:_identify(src/amiga-ros2-bridge/venv/lib/python3.10/site-packages/numpy/f2py/_backends) by extensions ['ignore', 'ignore_ament_install']
[2.459s] Level 1:colcon.colcon_core.package_identification:_identify(src/amiga-ros2-bridge/venv/lib/python3.10/site-packages/numpy/f2py/_backends) by extension 'ignore'
[2.459s] Level 1:colcon.colcon_core.package_identification:_identify(src/amiga-ros2-bridge/venv/lib/python3.10/site-packages/numpy/f2py/_backends) by extension 'ignore_ament_install'
[2.459s] Level 1:colcon.colcon_core.package_identification:_identify(src/amiga-ros2-bridge/venv/lib/python3.10/site-packages/numpy/f2py/_backends) by extensions ['colcon_pkg']
[2.459s] Level 1:colcon.colcon_core.package_identification:_identify(src/amiga-ros2-bridge/venv/lib/python3.10/site-packages/numpy/f2py/_backends) by extension 'colcon_pkg'
[2.459s] Level 1:colcon.colcon_core.package_identification:_identify(src/amiga-ros2-bridge/venv/lib/python3.10/site-packages/numpy/f2py/_backends) by extensions ['colcon_meta']
[2.459s] Level 1:colcon.colcon_core.package_identification:_identify(src/amiga-ros2-bridge/venv/lib/python3.10/site-packages/numpy/f2py/_backends) by extension 'colcon_meta'
[2.460s] Level 1:colcon.colcon_core.package_identification:_identify(src/amiga-ros2-bridge/venv/lib/python3.10/site-packages/numpy/f2py/_backends) by extensions ['ros']
[2.460s] Level 1:colcon.colcon_core.package_identification:_identify(src/amiga-ros2-bridge/venv/lib/python3.10/site-packages/numpy/f2py/_backends) by extension 'ros'
[2.460s] Level 1:colcon.colcon_core.package_identification:_identify(src/amiga-ros2-bridge/venv/lib/python3.10/site-packages/numpy/f2py/_backends) by extensions ['cmake', 'python']
[2.460s] Level 1:colcon.colcon_core.package_identification:_identify(src/amiga-ros2-bridge/venv/lib/python3.10/site-packages/numpy/f2py/_backends) by extension 'cmake'
[2.460s] Level 1:colcon.colcon_core.package_identification:_identify(src/amiga-ros2-bridge/venv/lib/python3.10/site-packages/numpy/f2py/_backends) by extension 'python'
[2.460s] Level 1:colcon.colcon_core.package_identification:_identify(src/amiga-ros2-bridge/venv/lib/python3.10/site-packages/numpy/f2py/_backends) by extensions ['python_setup_py']
[2.460s] Level 1:colcon.colcon_core.package_identification:_identify(src/amiga-ros2-bridge/venv/lib/python3.10/site-packages/numpy/f2py/_backends) by extension 'python_setup_py'
[2.461s] Level 1:colcon.colcon_core.package_identification:_identify(src/amiga-ros2-bridge/venv/lib/python3.10/site-packages/numpy/f2py/_backends/__pycache__) by extensions ['ignore', 'ignore_ament_install']
[2.461s] Level 1:colcon.colcon_core.package_identification:_identify(src/amiga-ros2-bridge/venv/lib/python3.10/site-packages/numpy/f2py/_backends/__pycache__) by extension 'ignore'
[2.461s] Level 1:colcon.colcon_core.package_identification:_identify(src/amiga-ros2-bridge/venv/lib/python3.10/site-packages/numpy/f2py/_backends/__pycache__) by extension 'ignore_ament_install'
[2.462s] Level 1:colcon.colcon_core.package_identification:_identify(src/amiga-ros2-bridge/venv/lib/python3.10/site-packages/numpy/f2py/_backends/__pycache__) by extensions ['colcon_pkg']
[2.462s] Level 1:colcon.colcon_core.package_identification:_identify(src/amiga-ros2-bridge/venv/lib/python3.10/site-packages/numpy/f2py/_backends/__pycache__) by extension 'colcon_pkg'
[2.462s] Level 1:colcon.colcon_core.package_identification:_identify(src/amiga-ros2-bridge/venv/lib/python3.10/site-packages/numpy/f2py/_backends/__pycache__) by extensions ['colcon_meta']
[2.462s] Level 1:colcon.colcon_core.package_identification:_identify(src/amiga-ros2-bridge/venv/lib/python3.10/site-packages/numpy/f2py/_backends/__pycache__) by extension 'colcon_meta'
[2.462s] Level 1:colcon.colcon_core.package_identification:_identify(src/amiga-ros2-bridge/venv/lib/python3.10/site-packages/numpy/f2py/_backends/__pycache__) by extensions ['ros']
[2.462s] Level 1:colcon.colcon_core.package_identification:_identify(src/amiga-ros2-bridge/venv/lib/python3.10/site-packages/numpy/f2py/_backends/__pycache__) by extension 'ros'
[2.463s] Level 1:colcon.colcon_core.package_identification:_identify(src/amiga-ros2-bridge/venv/lib/python3.10/site-packages/numpy/f2py/_backends/__pycache__) by extensions ['cmake', 'python']
[2.463s] Level 1:colcon.colcon_core.package_identification:_identify(src/amiga-ros2-bridge/venv/lib/python3.10/site-packages/numpy/f2py/_backends/__pycache__) by extension 'cmake'
[2.463s] Level 1:colcon.colcon_core.package_identification:_identify(src/amiga-ros2-bridge/venv/lib/python3.10/site-packages/numpy/f2py/_backends/__pycache__) by extension 'python'
[2.463s] Level 1:colcon.colcon_core.package_identification:_identify(src/amiga-ros2-bridge/venv/lib/python3.10/site-packages/numpy/f2py/_backends/__pycache__) by extensions ['python_setup_py']
[2.463s] Level 1:colcon.colcon_core.package_identification:_identify(src/amiga-ros2-bridge/venv/lib/python3.10/site-packages/numpy/f2py/_backends/__pycache__) by extension 'python_setup_py'
[2.464s] Level 1:colcon.colcon_core.package_identification:_identify(src/amiga-ros2-bridge/venv/lib/python3.10/site-packages/numpy/f2py/src) by extensions ['ignore', 'ignore_ament_install']
[2.464s] Level 1:colcon.colcon_core.package_identification:_identify(src/amiga-ros2-bridge/venv/lib/python3.10/site-packages/numpy/f2py/src) by extension 'ignore'
[2.464s] Level 1:colcon.colcon_core.package_identification:_identify(src/amiga-ros2-bridge/venv/lib/python3.10/site-packages/numpy/f2py/src) by extension 'ignore_ament_install'
[2.464s] Level 1:colcon.colcon_core.package_identification:_identify(src/amiga-ros2-bridge/venv/lib/python3.10/site-packages/numpy/f2py/src) by extensions ['colcon_pkg']
[2.465s] Level 1:colcon.colcon_core.package_identification:_identify(src/amiga-ros2-bridge/venv/lib/python3.10/site-packages/numpy/f2py/src) by extension 'colcon_pkg'
[2.465s] Level 1:colcon.colcon_core.package_identification:_identify(src/amiga-ros2-bridge/venv/lib/python3.10/site-packages/numpy/f2py/src) by extensions ['colcon_meta']
[2.465s] Level 1:colcon.colcon_core.package_identification:_identify(src/amiga-ros2-bridge/venv/lib/python3.10/site-packages/numpy/f2py/src) by extension 'colcon_meta'
[2.465s] Level 1:colcon.colcon_core.package_identification:_identify(src/amiga-ros2-bridge/venv/lib/python3.10/site-packages/numpy/f2py/src) by extensions ['ros']
[2.465s] Level 1:colcon.colcon_core.package_identification:_identify(src/amiga-ros2-bridge/venv/lib/python3.10/site-packages/numpy/f2py/src) by extension 'ros'
[2.465s] Level 1:colcon.colcon_core.package_identification:_identify(src/amiga-ros2-bridge/venv/lib/python3.10/site-packages/numpy/f2py/src) by extensions ['cmake', 'python']
[2.466s] Level 1:colcon.colcon_core.package_identification:_identify(src/amiga-ros2-bridge/venv/lib/python3.10/site-packages/numpy/f2py/src) by extension 'cmake'
[2.466s] Level 1:colcon.colcon_core.package_identification:_identify(src/amiga-ros2-bridge/venv/lib/python3.10/site-packages/numpy/f2py/src) by extension 'python'
[2.466s] Level 1:colcon.colcon_core.package_identification:_identify(src/amiga-ros2-bridge/venv/lib/python3.10/site-packages/numpy/f2py/src) by extensions ['python_setup_py']
[2.466s] Level 1:colcon.colcon_core.package_identification:_identify(src/amiga-ros2-bridge/venv/lib/python3.10/site-packages/numpy/f2py/src) by extension 'python_setup_py'
[2.467s] Level 1:colcon.colcon_core.package_identification:_identify(src/amiga-ros2-bridge/venv/lib/python3.10/site-packages/numpy/f2py/tests) by extensions ['ignore', 'ignore_ament_install']
[2.467s] Level 1:colcon.colcon_core.package_identification:_identify(src/amiga-ros2-bridge/venv/lib/python3.10/site-packages/numpy/f2py/tests) by extension 'ignore'
[2.467s] Level 1:colcon.colcon_core.package_identification:_identify(src/amiga-ros2-bridge/venv/lib/python3.10/site-packages/numpy/f2py/tests) by extension 'ignore_ament_install'
[2.467s] Level 1:colcon.colcon_core.package_identification:_identify(src/amiga-ros2-bridge/venv/lib/python3.10/site-packages/numpy/f2py/tests) by extensions ['colcon_pkg']
[2.467s] Level 1:colcon.colcon_core.package_identification:_identify(src/amiga-ros2-bridge/venv/lib/python3.10/site-packages/numpy/f2py/tests) by extension 'colcon_pkg'
[2.467s] Level 1:colcon.colcon_core.package_identification:_identify(src/amiga-ros2-bridge/venv/lib/python3.10/site-packages/numpy/f2py/tests) by extensions ['colcon_meta']
[2.468s] Level 1:colcon.colcon_core.package_identification:_identify(src/amiga-ros2-bridge/venv/lib/python3.10/site-packages/numpy/f2py/tests) by extension 'colcon_meta'
[2.468s] Level 1:colcon.colcon_core.package_identification:_identify(src/amiga-ros2-bridge/venv/lib/python3.10/site-packages/numpy/f2py/tests) by extensions ['ros']
[2.468s] Level 1:colcon.colcon_core.package_identification:_identify(src/amiga-ros2-bridge/venv/lib/python3.10/site-packages/numpy/f2py/tests) by extension 'ros'
[2.468s] Level 1:colcon.colcon_core.package_identification:_identify(src/amiga-ros2-bridge/venv/lib/python3.10/site-packages/numpy/f2py/tests) by extensions ['cmake', 'python']
[2.468s] Level 1:colcon.colcon_core.package_identification:_identify(src/amiga-ros2-bridge/venv/lib/python3.10/site-packages/numpy/f2py/tests) by extension 'cmake'
[2.468s] Level 1:colcon.colcon_core.package_identification:_identify(src/amiga-ros2-bridge/venv/lib/python3.10/site-packages/numpy/f2py/tests) by extension 'python'
[2.469s] Level 1:colcon.colcon_core.package_identification:_identify(src/amiga-ros2-bridge/venv/lib/python3.10/site-packages/numpy/f2py/tests) by extensions ['python_setup_py']
[2.469s] Level 1:colcon.colcon_core.package_identification:_identify(src/amiga-ros2-bridge/venv/lib/python3.10/site-packages/numpy/f2py/tests) by extension 'python_setup_py'
[2.469s] Level 1:colcon.colcon_core.package_identification:_identify(src/amiga-ros2-bridge/venv/lib/python3.10/site-packages/numpy/f2py/tests/__pycache__) by extensions ['ignore', 'ignore_ament_install']
[2.469s] Level 1:colcon.colcon_core.package_identification:_identify(src/amiga-ros2-bridge/venv/lib/python3.10/site-packages/numpy/f2py/tests/__pycache__) by extension 'ignore'
[2.470s] Level 1:colcon.colcon_core.package_identification:_identify(src/amiga-ros2-bridge/venv/lib/python3.10/site-packages/numpy/f2py/tests/__pycache__) by extension 'ignore_ament_install'
[2.470s] Level 1:colcon.colcon_core.package_identification:_identify(src/amiga-ros2-bridge/venv/lib/python3.10/site-packages/numpy/f2py/tests/__pycache__) by extensions ['colcon_pkg']
[2.470s] Level 1:colcon.colcon_core.package_identification:_identify(src/amiga-ros2-bridge/venv/lib/python3.10/site-packages/numpy/f2py/tests/__pycache__) by extension 'colcon_pkg'
[2.470s] Level 1:colcon.colcon_core.package_identification:_identify(src/amiga-ros2-bridge/venv/lib/python3.10/site-packages/numpy/f2py/tests/__pycache__) by extensions ['colcon_meta']
[2.470s] Level 1:colcon.colcon_core.package_identification:_identify(src/amiga-ros2-bridge/venv/lib/python3.10/site-packages/numpy/f2py/tests/__pycache__) by extension 'colcon_meta'
[2.470s] Level 1:colcon.colcon_core.package_identification:_identify(src/amiga-ros2-bridge/venv/lib/python3.10/site-packages/numpy/f2py/tests/__pycache__) by extensions ['ros']
[2.471s] Level 1:colcon.colcon_core.package_identification:_identify(src/amiga-ros2-bridge/venv/lib/python3.10/site-packages/numpy/f2py/tests/__pycache__) by extension 'ros'
[2.471s] Level 1:colcon.colcon_core.package_identification:_identify(src/amiga-ros2-bridge/venv/lib/python3.10/site-packages/numpy/f2py/tests/__pycache__) by extensions ['cmake', 'python']
[2.471s] Level 1:colcon.colcon_core.package_identification:_identify(src/amiga-ros2-bridge/venv/lib/python3.10/site-packages/numpy/f2py/tests/__pycache__) by extension 'cmake'
[2.471s] Level 1:colcon.colcon_core.package_identification:_identify(src/amiga-ros2-bridge/venv/lib/python3.10/site-packages/numpy/f2py/tests/__pycache__) by extension 'python'
[2.471s] Level 1:colcon.colcon_core.package_identification:_identify(src/amiga-ros2-bridge/venv/lib/python3.10/site-packages/numpy/f2py/tests/__pycache__) by extensions ['python_setup_py']
[2.471s] Level 1:colcon.colcon_core.package_identification:_identify(src/amiga-ros2-bridge/venv/lib/python3.10/site-packages/numpy/f2py/tests/__pycache__) by extension 'python_setup_py'
[2.472s] Level 1:colcon.colcon_core.package_identification:_identify(src/amiga-ros2-bridge/venv/lib/python3.10/site-packages/numpy/f2py/tests/src) by extensions ['ignore', 'ignore_ament_install']
[2.472s] Level 1:colcon.colcon_core.package_identification:_identify(src/amiga-ros2-bridge/venv/lib/python3.10/site-packages/numpy/f2py/tests/src) by extension 'ignore'
[2.472s] Level 1:colcon.colcon_core.package_identification:_identify(src/amiga-ros2-bridge/venv/lib/python3.10/site-packages/numpy/f2py/tests/src) by extension 'ignore_ament_install'
[2.473s] Level 1:colcon.colcon_core.package_identification:_identify(src/amiga-ros2-bridge/venv/lib/python3.10/site-packages/numpy/f2py/tests/src) by extensions ['colcon_pkg']
[2.473s] Level 1:colcon.colcon_core.package_identification:_identify(src/amiga-ros2-bridge/venv/lib/python3.10/site-packages/numpy/f2py/tests/src) by extension 'colcon_pkg'
[2.473s] Level 1:colcon.colcon_core.package_identification:_identify(src/amiga-ros2-bridge/venv/lib/python3.10/site-packages/numpy/f2py/tests/src) by extensions ['colcon_meta']
[2.473s] Level 1:colcon.colcon_core.package_identification:_identify(src/amiga-ros2-bridge/venv/lib/python3.10/site-packages/numpy/f2py/tests/src) by extension 'colcon_meta'
[2.473s] Level 1:colcon.colcon_core.package_identification:_identify(src/amiga-ros2-bridge/venv/lib/python3.10/site-packages/numpy/f2py/tests/src) by extensions ['ros']
[2.473s] Level 1:colcon.colcon_core.package_identification:_identify(src/amiga-ros2-bridge/venv/lib/python3.10/site-packages/numpy/f2py/tests/src) by extension 'ros'
[2.473s] Level 1:colcon.colcon_core.package_identification:_identify(src/amiga-ros2-bridge/venv/lib/python3.10/site-packages/numpy/f2py/tests/src) by extensions ['cmake', 'python']
[2.474s] Level 1:colcon.colcon_core.package_identification:_identify(src/amiga-ros2-bridge/venv/lib/python3.10/site-packages/numpy/f2py/tests/src) by extension 'cmake'
[2.474s] Level 1:colcon.colcon_core.package_identification:_identify(src/amiga-ros2-bridge/venv/lib/python3.10/site-packages/numpy/f2py/tests/src) by extension 'python'
[2.474s] Level 1:colcon.colcon_core.package_identification:_identify(src/amiga-ros2-bridge/venv/lib/python3.10/site-packages/numpy/f2py/tests/src) by extensions ['python_setup_py']
[2.474s] Level 1:colcon.colcon_core.package_identification:_identify(src/amiga-ros2-bridge/venv/lib/python3.10/site-packages/numpy/f2py/tests/src) by extension 'python_setup_py'
[2.474s] Level 1:colcon.colcon_core.package_identification:_identify(src/amiga-ros2-bridge/venv/lib/python3.10/site-packages/numpy/f2py/tests/src/abstract_interface) by extensions ['ignore', 'ignore_ament_install']
[2.475s] Level 1:colcon.colcon_core.package_identification:_identify(src/amiga-ros2-bridge/venv/lib/python3.10/site-packages/numpy/f2py/tests/src/abstract_interface) by extension 'ignore'
[2.475s] Level 1:colcon.colcon_core.package_identification:_identify(src/amiga-ros2-bridge/venv/lib/python3.10/site-packages/numpy/f2py/tests/src/abstract_interface) by extension 'ignore_ament_install'
[2.475s] Level 1:colcon.colcon_core.package_identification:_identify(src/amiga-ros2-bridge/venv/lib/python3.10/site-packages/numpy/f2py/tests/src/abstract_interface) by extensions ['colcon_pkg']
[2.475s] Level 1:colcon.colcon_core.package_identification:_identify(src/amiga-ros2-bridge/venv/lib/python3.10/site-packages/numpy/f2py/tests/src/abstract_interface) by extension 'colcon_pkg'
[2.475s] Level 1:colcon.colcon_core.package_identification:_identify(src/amiga-ros2-bridge/venv/lib/python3.10/site-packages/numpy/f2py/tests/src/abstract_interface) by extensions ['colcon_meta']
[2.475s] Level 1:colcon.colcon_core.package_identification:_identify(src/amiga-ros2-bridge/venv/lib/python3.10/site-packages/numpy/f2py/tests/src/abstract_interface) by extension 'colcon_meta'
[2.476s] Level 1:colcon.colcon_core.package_identification:_identify(src/amiga-ros2-bridge/venv/lib/python3.10/site-packages/numpy/f2py/tests/src/abstract_interface) by extensions ['ros']
[2.476s] Level 1:colcon.colcon_core.package_identification:_identify(src/amiga-ros2-bridge/venv/lib/python3.10/site-packages/numpy/f2py/tests/src/abstract_interface) by extension 'ros'
[2.476s] Level 1:colcon.colcon_core.package_identification:_identify(src/amiga-ros2-bridge/venv/lib/python3.10/site-packages/numpy/f2py/tests/src/abstract_interface) by extensions ['cmake', 'python']
[2.476s] Level 1:colcon.colcon_core.package_identification:_identify(src/amiga-ros2-bridge/venv/lib/python3.10/site-packages/numpy/f2py/tests/src/abstract_interface) by extension 'cmake'
[2.476s] Level 1:colcon.colcon_core.package_identification:_identify(src/amiga-ros2-bridge/venv/lib/python3.10/site-packages/numpy/f2py/tests/src/abstract_interface) by extension 'python'
[2.476s] Level 1:colcon.colcon_core.package_identification:_identify(src/amiga-ros2-bridge/venv/lib/python3.10/site-packages/numpy/f2py/tests/src/abstract_interface) by extensions ['python_setup_py']
[2.477s] Level 1:colcon.colcon_core.package_identification:_identify(src/amiga-ros2-bridge/venv/lib/python3.10/site-packages/numpy/f2py/tests/src/abstract_interface) by extension 'python_setup_py'
[2.477s] Level 1:colcon.colcon_core.package_identification:_identify(src/amiga-ros2-bridge/venv/lib/python3.10/site-packages/numpy/f2py/tests/src/array_from_pyobj) by extensions ['ignore', 'ignore_ament_install']
[2.477s] Level 1:colcon.colcon_core.package_identification:_identify(src/amiga-ros2-bridge/venv/lib/python3.10/site-packages/numpy/f2py/tests/src/array_from_pyobj) by extension 'ignore'
[2.477s] Level 1:colcon.colcon_core.package_identification:_identify(src/amiga-ros2-bridge/venv/lib/python3.10/site-packages/numpy/f2py/tests/src/array_from_pyobj) by extension 'ignore_ament_install'
[2.478s] Level 1:colcon.colcon_core.package_identification:_identify(src/amiga-ros2-bridge/venv/lib/python3.10/site-packages/numpy/f2py/tests/src/array_from_pyobj) by extensions ['colcon_pkg']
[2.478s] Level 1:colcon.colcon_core.package_identification:_identify(src/amiga-ros2-bridge/venv/lib/python3.10/site-packages/numpy/f2py/tests/src/array_from_pyobj) by extension 'colcon_pkg'
[2.478s] Level 1:colcon.colcon_core.package_identification:_identify(src/amiga-ros2-bridge/venv/lib/python3.10/site-packages/numpy/f2py/tests/src/array_from_pyobj) by extensions ['colcon_meta']
[2.478s] Level 1:colcon.colcon_core.package_identification:_identify(src/amiga-ros2-bridge/venv/lib/python3.10/site-packages/numpy/f2py/tests/src/array_from_pyobj) by extension 'colcon_meta'
[2.478s] Level 1:colcon.colcon_core.package_identification:_identify(src/amiga-ros2-bridge/venv/lib/python3.10/site-packages/numpy/f2py/tests/src/array_from_pyobj) by extensions ['ros']
[2.478s] Level 1:colcon.colcon_core.package_identification:_identify(src/amiga-ros2-bridge/venv/lib/python3.10/site-packages/numpy/f2py/tests/src/array_from_pyobj) by extension 'ros'
[2.479s] Level 1:colcon.colcon_core.package_identification:_identify(src/amiga-ros2-bridge/venv/lib/python3.10/site-packages/numpy/f2py/tests/src/array_from_pyobj) by extensions ['cmake', 'python']
[2.479s] Level 1:colcon.colcon_core.package_identification:_identify(src/amiga-ros2-bridge/venv/lib/python3.10/site-packages/numpy/f2py/tests/src/array_from_pyobj) by extension 'cmake'
[2.479s] Level 1:colcon.colcon_core.package_identification:_identify(src/amiga-ros2-bridge/venv/lib/python3.10/site-packages/numpy/f2py/tests/src/array_from_pyobj) by extension 'python'
[2.479s] Level 1:colcon.colcon_core.package_identification:_identify(src/amiga-ros2-bridge/venv/lib/python3.10/site-packages/numpy/f2py/tests/src/array_from_pyobj) by extensions ['python_setup_py']
[2.479s] Level 1:colcon.colcon_core.package_identification:_identify(src/amiga-ros2-bridge/venv/lib/python3.10/site-packages/numpy/f2py/tests/src/array_from_pyobj) by extension 'python_setup_py'
[2.480s] Level 1:colcon.colcon_core.package_identification:_identify(src/amiga-ros2-bridge/venv/lib/python3.10/site-packages/numpy/f2py/tests/src/assumed_shape) by extensions ['ignore', 'ignore_ament_install']
[2.480s] Level 1:colcon.colcon_core.package_identification:_identify(src/amiga-ros2-bridge/venv/lib/python3.10/site-packages/numpy/f2py/tests/src/assumed_shape) by extension 'ignore'
[2.480s] Level 1:colcon.colcon_core.package_identification:_identify(src/amiga-ros2-bridge/venv/lib/python3.10/site-packages/numpy/f2py/tests/src/assumed_shape) by extension 'ignore_ament_install'
[2.481s] Level 1:colcon.colcon_core.package_identification:_identify(src/amiga-ros2-bridge/venv/lib/python3.10/site-packages/numpy/f2py/tests/src/assumed_shape) by extensions ['colcon_pkg']
[2.481s] Level 1:colcon.colcon_core.package_identification:_identify(src/amiga-ros2-bridge/venv/lib/python3.10/site-packages/numpy/f2py/tests/src/assumed_shape) by extension 'colcon_pkg'
[2.481s] Level 1:colcon.colcon_core.package_identification:_identify(src/amiga-ros2-bridge/venv/lib/python3.10/site-packages/numpy/f2py/tests/src/assumed_shape) by extensions ['colcon_meta']
[2.481s] Level 1:colcon.colcon_core.package_identification:_identify(src/amiga-ros2-bridge/venv/lib/python3.10/site-packages/numpy/f2py/tests/src/assumed_shape) by extension 'colcon_meta'
[2.481s] Level 1:colcon.colcon_core.package_identification:_identify(src/amiga-ros2-bridge/venv/lib/python3.10/site-packages/numpy/f2py/tests/src/assumed_shape) by extensions ['ros']
[2.481s] Level 1:colcon.colcon_core.package_identification:_identify(src/amiga-ros2-bridge/venv/lib/python3.10/site-packages/numpy/f2py/tests/src/assumed_shape) by extension 'ros'
[2.482s] Level 1:colcon.colcon_core.package_identification:_identify(src/amiga-ros2-bridge/venv/lib/python3.10/site-packages/numpy/f2py/tests/src/assumed_shape) by extensions ['cmake', 'python']
[2.482s] Level 1:colcon.colcon_core.package_identification:_identify(src/amiga-ros2-bridge/venv/lib/python3.10/site-packages/numpy/f2py/tests/src/assumed_shape) by extension 'cmake'
[2.482s] Level 1:colcon.colcon_core.package_identification:_identify(src/amiga-ros2-bridge/venv/lib/python3.10/site-packages/numpy/f2py/tests/src/assumed_shape) by extension 'python'
[2.482s] Level 1:colcon.colcon_core.package_identification:_identify(src/amiga-ros2-bridge/venv/lib/python3.10/site-packages/numpy/f2py/tests/src/assumed_shape) by extensions ['python_setup_py']
[2.482s] Level 1:colcon.colcon_core.package_identification:_identify(src/amiga-ros2-bridge/venv/lib/python3.10/site-packages/numpy/f2py/tests/src/assumed_shape) by extension 'python_setup_py'
[2.483s] Level 1:colcon.colcon_core.package_identification:_identify(src/amiga-ros2-bridge/venv/lib/python3.10/site-packages/numpy/f2py/tests/src/block_docstring) by extensions ['ignore', 'ignore_ament_install']
[2.483s] Level 1:colcon.colcon_core.package_identification:_identify(src/amiga-ros2-bridge/venv/lib/python3.10/site-packages/numpy/f2py/tests/src/block_docstring) by extension 'ignore'
[2.483s] Level 1:colcon.colcon_core.package_identification:_identify(src/amiga-ros2-bridge/venv/lib/python3.10/site-packages/numpy/f2py/tests/src/block_docstring) by extension 'ignore_ament_install'
[2.483s] Level 1:colcon.colcon_core.package_identification:_identify(src/amiga-ros2-bridge/venv/lib/python3.10/site-packages/numpy/f2py/tests/src/block_docstring) by extensions ['colcon_pkg']
[2.483s] Level 1:colcon.colcon_core.package_identification:_identify(src/amiga-ros2-bridge/venv/lib/python3.10/site-packages/numpy/f2py/tests/src/block_docstring) by extension 'colcon_pkg'
[2.483s] Level 1:colcon.colcon_core.package_identification:_identify(src/amiga-ros2-bridge/venv/lib/python3.10/site-packages/numpy/f2py/tests/src/block_docstring) by extensions ['colcon_meta']
[2.484s] Level 1:colcon.colcon_core.package_identification:_identify(src/amiga-ros2-bridge/venv/lib/python3.10/site-packages/numpy/f2py/tests/src/block_docstring) by extension 'colcon_meta'
[2.484s] Level 1:colcon.colcon_core.package_identification:_identify(src/amiga-ros2-bridge/venv/lib/python3.10/site-packages/numpy/f2py/tests/src/block_docstring) by extensions ['ros']
[2.484s] Level 1:colcon.colcon_core.package_identification:_identify(src/amiga-ros2-bridge/venv/lib/python3.10/site-packages/numpy/f2py/tests/src/block_docstring) by extension 'ros'
[2.484s] Level 1:colcon.colcon_core.package_identification:_identify(src/amiga-ros2-bridge/venv/lib/python3.10/site-packages/numpy/f2py/tests/src/block_docstring) by extensions ['cmake', 'python']
[2.484s] Level 1:colcon.colcon_core.package_identification:_identify(src/amiga-ros2-bridge/venv/lib/python3.10/site-packages/numpy/f2py/tests/src/block_docstring) by extension 'cmake'
[2.484s] Level 1:colcon.colcon_core.package_identification:_identify(src/amiga-ros2-bridge/venv/lib/python3.10/site-packages/numpy/f2py/tests/src/block_docstring) by extension 'python'
[2.484s] Level 1:colcon.colcon_core.package_identification:_identify(src/amiga-ros2-bridge/venv/lib/python3.10/site-packages/numpy/f2py/tests/src/block_docstring) by extensions ['python_setup_py']
[2.485s] Level 1:colcon.colcon_core.package_identification:_identify(src/amiga-ros2-bridge/venv/lib/python3.10/site-packages/numpy/f2py/tests/src/block_docstring) by extension 'python_setup_py'
[2.485s] Level 1:colcon.colcon_core.package_identification:_identify(src/amiga-ros2-bridge/venv/lib/python3.10/site-packages/numpy/f2py/tests/src/callback) by extensions ['ignore', 'ignore_ament_install']
[2.485s] Level 1:colcon.colcon_core.package_identification:_identify(src/amiga-ros2-bridge/venv/lib/python3.10/site-packages/numpy/f2py/tests/src/callback) by extension 'ignore'
[2.485s] Level 1:colcon.colcon_core.package_identification:_identify(src/amiga-ros2-bridge/venv/lib/python3.10/site-packages/numpy/f2py/tests/src/callback) by extension 'ignore_ament_install'
[2.486s] Level 1:colcon.colcon_core.package_identification:_identify(src/amiga-ros2-bridge/venv/lib/python3.10/site-packages/numpy/f2py/tests/src/callback) by extensions ['colcon_pkg']
[2.486s] Level 1:colcon.colcon_core.package_identification:_identify(src/amiga-ros2-bridge/venv/lib/python3.10/site-packages/numpy/f2py/tests/src/callback) by extension 'colcon_pkg'
[2.486s] Level 1:colcon.colcon_core.package_identification:_identify(src/amiga-ros2-bridge/venv/lib/python3.10/site-packages/numpy/f2py/tests/src/callback) by extensions ['colcon_meta']
[2.486s] Level 1:colcon.colcon_core.package_identification:_identify(src/amiga-ros2-bridge/venv/lib/python3.10/site-packages/numpy/f2py/tests/src/callback) by extension 'colcon_meta'
[2.486s] Level 1:colcon.colcon_core.package_identification:_identify(src/amiga-ros2-bridge/venv/lib/python3.10/site-packages/numpy/f2py/tests/src/callback) by extensions ['ros']
[2.486s] Level 1:colcon.colcon_core.package_identification:_identify(src/amiga-ros2-bridge/venv/lib/python3.10/site-packages/numpy/f2py/tests/src/callback) by extension 'ros'
[2.487s] Level 1:colcon.colcon_core.package_identification:_identify(src/amiga-ros2-bridge/venv/lib/python3.10/site-packages/numpy/f2py/tests/src/callback) by extensions ['cmake', 'python']
[2.487s] Level 1:colcon.colcon_core.package_identification:_identify(src/amiga-ros2-bridge/venv/lib/python3.10/site-packages/numpy/f2py/tests/src/callback) by extension 'cmake'
[2.487s] Level 1:colcon.colcon_core.package_identification:_identify(src/amiga-ros2-bridge/venv/lib/python3.10/site-packages/numpy/f2py/tests/src/callback) by extension 'python'
[2.487s] Level 1:colcon.colcon_core.package_identification:_identify(src/amiga-ros2-bridge/venv/lib/python3.10/site-packages/numpy/f2py/tests/src/callback) by extensions ['python_setup_py']
[2.487s] Level 1:colcon.colcon_core.package_identification:_identify(src/amiga-ros2-bridge/venv/lib/python3.10/site-packages/numpy/f2py/tests/src/callback) by extension 'python_setup_py'
[2.487s] Level 1:colcon.colcon_core.package_identification:_identify(src/amiga-ros2-bridge/venv/lib/python3.10/site-packages/numpy/f2py/tests/src/cli) by extensions ['ignore', 'ignore_ament_install']
[2.488s] Level 1:colcon.colcon_core.package_identification:_identify(src/amiga-ros2-bridge/venv/lib/python3.10/site-packages/numpy/f2py/tests/src/cli) by extension 'ignore'
[2.488s] Level 1:colcon.colcon_core.package_identification:_identify(src/amiga-ros2-bridge/venv/lib/python3.10/site-packages/numpy/f2py/tests/src/cli) by extension 'ignore_ament_install'
[2.488s] Level 1:colcon.colcon_core.package_identification:_identify(src/amiga-ros2-bridge/venv/lib/python3.10/site-packages/numpy/f2py/tests/src/cli) by extensions ['colcon_pkg']
[2.488s] Level 1:colcon.colcon_core.package_identification:_identify(src/amiga-ros2-bridge/venv/lib/python3.10/site-packages/numpy/f2py/tests/src/cli) by extension 'colcon_pkg'
[2.488s] Level 1:colcon.colcon_core.package_identification:_identify(src/amiga-ros2-bridge/venv/lib/python3.10/site-packages/numpy/f2py/tests/src/cli) by extensions ['colcon_meta']
[2.488s] Level 1:colcon.colcon_core.package_identification:_identify(src/amiga-ros2-bridge/venv/lib/python3.10/site-packages/numpy/f2py/tests/src/cli) by extension 'colcon_meta'
[2.489s] Level 1:colcon.colcon_core.package_identification:_identify(src/amiga-ros2-bridge/venv/lib/python3.10/site-packages/numpy/f2py/tests/src/cli) by extensions ['ros']
[2.489s] Level 1:colcon.colcon_core.package_identification:_identify(src/amiga-ros2-bridge/venv/lib/python3.10/site-packages/numpy/f2py/tests/src/cli) by extension 'ros'
[2.489s] Level 1:colcon.colcon_core.package_identification:_identify(src/amiga-ros2-bridge/venv/lib/python3.10/site-packages/numpy/f2py/tests/src/cli) by extensions ['cmake', 'python']
[2.489s] Level 1:colcon.colcon_core.package_identification:_identify(src/amiga-ros2-bridge/venv/lib/python3.10/site-packages/numpy/f2py/tests/src/cli) by extension 'cmake'
[2.489s] Level 1:colcon.colcon_core.package_identification:_identify(src/amiga-ros2-bridge/venv/lib/python3.10/site-packages/numpy/f2py/tests/src/cli) by extension 'python'
[2.489s] Level 1:colcon.colcon_core.package_identification:_identify(src/amiga-ros2-bridge/venv/lib/python3.10/site-packages/numpy/f2py/tests/src/cli) by extensions ['python_setup_py']
[2.489s] Level 1:colcon.colcon_core.package_identification:_identify(src/amiga-ros2-bridge/venv/lib/python3.10/site-packages/numpy/f2py/tests/src/cli) by extension 'python_setup_py'
[2.490s] Level 1:colcon.colcon_core.package_identification:_identify(src/amiga-ros2-bridge/venv/lib/python3.10/site-packages/numpy/f2py/tests/src/common) by extensions ['ignore', 'ignore_ament_install']
[2.490s] Level 1:colcon.colcon_core.package_identification:_identify(src/amiga-ros2-bridge/venv/lib/python3.10/site-packages/numpy/f2py/tests/src/common) by extension 'ignore'
[2.490s] Level 1:colcon.colcon_core.package_identification:_identify(src/amiga-ros2-bridge/venv/lib/python3.10/site-packages/numpy/f2py/tests/src/common) by extension 'ignore_ament_install'
[2.490s] Level 1:colcon.colcon_core.package_identification:_identify(src/amiga-ros2-bridge/venv/lib/python3.10/site-packages/numpy/f2py/tests/src/common) by extensions ['colcon_pkg']
[2.491s] Level 1:colcon.colcon_core.package_identification:_identify(src/amiga-ros2-bridge/venv/lib/python3.10/site-packages/numpy/f2py/tests/src/common) by extension 'colcon_pkg'
[2.491s] Level 1:colcon.colcon_core.package_identification:_identify(src/amiga-ros2-bridge/venv/lib/python3.10/site-packages/numpy/f2py/tests/src/common) by extensions ['colcon_meta']
[2.491s] Level 1:colcon.colcon_core.package_identification:_identify(src/amiga-ros2-bridge/venv/lib/python3.10/site-packages/numpy/f2py/tests/src/common) by extension 'colcon_meta'
[2.491s] Level 1:colcon.colcon_core.package_identification:_identify(src/amiga-ros2-bridge/venv/lib/python3.10/site-packages/numpy/f2py/tests/src/common) by extensions ['ros']
[2.491s] Level 1:colcon.colcon_core.package_identification:_identify(src/amiga-ros2-bridge/venv/lib/python3.10/site-packages/numpy/f2py/tests/src/common) by extension 'ros'
[2.491s] Level 1:colcon.colcon_core.package_identification:_identify(src/amiga-ros2-bridge/venv/lib/python3.10/site-packages/numpy/f2py/tests/src/common) by extensions ['cmake', 'python']
[2.491s] Level 1:colcon.colcon_core.package_identification:_identify(src/amiga-ros2-bridge/venv/lib/python3.10/site-packages/numpy/f2py/tests/src/common) by extension 'cmake'
[2.492s] Level 1:colcon.colcon_core.package_identification:_identify(src/amiga-ros2-bridge/venv/lib/python3.10/site-packages/numpy/f2py/tests/src/common) by extension 'python'
[2.492s] Level 1:colcon.colcon_core.package_identification:_identify(src/amiga-ros2-bridge/venv/lib/python3.10/site-packages/numpy/f2py/tests/src/common) by extensions ['python_setup_py']
[2.492s] Level 1:colcon.colcon_core.package_identification:_identify(src/amiga-ros2-bridge/venv/lib/python3.10/site-packages/numpy/f2py/tests/src/common) by extension 'python_setup_py'
[2.492s] Level 1:colcon.colcon_core.package_identification:_identify(src/amiga-ros2-bridge/venv/lib/python3.10/site-packages/numpy/f2py/tests/src/crackfortran) by extensions ['ignore', 'ignore_ament_install']
[2.493s] Level 1:colcon.colcon_core.package_identification:_identify(src/amiga-ros2-bridge/venv/lib/python3.10/site-packages/numpy/f2py/tests/src/crackfortran) by extension 'ignore'
[2.493s] Level 1:colcon.colcon_core.package_identification:_identify(src/amiga-ros2-bridge/venv/lib/python3.10/site-packages/numpy/f2py/tests/src/crackfortran) by extension 'ignore_ament_install'
[2.493s] Level 1:colcon.colcon_core.package_identification:_identify(src/amiga-ros2-bridge/venv/lib/python3.10/site-packages/numpy/f2py/tests/src/crackfortran) by extensions ['colcon_pkg']
[2.493s] Level 1:colcon.colcon_core.package_identification:_identify(src/amiga-ros2-bridge/venv/lib/python3.10/site-packages/numpy/f2py/tests/src/crackfortran) by extension 'colcon_pkg'
[2.493s] Level 1:colcon.colcon_core.package_identification:_identify(src/amiga-ros2-bridge/venv/lib/python3.10/site-packages/numpy/f2py/tests/src/crackfortran) by extensions ['colcon_meta']
[2.493s] Level 1:colcon.colcon_core.package_identification:_identify(src/amiga-ros2-bridge/venv/lib/python3.10/site-packages/numpy/f2py/tests/src/crackfortran) by extension 'colcon_meta'
[2.493s] Level 1:colcon.colcon_core.package_identification:_identify(src/amiga-ros2-bridge/venv/lib/python3.10/site-packages/numpy/f2py/tests/src/crackfortran) by extensions ['ros']
[2.494s] Level 1:colcon.colcon_core.package_identification:_identify(src/amiga-ros2-bridge/venv/lib/python3.10/site-packages/numpy/f2py/tests/src/crackfortran) by extension 'ros'
[2.494s] Level 1:colcon.colcon_core.package_identification:_identify(src/amiga-ros2-bridge/venv/lib/python3.10/site-packages/numpy/f2py/tests/src/crackfortran) by extensions ['cmake', 'python']
[2.494s] Level 1:colcon.colcon_core.package_identification:_identify(src/amiga-ros2-bridge/venv/lib/python3.10/site-packages/numpy/f2py/tests/src/crackfortran) by extension 'cmake'
[2.494s] Level 1:colcon.colcon_core.package_identification:_identify(src/amiga-ros2-bridge/venv/lib/python3.10/site-packages/numpy/f2py/tests/src/crackfortran) by extension 'python'
[2.494s] Level 1:colcon.colcon_core.package_identification:_identify(src/amiga-ros2-bridge/venv/lib/python3.10/site-packages/numpy/f2py/tests/src/crackfortran) by extensions ['python_setup_py']
[2.494s] Level 1:colcon.colcon_core.package_identification:_identify(src/amiga-ros2-bridge/venv/lib/python3.10/site-packages/numpy/f2py/tests/src/crackfortran) by extension 'python_setup_py'
[2.495s] Level 1:colcon.colcon_core.package_identification:_identify(src/amiga-ros2-bridge/venv/lib/python3.10/site-packages/numpy/f2py/tests/src/f2cmap) by extensions ['ignore', 'ignore_ament_install']
[2.495s] Level 1:colcon.colcon_core.package_identification:_identify(src/amiga-ros2-bridge/venv/lib/python3.10/site-packages/numpy/f2py/tests/src/f2cmap) by extension 'ignore'
[2.495s] Level 1:colcon.colcon_core.package_identification:_identify(src/amiga-ros2-bridge/venv/lib/python3.10/site-packages/numpy/f2py/tests/src/f2cmap) by extension 'ignore_ament_install'
[2.495s] Level 1:colcon.colcon_core.package_identification:_identify(src/amiga-ros2-bridge/venv/lib/python3.10/site-packages/numpy/f2py/tests/src/f2cmap) by extensions ['colcon_pkg']
[2.495s] Level 1:colcon.colcon_core.package_identification:_identify(src/amiga-ros2-bridge/venv/lib/python3.10/site-packages/numpy/f2py/tests/src/f2cmap) by extension 'colcon_pkg'
[2.495s] Level 1:colcon.colcon_core.package_identification:_identify(src/amiga-ros2-bridge/venv/lib/python3.10/site-packages/numpy/f2py/tests/src/f2cmap) by extensions ['colcon_meta']
[2.496s] Level 1:colcon.colcon_core.package_identification:_identify(src/amiga-ros2-bridge/venv/lib/python3.10/site-packages/numpy/f2py/tests/src/f2cmap) by extension 'colcon_meta'
[2.496s] Level 1:colcon.colcon_core.package_identification:_identify(src/amiga-ros2-bridge/venv/lib/python3.10/site-packages/numpy/f2py/tests/src/f2cmap) by extensions ['ros']
[2.496s] Level 1:colcon.colcon_core.package_identification:_identify(src/amiga-ros2-bridge/venv/lib/python3.10/site-packages/numpy/f2py/tests/src/f2cmap) by extension 'ros'
[2.496s] Level 1:colcon.colcon_core.package_identification:_identify(src/amiga-ros2-bridge/venv/lib/python3.10/site-packages/numpy/f2py/tests/src/f2cmap) by extensions ['cmake', 'python']
[2.496s] Level 1:colcon.colcon_core.package_identification:_identify(src/amiga-ros2-bridge/venv/lib/python3.10/site-packages/numpy/f2py/tests/src/f2cmap) by extension 'cmake'
[2.496s] Level 1:colcon.colcon_core.package_identification:_identify(src/amiga-ros2-bridge/venv/lib/python3.10/site-packages/numpy/f2py/tests/src/f2cmap) by extension 'python'
[2.496s] Level 1:colcon.colcon_core.package_identification:_identify(src/amiga-ros2-bridge/venv/lib/python3.10/site-packages/numpy/f2py/tests/src/f2cmap) by extensions ['python_setup_py']
[2.497s] Level 1:colcon.colcon_core.package_identification:_identify(src/amiga-ros2-bridge/venv/lib/python3.10/site-packages/numpy/f2py/tests/src/f2cmap) by extension 'python_setup_py'
[2.497s] Level 1:colcon.colcon_core.package_identification:_identify(src/amiga-ros2-bridge/venv/lib/python3.10/site-packages/numpy/f2py/tests/src/isocintrin) by extensions ['ignore', 'ignore_ament_install']
[2.497s] Level 1:colcon.colcon_core.package_identification:_identify(src/amiga-ros2-bridge/venv/lib/python3.10/site-packages/numpy/f2py/tests/src/isocintrin) by extension 'ignore'
[2.497s] Level 1:colcon.colcon_core.package_identification:_identify(src/amiga-ros2-bridge/venv/lib/python3.10/site-packages/numpy/f2py/tests/src/isocintrin) by extension 'ignore_ament_install'
[2.498s] Level 1:colcon.colcon_core.package_identification:_identify(src/amiga-ros2-bridge/venv/lib/python3.10/site-packages/numpy/f2py/tests/src/isocintrin) by extensions ['colcon_pkg']
[2.498s] Level 1:colcon.colcon_core.package_identification:_identify(src/amiga-ros2-bridge/venv/lib/python3.10/site-packages/numpy/f2py/tests/src/isocintrin) by extension 'colcon_pkg'
[2.498s] Level 1:colcon.colcon_core.package_identification:_identify(src/amiga-ros2-bridge/venv/lib/python3.10/site-packages/numpy/f2py/tests/src/isocintrin) by extensions ['colcon_meta']
[2.498s] Level 1:colcon.colcon_core.package_identification:_identify(src/amiga-ros2-bridge/venv/lib/python3.10/site-packages/numpy/f2py/tests/src/isocintrin) by extension 'colcon_meta'
[2.498s] Level 1:colcon.colcon_core.package_identification:_identify(src/amiga-ros2-bridge/venv/lib/python3.10/site-packages/numpy/f2py/tests/src/isocintrin) by extensions ['ros']
[2.498s] Level 1:colcon.colcon_core.package_identification:_identify(src/amiga-ros2-bridge/venv/lib/python3.10/site-packages/numpy/f2py/tests/src/isocintrin) by extension 'ros'
[2.498s] Level 1:colcon.colcon_core.package_identification:_identify(src/amiga-ros2-bridge/venv/lib/python3.10/site-packages/numpy/f2py/tests/src/isocintrin) by extensions ['cmake', 'python']
[2.498s] Level 1:colcon.colcon_core.package_identification:_identify(src/amiga-ros2-bridge/venv/lib/python3.10/site-packages/numpy/f2py/tests/src/isocintrin) by extension 'cmake'
[2.499s] Level 1:colcon.colcon_core.package_identification:_identify(src/amiga-ros2-bridge/venv/lib/python3.10/site-packages/numpy/f2py/tests/src/isocintrin) by extension 'python'
[2.499s] Level 1:colcon.colcon_core.package_identification:_identify(src/amiga-ros2-bridge/venv/lib/python3.10/site-packages/numpy/f2py/tests/src/isocintrin) by extensions ['python_setup_py']
[2.499s] Level 1:colcon.colcon_core.package_identification:_identify(src/amiga-ros2-bridge/venv/lib/python3.10/site-packages/numpy/f2py/tests/src/isocintrin) by extension 'python_setup_py'
[2.499s] Level 1:colcon.colcon_core.package_identification:_identify(src/amiga-ros2-bridge/venv/lib/python3.10/site-packages/numpy/f2py/tests/src/kind) by extensions ['ignore', 'ignore_ament_install']
[2.499s] Level 1:colcon.colcon_core.package_identification:_identify(src/amiga-ros2-bridge/venv/lib/python3.10/site-packages/numpy/f2py/tests/src/kind) by extension 'ignore'
[2.500s] Level 1:colcon.colcon_core.package_identification:_identify(src/amiga-ros2-bridge/venv/lib/python3.10/site-packages/numpy/f2py/tests/src/kind) by extension 'ignore_ament_install'
[2.500s] Level 1:colcon.colcon_core.package_identification:_identify(src/amiga-ros2-bridge/venv/lib/python3.10/site-packages/numpy/f2py/tests/src/kind) by extensions ['colcon_pkg']
[2.500s] Level 1:colcon.colcon_core.package_identification:_identify(src/amiga-ros2-bridge/venv/lib/python3.10/site-packages/numpy/f2py/tests/src/kind) by extension 'colcon_pkg'
[2.500s] Level 1:colcon.colcon_core.package_identification:_identify(src/amiga-ros2-bridge/venv/lib/python3.10/site-packages/numpy/f2py/tests/src/kind) by extensions ['colcon_meta']
[2.500s] Level 1:colcon.colcon_core.package_identification:_identify(src/amiga-ros2-bridge/venv/lib/python3.10/site-packages/numpy/f2py/tests/src/kind) by extension 'colcon_meta'
[2.500s] Level 1:colcon.colcon_core.package_identification:_identify(src/amiga-ros2-bridge/venv/lib/python3.10/site-packages/numpy/f2py/tests/src/kind) by extensions ['ros']
[2.500s] Level 1:colcon.colcon_core.package_identification:_identify(src/amiga-ros2-bridge/venv/lib/python3.10/site-packages/numpy/f2py/tests/src/kind) by extension 'ros'
[2.501s] Level 1:colcon.colcon_core.package_identification:_identify(src/amiga-ros2-bridge/venv/lib/python3.10/site-packages/numpy/f2py/tests/src/kind) by extensions ['cmake', 'python']
[2.501s] Level 1:colcon.colcon_core.package_identification:_identify(src/amiga-ros2-bridge/venv/lib/python3.10/site-packages/numpy/f2py/tests/src/kind) by extension 'cmake'
[2.501s] Level 1:colcon.colcon_core.package_identification:_identify(src/amiga-ros2-bridge/venv/lib/python3.10/site-packages/numpy/f2py/tests/src/kind) by extension 'python'
[2.501s] Level 1:colcon.colcon_core.package_identification:_identify(src/amiga-ros2-bridge/venv/lib/python3.10/site-packages/numpy/f2py/tests/src/kind) by extensions ['python_setup_py']
[2.501s] Level 1:colcon.colcon_core.package_identification:_identify(src/amiga-ros2-bridge/venv/lib/python3.10/site-packages/numpy/f2py/tests/src/kind) by extension 'python_setup_py'
[2.501s] Level 1:colcon.colcon_core.package_identification:_identify(src/amiga-ros2-bridge/venv/lib/python3.10/site-packages/numpy/f2py/tests/src/mixed) by extensions ['ignore', 'ignore_ament_install']
[2.502s] Level 1:colcon.colcon_core.package_identification:_identify(src/amiga-ros2-bridge/venv/lib/python3.10/site-packages/numpy/f2py/tests/src/mixed) by extension 'ignore'
[2.502s] Level 1:colcon.colcon_core.package_identification:_identify(src/amiga-ros2-bridge/venv/lib/python3.10/site-packages/numpy/f2py/tests/src/mixed) by extension 'ignore_ament_install'
[2.502s] Level 1:colcon.colcon_core.package_identification:_identify(src/amiga-ros2-bridge/venv/lib/python3.10/site-packages/numpy/f2py/tests/src/mixed) by extensions ['colcon_pkg']
[2.502s] Level 1:colcon.colcon_core.package_identification:_identify(src/amiga-ros2-bridge/venv/lib/python3.10/site-packages/numpy/f2py/tests/src/mixed) by extension 'colcon_pkg'
[2.502s] Level 1:colcon.colcon_core.package_identification:_identify(src/amiga-ros2-bridge/venv/lib/python3.10/site-packages/numpy/f2py/tests/src/mixed) by extensions ['colcon_meta']
[2.502s] Level 1:colcon.colcon_core.package_identification:_identify(src/amiga-ros2-bridge/venv/lib/python3.10/site-packages/numpy/f2py/tests/src/mixed) by extension 'colcon_meta'
[2.502s] Level 1:colcon.colcon_core.package_identification:_identify(src/amiga-ros2-bridge/venv/lib/python3.10/site-packages/numpy/f2py/tests/src/mixed) by extensions ['ros']
[2.503s] Level 1:colcon.colcon_core.package_identification:_identify(src/amiga-ros2-bridge/venv/lib/python3.10/site-packages/numpy/f2py/tests/src/mixed) by extension 'ros'
[2.503s] Level 1:colcon.colcon_core.package_identification:_identify(src/amiga-ros2-bridge/venv/lib/python3.10/site-packages/numpy/f2py/tests/src/mixed) by extensions ['cmake', 'python']
[2.503s] Level 1:colcon.colcon_core.package_identification:_identify(src/amiga-ros2-bridge/venv/lib/python3.10/site-packages/numpy/f2py/tests/src/mixed) by extension 'cmake'
[2.503s] Level 1:colcon.colcon_core.package_identification:_identify(src/amiga-ros2-bridge/venv/lib/python3.10/site-packages/numpy/f2py/tests/src/mixed) by extension 'python'
[2.503s] Level 1:colcon.colcon_core.package_identification:_identify(src/amiga-ros2-bridge/venv/lib/python3.10/site-packages/numpy/f2py/tests/src/mixed) by extensions ['python_setup_py']
[2.503s] Level 1:colcon.colcon_core.package_identification:_identify(src/amiga-ros2-bridge/venv/lib/python3.10/site-packages/numpy/f2py/tests/src/mixed) by extension 'python_setup_py'
[2.504s] Level 1:colcon.colcon_core.package_identification:_identify(src/amiga-ros2-bridge/venv/lib/python3.10/site-packages/numpy/f2py/tests/src/modules) by extensions ['ignore', 'ignore_ament_install']
[2.504s] Level 1:colcon.colcon_core.package_identification:_identify(src/amiga-ros2-bridge/venv/lib/python3.10/site-packages/numpy/f2py/tests/src/modules) by extension 'ignore'
[2.504s] Level 1:colcon.colcon_core.package_identification:_identify(src/amiga-ros2-bridge/venv/lib/python3.10/site-packages/numpy/f2py/tests/src/modules) by extension 'ignore_ament_install'
[2.504s] Level 1:colcon.colcon_core.package_identification:_identify(src/amiga-ros2-bridge/venv/lib/python3.10/site-packages/numpy/f2py/tests/src/modules) by extensions ['colcon_pkg']
[2.504s] Level 1:colcon.colcon_core.package_identification:_identify(src/amiga-ros2-bridge/venv/lib/python3.10/site-packages/numpy/f2py/tests/src/modules) by extension 'colcon_pkg'
[2.504s] Level 1:colcon.colcon_core.package_identification:_identify(src/amiga-ros2-bridge/venv/lib/python3.10/site-packages/numpy/f2py/tests/src/modules) by extensions ['colcon_meta']
[2.505s] Level 1:colcon.colcon_core.package_identification:_identify(src/amiga-ros2-bridge/venv/lib/python3.10/site-packages/numpy/f2py/tests/src/modules) by extension 'colcon_meta'
[2.505s] Level 1:colcon.colcon_core.package_identification:_identify(src/amiga-ros2-bridge/venv/lib/python3.10/site-packages/numpy/f2py/tests/src/modules) by extensions ['ros']
[2.505s] Level 1:colcon.colcon_core.package_identification:_identify(src/amiga-ros2-bridge/venv/lib/python3.10/site-packages/numpy/f2py/tests/src/modules) by extension 'ros'
[2.505s] Level 1:colcon.colcon_core.package_identification:_identify(src/amiga-ros2-bridge/venv/lib/python3.10/site-packages/numpy/f2py/tests/src/modules) by extensions ['cmake', 'python']
[2.505s] Level 1:colcon.colcon_core.package_identification:_identify(src/amiga-ros2-bridge/venv/lib/python3.10/site-packages/numpy/f2py/tests/src/modules) by extension 'cmake'
[2.505s] Level 1:colcon.colcon_core.package_identification:_identify(src/amiga-ros2-bridge/venv/lib/python3.10/site-packages/numpy/f2py/tests/src/modules) by extension 'python'
[2.505s] Level 1:colcon.colcon_core.package_identification:_identify(src/amiga-ros2-bridge/venv/lib/python3.10/site-packages/numpy/f2py/tests/src/modules) by extensions ['python_setup_py']
[2.505s] Level 1:colcon.colcon_core.package_identification:_identify(src/amiga-ros2-bridge/venv/lib/python3.10/site-packages/numpy/f2py/tests/src/modules) by extension 'python_setup_py'
[2.506s] Level 1:colcon.colcon_core.package_identification:_identify(src/amiga-ros2-bridge/venv/lib/python3.10/site-packages/numpy/f2py/tests/src/modules/gh25337) by extensions ['ignore', 'ignore_ament_install']
[2.506s] Level 1:colcon.colcon_core.package_identification:_identify(src/amiga-ros2-bridge/venv/lib/python3.10/site-packages/numpy/f2py/tests/src/modules/gh25337) by extension 'ignore'
[2.506s] Level 1:colcon.colcon_core.package_identification:_identify(src/amiga-ros2-bridge/venv/lib/python3.10/site-packages/numpy/f2py/tests/src/modules/gh25337) by extension 'ignore_ament_install'
[2.506s] Level 1:colcon.colcon_core.package_identification:_identify(src/amiga-ros2-bridge/venv/lib/python3.10/site-packages/numpy/f2py/tests/src/modules/gh25337) by extensions ['colcon_pkg']
[2.507s] Level 1:colcon.colcon_core.package_identification:_identify(src/amiga-ros2-bridge/venv/lib/python3.10/site-packages/numpy/f2py/tests/src/modules/gh25337) by extension 'colcon_pkg'
[2.507s] Level 1:colcon.colcon_core.package_identification:_identify(src/amiga-ros2-bridge/venv/lib/python3.10/site-packages/numpy/f2py/tests/src/modules/gh25337) by extensions ['colcon_meta']
[2.507s] Level 1:colcon.colcon_core.package_identification:_identify(src/amiga-ros2-bridge/venv/lib/python3.10/site-packages/numpy/f2py/tests/src/modules/gh25337) by extension 'colcon_meta'
[2.507s] Level 1:colcon.colcon_core.package_identification:_identify(src/amiga-ros2-bridge/venv/lib/python3.10/site-packages/numpy/f2py/tests/src/modules/gh25337) by extensions ['ros']
[2.507s] Level 1:colcon.colcon_core.package_identification:_identify(src/amiga-ros2-bridge/venv/lib/python3.10/site-packages/numpy/f2py/tests/src/modules/gh25337) by extension 'ros'
[2.507s] Level 1:colcon.colcon_core.package_identification:_identify(src/amiga-ros2-bridge/venv/lib/python3.10/site-packages/numpy/f2py/tests/src/modules/gh25337) by extensions ['cmake', 'python']
[2.507s] Level 1:colcon.colcon_core.package_identification:_identify(src/amiga-ros2-bridge/venv/lib/python3.10/site-packages/numpy/f2py/tests/src/modules/gh25337) by extension 'cmake'
[2.508s] Level 1:colcon.colcon_core.package_identification:_identify(src/amiga-ros2-bridge/venv/lib/python3.10/site-packages/numpy/f2py/tests/src/modules/gh25337) by extension 'python'
[2.508s] Level 1:colcon.colcon_core.package_identification:_identify(src/amiga-ros2-bridge/venv/lib/python3.10/site-packages/numpy/f2py/tests/src/modules/gh25337) by extensions ['python_setup_py']
[2.508s] Level 1:colcon.colcon_core.package_identification:_identify(src/amiga-ros2-bridge/venv/lib/python3.10/site-packages/numpy/f2py/tests/src/modules/gh25337) by extension 'python_setup_py'
[2.508s] Level 1:colcon.colcon_core.package_identification:_identify(src/amiga-ros2-bridge/venv/lib/python3.10/site-packages/numpy/f2py/tests/src/modules/gh26920) by extensions ['ignore', 'ignore_ament_install']
[2.508s] Level 1:colcon.colcon_core.package_identification:_identify(src/amiga-ros2-bridge/venv/lib/python3.10/site-packages/numpy/f2py/tests/src/modules/gh26920) by extension 'ignore'
[2.509s] Level 1:colcon.colcon_core.package_identification:_identify(src/amiga-ros2-bridge/venv/lib/python3.10/site-packages/numpy/f2py/tests/src/modules/gh26920) by extension 'ignore_ament_install'
[2.509s] Level 1:colcon.colcon_core.package_identification:_identify(src/amiga-ros2-bridge/venv/lib/python3.10/site-packages/numpy/f2py/tests/src/modules/gh26920) by extensions ['colcon_pkg']
[2.509s] Level 1:colcon.colcon_core.package_identification:_identify(src/amiga-ros2-bridge/venv/lib/python3.10/site-packages/numpy/f2py/tests/src/modules/gh26920) by extension 'colcon_pkg'
[2.509s] Level 1:colcon.colcon_core.package_identification:_identify(src/amiga-ros2-bridge/venv/lib/python3.10/site-packages/numpy/f2py/tests/src/modules/gh26920) by extensions ['colcon_meta']
[2.509s] Level 1:colcon.colcon_core.package_identification:_identify(src/amiga-ros2-bridge/venv/lib/python3.10/site-packages/numpy/f2py/tests/src/modules/gh26920) by extension 'colcon_meta'
[2.509s] Level 1:colcon.colcon_core.package_identification:_identify(src/amiga-ros2-bridge/venv/lib/python3.10/site-packages/numpy/f2py/tests/src/modules/gh26920) by extensions ['ros']
[2.509s] Level 1:colcon.colcon_core.package_identification:_identify(src/amiga-ros2-bridge/venv/lib/python3.10/site-packages/numpy/f2py/tests/src/modules/gh26920) by extension 'ros'
[2.510s] Level 1:colcon.colcon_core.package_identification:_identify(src/amiga-ros2-bridge/venv/lib/python3.10/site-packages/numpy/f2py/tests/src/modules/gh26920) by extensions ['cmake', 'python']
[2.510s] Level 1:colcon.colcon_core.package_identification:_identify(src/amiga-ros2-bridge/venv/lib/python3.10/site-packages/numpy/f2py/tests/src/modules/gh26920) by extension 'cmake'
[2.510s] Level 1:colcon.colcon_core.package_identification:_identify(src/amiga-ros2-bridge/venv/lib/python3.10/site-packages/numpy/f2py/tests/src/modules/gh26920) by extension 'python'
[2.510s] Level 1:colcon.colcon_core.package_identification:_identify(src/amiga-ros2-bridge/venv/lib/python3.10/site-packages/numpy/f2py/tests/src/modules/gh26920) by extensions ['python_setup_py']
[2.510s] Level 1:colcon.colcon_core.package_identification:_identify(src/amiga-ros2-bridge/venv/lib/python3.10/site-packages/numpy/f2py/tests/src/modules/gh26920) by extension 'python_setup_py'
[2.510s] Level 1:colcon.colcon_core.package_identification:_identify(src/amiga-ros2-bridge/venv/lib/python3.10/site-packages/numpy/f2py/tests/src/negative_bounds) by extensions ['ignore', 'ignore_ament_install']
[2.511s] Level 1:colcon.colcon_core.package_identification:_identify(src/amiga-ros2-bridge/venv/lib/python3.10/site-packages/numpy/f2py/tests/src/negative_bounds) by extension 'ignore'
[2.511s] Level 1:colcon.colcon_core.package_identification:_identify(src/amiga-ros2-bridge/venv/lib/python3.10/site-packages/numpy/f2py/tests/src/negative_bounds) by extension 'ignore_ament_install'
[2.511s] Level 1:colcon.colcon_core.package_identification:_identify(src/amiga-ros2-bridge/venv/lib/python3.10/site-packages/numpy/f2py/tests/src/negative_bounds) by extensions ['colcon_pkg']
[2.511s] Level 1:colcon.colcon_core.package_identification:_identify(src/amiga-ros2-bridge/venv/lib/python3.10/site-packages/numpy/f2py/tests/src/negative_bounds) by extension 'colcon_pkg'
[2.511s] Level 1:colcon.colcon_core.package_identification:_identify(src/amiga-ros2-bridge/venv/lib/python3.10/site-packages/numpy/f2py/tests/src/negative_bounds) by extensions ['colcon_meta']
[2.511s] Level 1:colcon.colcon_core.package_identification:_identify(src/amiga-ros2-bridge/venv/lib/python3.10/site-packages/numpy/f2py/tests/src/negative_bounds) by extension 'colcon_meta'
[2.512s] Level 1:colcon.colcon_core.package_identification:_identify(src/amiga-ros2-bridge/venv/lib/python3.10/site-packages/numpy/f2py/tests/src/negative_bounds) by extensions ['ros']
[2.512s] Level 1:colcon.colcon_core.package_identification:_identify(src/amiga-ros2-bridge/venv/lib/python3.10/site-packages/numpy/f2py/tests/src/negative_bounds) by extension 'ros'
[2.512s] Level 1:colcon.colcon_core.package_identification:_identify(src/amiga-ros2-bridge/venv/lib/python3.10/site-packages/numpy/f2py/tests/src/negative_bounds) by extensions ['cmake', 'python']
[2.512s] Level 1:colcon.colcon_core.package_identification:_identify(src/amiga-ros2-bridge/venv/lib/python3.10/site-packages/numpy/f2py/tests/src/negative_bounds) by extension 'cmake'
[2.512s] Level 1:colcon.colcon_core.package_identification:_identify(src/amiga-ros2-bridge/venv/lib/python3.10/site-packages/numpy/f2py/tests/src/negative_bounds) by extension 'python'
[2.512s] Level 1:colcon.colcon_core.package_identification:_identify(src/amiga-ros2-bridge/venv/lib/python3.10/site-packages/numpy/f2py/tests/src/negative_bounds) by extensions ['python_setup_py']
[2.512s] Level 1:colcon.colcon_core.package_identification:_identify(src/amiga-ros2-bridge/venv/lib/python3.10/site-packages/numpy/f2py/tests/src/negative_bounds) by extension 'python_setup_py'
[2.513s] Level 1:colcon.colcon_core.package_identification:_identify(src/amiga-ros2-bridge/venv/lib/python3.10/site-packages/numpy/f2py/tests/src/parameter) by extensions ['ignore', 'ignore_ament_install']
[2.513s] Level 1:colcon.colcon_core.package_identification:_identify(src/amiga-ros2-bridge/venv/lib/python3.10/site-packages/numpy/f2py/tests/src/parameter) by extension 'ignore'
[2.513s] Level 1:colcon.colcon_core.package_identification:_identify(src/amiga-ros2-bridge/venv/lib/python3.10/site-packages/numpy/f2py/tests/src/parameter) by extension 'ignore_ament_install'
[2.513s] Level 1:colcon.colcon_core.package_identification:_identify(src/amiga-ros2-bridge/venv/lib/python3.10/site-packages/numpy/f2py/tests/src/parameter) by extensions ['colcon_pkg']
[2.513s] Level 1:colcon.colcon_core.package_identification:_identify(src/amiga-ros2-bridge/venv/lib/python3.10/site-packages/numpy/f2py/tests/src/parameter) by extension 'colcon_pkg'
[2.513s] Level 1:colcon.colcon_core.package_identification:_identify(src/amiga-ros2-bridge/venv/lib/python3.10/site-packages/numpy/f2py/tests/src/parameter) by extensions ['colcon_meta']
[2.514s] Level 1:colcon.colcon_core.package_identification:_identify(src/amiga-ros2-bridge/venv/lib/python3.10/site-packages/numpy/f2py/tests/src/parameter) by extension 'colcon_meta'
[2.514s] Level 1:colcon.colcon_core.package_identification:_identify(src/amiga-ros2-bridge/venv/lib/python3.10/site-packages/numpy/f2py/tests/src/parameter) by extensions ['ros']
[2.514s] Level 1:colcon.colcon_core.package_identification:_identify(src/amiga-ros2-bridge/venv/lib/python3.10/site-packages/numpy/f2py/tests/src/parameter) by extension 'ros'
[2.514s] Level 1:colcon.colcon_core.package_identification:_identify(src/amiga-ros2-bridge/venv/lib/python3.10/site-packages/numpy/f2py/tests/src/parameter) by extensions ['cmake', 'python']
[2.514s] Level 1:colcon.colcon_core.package_identification:_identify(src/amiga-ros2-bridge/venv/lib/python3.10/site-packages/numpy/f2py/tests/src/parameter) by extension 'cmake'
[2.514s] Level 1:colcon.colcon_core.package_identification:_identify(src/amiga-ros2-bridge/venv/lib/python3.10/site-packages/numpy/f2py/tests/src/parameter) by extension 'python'
[2.514s] Level 1:colcon.colcon_core.package_identification:_identify(src/amiga-ros2-bridge/venv/lib/python3.10/site-packages/numpy/f2py/tests/src/parameter) by extensions ['python_setup_py']
[2.514s] Level 1:colcon.colcon_core.package_identification:_identify(src/amiga-ros2-bridge/venv/lib/python3.10/site-packages/numpy/f2py/tests/src/parameter) by extension 'python_setup_py'
[2.515s] Level 1:colcon.colcon_core.package_identification:_identify(src/amiga-ros2-bridge/venv/lib/python3.10/site-packages/numpy/f2py/tests/src/quoted_character) by extensions ['ignore', 'ignore_ament_install']
[2.515s] Level 1:colcon.colcon_core.package_identification:_identify(src/amiga-ros2-bridge/venv/lib/python3.10/site-packages/numpy/f2py/tests/src/quoted_character) by extension 'ignore'
[2.515s] Level 1:colcon.colcon_core.package_identification:_identify(src/amiga-ros2-bridge/venv/lib/python3.10/site-packages/numpy/f2py/tests/src/quoted_character) by extension 'ignore_ament_install'
[2.515s] Level 1:colcon.colcon_core.package_identification:_identify(src/amiga-ros2-bridge/venv/lib/python3.10/site-packages/numpy/f2py/tests/src/quoted_character) by extensions ['colcon_pkg']
[2.515s] Level 1:colcon.colcon_core.package_identification:_identify(src/amiga-ros2-bridge/venv/lib/python3.10/site-packages/numpy/f2py/tests/src/quoted_character) by extension 'colcon_pkg'
[2.516s] Level 1:colcon.colcon_core.package_identification:_identify(src/amiga-ros2-bridge/venv/lib/python3.10/site-packages/numpy/f2py/tests/src/quoted_character) by extensions ['colcon_meta']
[2.516s] Level 1:colcon.colcon_core.package_identification:_identify(src/amiga-ros2-bridge/venv/lib/python3.10/site-packages/numpy/f2py/tests/src/quoted_character) by extension 'colcon_meta'
[2.516s] Level 1:colcon.colcon_core.package_identification:_identify(src/amiga-ros2-bridge/venv/lib/python3.10/site-packages/numpy/f2py/tests/src/quoted_character) by extensions ['ros']
[2.516s] Level 1:colcon.colcon_core.package_identification:_identify(src/amiga-ros2-bridge/venv/lib/python3.10/site-packages/numpy/f2py/tests/src/quoted_character) by extension 'ros'
[2.516s] Level 1:colcon.colcon_core.package_identification:_identify(src/amiga-ros2-bridge/venv/lib/python3.10/site-packages/numpy/f2py/tests/src/quoted_character) by extensions ['cmake', 'python']
[2.516s] Level 1:colcon.colcon_core.package_identification:_identify(src/amiga-ros2-bridge/venv/lib/python3.10/site-packages/numpy/f2py/tests/src/quoted_character) by extension 'cmake'
[2.516s] Level 1:colcon.colcon_core.package_identification:_identify(src/amiga-ros2-bridge/venv/lib/python3.10/site-packages/numpy/f2py/tests/src/quoted_character) by extension 'python'
[2.516s] Level 1:colcon.colcon_core.package_identification:_identify(src/amiga-ros2-bridge/venv/lib/python3.10/site-packages/numpy/f2py/tests/src/quoted_character) by extensions ['python_setup_py']
[2.517s] Level 1:colcon.colcon_core.package_identification:_identify(src/amiga-ros2-bridge/venv/lib/python3.10/site-packages/numpy/f2py/tests/src/quoted_character) by extension 'python_setup_py'
[2.517s] Level 1:colcon.colcon_core.package_identification:_identify(src/amiga-ros2-bridge/venv/lib/python3.10/site-packages/numpy/f2py/tests/src/regression) by extensions ['ignore', 'ignore_ament_install']
[2.517s] Level 1:colcon.colcon_core.package_identification:_identify(src/amiga-ros2-bridge/venv/lib/python3.10/site-packages/numpy/f2py/tests/src/regression) by extension 'ignore'
[2.517s] Level 1:colcon.colcon_core.package_identification:_identify(src/amiga-ros2-bridge/venv/lib/python3.10/site-packages/numpy/f2py/tests/src/regression) by extension 'ignore_ament_install'
[2.518s] Level 1:colcon.colcon_core.package_identification:_identify(src/amiga-ros2-bridge/venv/lib/python3.10/site-packages/numpy/f2py/tests/src/regression) by extensions ['colcon_pkg']
[2.518s] Level 1:colcon.colcon_core.package_identification:_identify(src/amiga-ros2-bridge/venv/lib/python3.10/site-packages/numpy/f2py/tests/src/regression) by extension 'colcon_pkg'
[2.518s] Level 1:colcon.colcon_core.package_identification:_identify(src/amiga-ros2-bridge/venv/lib/python3.10/site-packages/numpy/f2py/tests/src/regression) by extensions ['colcon_meta']
[2.518s] Level 1:colcon.colcon_core.package_identification:_identify(src/amiga-ros2-bridge/venv/lib/python3.10/site-packages/numpy/f2py/tests/src/regression) by extension 'colcon_meta'
[2.518s] Level 1:colcon.colcon_core.package_identification:_identify(src/amiga-ros2-bridge/venv/lib/python3.10/site-packages/numpy/f2py/tests/src/regression) by extensions ['ros']
[2.518s] Level 1:colcon.colcon_core.package_identification:_identify(src/amiga-ros2-bridge/venv/lib/python3.10/site-packages/numpy/f2py/tests/src/regression) by extension 'ros'
[2.518s] Level 1:colcon.colcon_core.package_identification:_identify(src/amiga-ros2-bridge/venv/lib/python3.10/site-packages/numpy/f2py/tests/src/regression) by extensions ['cmake', 'python']
[2.518s] Level 1:colcon.colcon_core.package_identification:_identify(src/amiga-ros2-bridge/venv/lib/python3.10/site-packages/numpy/f2py/tests/src/regression) by extension 'cmake'
[2.519s] Level 1:colcon.colcon_core.package_identification:_identify(src/amiga-ros2-bridge/venv/lib/python3.10/site-packages/numpy/f2py/tests/src/regression) by extension 'python'
[2.519s] Level 1:colcon.colcon_core.package_identification:_identify(src/amiga-ros2-bridge/venv/lib/python3.10/site-packages/numpy/f2py/tests/src/regression) by extensions ['python_setup_py']
[2.519s] Level 1:colcon.colcon_core.package_identification:_identify(src/amiga-ros2-bridge/venv/lib/python3.10/site-packages/numpy/f2py/tests/src/regression) by extension 'python_setup_py'
[2.519s] Level 1:colcon.colcon_core.package_identification:_identify(src/amiga-ros2-bridge/venv/lib/python3.10/site-packages/numpy/f2py/tests/src/return_character) by extensions ['ignore', 'ignore_ament_install']
[2.519s] Level 1:colcon.colcon_core.package_identification:_identify(src/amiga-ros2-bridge/venv/lib/python3.10/site-packages/numpy/f2py/tests/src/return_character) by extension 'ignore'
[2.520s] Level 1:colcon.colcon_core.package_identification:_identify(src/amiga-ros2-bridge/venv/lib/python3.10/site-packages/numpy/f2py/tests/src/return_character) by extension 'ignore_ament_install'
[2.520s] Level 1:colcon.colcon_core.package_identification:_identify(src/amiga-ros2-bridge/venv/lib/python3.10/site-packages/numpy/f2py/tests/src/return_character) by extensions ['colcon_pkg']
[2.520s] Level 1:colcon.colcon_core.package_identification:_identify(src/amiga-ros2-bridge/venv/lib/python3.10/site-packages/numpy/f2py/tests/src/return_character) by extension 'colcon_pkg'
[2.520s] Level 1:colcon.colcon_core.package_identification:_identify(src/amiga-ros2-bridge/venv/lib/python3.10/site-packages/numpy/f2py/tests/src/return_character) by extensions ['colcon_meta']
[2.520s] Level 1:colcon.colcon_core.package_identification:_identify(src/amiga-ros2-bridge/venv/lib/python3.10/site-packages/numpy/f2py/tests/src/return_character) by extension 'colcon_meta'
[2.520s] Level 1:colcon.colcon_core.package_identification:_identify(src/amiga-ros2-bridge/venv/lib/python3.10/site-packages/numpy/f2py/tests/src/return_character) by extensions ['ros']
[2.520s] Level 1:colcon.colcon_core.package_identification:_identify(src/amiga-ros2-bridge/venv/lib/python3.10/site-packages/numpy/f2py/tests/src/return_character) by extension 'ros'
[2.520s] Level 1:colcon.colcon_core.package_identification:_identify(src/amiga-ros2-bridge/venv/lib/python3.10/site-packages/numpy/f2py/tests/src/return_character) by extensions ['cmake', 'python']
[2.521s] Level 1:colcon.colcon_core.package_identification:_identify(src/amiga-ros2-bridge/venv/lib/python3.10/site-packages/numpy/f2py/tests/src/return_character) by extension 'cmake'
[2.521s] Level 1:colcon.colcon_core.package_identification:_identify(src/amiga-ros2-bridge/venv/lib/python3.10/site-packages/numpy/f2py/tests/src/return_character) by extension 'python'
[2.521s] Level 1:colcon.colcon_core.package_identification:_identify(src/amiga-ros2-bridge/venv/lib/python3.10/site-packages/numpy/f2py/tests/src/return_character) by extensions ['python_setup_py']
[2.521s] Level 1:colcon.colcon_core.package_identification:_identify(src/amiga-ros2-bridge/venv/lib/python3.10/site-packages/numpy/f2py/tests/src/return_character) by extension 'python_setup_py'
[2.521s] Level 1:colcon.colcon_core.package_identification:_identify(src/amiga-ros2-bridge/venv/lib/python3.10/site-packages/numpy/f2py/tests/src/return_complex) by extensions ['ignore', 'ignore_ament_install']
[2.521s] Level 1:colcon.colcon_core.package_identification:_identify(src/amiga-ros2-bridge/venv/lib/python3.10/site-packages/numpy/f2py/tests/src/return_complex) by extension 'ignore'
[2.522s] Level 1:colcon.colcon_core.package_identification:_identify(src/amiga-ros2-bridge/venv/lib/python3.10/site-packages/numpy/f2py/tests/src/return_complex) by extension 'ignore_ament_install'
[2.522s] Level 1:colcon.colcon_core.package_identification:_identify(src/amiga-ros2-bridge/venv/lib/python3.10/site-packages/numpy/f2py/tests/src/return_complex) by extensions ['colcon_pkg']
[2.522s] Level 1:colcon.colcon_core.package_identification:_identify(src/amiga-ros2-bridge/venv/lib/python3.10/site-packages/numpy/f2py/tests/src/return_complex) by extension 'colcon_pkg'
[2.522s] Level 1:colcon.colcon_core.package_identification:_identify(src/amiga-ros2-bridge/venv/lib/python3.10/site-packages/numpy/f2py/tests/src/return_complex) by extensions ['colcon_meta']
[2.522s] Level 1:colcon.colcon_core.package_identification:_identify(src/amiga-ros2-bridge/venv/lib/python3.10/site-packages/numpy/f2py/tests/src/return_complex) by extension 'colcon_meta'
[2.522s] Level 1:colcon.colcon_core.package_identification:_identify(src/amiga-ros2-bridge/venv/lib/python3.10/site-packages/numpy/f2py/tests/src/return_complex) by extensions ['ros']
[2.522s] Level 1:colcon.colcon_core.package_identification:_identify(src/amiga-ros2-bridge/venv/lib/python3.10/site-packages/numpy/f2py/tests/src/return_complex) by extension 'ros'
[2.522s] Level 1:colcon.colcon_core.package_identification:_identify(src/amiga-ros2-bridge/venv/lib/python3.10/site-packages/numpy/f2py/tests/src/return_complex) by extensions ['cmake', 'python']
[2.523s] Level 1:colcon.colcon_core.package_identification:_identify(src/amiga-ros2-bridge/venv/lib/python3.10/site-packages/numpy/f2py/tests/src/return_complex) by extension 'cmake'
[2.523s] Level 1:colcon.colcon_core.package_identification:_identify(src/amiga-ros2-bridge/venv/lib/python3.10/site-packages/numpy/f2py/tests/src/return_complex) by extension 'python'
[2.523s] Level 1:colcon.colcon_core.package_identification:_identify(src/amiga-ros2-bridge/venv/lib/python3.10/site-packages/numpy/f2py/tests/src/return_complex) by extensions ['python_setup_py']
[2.523s] Level 1:colcon.colcon_core.package_identification:_identify(src/amiga-ros2-bridge/venv/lib/python3.10/site-packages/numpy/f2py/tests/src/return_complex) by extension 'python_setup_py'
[2.523s] Level 1:colcon.colcon_core.package_identification:_identify(src/amiga-ros2-bridge/venv/lib/python3.10/site-packages/numpy/f2py/tests/src/return_integer) by extensions ['ignore', 'ignore_ament_install']
[2.523s] Level 1:colcon.colcon_core.package_identification:_identify(src/amiga-ros2-bridge/venv/lib/python3.10/site-packages/numpy/f2py/tests/src/return_integer) by extension 'ignore'
[2.524s] Level 1:colcon.colcon_core.package_identification:_identify(src/amiga-ros2-bridge/venv/lib/python3.10/site-packages/numpy/f2py/tests/src/return_integer) by extension 'ignore_ament_install'
[2.524s] Level 1:colcon.colcon_core.package_identification:_identify(src/amiga-ros2-bridge/venv/lib/python3.10/site-packages/numpy/f2py/tests/src/return_integer) by extensions ['colcon_pkg']
[2.524s] Level 1:colcon.colcon_core.package_identification:_identify(src/amiga-ros2-bridge/venv/lib/python3.10/site-packages/numpy/f2py/tests/src/return_integer) by extension 'colcon_pkg'
[2.524s] Level 1:colcon.colcon_core.package_identification:_identify(src/amiga-ros2-bridge/venv/lib/python3.10/site-packages/numpy/f2py/tests/src/return_integer) by extensions ['colcon_meta']
[2.524s] Level 1:colcon.colcon_core.package_identification:_identify(src/amiga-ros2-bridge/venv/lib/python3.10/site-packages/numpy/f2py/tests/src/return_integer) by extension 'colcon_meta'
[2.524s] Level 1:colcon.colcon_core.package_identification:_identify(src/amiga-ros2-bridge/venv/lib/python3.10/site-packages/numpy/f2py/tests/src/return_integer) by extensions ['ros']
[2.524s] Level 1:colcon.colcon_core.package_identification:_identify(src/amiga-ros2-bridge/venv/lib/python3.10/site-packages/numpy/f2py/tests/src/return_integer) by extension 'ros'
[2.524s] Level 1:colcon.colcon_core.package_identification:_identify(src/amiga-ros2-bridge/venv/lib/python3.10/site-packages/numpy/f2py/tests/src/return_integer) by extensions ['cmake', 'python']
[2.525s] Level 1:colcon.colcon_core.package_identification:_identify(src/amiga-ros2-bridge/venv/lib/python3.10/site-packages/numpy/f2py/tests/src/return_integer) by extension 'cmake'
[2.525s] Level 1:colcon.colcon_core.package_identification:_identify(src/amiga-ros2-bridge/venv/lib/python3.10/site-packages/numpy/f2py/tests/src/return_integer) by extension 'python'
[2.525s] Level 1:colcon.colcon_core.package_identification:_identify(src/amiga-ros2-bridge/venv/lib/python3.10/site-packages/numpy/f2py/tests/src/return_integer) by extensions ['python_setup_py']
[2.525s] Level 1:colcon.colcon_core.package_identification:_identify(src/amiga-ros2-bridge/venv/lib/python3.10/site-packages/numpy/f2py/tests/src/return_integer) by extension 'python_setup_py'
[2.525s] Level 1:colcon.colcon_core.package_identification:_identify(src/amiga-ros2-bridge/venv/lib/python3.10/site-packages/numpy/f2py/tests/src/return_logical) by extensions ['ignore', 'ignore_ament_install']
[2.525s] Level 1:colcon.colcon_core.package_identification:_identify(src/amiga-ros2-bridge/venv/lib/python3.10/site-packages/numpy/f2py/tests/src/return_logical) by extension 'ignore'
[2.526s] Level 1:colcon.colcon_core.package_identification:_identify(src/amiga-ros2-bridge/venv/lib/python3.10/site-packages/numpy/f2py/tests/src/return_logical) by extension 'ignore_ament_install'
[2.526s] Level 1:colcon.colcon_core.package_identification:_identify(src/amiga-ros2-bridge/venv/lib/python3.10/site-packages/numpy/f2py/tests/src/return_logical) by extensions ['colcon_pkg']
[2.526s] Level 1:colcon.colcon_core.package_identification:_identify(src/amiga-ros2-bridge/venv/lib/python3.10/site-packages/numpy/f2py/tests/src/return_logical) by extension 'colcon_pkg'
[2.526s] Level 1:colcon.colcon_core.package_identification:_identify(src/amiga-ros2-bridge/venv/lib/python3.10/site-packages/numpy/f2py/tests/src/return_logical) by extensions ['colcon_meta']
[2.526s] Level 1:colcon.colcon_core.package_identification:_identify(src/amiga-ros2-bridge/venv/lib/python3.10/site-packages/numpy/f2py/tests/src/return_logical) by extension 'colcon_meta'
[2.526s] Level 1:colcon.colcon_core.package_identification:_identify(src/amiga-ros2-bridge/venv/lib/python3.10/site-packages/numpy/f2py/tests/src/return_logical) by extensions ['ros']
[2.526s] Level 1:colcon.colcon_core.package_identification:_identify(src/amiga-ros2-bridge/venv/lib/python3.10/site-packages/numpy/f2py/tests/src/return_logical) by extension 'ros'
[2.526s] Level 1:colcon.colcon_core.package_identification:_identify(src/amiga-ros2-bridge/venv/lib/python3.10/site-packages/numpy/f2py/tests/src/return_logical) by extensions ['cmake', 'python']
[2.527s] Level 1:colcon.colcon_core.package_identification:_identify(src/amiga-ros2-bridge/venv/lib/python3.10/site-packages/numpy/f2py/tests/src/return_logical) by extension 'cmake'
[2.527s] Level 1:colcon.colcon_core.package_identification:_identify(src/amiga-ros2-bridge/venv/lib/python3.10/site-packages/numpy/f2py/tests/src/return_logical) by extension 'python'
[2.527s] Level 1:colcon.colcon_core.package_identification:_identify(src/amiga-ros2-bridge/venv/lib/python3.10/site-packages/numpy/f2py/tests/src/return_logical) by extensions ['python_setup_py']
[2.527s] Level 1:colcon.colcon_core.package_identification:_identify(src/amiga-ros2-bridge/venv/lib/python3.10/site-packages/numpy/f2py/tests/src/return_logical) by extension 'python_setup_py'
[2.527s] Level 1:colcon.colcon_core.package_identification:_identify(src/amiga-ros2-bridge/venv/lib/python3.10/site-packages/numpy/f2py/tests/src/return_real) by extensions ['ignore', 'ignore_ament_install']
[2.527s] Level 1:colcon.colcon_core.package_identification:_identify(src/amiga-ros2-bridge/venv/lib/python3.10/site-packages/numpy/f2py/tests/src/return_real) by extension 'ignore'
[2.528s] Level 1:colcon.colcon_core.package_identification:_identify(src/amiga-ros2-bridge/venv/lib/python3.10/site-packages/numpy/f2py/tests/src/return_real) by extension 'ignore_ament_install'
[2.528s] Level 1:colcon.colcon_core.package_identification:_identify(src/amiga-ros2-bridge/venv/lib/python3.10/site-packages/numpy/f2py/tests/src/return_real) by extensions ['colcon_pkg']
[2.528s] Level 1:colcon.colcon_core.package_identification:_identify(src/amiga-ros2-bridge/venv/lib/python3.10/site-packages/numpy/f2py/tests/src/return_real) by extension 'colcon_pkg'
[2.528s] Level 1:colcon.colcon_core.package_identification:_identify(src/amiga-ros2-bridge/venv/lib/python3.10/site-packages/numpy/f2py/tests/src/return_real) by extensions ['colcon_meta']
[2.528s] Level 1:colcon.colcon_core.package_identification:_identify(src/amiga-ros2-bridge/venv/lib/python3.10/site-packages/numpy/f2py/tests/src/return_real) by extension 'colcon_meta'
[2.528s] Level 1:colcon.colcon_core.package_identification:_identify(src/amiga-ros2-bridge/venv/lib/python3.10/site-packages/numpy/f2py/tests/src/return_real) by extensions ['ros']
[2.528s] Level 1:colcon.colcon_core.package_identification:_identify(src/amiga-ros2-bridge/venv/lib/python3.10/site-packages/numpy/f2py/tests/src/return_real) by extension 'ros'
[2.528s] Level 1:colcon.colcon_core.package_identification:_identify(src/amiga-ros2-bridge/venv/lib/python3.10/site-packages/numpy/f2py/tests/src/return_real) by extensions ['cmake', 'python']
[2.529s] Level 1:colcon.colcon_core.package_identification:_identify(src/amiga-ros2-bridge/venv/lib/python3.10/site-packages/numpy/f2py/tests/src/return_real) by extension 'cmake'
[2.529s] Level 1:colcon.colcon_core.package_identification:_identify(src/amiga-ros2-bridge/venv/lib/python3.10/site-packages/numpy/f2py/tests/src/return_real) by extension 'python'
[2.529s] Level 1:colcon.colcon_core.package_identification:_identify(src/amiga-ros2-bridge/venv/lib/python3.10/site-packages/numpy/f2py/tests/src/return_real) by extensions ['python_setup_py']
[2.529s] Level 1:colcon.colcon_core.package_identification:_identify(src/amiga-ros2-bridge/venv/lib/python3.10/site-packages/numpy/f2py/tests/src/return_real) by extension 'python_setup_py'
[2.529s] Level 1:colcon.colcon_core.package_identification:_identify(src/amiga-ros2-bridge/venv/lib/python3.10/site-packages/numpy/f2py/tests/src/routines) by extensions ['ignore', 'ignore_ament_install']
[2.529s] Level 1:colcon.colcon_core.package_identification:_identify(src/amiga-ros2-bridge/venv/lib/python3.10/site-packages/numpy/f2py/tests/src/routines) by extension 'ignore'
[2.530s] Level 1:colcon.colcon_core.package_identification:_identify(src/amiga-ros2-bridge/venv/lib/python3.10/site-packages/numpy/f2py/tests/src/routines) by extension 'ignore_ament_install'
[2.530s] Level 1:colcon.colcon_core.package_identification:_identify(src/amiga-ros2-bridge/venv/lib/python3.10/site-packages/numpy/f2py/tests/src/routines) by extensions ['colcon_pkg']
[2.530s] Level 1:colcon.colcon_core.package_identification:_identify(src/amiga-ros2-bridge/venv/lib/python3.10/site-packages/numpy/f2py/tests/src/routines) by extension 'colcon_pkg'
[2.530s] Level 1:colcon.colcon_core.package_identification:_identify(src/amiga-ros2-bridge/venv/lib/python3.10/site-packages/numpy/f2py/tests/src/routines) by extensions ['colcon_meta']
[2.530s] Level 1:colcon.colcon_core.package_identification:_identify(src/amiga-ros2-bridge/venv/lib/python3.10/site-packages/numpy/f2py/tests/src/routines) by extension 'colcon_meta'
[2.530s] Level 1:colcon.colcon_core.package_identification:_identify(src/amiga-ros2-bridge/venv/lib/python3.10/site-packages/numpy/f2py/tests/src/routines) by extensions ['ros']
[2.530s] Level 1:colcon.colcon_core.package_identification:_identify(src/amiga-ros2-bridge/venv/lib/python3.10/site-packages/numpy/f2py/tests/src/routines) by extension 'ros'
[2.530s] Level 1:colcon.colcon_core.package_identification:_identify(src/amiga-ros2-bridge/venv/lib/python3.10/site-packages/numpy/f2py/tests/src/routines) by extensions ['cmake', 'python']
[2.530s] Level 1:colcon.colcon_core.package_identification:_identify(src/amiga-ros2-bridge/venv/lib/python3.10/site-packages/numpy/f2py/tests/src/routines) by extension 'cmake'
[2.531s] Level 1:colcon.colcon_core.package_identification:_identify(src/amiga-ros2-bridge/venv/lib/python3.10/site-packages/numpy/f2py/tests/src/routines) by extension 'python'
[2.531s] Level 1:colcon.colcon_core.package_identification:_identify(src/amiga-ros2-bridge/venv/lib/python3.10/site-packages/numpy/f2py/tests/src/routines) by extensions ['python_setup_py']
[2.531s] Level 1:colcon.colcon_core.package_identification:_identify(src/amiga-ros2-bridge/venv/lib/python3.10/site-packages/numpy/f2py/tests/src/routines) by extension 'python_setup_py'
[2.531s] Level 1:colcon.colcon_core.package_identification:_identify(src/amiga-ros2-bridge/venv/lib/python3.10/site-packages/numpy/f2py/tests/src/size) by extensions ['ignore', 'ignore_ament_install']
[2.531s] Level 1:colcon.colcon_core.package_identification:_identify(src/amiga-ros2-bridge/venv/lib/python3.10/site-packages/numpy/f2py/tests/src/size) by extension 'ignore'
[2.532s] Level 1:colcon.colcon_core.package_identification:_identify(src/amiga-ros2-bridge/venv/lib/python3.10/site-packages/numpy/f2py/tests/src/size) by extension 'ignore_ament_install'
[2.532s] Level 1:colcon.colcon_core.package_identification:_identify(src/amiga-ros2-bridge/venv/lib/python3.10/site-packages/numpy/f2py/tests/src/size) by extensions ['colcon_pkg']
[2.532s] Level 1:colcon.colcon_core.package_identification:_identify(src/amiga-ros2-bridge/venv/lib/python3.10/site-packages/numpy/f2py/tests/src/size) by extension 'colcon_pkg'
[2.532s] Level 1:colcon.colcon_core.package_identification:_identify(src/amiga-ros2-bridge/venv/lib/python3.10/site-packages/numpy/f2py/tests/src/size) by extensions ['colcon_meta']
[2.532s] Level 1:colcon.colcon_core.package_identification:_identify(src/amiga-ros2-bridge/venv/lib/python3.10/site-packages/numpy/f2py/tests/src/size) by extension 'colcon_meta'
[2.532s] Level 1:colcon.colcon_core.package_identification:_identify(src/amiga-ros2-bridge/venv/lib/python3.10/site-packages/numpy/f2py/tests/src/size) by extensions ['ros']
[2.532s] Level 1:colcon.colcon_core.package_identification:_identify(src/amiga-ros2-bridge/venv/lib/python3.10/site-packages/numpy/f2py/tests/src/size) by extension 'ros'
[2.532s] Level 1:colcon.colcon_core.package_identification:_identify(src/amiga-ros2-bridge/venv/lib/python3.10/site-packages/numpy/f2py/tests/src/size) by extensions ['cmake', 'python']
[2.532s] Level 1:colcon.colcon_core.package_identification:_identify(src/amiga-ros2-bridge/venv/lib/python3.10/site-packages/numpy/f2py/tests/src/size) by extension 'cmake'
[2.533s] Level 1:colcon.colcon_core.package_identification:_identify(src/amiga-ros2-bridge/venv/lib/python3.10/site-packages/numpy/f2py/tests/src/size) by extension 'python'
[2.533s] Level 1:colcon.colcon_core.package_identification:_identify(src/amiga-ros2-bridge/venv/lib/python3.10/site-packages/numpy/f2py/tests/src/size) by extensions ['python_setup_py']
[2.533s] Level 1:colcon.colcon_core.package_identification:_identify(src/amiga-ros2-bridge/venv/lib/python3.10/site-packages/numpy/f2py/tests/src/size) by extension 'python_setup_py'
[2.533s] Level 1:colcon.colcon_core.package_identification:_identify(src/amiga-ros2-bridge/venv/lib/python3.10/site-packages/numpy/f2py/tests/src/string) by extensions ['ignore', 'ignore_ament_install']
[2.533s] Level 1:colcon.colcon_core.package_identification:_identify(src/amiga-ros2-bridge/venv/lib/python3.10/site-packages/numpy/f2py/tests/src/string) by extension 'ignore'
[2.533s] Level 1:colcon.colcon_core.package_identification:_identify(src/amiga-ros2-bridge/venv/lib/python3.10/site-packages/numpy/f2py/tests/src/string) by extension 'ignore_ament_install'
[2.534s] Level 1:colcon.colcon_core.package_identification:_identify(src/amiga-ros2-bridge/venv/lib/python3.10/site-packages/numpy/f2py/tests/src/string) by extensions ['colcon_pkg']
[2.534s] Level 1:colcon.colcon_core.package_identification:_identify(src/amiga-ros2-bridge/venv/lib/python3.10/site-packages/numpy/f2py/tests/src/string) by extension 'colcon_pkg'
[2.534s] Level 1:colcon.colcon_core.package_identification:_identify(src/amiga-ros2-bridge/venv/lib/python3.10/site-packages/numpy/f2py/tests/src/string) by extensions ['colcon_meta']
[2.534s] Level 1:colcon.colcon_core.package_identification:_identify(src/amiga-ros2-bridge/venv/lib/python3.10/site-packages/numpy/f2py/tests/src/string) by extension 'colcon_meta'
[2.534s] Level 1:colcon.colcon_core.package_identification:_identify(src/amiga-ros2-bridge/venv/lib/python3.10/site-packages/numpy/f2py/tests/src/string) by extensions ['ros']
[2.534s] Level 1:colcon.colcon_core.package_identification:_identify(src/amiga-ros2-bridge/venv/lib/python3.10/site-packages/numpy/f2py/tests/src/string) by extension 'ros'
[2.534s] Level 1:colcon.colcon_core.package_identification:_identify(src/amiga-ros2-bridge/venv/lib/python3.10/site-packages/numpy/f2py/tests/src/string) by extensions ['cmake', 'python']
[2.534s] Level 1:colcon.colcon_core.package_identification:_identify(src/amiga-ros2-bridge/venv/lib/python3.10/site-packages/numpy/f2py/tests/src/string) by extension 'cmake'
[2.534s] Level 1:colcon.colcon_core.package_identification:_identify(src/amiga-ros2-bridge/venv/lib/python3.10/site-packages/numpy/f2py/tests/src/string) by extension 'python'
[2.535s] Level 1:colcon.colcon_core.package_identification:_identify(src/amiga-ros2-bridge/venv/lib/python3.10/site-packages/numpy/f2py/tests/src/string) by extensions ['python_setup_py']
[2.535s] Level 1:colcon.colcon_core.package_identification:_identify(src/amiga-ros2-bridge/venv/lib/python3.10/site-packages/numpy/f2py/tests/src/string) by extension 'python_setup_py'
[2.535s] Level 1:colcon.colcon_core.package_identification:_identify(src/amiga-ros2-bridge/venv/lib/python3.10/site-packages/numpy/f2py/tests/src/value_attrspec) by extensions ['ignore', 'ignore_ament_install']
[2.535s] Level 1:colcon.colcon_core.package_identification:_identify(src/amiga-ros2-bridge/venv/lib/python3.10/site-packages/numpy/f2py/tests/src/value_attrspec) by extension 'ignore'
[2.535s] Level 1:colcon.colcon_core.package_identification:_identify(src/amiga-ros2-bridge/venv/lib/python3.10/site-packages/numpy/f2py/tests/src/value_attrspec) by extension 'ignore_ament_install'
[2.535s] Level 1:colcon.colcon_core.package_identification:_identify(src/amiga-ros2-bridge/venv/lib/python3.10/site-packages/numpy/f2py/tests/src/value_attrspec) by extensions ['colcon_pkg']
[2.536s] Level 1:colcon.colcon_core.package_identification:_identify(src/amiga-ros2-bridge/venv/lib/python3.10/site-packages/numpy/f2py/tests/src/value_attrspec) by extension 'colcon_pkg'
[2.536s] Level 1:colcon.colcon_core.package_identification:_identify(src/amiga-ros2-bridge/venv/lib/python3.10/site-packages/numpy/f2py/tests/src/value_attrspec) by extensions ['colcon_meta']
[2.536s] Level 1:colcon.colcon_core.package_identification:_identify(src/amiga-ros2-bridge/venv/lib/python3.10/site-packages/numpy/f2py/tests/src/value_attrspec) by extension 'colcon_meta'
[2.536s] Level 1:colcon.colcon_core.package_identification:_identify(src/amiga-ros2-bridge/venv/lib/python3.10/site-packages/numpy/f2py/tests/src/value_attrspec) by extensions ['ros']
[2.536s] Level 1:colcon.colcon_core.package_identification:_identify(src/amiga-ros2-bridge/venv/lib/python3.10/site-packages/numpy/f2py/tests/src/value_attrspec) by extension 'ros'
[2.536s] Level 1:colcon.colcon_core.package_identification:_identify(src/amiga-ros2-bridge/venv/lib/python3.10/site-packages/numpy/f2py/tests/src/value_attrspec) by extensions ['cmake', 'python']
[2.536s] Level 1:colcon.colcon_core.package_identification:_identify(src/amiga-ros2-bridge/venv/lib/python3.10/site-packages/numpy/f2py/tests/src/value_attrspec) by extension 'cmake'
[2.536s] Level 1:colcon.colcon_core.package_identification:_identify(src/amiga-ros2-bridge/venv/lib/python3.10/site-packages/numpy/f2py/tests/src/value_attrspec) by extension 'python'
[2.536s] Level 1:colcon.colcon_core.package_identification:_identify(src/amiga-ros2-bridge/venv/lib/python3.10/site-packages/numpy/f2py/tests/src/value_attrspec) by extensions ['python_setup_py']
[2.537s] Level 1:colcon.colcon_core.package_identification:_identify(src/amiga-ros2-bridge/venv/lib/python3.10/site-packages/numpy/f2py/tests/src/value_attrspec) by extension 'python_setup_py'
[2.537s] Level 1:colcon.colcon_core.package_identification:_identify(src/amiga-ros2-bridge/venv/lib/python3.10/site-packages/numpy/fft) by extensions ['ignore', 'ignore_ament_install']
[2.537s] Level 1:colcon.colcon_core.package_identification:_identify(src/amiga-ros2-bridge/venv/lib/python3.10/site-packages/numpy/fft) by extension 'ignore'
[2.537s] Level 1:colcon.colcon_core.package_identification:_identify(src/amiga-ros2-bridge/venv/lib/python3.10/site-packages/numpy/fft) by extension 'ignore_ament_install'
[2.537s] Level 1:colcon.colcon_core.package_identification:_identify(src/amiga-ros2-bridge/venv/lib/python3.10/site-packages/numpy/fft) by extensions ['colcon_pkg']
[2.537s] Level 1:colcon.colcon_core.package_identification:_identify(src/amiga-ros2-bridge/venv/lib/python3.10/site-packages/numpy/fft) by extension 'colcon_pkg'
[2.538s] Level 1:colcon.colcon_core.package_identification:_identify(src/amiga-ros2-bridge/venv/lib/python3.10/site-packages/numpy/fft) by extensions ['colcon_meta']
[2.538s] Level 1:colcon.colcon_core.package_identification:_identify(src/amiga-ros2-bridge/venv/lib/python3.10/site-packages/numpy/fft) by extension 'colcon_meta'
[2.538s] Level 1:colcon.colcon_core.package_identification:_identify(src/amiga-ros2-bridge/venv/lib/python3.10/site-packages/numpy/fft) by extensions ['ros']
[2.538s] Level 1:colcon.colcon_core.package_identification:_identify(src/amiga-ros2-bridge/venv/lib/python3.10/site-packages/numpy/fft) by extension 'ros'
[2.538s] Level 1:colcon.colcon_core.package_identification:_identify(src/amiga-ros2-bridge/venv/lib/python3.10/site-packages/numpy/fft) by extensions ['cmake', 'python']
[2.538s] Level 1:colcon.colcon_core.package_identification:_identify(src/amiga-ros2-bridge/venv/lib/python3.10/site-packages/numpy/fft) by extension 'cmake'
[2.538s] Level 1:colcon.colcon_core.package_identification:_identify(src/amiga-ros2-bridge/venv/lib/python3.10/site-packages/numpy/fft) by extension 'python'
[2.538s] Level 1:colcon.colcon_core.package_identification:_identify(src/amiga-ros2-bridge/venv/lib/python3.10/site-packages/numpy/fft) by extensions ['python_setup_py']
[2.538s] Level 1:colcon.colcon_core.package_identification:_identify(src/amiga-ros2-bridge/venv/lib/python3.10/site-packages/numpy/fft) by extension 'python_setup_py'
[2.539s] Level 1:colcon.colcon_core.package_identification:_identify(src/amiga-ros2-bridge/venv/lib/python3.10/site-packages/numpy/fft/__pycache__) by extensions ['ignore', 'ignore_ament_install']
[2.539s] Level 1:colcon.colcon_core.package_identification:_identify(src/amiga-ros2-bridge/venv/lib/python3.10/site-packages/numpy/fft/__pycache__) by extension 'ignore'
[2.539s] Level 1:colcon.colcon_core.package_identification:_identify(src/amiga-ros2-bridge/venv/lib/python3.10/site-packages/numpy/fft/__pycache__) by extension 'ignore_ament_install'
[2.539s] Level 1:colcon.colcon_core.package_identification:_identify(src/amiga-ros2-bridge/venv/lib/python3.10/site-packages/numpy/fft/__pycache__) by extensions ['colcon_pkg']
[2.539s] Level 1:colcon.colcon_core.package_identification:_identify(src/amiga-ros2-bridge/venv/lib/python3.10/site-packages/numpy/fft/__pycache__) by extension 'colcon_pkg'
[2.539s] Level 1:colcon.colcon_core.package_identification:_identify(src/amiga-ros2-bridge/venv/lib/python3.10/site-packages/numpy/fft/__pycache__) by extensions ['colcon_meta']
[2.540s] Level 1:colcon.colcon_core.package_identification:_identify(src/amiga-ros2-bridge/venv/lib/python3.10/site-packages/numpy/fft/__pycache__) by extension 'colcon_meta'
[2.540s] Level 1:colcon.colcon_core.package_identification:_identify(src/amiga-ros2-bridge/venv/lib/python3.10/site-packages/numpy/fft/__pycache__) by extensions ['ros']
[2.540s] Level 1:colcon.colcon_core.package_identification:_identify(src/amiga-ros2-bridge/venv/lib/python3.10/site-packages/numpy/fft/__pycache__) by extension 'ros'
[2.540s] Level 1:colcon.colcon_core.package_identification:_identify(src/amiga-ros2-bridge/venv/lib/python3.10/site-packages/numpy/fft/__pycache__) by extensions ['cmake', 'python']
[2.540s] Level 1:colcon.colcon_core.package_identification:_identify(src/amiga-ros2-bridge/venv/lib/python3.10/site-packages/numpy/fft/__pycache__) by extension 'cmake'
[2.540s] Level 1:colcon.colcon_core.package_identification:_identify(src/amiga-ros2-bridge/venv/lib/python3.10/site-packages/numpy/fft/__pycache__) by extension 'python'
[2.540s] Level 1:colcon.colcon_core.package_identification:_identify(src/amiga-ros2-bridge/venv/lib/python3.10/site-packages/numpy/fft/__pycache__) by extensions ['python_setup_py']
[2.540s] Level 1:colcon.colcon_core.package_identification:_identify(src/amiga-ros2-bridge/venv/lib/python3.10/site-packages/numpy/fft/__pycache__) by extension 'python_setup_py'
[2.541s] Level 1:colcon.colcon_core.package_identification:_identify(src/amiga-ros2-bridge/venv/lib/python3.10/site-packages/numpy/fft/tests) by extensions ['ignore', 'ignore_ament_install']
[2.541s] Level 1:colcon.colcon_core.package_identification:_identify(src/amiga-ros2-bridge/venv/lib/python3.10/site-packages/numpy/fft/tests) by extension 'ignore'
[2.541s] Level 1:colcon.colcon_core.package_identification:_identify(src/amiga-ros2-bridge/venv/lib/python3.10/site-packages/numpy/fft/tests) by extension 'ignore_ament_install'
[2.541s] Level 1:colcon.colcon_core.package_identification:_identify(src/amiga-ros2-bridge/venv/lib/python3.10/site-packages/numpy/fft/tests) by extensions ['colcon_pkg']
[2.541s] Level 1:colcon.colcon_core.package_identification:_identify(src/amiga-ros2-bridge/venv/lib/python3.10/site-packages/numpy/fft/tests) by extension 'colcon_pkg'
[2.541s] Level 1:colcon.colcon_core.package_identification:_identify(src/amiga-ros2-bridge/venv/lib/python3.10/site-packages/numpy/fft/tests) by extensions ['colcon_meta']
[2.541s] Level 1:colcon.colcon_core.package_identification:_identify(src/amiga-ros2-bridge/venv/lib/python3.10/site-packages/numpy/fft/tests) by extension 'colcon_meta'
[2.542s] Level 1:colcon.colcon_core.package_identification:_identify(src/amiga-ros2-bridge/venv/lib/python3.10/site-packages/numpy/fft/tests) by extensions ['ros']
[2.542s] Level 1:colcon.colcon_core.package_identification:_identify(src/amiga-ros2-bridge/venv/lib/python3.10/site-packages/numpy/fft/tests) by extension 'ros'
[2.542s] Level 1:colcon.colcon_core.package_identification:_identify(src/amiga-ros2-bridge/venv/lib/python3.10/site-packages/numpy/fft/tests) by extensions ['cmake', 'python']
[2.542s] Level 1:colcon.colcon_core.package_identification:_identify(src/amiga-ros2-bridge/venv/lib/python3.10/site-packages/numpy/fft/tests) by extension 'cmake'
[2.542s] Level 1:colcon.colcon_core.package_identification:_identify(src/amiga-ros2-bridge/venv/lib/python3.10/site-packages/numpy/fft/tests) by extension 'python'
[2.542s] Level 1:colcon.colcon_core.package_identification:_identify(src/amiga-ros2-bridge/venv/lib/python3.10/site-packages/numpy/fft/tests) by extensions ['python_setup_py']
[2.542s] Level 1:colcon.colcon_core.package_identification:_identify(src/amiga-ros2-bridge/venv/lib/python3.10/site-packages/numpy/fft/tests) by extension 'python_setup_py'
[2.543s] Level 1:colcon.colcon_core.package_identification:_identify(src/amiga-ros2-bridge/venv/lib/python3.10/site-packages/numpy/fft/tests/__pycache__) by extensions ['ignore', 'ignore_ament_install']
[2.543s] Level 1:colcon.colcon_core.package_identification:_identify(src/amiga-ros2-bridge/venv/lib/python3.10/site-packages/numpy/fft/tests/__pycache__) by extension 'ignore'
[2.543s] Level 1:colcon.colcon_core.package_identification:_identify(src/amiga-ros2-bridge/venv/lib/python3.10/site-packages/numpy/fft/tests/__pycache__) by extension 'ignore_ament_install'
[2.543s] Level 1:colcon.colcon_core.package_identification:_identify(src/amiga-ros2-bridge/venv/lib/python3.10/site-packages/numpy/fft/tests/__pycache__) by extensions ['colcon_pkg']
[2.543s] Level 1:colcon.colcon_core.package_identification:_identify(src/amiga-ros2-bridge/venv/lib/python3.10/site-packages/numpy/fft/tests/__pycache__) by extension 'colcon_pkg'
[2.543s] Level 1:colcon.colcon_core.package_identification:_identify(src/amiga-ros2-bridge/venv/lib/python3.10/site-packages/numpy/fft/tests/__pycache__) by extensions ['colcon_meta']
[2.543s] Level 1:colcon.colcon_core.package_identification:_identify(src/amiga-ros2-bridge/venv/lib/python3.10/site-packages/numpy/fft/tests/__pycache__) by extension 'colcon_meta'
[2.543s] Level 1:colcon.colcon_core.package_identification:_identify(src/amiga-ros2-bridge/venv/lib/python3.10/site-packages/numpy/fft/tests/__pycache__) by extensions ['ros']
[2.544s] Level 1:colcon.colcon_core.package_identification:_identify(src/amiga-ros2-bridge/venv/lib/python3.10/site-packages/numpy/fft/tests/__pycache__) by extension 'ros'
[2.544s] Level 1:colcon.colcon_core.package_identification:_identify(src/amiga-ros2-bridge/venv/lib/python3.10/site-packages/numpy/fft/tests/__pycache__) by extensions ['cmake', 'python']
[2.544s] Level 1:colcon.colcon_core.package_identification:_identify(src/amiga-ros2-bridge/venv/lib/python3.10/site-packages/numpy/fft/tests/__pycache__) by extension 'cmake'
[2.544s] Level 1:colcon.colcon_core.package_identification:_identify(src/amiga-ros2-bridge/venv/lib/python3.10/site-packages/numpy/fft/tests/__pycache__) by extension 'python'
[2.544s] Level 1:colcon.colcon_core.package_identification:_identify(src/amiga-ros2-bridge/venv/lib/python3.10/site-packages/numpy/fft/tests/__pycache__) by extensions ['python_setup_py']
[2.544s] Level 1:colcon.colcon_core.package_identification:_identify(src/amiga-ros2-bridge/venv/lib/python3.10/site-packages/numpy/fft/tests/__pycache__) by extension 'python_setup_py'
[2.545s] Level 1:colcon.colcon_core.package_identification:_identify(src/amiga-ros2-bridge/venv/lib/python3.10/site-packages/numpy/lib) by extensions ['ignore', 'ignore_ament_install']
[2.545s] Level 1:colcon.colcon_core.package_identification:_identify(src/amiga-ros2-bridge/venv/lib/python3.10/site-packages/numpy/lib) by extension 'ignore'
[2.545s] Level 1:colcon.colcon_core.package_identification:_identify(src/amiga-ros2-bridge/venv/lib/python3.10/site-packages/numpy/lib) by extension 'ignore_ament_install'
[2.545s] Level 1:colcon.colcon_core.package_identification:_identify(src/amiga-ros2-bridge/venv/lib/python3.10/site-packages/numpy/lib) by extensions ['colcon_pkg']
[2.545s] Level 1:colcon.colcon_core.package_identification:_identify(src/amiga-ros2-bridge/venv/lib/python3.10/site-packages/numpy/lib) by extension 'colcon_pkg'
[2.545s] Level 1:colcon.colcon_core.package_identification:_identify(src/amiga-ros2-bridge/venv/lib/python3.10/site-packages/numpy/lib) by extensions ['colcon_meta']
[2.545s] Level 1:colcon.colcon_core.package_identification:_identify(src/amiga-ros2-bridge/venv/lib/python3.10/site-packages/numpy/lib) by extension 'colcon_meta'
[2.545s] Level 1:colcon.colcon_core.package_identification:_identify(src/amiga-ros2-bridge/venv/lib/python3.10/site-packages/numpy/lib) by extensions ['ros']
[2.546s] Level 1:colcon.colcon_core.package_identification:_identify(src/amiga-ros2-bridge/venv/lib/python3.10/site-packages/numpy/lib) by extension 'ros'
[2.546s] Level 1:colcon.colcon_core.package_identification:_identify(src/amiga-ros2-bridge/venv/lib/python3.10/site-packages/numpy/lib) by extensions ['cmake', 'python']
[2.546s] Level 1:colcon.colcon_core.package_identification:_identify(src/amiga-ros2-bridge/venv/lib/python3.10/site-packages/numpy/lib) by extension 'cmake'
[2.546s] Level 1:colcon.colcon_core.package_identification:_identify(src/amiga-ros2-bridge/venv/lib/python3.10/site-packages/numpy/lib) by extension 'python'
[2.546s] Level 1:colcon.colcon_core.package_identification:_identify(src/amiga-ros2-bridge/venv/lib/python3.10/site-packages/numpy/lib) by extensions ['python_setup_py']
[2.546s] Level 1:colcon.colcon_core.package_identification:_identify(src/amiga-ros2-bridge/venv/lib/python3.10/site-packages/numpy/lib) by extension 'python_setup_py'
[2.546s] Level 1:colcon.colcon_core.package_identification:_identify(src/amiga-ros2-bridge/venv/lib/python3.10/site-packages/numpy/lib/__pycache__) by extensions ['ignore', 'ignore_ament_install']
[2.547s] Level 1:colcon.colcon_core.package_identification:_identify(src/amiga-ros2-bridge/venv/lib/python3.10/site-packages/numpy/lib/__pycache__) by extension 'ignore'
[2.547s] Level 1:colcon.colcon_core.package_identification:_identify(src/amiga-ros2-bridge/venv/lib/python3.10/site-packages/numpy/lib/__pycache__) by extension 'ignore_ament_install'
[2.547s] Level 1:colcon.colcon_core.package_identification:_identify(src/amiga-ros2-bridge/venv/lib/python3.10/site-packages/numpy/lib/__pycache__) by extensions ['colcon_pkg']
[2.547s] Level 1:colcon.colcon_core.package_identification:_identify(src/amiga-ros2-bridge/venv/lib/python3.10/site-packages/numpy/lib/__pycache__) by extension 'colcon_pkg'
[2.547s] Level 1:colcon.colcon_core.package_identification:_identify(src/amiga-ros2-bridge/venv/lib/python3.10/site-packages/numpy/lib/__pycache__) by extensions ['colcon_meta']
[2.547s] Level 1:colcon.colcon_core.package_identification:_identify(src/amiga-ros2-bridge/venv/lib/python3.10/site-packages/numpy/lib/__pycache__) by extension 'colcon_meta'
[2.547s] Level 1:colcon.colcon_core.package_identification:_identify(src/amiga-ros2-bridge/venv/lib/python3.10/site-packages/numpy/lib/__pycache__) by extensions ['ros']
[2.547s] Level 1:colcon.colcon_core.package_identification:_identify(src/amiga-ros2-bridge/venv/lib/python3.10/site-packages/numpy/lib/__pycache__) by extension 'ros'
[2.548s] Level 1:colcon.colcon_core.package_identification:_identify(src/amiga-ros2-bridge/venv/lib/python3.10/site-packages/numpy/lib/__pycache__) by extensions ['cmake', 'python']
[2.548s] Level 1:colcon.colcon_core.package_identification:_identify(src/amiga-ros2-bridge/venv/lib/python3.10/site-packages/numpy/lib/__pycache__) by extension 'cmake'
[2.548s] Level 1:colcon.colcon_core.package_identification:_identify(src/amiga-ros2-bridge/venv/lib/python3.10/site-packages/numpy/lib/__pycache__) by extension 'python'
[2.548s] Level 1:colcon.colcon_core.package_identification:_identify(src/amiga-ros2-bridge/venv/lib/python3.10/site-packages/numpy/lib/__pycache__) by extensions ['python_setup_py']
[2.548s] Level 1:colcon.colcon_core.package_identification:_identify(src/amiga-ros2-bridge/venv/lib/python3.10/site-packages/numpy/lib/__pycache__) by extension 'python_setup_py'
[2.548s] Level 1:colcon.colcon_core.package_identification:_identify(src/amiga-ros2-bridge/venv/lib/python3.10/site-packages/numpy/lib/tests) by extensions ['ignore', 'ignore_ament_install']
[2.549s] Level 1:colcon.colcon_core.package_identification:_identify(src/amiga-ros2-bridge/venv/lib/python3.10/site-packages/numpy/lib/tests) by extension 'ignore'
[2.549s] Level 1:colcon.colcon_core.package_identification:_identify(src/amiga-ros2-bridge/venv/lib/python3.10/site-packages/numpy/lib/tests) by extension 'ignore_ament_install'
[2.549s] Level 1:colcon.colcon_core.package_identification:_identify(src/amiga-ros2-bridge/venv/lib/python3.10/site-packages/numpy/lib/tests) by extensions ['colcon_pkg']
[2.549s] Level 1:colcon.colcon_core.package_identification:_identify(src/amiga-ros2-bridge/venv/lib/python3.10/site-packages/numpy/lib/tests) by extension 'colcon_pkg'
[2.549s] Level 1:colcon.colcon_core.package_identification:_identify(src/amiga-ros2-bridge/venv/lib/python3.10/site-packages/numpy/lib/tests) by extensions ['colcon_meta']
[2.549s] Level 1:colcon.colcon_core.package_identification:_identify(src/amiga-ros2-bridge/venv/lib/python3.10/site-packages/numpy/lib/tests) by extension 'colcon_meta'
[2.549s] Level 1:colcon.colcon_core.package_identification:_identify(src/amiga-ros2-bridge/venv/lib/python3.10/site-packages/numpy/lib/tests) by extensions ['ros']
[2.549s] Level 1:colcon.colcon_core.package_identification:_identify(src/amiga-ros2-bridge/venv/lib/python3.10/site-packages/numpy/lib/tests) by extension 'ros'
[2.550s] Level 1:colcon.colcon_core.package_identification:_identify(src/amiga-ros2-bridge/venv/lib/python3.10/site-packages/numpy/lib/tests) by extensions ['cmake', 'python']
[2.550s] Level 1:colcon.colcon_core.package_identification:_identify(src/amiga-ros2-bridge/venv/lib/python3.10/site-packages/numpy/lib/tests) by extension 'cmake'
[2.550s] Level 1:colcon.colcon_core.package_identification:_identify(src/amiga-ros2-bridge/venv/lib/python3.10/site-packages/numpy/lib/tests) by extension 'python'
[2.550s] Level 1:colcon.colcon_core.package_identification:_identify(src/amiga-ros2-bridge/venv/lib/python3.10/site-packages/numpy/lib/tests) by extensions ['python_setup_py']
[2.550s] Level 1:colcon.colcon_core.package_identification:_identify(src/amiga-ros2-bridge/venv/lib/python3.10/site-packages/numpy/lib/tests) by extension 'python_setup_py'
[2.550s] Level 1:colcon.colcon_core.package_identification:_identify(src/amiga-ros2-bridge/venv/lib/python3.10/site-packages/numpy/lib/tests/__pycache__) by extensions ['ignore', 'ignore_ament_install']
[2.551s] Level 1:colcon.colcon_core.package_identification:_identify(src/amiga-ros2-bridge/venv/lib/python3.10/site-packages/numpy/lib/tests/__pycache__) by extension 'ignore'
[2.551s] Level 1:colcon.colcon_core.package_identification:_identify(src/amiga-ros2-bridge/venv/lib/python3.10/site-packages/numpy/lib/tests/__pycache__) by extension 'ignore_ament_install'
[2.551s] Level 1:colcon.colcon_core.package_identification:_identify(src/amiga-ros2-bridge/venv/lib/python3.10/site-packages/numpy/lib/tests/__pycache__) by extensions ['colcon_pkg']
[2.551s] Level 1:colcon.colcon_core.package_identification:_identify(src/amiga-ros2-bridge/venv/lib/python3.10/site-packages/numpy/lib/tests/__pycache__) by extension 'colcon_pkg'
[2.551s] Level 1:colcon.colcon_core.package_identification:_identify(src/amiga-ros2-bridge/venv/lib/python3.10/site-packages/numpy/lib/tests/__pycache__) by extensions ['colcon_meta']
[2.551s] Level 1:colcon.colcon_core.package_identification:_identify(src/amiga-ros2-bridge/venv/lib/python3.10/site-packages/numpy/lib/tests/__pycache__) by extension 'colcon_meta'
[2.551s] Level 1:colcon.colcon_core.package_identification:_identify(src/amiga-ros2-bridge/venv/lib/python3.10/site-packages/numpy/lib/tests/__pycache__) by extensions ['ros']
[2.551s] Level 1:colcon.colcon_core.package_identification:_identify(src/amiga-ros2-bridge/venv/lib/python3.10/site-packages/numpy/lib/tests/__pycache__) by extension 'ros'
[2.552s] Level 1:colcon.colcon_core.package_identification:_identify(src/amiga-ros2-bridge/venv/lib/python3.10/site-packages/numpy/lib/tests/__pycache__) by extensions ['cmake', 'python']
[2.552s] Level 1:colcon.colcon_core.package_identification:_identify(src/amiga-ros2-bridge/venv/lib/python3.10/site-packages/numpy/lib/tests/__pycache__) by extension 'cmake'
[2.552s] Level 1:colcon.colcon_core.package_identification:_identify(src/amiga-ros2-bridge/venv/lib/python3.10/site-packages/numpy/lib/tests/__pycache__) by extension 'python'
[2.552s] Level 1:colcon.colcon_core.package_identification:_identify(src/amiga-ros2-bridge/venv/lib/python3.10/site-packages/numpy/lib/tests/__pycache__) by extensions ['python_setup_py']
[2.552s] Level 1:colcon.colcon_core.package_identification:_identify(src/amiga-ros2-bridge/venv/lib/python3.10/site-packages/numpy/lib/tests/__pycache__) by extension 'python_setup_py'
[2.552s] Level 1:colcon.colcon_core.package_identification:_identify(src/amiga-ros2-bridge/venv/lib/python3.10/site-packages/numpy/lib/tests/data) by extensions ['ignore', 'ignore_ament_install']
[2.553s] Level 1:colcon.colcon_core.package_identification:_identify(src/amiga-ros2-bridge/venv/lib/python3.10/site-packages/numpy/lib/tests/data) by extension 'ignore'
[2.553s] Level 1:colcon.colcon_core.package_identification:_identify(src/amiga-ros2-bridge/venv/lib/python3.10/site-packages/numpy/lib/tests/data) by extension 'ignore_ament_install'
[2.553s] Level 1:colcon.colcon_core.package_identification:_identify(src/amiga-ros2-bridge/venv/lib/python3.10/site-packages/numpy/lib/tests/data) by extensions ['colcon_pkg']
[2.553s] Level 1:colcon.colcon_core.package_identification:_identify(src/amiga-ros2-bridge/venv/lib/python3.10/site-packages/numpy/lib/tests/data) by extension 'colcon_pkg'
[2.553s] Level 1:colcon.colcon_core.package_identification:_identify(src/amiga-ros2-bridge/venv/lib/python3.10/site-packages/numpy/lib/tests/data) by extensions ['colcon_meta']
[2.553s] Level 1:colcon.colcon_core.package_identification:_identify(src/amiga-ros2-bridge/venv/lib/python3.10/site-packages/numpy/lib/tests/data) by extension 'colcon_meta'
[2.553s] Level 1:colcon.colcon_core.package_identification:_identify(src/amiga-ros2-bridge/venv/lib/python3.10/site-packages/numpy/lib/tests/data) by extensions ['ros']
[2.553s] Level 1:colcon.colcon_core.package_identification:_identify(src/amiga-ros2-bridge/venv/lib/python3.10/site-packages/numpy/lib/tests/data) by extension 'ros'
[2.553s] Level 1:colcon.colcon_core.package_identification:_identify(src/amiga-ros2-bridge/venv/lib/python3.10/site-packages/numpy/lib/tests/data) by extensions ['cmake', 'python']
[2.554s] Level 1:colcon.colcon_core.package_identification:_identify(src/amiga-ros2-bridge/venv/lib/python3.10/site-packages/numpy/lib/tests/data) by extension 'cmake'
[2.554s] Level 1:colcon.colcon_core.package_identification:_identify(src/amiga-ros2-bridge/venv/lib/python3.10/site-packages/numpy/lib/tests/data) by extension 'python'
[2.554s] Level 1:colcon.colcon_core.package_identification:_identify(src/amiga-ros2-bridge/venv/lib/python3.10/site-packages/numpy/lib/tests/data) by extensions ['python_setup_py']
[2.554s] Level 1:colcon.colcon_core.package_identification:_identify(src/amiga-ros2-bridge/venv/lib/python3.10/site-packages/numpy/lib/tests/data) by extension 'python_setup_py'
[2.554s] Level 1:colcon.colcon_core.package_identification:_identify(src/amiga-ros2-bridge/venv/lib/python3.10/site-packages/numpy/linalg) by extensions ['ignore', 'ignore_ament_install']
[2.554s] Level 1:colcon.colcon_core.package_identification:_identify(src/amiga-ros2-bridge/venv/lib/python3.10/site-packages/numpy/linalg) by extension 'ignore'
[2.555s] Level 1:colcon.colcon_core.package_identification:_identify(src/amiga-ros2-bridge/venv/lib/python3.10/site-packages/numpy/linalg) by extension 'ignore_ament_install'
[2.555s] Level 1:colcon.colcon_core.package_identification:_identify(src/amiga-ros2-bridge/venv/lib/python3.10/site-packages/numpy/linalg) by extensions ['colcon_pkg']
[2.555s] Level 1:colcon.colcon_core.package_identification:_identify(src/amiga-ros2-bridge/venv/lib/python3.10/site-packages/numpy/linalg) by extension 'colcon_pkg'
[2.555s] Level 1:colcon.colcon_core.package_identification:_identify(src/amiga-ros2-bridge/venv/lib/python3.10/site-packages/numpy/linalg) by extensions ['colcon_meta']
[2.555s] Level 1:colcon.colcon_core.package_identification:_identify(src/amiga-ros2-bridge/venv/lib/python3.10/site-packages/numpy/linalg) by extension 'colcon_meta'
[2.555s] Level 1:colcon.colcon_core.package_identification:_identify(src/amiga-ros2-bridge/venv/lib/python3.10/site-packages/numpy/linalg) by extensions ['ros']
[2.555s] Level 1:colcon.colcon_core.package_identification:_identify(src/amiga-ros2-bridge/venv/lib/python3.10/site-packages/numpy/linalg) by extension 'ros'
[2.555s] Level 1:colcon.colcon_core.package_identification:_identify(src/amiga-ros2-bridge/venv/lib/python3.10/site-packages/numpy/linalg) by extensions ['cmake', 'python']
[2.555s] Level 1:colcon.colcon_core.package_identification:_identify(src/amiga-ros2-bridge/venv/lib/python3.10/site-packages/numpy/linalg) by extension 'cmake'
[2.556s] Level 1:colcon.colcon_core.package_identification:_identify(src/amiga-ros2-bridge/venv/lib/python3.10/site-packages/numpy/linalg) by extension 'python'
[2.556s] Level 1:colcon.colcon_core.package_identification:_identify(src/amiga-ros2-bridge/venv/lib/python3.10/site-packages/numpy/linalg) by extensions ['python_setup_py']
[2.556s] Level 1:colcon.colcon_core.package_identification:_identify(src/amiga-ros2-bridge/venv/lib/python3.10/site-packages/numpy/linalg) by extension 'python_setup_py'
[2.556s] Level 1:colcon.colcon_core.package_identification:_identify(src/amiga-ros2-bridge/venv/lib/python3.10/site-packages/numpy/linalg/__pycache__) by extensions ['ignore', 'ignore_ament_install']
[2.556s] Level 1:colcon.colcon_core.package_identification:_identify(src/amiga-ros2-bridge/venv/lib/python3.10/site-packages/numpy/linalg/__pycache__) by extension 'ignore'
[2.556s] Level 1:colcon.colcon_core.package_identification:_identify(src/amiga-ros2-bridge/venv/lib/python3.10/site-packages/numpy/linalg/__pycache__) by extension 'ignore_ament_install'
[2.557s] Level 1:colcon.colcon_core.package_identification:_identify(src/amiga-ros2-bridge/venv/lib/python3.10/site-packages/numpy/linalg/__pycache__) by extensions ['colcon_pkg']
[2.557s] Level 1:colcon.colcon_core.package_identification:_identify(src/amiga-ros2-bridge/venv/lib/python3.10/site-packages/numpy/linalg/__pycache__) by extension 'colcon_pkg'
[2.557s] Level 1:colcon.colcon_core.package_identification:_identify(src/amiga-ros2-bridge/venv/lib/python3.10/site-packages/numpy/linalg/__pycache__) by extensions ['colcon_meta']
[2.557s] Level 1:colcon.colcon_core.package_identification:_identify(src/amiga-ros2-bridge/venv/lib/python3.10/site-packages/numpy/linalg/__pycache__) by extension 'colcon_meta'
[2.557s] Level 1:colcon.colcon_core.package_identification:_identify(src/amiga-ros2-bridge/venv/lib/python3.10/site-packages/numpy/linalg/__pycache__) by extensions ['ros']
[2.557s] Level 1:colcon.colcon_core.package_identification:_identify(src/amiga-ros2-bridge/venv/lib/python3.10/site-packages/numpy/linalg/__pycache__) by extension 'ros'
[2.557s] Level 1:colcon.colcon_core.package_identification:_identify(src/amiga-ros2-bridge/venv/lib/python3.10/site-packages/numpy/linalg/__pycache__) by extensions ['cmake', 'python']
[2.557s] Level 1:colcon.colcon_core.package_identification:_identify(src/amiga-ros2-bridge/venv/lib/python3.10/site-packages/numpy/linalg/__pycache__) by extension 'cmake'
[2.557s] Level 1:colcon.colcon_core.package_identification:_identify(src/amiga-ros2-bridge/venv/lib/python3.10/site-packages/numpy/linalg/__pycache__) by extension 'python'
[2.558s] Level 1:colcon.colcon_core.package_identification:_identify(src/amiga-ros2-bridge/venv/lib/python3.10/site-packages/numpy/linalg/__pycache__) by extensions ['python_setup_py']
[2.558s] Level 1:colcon.colcon_core.package_identification:_identify(src/amiga-ros2-bridge/venv/lib/python3.10/site-packages/numpy/linalg/__pycache__) by extension 'python_setup_py'
[2.558s] Level 1:colcon.colcon_core.package_identification:_identify(src/amiga-ros2-bridge/venv/lib/python3.10/site-packages/numpy/linalg/tests) by extensions ['ignore', 'ignore_ament_install']
[2.558s] Level 1:colcon.colcon_core.package_identification:_identify(src/amiga-ros2-bridge/venv/lib/python3.10/site-packages/numpy/linalg/tests) by extension 'ignore'
[2.558s] Level 1:colcon.colcon_core.package_identification:_identify(src/amiga-ros2-bridge/venv/lib/python3.10/site-packages/numpy/linalg/tests) by extension 'ignore_ament_install'
[2.558s] Level 1:colcon.colcon_core.package_identification:_identify(src/amiga-ros2-bridge/venv/lib/python3.10/site-packages/numpy/linalg/tests) by extensions ['colcon_pkg']
[2.559s] Level 1:colcon.colcon_core.package_identification:_identify(src/amiga-ros2-bridge/venv/lib/python3.10/site-packages/numpy/linalg/tests) by extension 'colcon_pkg'
[2.559s] Level 1:colcon.colcon_core.package_identification:_identify(src/amiga-ros2-bridge/venv/lib/python3.10/site-packages/numpy/linalg/tests) by extensions ['colcon_meta']
[2.559s] Level 1:colcon.colcon_core.package_identification:_identify(src/amiga-ros2-bridge/venv/lib/python3.10/site-packages/numpy/linalg/tests) by extension 'colcon_meta'
[2.559s] Level 1:colcon.colcon_core.package_identification:_identify(src/amiga-ros2-bridge/venv/lib/python3.10/site-packages/numpy/linalg/tests) by extensions ['ros']
[2.559s] Level 1:colcon.colcon_core.package_identification:_identify(src/amiga-ros2-bridge/venv/lib/python3.10/site-packages/numpy/linalg/tests) by extension 'ros'
[2.559s] Level 1:colcon.colcon_core.package_identification:_identify(src/amiga-ros2-bridge/venv/lib/python3.10/site-packages/numpy/linalg/tests) by extensions ['cmake', 'python']
[2.559s] Level 1:colcon.colcon_core.package_identification:_identify(src/amiga-ros2-bridge/venv/lib/python3.10/site-packages/numpy/linalg/tests) by extension 'cmake'
[2.559s] Level 1:colcon.colcon_core.package_identification:_identify(src/amiga-ros2-bridge/venv/lib/python3.10/site-packages/numpy/linalg/tests) by extension 'python'
[2.559s] Level 1:colcon.colcon_core.package_identification:_identify(src/amiga-ros2-bridge/venv/lib/python3.10/site-packages/numpy/linalg/tests) by extensions ['python_setup_py']
[2.559s] Level 1:colcon.colcon_core.package_identification:_identify(src/amiga-ros2-bridge/venv/lib/python3.10/site-packages/numpy/linalg/tests) by extension 'python_setup_py'
[2.560s] Level 1:colcon.colcon_core.package_identification:_identify(src/amiga-ros2-bridge/venv/lib/python3.10/site-packages/numpy/linalg/tests/__pycache__) by extensions ['ignore', 'ignore_ament_install']
[2.560s] Level 1:colcon.colcon_core.package_identification:_identify(src/amiga-ros2-bridge/venv/lib/python3.10/site-packages/numpy/linalg/tests/__pycache__) by extension 'ignore'
[2.560s] Level 1:colcon.colcon_core.package_identification:_identify(src/amiga-ros2-bridge/venv/lib/python3.10/site-packages/numpy/linalg/tests/__pycache__) by extension 'ignore_ament_install'
[2.560s] Level 1:colcon.colcon_core.package_identification:_identify(src/amiga-ros2-bridge/venv/lib/python3.10/site-packages/numpy/linalg/tests/__pycache__) by extensions ['colcon_pkg']
[2.560s] Level 1:colcon.colcon_core.package_identification:_identify(src/amiga-ros2-bridge/venv/lib/python3.10/site-packages/numpy/linalg/tests/__pycache__) by extension 'colcon_pkg'
[2.561s] Level 1:colcon.colcon_core.package_identification:_identify(src/amiga-ros2-bridge/venv/lib/python3.10/site-packages/numpy/linalg/tests/__pycache__) by extensions ['colcon_meta']
[2.561s] Level 1:colcon.colcon_core.package_identification:_identify(src/amiga-ros2-bridge/venv/lib/python3.10/site-packages/numpy/linalg/tests/__pycache__) by extension 'colcon_meta'
[2.561s] Level 1:colcon.colcon_core.package_identification:_identify(src/amiga-ros2-bridge/venv/lib/python3.10/site-packages/numpy/linalg/tests/__pycache__) by extensions ['ros']
[2.561s] Level 1:colcon.colcon_core.package_identification:_identify(src/amiga-ros2-bridge/venv/lib/python3.10/site-packages/numpy/linalg/tests/__pycache__) by extension 'ros'
[2.561s] Level 1:colcon.colcon_core.package_identification:_identify(src/amiga-ros2-bridge/venv/lib/python3.10/site-packages/numpy/linalg/tests/__pycache__) by extensions ['cmake', 'python']
[2.561s] Level 1:colcon.colcon_core.package_identification:_identify(src/amiga-ros2-bridge/venv/lib/python3.10/site-packages/numpy/linalg/tests/__pycache__) by extension 'cmake'
[2.561s] Level 1:colcon.colcon_core.package_identification:_identify(src/amiga-ros2-bridge/venv/lib/python3.10/site-packages/numpy/linalg/tests/__pycache__) by extension 'python'
[2.561s] Level 1:colcon.colcon_core.package_identification:_identify(src/amiga-ros2-bridge/venv/lib/python3.10/site-packages/numpy/linalg/tests/__pycache__) by extensions ['python_setup_py']
[2.561s] Level 1:colcon.colcon_core.package_identification:_identify(src/amiga-ros2-bridge/venv/lib/python3.10/site-packages/numpy/linalg/tests/__pycache__) by extension 'python_setup_py'
[2.562s] Level 1:colcon.colcon_core.package_identification:_identify(src/amiga-ros2-bridge/venv/lib/python3.10/site-packages/numpy/ma) by extensions ['ignore', 'ignore_ament_install']
[2.562s] Level 1:colcon.colcon_core.package_identification:_identify(src/amiga-ros2-bridge/venv/lib/python3.10/site-packages/numpy/ma) by extension 'ignore'
[2.562s] Level 1:colcon.colcon_core.package_identification:_identify(src/amiga-ros2-bridge/venv/lib/python3.10/site-packages/numpy/ma) by extension 'ignore_ament_install'
[2.563s] Level 1:colcon.colcon_core.package_identification:_identify(src/amiga-ros2-bridge/venv/lib/python3.10/site-packages/numpy/ma) by extensions ['colcon_pkg']
[2.563s] Level 1:colcon.colcon_core.package_identification:_identify(src/amiga-ros2-bridge/venv/lib/python3.10/site-packages/numpy/ma) by extension 'colcon_pkg'
[2.563s] Level 1:colcon.colcon_core.package_identification:_identify(src/amiga-ros2-bridge/venv/lib/python3.10/site-packages/numpy/ma) by extensions ['colcon_meta']
[2.563s] Level 1:colcon.colcon_core.package_identification:_identify(src/amiga-ros2-bridge/venv/lib/python3.10/site-packages/numpy/ma) by extension 'colcon_meta'
[2.563s] Level 1:colcon.colcon_core.package_identification:_identify(src/amiga-ros2-bridge/venv/lib/python3.10/site-packages/numpy/ma) by extensions ['ros']
[2.563s] Level 1:colcon.colcon_core.package_identification:_identify(src/amiga-ros2-bridge/venv/lib/python3.10/site-packages/numpy/ma) by extension 'ros'
[2.563s] Level 1:colcon.colcon_core.package_identification:_identify(src/amiga-ros2-bridge/venv/lib/python3.10/site-packages/numpy/ma) by extensions ['cmake', 'python']
[2.563s] Level 1:colcon.colcon_core.package_identification:_identify(src/amiga-ros2-bridge/venv/lib/python3.10/site-packages/numpy/ma) by extension 'cmake'
[2.563s] Level 1:colcon.colcon_core.package_identification:_identify(src/amiga-ros2-bridge/venv/lib/python3.10/site-packages/numpy/ma) by extension 'python'
[2.564s] Level 1:colcon.colcon_core.package_identification:_identify(src/amiga-ros2-bridge/venv/lib/python3.10/site-packages/numpy/ma) by extensions ['python_setup_py']
[2.564s] Level 1:colcon.colcon_core.package_identification:_identify(src/amiga-ros2-bridge/venv/lib/python3.10/site-packages/numpy/ma) by extension 'python_setup_py'
[2.564s] Level 1:colcon.colcon_core.package_identification:_identify(src/amiga-ros2-bridge/venv/lib/python3.10/site-packages/numpy/ma/__pycache__) by extensions ['ignore', 'ignore_ament_install']
[2.564s] Level 1:colcon.colcon_core.package_identification:_identify(src/amiga-ros2-bridge/venv/lib/python3.10/site-packages/numpy/ma/__pycache__) by extension 'ignore'
[2.564s] Level 1:colcon.colcon_core.package_identification:_identify(src/amiga-ros2-bridge/venv/lib/python3.10/site-packages/numpy/ma/__pycache__) by extension 'ignore_ament_install'
[2.564s] Level 1:colcon.colcon_core.package_identification:_identify(src/amiga-ros2-bridge/venv/lib/python3.10/site-packages/numpy/ma/__pycache__) by extensions ['colcon_pkg']
[2.565s] Level 1:colcon.colcon_core.package_identification:_identify(src/amiga-ros2-bridge/venv/lib/python3.10/site-packages/numpy/ma/__pycache__) by extension 'colcon_pkg'
[2.565s] Level 1:colcon.colcon_core.package_identification:_identify(src/amiga-ros2-bridge/venv/lib/python3.10/site-packages/numpy/ma/__pycache__) by extensions ['colcon_meta']
[2.565s] Level 1:colcon.colcon_core.package_identification:_identify(src/amiga-ros2-bridge/venv/lib/python3.10/site-packages/numpy/ma/__pycache__) by extension 'colcon_meta'
[2.565s] Level 1:colcon.colcon_core.package_identification:_identify(src/amiga-ros2-bridge/venv/lib/python3.10/site-packages/numpy/ma/__pycache__) by extensions ['ros']
[2.565s] Level 1:colcon.colcon_core.package_identification:_identify(src/amiga-ros2-bridge/venv/lib/python3.10/site-packages/numpy/ma/__pycache__) by extension 'ros'
[2.565s] Level 1:colcon.colcon_core.package_identification:_identify(src/amiga-ros2-bridge/venv/lib/python3.10/site-packages/numpy/ma/__pycache__) by extensions ['cmake', 'python']
[2.565s] Level 1:colcon.colcon_core.package_identification:_identify(src/amiga-ros2-bridge/venv/lib/python3.10/site-packages/numpy/ma/__pycache__) by extension 'cmake'
[2.565s] Level 1:colcon.colcon_core.package_identification:_identify(src/amiga-ros2-bridge/venv/lib/python3.10/site-packages/numpy/ma/__pycache__) by extension 'python'
[2.565s] Level 1:colcon.colcon_core.package_identification:_identify(src/amiga-ros2-bridge/venv/lib/python3.10/site-packages/numpy/ma/__pycache__) by extensions ['python_setup_py']
[2.566s] Level 1:colcon.colcon_core.package_identification:_identify(src/amiga-ros2-bridge/venv/lib/python3.10/site-packages/numpy/ma/__pycache__) by extension 'python_setup_py'
[2.566s] Level 1:colcon.colcon_core.package_identification:_identify(src/amiga-ros2-bridge/venv/lib/python3.10/site-packages/numpy/ma/tests) by extensions ['ignore', 'ignore_ament_install']
[2.566s] Level 1:colcon.colcon_core.package_identification:_identify(src/amiga-ros2-bridge/venv/lib/python3.10/site-packages/numpy/ma/tests) by extension 'ignore'
[2.567s] Level 1:colcon.colcon_core.package_identification:_identify(src/amiga-ros2-bridge/venv/lib/python3.10/site-packages/numpy/ma/tests) by extension 'ignore_ament_install'
[2.567s] Level 1:colcon.colcon_core.package_identification:_identify(src/amiga-ros2-bridge/venv/lib/python3.10/site-packages/numpy/ma/tests) by extensions ['colcon_pkg']
[2.567s] Level 1:colcon.colcon_core.package_identification:_identify(src/amiga-ros2-bridge/venv/lib/python3.10/site-packages/numpy/ma/tests) by extension 'colcon_pkg'
[2.567s] Level 1:colcon.colcon_core.package_identification:_identify(src/amiga-ros2-bridge/venv/lib/python3.10/site-packages/numpy/ma/tests) by extensions ['colcon_meta']
[2.567s] Level 1:colcon.colcon_core.package_identification:_identify(src/amiga-ros2-bridge/venv/lib/python3.10/site-packages/numpy/ma/tests) by extension 'colcon_meta'
[2.567s] Level 1:colcon.colcon_core.package_identification:_identify(src/amiga-ros2-bridge/venv/lib/python3.10/site-packages/numpy/ma/tests) by extensions ['ros']
[2.567s] Level 1:colcon.colcon_core.package_identification:_identify(src/amiga-ros2-bridge/venv/lib/python3.10/site-packages/numpy/ma/tests) by extension 'ros'
[2.567s] Level 1:colcon.colcon_core.package_identification:_identify(src/amiga-ros2-bridge/venv/lib/python3.10/site-packages/numpy/ma/tests) by extensions ['cmake', 'python']
[2.567s] Level 1:colcon.colcon_core.package_identification:_identify(src/amiga-ros2-bridge/venv/lib/python3.10/site-packages/numpy/ma/tests) by extension 'cmake'
[2.568s] Level 1:colcon.colcon_core.package_identification:_identify(src/amiga-ros2-bridge/venv/lib/python3.10/site-packages/numpy/ma/tests) by extension 'python'
[2.568s] Level 1:colcon.colcon_core.package_identification:_identify(src/amiga-ros2-bridge/venv/lib/python3.10/site-packages/numpy/ma/tests) by extensions ['python_setup_py']
[2.568s] Level 1:colcon.colcon_core.package_identification:_identify(src/amiga-ros2-bridge/venv/lib/python3.10/site-packages/numpy/ma/tests) by extension 'python_setup_py'
[2.568s] Level 1:colcon.colcon_core.package_identification:_identify(src/amiga-ros2-bridge/venv/lib/python3.10/site-packages/numpy/ma/tests/__pycache__) by extensions ['ignore', 'ignore_ament_install']
[2.568s] Level 1:colcon.colcon_core.package_identification:_identify(src/amiga-ros2-bridge/venv/lib/python3.10/site-packages/numpy/ma/tests/__pycache__) by extension 'ignore'
[2.568s] Level 1:colcon.colcon_core.package_identification:_identify(src/amiga-ros2-bridge/venv/lib/python3.10/site-packages/numpy/ma/tests/__pycache__) by extension 'ignore_ament_install'
[2.569s] Level 1:colcon.colcon_core.package_identification:_identify(src/amiga-ros2-bridge/venv/lib/python3.10/site-packages/numpy/ma/tests/__pycache__) by extensions ['colcon_pkg']
[2.569s] Level 1:colcon.colcon_core.package_identification:_identify(src/amiga-ros2-bridge/venv/lib/python3.10/site-packages/numpy/ma/tests/__pycache__) by extension 'colcon_pkg'
[2.569s] Level 1:colcon.colcon_core.package_identification:_identify(src/amiga-ros2-bridge/venv/lib/python3.10/site-packages/numpy/ma/tests/__pycache__) by extensions ['colcon_meta']
[2.569s] Level 1:colcon.colcon_core.package_identification:_identify(src/amiga-ros2-bridge/venv/lib/python3.10/site-packages/numpy/ma/tests/__pycache__) by extension 'colcon_meta'
[2.569s] Level 1:colcon.colcon_core.package_identification:_identify(src/amiga-ros2-bridge/venv/lib/python3.10/site-packages/numpy/ma/tests/__pycache__) by extensions ['ros']
[2.569s] Level 1:colcon.colcon_core.package_identification:_identify(src/amiga-ros2-bridge/venv/lib/python3.10/site-packages/numpy/ma/tests/__pycache__) by extension 'ros'
[2.569s] Level 1:colcon.colcon_core.package_identification:_identify(src/amiga-ros2-bridge/venv/lib/python3.10/site-packages/numpy/ma/tests/__pycache__) by extensions ['cmake', 'python']
[2.569s] Level 1:colcon.colcon_core.package_identification:_identify(src/amiga-ros2-bridge/venv/lib/python3.10/site-packages/numpy/ma/tests/__pycache__) by extension 'cmake'
[2.569s] Level 1:colcon.colcon_core.package_identification:_identify(src/amiga-ros2-bridge/venv/lib/python3.10/site-packages/numpy/ma/tests/__pycache__) by extension 'python'
[2.570s] Level 1:colcon.colcon_core.package_identification:_identify(src/amiga-ros2-bridge/venv/lib/python3.10/site-packages/numpy/ma/tests/__pycache__) by extensions ['python_setup_py']
[2.570s] Level 1:colcon.colcon_core.package_identification:_identify(src/amiga-ros2-bridge/venv/lib/python3.10/site-packages/numpy/ma/tests/__pycache__) by extension 'python_setup_py'
[2.570s] Level 1:colcon.colcon_core.package_identification:_identify(src/amiga-ros2-bridge/venv/lib/python3.10/site-packages/numpy/matrixlib) by extensions ['ignore', 'ignore_ament_install']
[2.570s] Level 1:colcon.colcon_core.package_identification:_identify(src/amiga-ros2-bridge/venv/lib/python3.10/site-packages/numpy/matrixlib) by extension 'ignore'
[2.570s] Level 1:colcon.colcon_core.package_identification:_identify(src/amiga-ros2-bridge/venv/lib/python3.10/site-packages/numpy/matrixlib) by extension 'ignore_ament_install'
[2.570s] Level 1:colcon.colcon_core.package_identification:_identify(src/amiga-ros2-bridge/venv/lib/python3.10/site-packages/numpy/matrixlib) by extensions ['colcon_pkg']
[2.571s] Level 1:colcon.colcon_core.package_identification:_identify(src/amiga-ros2-bridge/venv/lib/python3.10/site-packages/numpy/matrixlib) by extension 'colcon_pkg'
[2.571s] Level 1:colcon.colcon_core.package_identification:_identify(src/amiga-ros2-bridge/venv/lib/python3.10/site-packages/numpy/matrixlib) by extensions ['colcon_meta']
[2.571s] Level 1:colcon.colcon_core.package_identification:_identify(src/amiga-ros2-bridge/venv/lib/python3.10/site-packages/numpy/matrixlib) by extension 'colcon_meta'
[2.571s] Level 1:colcon.colcon_core.package_identification:_identify(src/amiga-ros2-bridge/venv/lib/python3.10/site-packages/numpy/matrixlib) by extensions ['ros']
[2.571s] Level 1:colcon.colcon_core.package_identification:_identify(src/amiga-ros2-bridge/venv/lib/python3.10/site-packages/numpy/matrixlib) by extension 'ros'
[2.571s] Level 1:colcon.colcon_core.package_identification:_identify(src/amiga-ros2-bridge/venv/lib/python3.10/site-packages/numpy/matrixlib) by extensions ['cmake', 'python']
[2.571s] Level 1:colcon.colcon_core.package_identification:_identify(src/amiga-ros2-bridge/venv/lib/python3.10/site-packages/numpy/matrixlib) by extension 'cmake'
[2.571s] Level 1:colcon.colcon_core.package_identification:_identify(src/amiga-ros2-bridge/venv/lib/python3.10/site-packages/numpy/matrixlib) by extension 'python'
[2.571s] Level 1:colcon.colcon_core.package_identification:_identify(src/amiga-ros2-bridge/venv/lib/python3.10/site-packages/numpy/matrixlib) by extensions ['python_setup_py']
[2.572s] Level 1:colcon.colcon_core.package_identification:_identify(src/amiga-ros2-bridge/venv/lib/python3.10/site-packages/numpy/matrixlib) by extension 'python_setup_py'
[2.572s] Level 1:colcon.colcon_core.package_identification:_identify(src/amiga-ros2-bridge/venv/lib/python3.10/site-packages/numpy/matrixlib/__pycache__) by extensions ['ignore', 'ignore_ament_install']
[2.572s] Level 1:colcon.colcon_core.package_identification:_identify(src/amiga-ros2-bridge/venv/lib/python3.10/site-packages/numpy/matrixlib/__pycache__) by extension 'ignore'
[2.572s] Level 1:colcon.colcon_core.package_identification:_identify(src/amiga-ros2-bridge/venv/lib/python3.10/site-packages/numpy/matrixlib/__pycache__) by extension 'ignore_ament_install'
[2.572s] Level 1:colcon.colcon_core.package_identification:_identify(src/amiga-ros2-bridge/venv/lib/python3.10/site-packages/numpy/matrixlib/__pycache__) by extensions ['colcon_pkg']
[2.572s] Level 1:colcon.colcon_core.package_identification:_identify(src/amiga-ros2-bridge/venv/lib/python3.10/site-packages/numpy/matrixlib/__pycache__) by extension 'colcon_pkg'
[2.573s] Level 1:colcon.colcon_core.package_identification:_identify(src/amiga-ros2-bridge/venv/lib/python3.10/site-packages/numpy/matrixlib/__pycache__) by extensions ['colcon_meta']
[2.573s] Level 1:colcon.colcon_core.package_identification:_identify(src/amiga-ros2-bridge/venv/lib/python3.10/site-packages/numpy/matrixlib/__pycache__) by extension 'colcon_meta'
[2.573s] Level 1:colcon.colcon_core.package_identification:_identify(src/amiga-ros2-bridge/venv/lib/python3.10/site-packages/numpy/matrixlib/__pycache__) by extensions ['ros']
[2.573s] Level 1:colcon.colcon_core.package_identification:_identify(src/amiga-ros2-bridge/venv/lib/python3.10/site-packages/numpy/matrixlib/__pycache__) by extension 'ros'
[2.573s] Level 1:colcon.colcon_core.package_identification:_identify(src/amiga-ros2-bridge/venv/lib/python3.10/site-packages/numpy/matrixlib/__pycache__) by extensions ['cmake', 'python']
[2.573s] Level 1:colcon.colcon_core.package_identification:_identify(src/amiga-ros2-bridge/venv/lib/python3.10/site-packages/numpy/matrixlib/__pycache__) by extension 'cmake'
[2.573s] Level 1:colcon.colcon_core.package_identification:_identify(src/amiga-ros2-bridge/venv/lib/python3.10/site-packages/numpy/matrixlib/__pycache__) by extension 'python'
[2.573s] Level 1:colcon.colcon_core.package_identification:_identify(src/amiga-ros2-bridge/venv/lib/python3.10/site-packages/numpy/matrixlib/__pycache__) by extensions ['python_setup_py']
[2.573s] Level 1:colcon.colcon_core.package_identification:_identify(src/amiga-ros2-bridge/venv/lib/python3.10/site-packages/numpy/matrixlib/__pycache__) by extension 'python_setup_py'
[2.574s] Level 1:colcon.colcon_core.package_identification:_identify(src/amiga-ros2-bridge/venv/lib/python3.10/site-packages/numpy/matrixlib/tests) by extensions ['ignore', 'ignore_ament_install']
[2.574s] Level 1:colcon.colcon_core.package_identification:_identify(src/amiga-ros2-bridge/venv/lib/python3.10/site-packages/numpy/matrixlib/tests) by extension 'ignore'
[2.574s] Level 1:colcon.colcon_core.package_identification:_identify(src/amiga-ros2-bridge/venv/lib/python3.10/site-packages/numpy/matrixlib/tests) by extension 'ignore_ament_install'
[2.574s] Level 1:colcon.colcon_core.package_identification:_identify(src/amiga-ros2-bridge/venv/lib/python3.10/site-packages/numpy/matrixlib/tests) by extensions ['colcon_pkg']
[2.574s] Level 1:colcon.colcon_core.package_identification:_identify(src/amiga-ros2-bridge/venv/lib/python3.10/site-packages/numpy/matrixlib/tests) by extension 'colcon_pkg'
[2.574s] Level 1:colcon.colcon_core.package_identification:_identify(src/amiga-ros2-bridge/venv/lib/python3.10/site-packages/numpy/matrixlib/tests) by extensions ['colcon_meta']
[2.574s] Level 1:colcon.colcon_core.package_identification:_identify(src/amiga-ros2-bridge/venv/lib/python3.10/site-packages/numpy/matrixlib/tests) by extension 'colcon_meta'
[2.575s] Level 1:colcon.colcon_core.package_identification:_identify(src/amiga-ros2-bridge/venv/lib/python3.10/site-packages/numpy/matrixlib/tests) by extensions ['ros']
[2.575s] Level 1:colcon.colcon_core.package_identification:_identify(src/amiga-ros2-bridge/venv/lib/python3.10/site-packages/numpy/matrixlib/tests) by extension 'ros'
[2.575s] Level 1:colcon.colcon_core.package_identification:_identify(src/amiga-ros2-bridge/venv/lib/python3.10/site-packages/numpy/matrixlib/tests) by extensions ['cmake', 'python']
[2.575s] Level 1:colcon.colcon_core.package_identification:_identify(src/amiga-ros2-bridge/venv/lib/python3.10/site-packages/numpy/matrixlib/tests) by extension 'cmake'
[2.575s] Level 1:colcon.colcon_core.package_identification:_identify(src/amiga-ros2-bridge/venv/lib/python3.10/site-packages/numpy/matrixlib/tests) by extension 'python'
[2.575s] Level 1:colcon.colcon_core.package_identification:_identify(src/amiga-ros2-bridge/venv/lib/python3.10/site-packages/numpy/matrixlib/tests) by extensions ['python_setup_py']
[2.575s] Level 1:colcon.colcon_core.package_identification:_identify(src/amiga-ros2-bridge/venv/lib/python3.10/site-packages/numpy/matrixlib/tests) by extension 'python_setup_py'
[2.576s] Level 1:colcon.colcon_core.package_identification:_identify(src/amiga-ros2-bridge/venv/lib/python3.10/site-packages/numpy/matrixlib/tests/__pycache__) by extensions ['ignore', 'ignore_ament_install']
[2.576s] Level 1:colcon.colcon_core.package_identification:_identify(src/amiga-ros2-bridge/venv/lib/python3.10/site-packages/numpy/matrixlib/tests/__pycache__) by extension 'ignore'
[2.576s] Level 1:colcon.colcon_core.package_identification:_identify(src/amiga-ros2-bridge/venv/lib/python3.10/site-packages/numpy/matrixlib/tests/__pycache__) by extension 'ignore_ament_install'
[2.576s] Level 1:colcon.colcon_core.package_identification:_identify(src/amiga-ros2-bridge/venv/lib/python3.10/site-packages/numpy/matrixlib/tests/__pycache__) by extensions ['colcon_pkg']
[2.576s] Level 1:colcon.colcon_core.package_identification:_identify(src/amiga-ros2-bridge/venv/lib/python3.10/site-packages/numpy/matrixlib/tests/__pycache__) by extension 'colcon_pkg'
[2.576s] Level 1:colcon.colcon_core.package_identification:_identify(src/amiga-ros2-bridge/venv/lib/python3.10/site-packages/numpy/matrixlib/tests/__pycache__) by extensions ['colcon_meta']
[2.576s] Level 1:colcon.colcon_core.package_identification:_identify(src/amiga-ros2-bridge/venv/lib/python3.10/site-packages/numpy/matrixlib/tests/__pycache__) by extension 'colcon_meta'
[2.577s] Level 1:colcon.colcon_core.package_identification:_identify(src/amiga-ros2-bridge/venv/lib/python3.10/site-packages/numpy/matrixlib/tests/__pycache__) by extensions ['ros']
[2.577s] Level 1:colcon.colcon_core.package_identification:_identify(src/amiga-ros2-bridge/venv/lib/python3.10/site-packages/numpy/matrixlib/tests/__pycache__) by extension 'ros'
[2.577s] Level 1:colcon.colcon_core.package_identification:_identify(src/amiga-ros2-bridge/venv/lib/python3.10/site-packages/numpy/matrixlib/tests/__pycache__) by extensions ['cmake', 'python']
[2.577s] Level 1:colcon.colcon_core.package_identification:_identify(src/amiga-ros2-bridge/venv/lib/python3.10/site-packages/numpy/matrixlib/tests/__pycache__) by extension 'cmake'
[2.577s] Level 1:colcon.colcon_core.package_identification:_identify(src/amiga-ros2-bridge/venv/lib/python3.10/site-packages/numpy/matrixlib/tests/__pycache__) by extension 'python'
[2.577s] Level 1:colcon.colcon_core.package_identification:_identify(src/amiga-ros2-bridge/venv/lib/python3.10/site-packages/numpy/matrixlib/tests/__pycache__) by extensions ['python_setup_py']
[2.577s] Level 1:colcon.colcon_core.package_identification:_identify(src/amiga-ros2-bridge/venv/lib/python3.10/site-packages/numpy/matrixlib/tests/__pycache__) by extension 'python_setup_py'
[2.578s] Level 1:colcon.colcon_core.package_identification:_identify(src/amiga-ros2-bridge/venv/lib/python3.10/site-packages/numpy/polynomial) by extensions ['ignore', 'ignore_ament_install']
[2.578s] Level 1:colcon.colcon_core.package_identification:_identify(src/amiga-ros2-bridge/venv/lib/python3.10/site-packages/numpy/polynomial) by extension 'ignore'
[2.578s] Level 1:colcon.colcon_core.package_identification:_identify(src/amiga-ros2-bridge/venv/lib/python3.10/site-packages/numpy/polynomial) by extension 'ignore_ament_install'
[2.578s] Level 1:colcon.colcon_core.package_identification:_identify(src/amiga-ros2-bridge/venv/lib/python3.10/site-packages/numpy/polynomial) by extensions ['colcon_pkg']
[2.578s] Level 1:colcon.colcon_core.package_identification:_identify(src/amiga-ros2-bridge/venv/lib/python3.10/site-packages/numpy/polynomial) by extension 'colcon_pkg'
[2.578s] Level 1:colcon.colcon_core.package_identification:_identify(src/amiga-ros2-bridge/venv/lib/python3.10/site-packages/numpy/polynomial) by extensions ['colcon_meta']
[2.578s] Level 1:colcon.colcon_core.package_identification:_identify(src/amiga-ros2-bridge/venv/lib/python3.10/site-packages/numpy/polynomial) by extension 'colcon_meta'
[2.578s] Level 1:colcon.colcon_core.package_identification:_identify(src/amiga-ros2-bridge/venv/lib/python3.10/site-packages/numpy/polynomial) by extensions ['ros']
[2.579s] Level 1:colcon.colcon_core.package_identification:_identify(src/amiga-ros2-bridge/venv/lib/python3.10/site-packages/numpy/polynomial) by extension 'ros'
[2.579s] Level 1:colcon.colcon_core.package_identification:_identify(src/amiga-ros2-bridge/venv/lib/python3.10/site-packages/numpy/polynomial) by extensions ['cmake', 'python']
[2.579s] Level 1:colcon.colcon_core.package_identification:_identify(src/amiga-ros2-bridge/venv/lib/python3.10/site-packages/numpy/polynomial) by extension 'cmake'
[2.579s] Level 1:colcon.colcon_core.package_identification:_identify(src/amiga-ros2-bridge/venv/lib/python3.10/site-packages/numpy/polynomial) by extension 'python'
[2.579s] Level 1:colcon.colcon_core.package_identification:_identify(src/amiga-ros2-bridge/venv/lib/python3.10/site-packages/numpy/polynomial) by extensions ['python_setup_py']
[2.579s] Level 1:colcon.colcon_core.package_identification:_identify(src/amiga-ros2-bridge/venv/lib/python3.10/site-packages/numpy/polynomial) by extension 'python_setup_py'
[2.580s] Level 1:colcon.colcon_core.package_identification:_identify(src/amiga-ros2-bridge/venv/lib/python3.10/site-packages/numpy/polynomial/__pycache__) by extensions ['ignore', 'ignore_ament_install']
[2.580s] Level 1:colcon.colcon_core.package_identification:_identify(src/amiga-ros2-bridge/venv/lib/python3.10/site-packages/numpy/polynomial/__pycache__) by extension 'ignore'
[2.580s] Level 1:colcon.colcon_core.package_identification:_identify(src/amiga-ros2-bridge/venv/lib/python3.10/site-packages/numpy/polynomial/__pycache__) by extension 'ignore_ament_install'
[2.580s] Level 1:colcon.colcon_core.package_identification:_identify(src/amiga-ros2-bridge/venv/lib/python3.10/site-packages/numpy/polynomial/__pycache__) by extensions ['colcon_pkg']
[2.580s] Level 1:colcon.colcon_core.package_identification:_identify(src/amiga-ros2-bridge/venv/lib/python3.10/site-packages/numpy/polynomial/__pycache__) by extension 'colcon_pkg'
[2.580s] Level 1:colcon.colcon_core.package_identification:_identify(src/amiga-ros2-bridge/venv/lib/python3.10/site-packages/numpy/polynomial/__pycache__) by extensions ['colcon_meta']
[2.580s] Level 1:colcon.colcon_core.package_identification:_identify(src/amiga-ros2-bridge/venv/lib/python3.10/site-packages/numpy/polynomial/__pycache__) by extension 'colcon_meta'
[2.580s] Level 1:colcon.colcon_core.package_identification:_identify(src/amiga-ros2-bridge/venv/lib/python3.10/site-packages/numpy/polynomial/__pycache__) by extensions ['ros']
[2.580s] Level 1:colcon.colcon_core.package_identification:_identify(src/amiga-ros2-bridge/venv/lib/python3.10/site-packages/numpy/polynomial/__pycache__) by extension 'ros'
[2.581s] Level 1:colcon.colcon_core.package_identification:_identify(src/amiga-ros2-bridge/venv/lib/python3.10/site-packages/numpy/polynomial/__pycache__) by extensions ['cmake', 'python']
[2.581s] Level 1:colcon.colcon_core.package_identification:_identify(src/amiga-ros2-bridge/venv/lib/python3.10/site-packages/numpy/polynomial/__pycache__) by extension 'cmake'
[2.581s] Level 1:colcon.colcon_core.package_identification:_identify(src/amiga-ros2-bridge/venv/lib/python3.10/site-packages/numpy/polynomial/__pycache__) by extension 'python'
[2.581s] Level 1:colcon.colcon_core.package_identification:_identify(src/amiga-ros2-bridge/venv/lib/python3.10/site-packages/numpy/polynomial/__pycache__) by extensions ['python_setup_py']
[2.581s] Level 1:colcon.colcon_core.package_identification:_identify(src/amiga-ros2-bridge/venv/lib/python3.10/site-packages/numpy/polynomial/__pycache__) by extension 'python_setup_py'
[2.581s] Level 1:colcon.colcon_core.package_identification:_identify(src/amiga-ros2-bridge/venv/lib/python3.10/site-packages/numpy/polynomial/tests) by extensions ['ignore', 'ignore_ament_install']
[2.582s] Level 1:colcon.colcon_core.package_identification:_identify(src/amiga-ros2-bridge/venv/lib/python3.10/site-packages/numpy/polynomial/tests) by extension 'ignore'
[2.582s] Level 1:colcon.colcon_core.package_identification:_identify(src/amiga-ros2-bridge/venv/lib/python3.10/site-packages/numpy/polynomial/tests) by extension 'ignore_ament_install'
[2.582s] Level 1:colcon.colcon_core.package_identification:_identify(src/amiga-ros2-bridge/venv/lib/python3.10/site-packages/numpy/polynomial/tests) by extensions ['colcon_pkg']
[2.582s] Level 1:colcon.colcon_core.package_identification:_identify(src/amiga-ros2-bridge/venv/lib/python3.10/site-packages/numpy/polynomial/tests) by extension 'colcon_pkg'
[2.582s] Level 1:colcon.colcon_core.package_identification:_identify(src/amiga-ros2-bridge/venv/lib/python3.10/site-packages/numpy/polynomial/tests) by extensions ['colcon_meta']
[2.582s] Level 1:colcon.colcon_core.package_identification:_identify(src/amiga-ros2-bridge/venv/lib/python3.10/site-packages/numpy/polynomial/tests) by extension 'colcon_meta'
[2.582s] Level 1:colcon.colcon_core.package_identification:_identify(src/amiga-ros2-bridge/venv/lib/python3.10/site-packages/numpy/polynomial/tests) by extensions ['ros']
[2.582s] Level 1:colcon.colcon_core.package_identification:_identify(src/amiga-ros2-bridge/venv/lib/python3.10/site-packages/numpy/polynomial/tests) by extension 'ros'
[2.583s] Level 1:colcon.colcon_core.package_identification:_identify(src/amiga-ros2-bridge/venv/lib/python3.10/site-packages/numpy/polynomial/tests) by extensions ['cmake', 'python']
[2.583s] Level 1:colcon.colcon_core.package_identification:_identify(src/amiga-ros2-bridge/venv/lib/python3.10/site-packages/numpy/polynomial/tests) by extension 'cmake'
[2.583s] Level 1:colcon.colcon_core.package_identification:_identify(src/amiga-ros2-bridge/venv/lib/python3.10/site-packages/numpy/polynomial/tests) by extension 'python'
[2.583s] Level 1:colcon.colcon_core.package_identification:_identify(src/amiga-ros2-bridge/venv/lib/python3.10/site-packages/numpy/polynomial/tests) by extensions ['python_setup_py']
[2.583s] Level 1:colcon.colcon_core.package_identification:_identify(src/amiga-ros2-bridge/venv/lib/python3.10/site-packages/numpy/polynomial/tests) by extension 'python_setup_py'
[2.583s] Level 1:colcon.colcon_core.package_identification:_identify(src/amiga-ros2-bridge/venv/lib/python3.10/site-packages/numpy/polynomial/tests/__pycache__) by extensions ['ignore', 'ignore_ament_install']
[2.583s] Level 1:colcon.colcon_core.package_identification:_identify(src/amiga-ros2-bridge/venv/lib/python3.10/site-packages/numpy/polynomial/tests/__pycache__) by extension 'ignore'
[2.584s] Level 1:colcon.colcon_core.package_identification:_identify(src/amiga-ros2-bridge/venv/lib/python3.10/site-packages/numpy/polynomial/tests/__pycache__) by extension 'ignore_ament_install'
[2.584s] Level 1:colcon.colcon_core.package_identification:_identify(src/amiga-ros2-bridge/venv/lib/python3.10/site-packages/numpy/polynomial/tests/__pycache__) by extensions ['colcon_pkg']
[2.584s] Level 1:colcon.colcon_core.package_identification:_identify(src/amiga-ros2-bridge/venv/lib/python3.10/site-packages/numpy/polynomial/tests/__pycache__) by extension 'colcon_pkg'
[2.584s] Level 1:colcon.colcon_core.package_identification:_identify(src/amiga-ros2-bridge/venv/lib/python3.10/site-packages/numpy/polynomial/tests/__pycache__) by extensions ['colcon_meta']
[2.584s] Level 1:colcon.colcon_core.package_identification:_identify(src/amiga-ros2-bridge/venv/lib/python3.10/site-packages/numpy/polynomial/tests/__pycache__) by extension 'colcon_meta'
[2.584s] Level 1:colcon.colcon_core.package_identification:_identify(src/amiga-ros2-bridge/venv/lib/python3.10/site-packages/numpy/polynomial/tests/__pycache__) by extensions ['ros']
[2.584s] Level 1:colcon.colcon_core.package_identification:_identify(src/amiga-ros2-bridge/venv/lib/python3.10/site-packages/numpy/polynomial/tests/__pycache__) by extension 'ros'
[2.584s] Level 1:colcon.colcon_core.package_identification:_identify(src/amiga-ros2-bridge/venv/lib/python3.10/site-packages/numpy/polynomial/tests/__pycache__) by extensions ['cmake', 'python']
[2.584s] Level 1:colcon.colcon_core.package_identification:_identify(src/amiga-ros2-bridge/venv/lib/python3.10/site-packages/numpy/polynomial/tests/__pycache__) by extension 'cmake'
[2.585s] Level 1:colcon.colcon_core.package_identification:_identify(src/amiga-ros2-bridge/venv/lib/python3.10/site-packages/numpy/polynomial/tests/__pycache__) by extension 'python'
[2.585s] Level 1:colcon.colcon_core.package_identification:_identify(src/amiga-ros2-bridge/venv/lib/python3.10/site-packages/numpy/polynomial/tests/__pycache__) by extensions ['python_setup_py']
[2.585s] Level 1:colcon.colcon_core.package_identification:_identify(src/amiga-ros2-bridge/venv/lib/python3.10/site-packages/numpy/polynomial/tests/__pycache__) by extension 'python_setup_py'
[2.585s] Level 1:colcon.colcon_core.package_identification:_identify(src/amiga-ros2-bridge/venv/lib/python3.10/site-packages/numpy/random) by extensions ['ignore', 'ignore_ament_install']
[2.585s] Level 1:colcon.colcon_core.package_identification:_identify(src/amiga-ros2-bridge/venv/lib/python3.10/site-packages/numpy/random) by extension 'ignore'
[2.585s] Level 1:colcon.colcon_core.package_identification:_identify(src/amiga-ros2-bridge/venv/lib/python3.10/site-packages/numpy/random) by extension 'ignore_ament_install'
[2.586s] Level 1:colcon.colcon_core.package_identification:_identify(src/amiga-ros2-bridge/venv/lib/python3.10/site-packages/numpy/random) by extensions ['colcon_pkg']
[2.586s] Level 1:colcon.colcon_core.package_identification:_identify(src/amiga-ros2-bridge/venv/lib/python3.10/site-packages/numpy/random) by extension 'colcon_pkg'
[2.586s] Level 1:colcon.colcon_core.package_identification:_identify(src/amiga-ros2-bridge/venv/lib/python3.10/site-packages/numpy/random) by extensions ['colcon_meta']
[2.586s] Level 1:colcon.colcon_core.package_identification:_identify(src/amiga-ros2-bridge/venv/lib/python3.10/site-packages/numpy/random) by extension 'colcon_meta'
[2.586s] Level 1:colcon.colcon_core.package_identification:_identify(src/amiga-ros2-bridge/venv/lib/python3.10/site-packages/numpy/random) by extensions ['ros']
[2.586s] Level 1:colcon.colcon_core.package_identification:_identify(src/amiga-ros2-bridge/venv/lib/python3.10/site-packages/numpy/random) by extension 'ros'
[2.586s] Level 1:colcon.colcon_core.package_identification:_identify(src/amiga-ros2-bridge/venv/lib/python3.10/site-packages/numpy/random) by extensions ['cmake', 'python']
[2.586s] Level 1:colcon.colcon_core.package_identification:_identify(src/amiga-ros2-bridge/venv/lib/python3.10/site-packages/numpy/random) by extension 'cmake'
[2.586s] Level 1:colcon.colcon_core.package_identification:_identify(src/amiga-ros2-bridge/venv/lib/python3.10/site-packages/numpy/random) by extension 'python'
[2.587s] Level 1:colcon.colcon_core.package_identification:_identify(src/amiga-ros2-bridge/venv/lib/python3.10/site-packages/numpy/random) by extensions ['python_setup_py']
[2.587s] Level 1:colcon.colcon_core.package_identification:_identify(src/amiga-ros2-bridge/venv/lib/python3.10/site-packages/numpy/random) by extension 'python_setup_py'
[2.587s] Level 1:colcon.colcon_core.package_identification:_identify(src/amiga-ros2-bridge/venv/lib/python3.10/site-packages/numpy/random/__pycache__) by extensions ['ignore', 'ignore_ament_install']
[2.587s] Level 1:colcon.colcon_core.package_identification:_identify(src/amiga-ros2-bridge/venv/lib/python3.10/site-packages/numpy/random/__pycache__) by extension 'ignore'
[2.587s] Level 1:colcon.colcon_core.package_identification:_identify(src/amiga-ros2-bridge/venv/lib/python3.10/site-packages/numpy/random/__pycache__) by extension 'ignore_ament_install'
[2.588s] Level 1:colcon.colcon_core.package_identification:_identify(src/amiga-ros2-bridge/venv/lib/python3.10/site-packages/numpy/random/__pycache__) by extensions ['colcon_pkg']
[2.588s] Level 1:colcon.colcon_core.package_identification:_identify(src/amiga-ros2-bridge/venv/lib/python3.10/site-packages/numpy/random/__pycache__) by extension 'colcon_pkg'
[2.588s] Level 1:colcon.colcon_core.package_identification:_identify(src/amiga-ros2-bridge/venv/lib/python3.10/site-packages/numpy/random/__pycache__) by extensions ['colcon_meta']
[2.588s] Level 1:colcon.colcon_core.package_identification:_identify(src/amiga-ros2-bridge/venv/lib/python3.10/site-packages/numpy/random/__pycache__) by extension 'colcon_meta'
[2.588s] Level 1:colcon.colcon_core.package_identification:_identify(src/amiga-ros2-bridge/venv/lib/python3.10/site-packages/numpy/random/__pycache__) by extensions ['ros']
[2.588s] Level 1:colcon.colcon_core.package_identification:_identify(src/amiga-ros2-bridge/venv/lib/python3.10/site-packages/numpy/random/__pycache__) by extension 'ros'
[2.588s] Level 1:colcon.colcon_core.package_identification:_identify(src/amiga-ros2-bridge/venv/lib/python3.10/site-packages/numpy/random/__pycache__) by extensions ['cmake', 'python']
[2.588s] Level 1:colcon.colcon_core.package_identification:_identify(src/amiga-ros2-bridge/venv/lib/python3.10/site-packages/numpy/random/__pycache__) by extension 'cmake'
[2.588s] Level 1:colcon.colcon_core.package_identification:_identify(src/amiga-ros2-bridge/venv/lib/python3.10/site-packages/numpy/random/__pycache__) by extension 'python'
[2.588s] Level 1:colcon.colcon_core.package_identification:_identify(src/amiga-ros2-bridge/venv/lib/python3.10/site-packages/numpy/random/__pycache__) by extensions ['python_setup_py']
[2.589s] Level 1:colcon.colcon_core.package_identification:_identify(src/amiga-ros2-bridge/venv/lib/python3.10/site-packages/numpy/random/__pycache__) by extension 'python_setup_py'
[2.589s] Level 1:colcon.colcon_core.package_identification:_identify(src/amiga-ros2-bridge/venv/lib/python3.10/site-packages/numpy/random/_examples) by extensions ['ignore', 'ignore_ament_install']
[2.589s] Level 1:colcon.colcon_core.package_identification:_identify(src/amiga-ros2-bridge/venv/lib/python3.10/site-packages/numpy/random/_examples) by extension 'ignore'
[2.589s] Level 1:colcon.colcon_core.package_identification:_identify(src/amiga-ros2-bridge/venv/lib/python3.10/site-packages/numpy/random/_examples) by extension 'ignore_ament_install'
[2.589s] Level 1:colcon.colcon_core.package_identification:_identify(src/amiga-ros2-bridge/venv/lib/python3.10/site-packages/numpy/random/_examples) by extensions ['colcon_pkg']
[2.589s] Level 1:colcon.colcon_core.package_identification:_identify(src/amiga-ros2-bridge/venv/lib/python3.10/site-packages/numpy/random/_examples) by extension 'colcon_pkg'
[2.590s] Level 1:colcon.colcon_core.package_identification:_identify(src/amiga-ros2-bridge/venv/lib/python3.10/site-packages/numpy/random/_examples) by extensions ['colcon_meta']
[2.590s] Level 1:colcon.colcon_core.package_identification:_identify(src/amiga-ros2-bridge/venv/lib/python3.10/site-packages/numpy/random/_examples) by extension 'colcon_meta'
[2.590s] Level 1:colcon.colcon_core.package_identification:_identify(src/amiga-ros2-bridge/venv/lib/python3.10/site-packages/numpy/random/_examples) by extensions ['ros']
[2.590s] Level 1:colcon.colcon_core.package_identification:_identify(src/amiga-ros2-bridge/venv/lib/python3.10/site-packages/numpy/random/_examples) by extension 'ros'
[2.590s] Level 1:colcon.colcon_core.package_identification:_identify(src/amiga-ros2-bridge/venv/lib/python3.10/site-packages/numpy/random/_examples) by extensions ['cmake', 'python']
[2.590s] Level 1:colcon.colcon_core.package_identification:_identify(src/amiga-ros2-bridge/venv/lib/python3.10/site-packages/numpy/random/_examples) by extension 'cmake'
[2.590s] Level 1:colcon.colcon_core.package_identification:_identify(src/amiga-ros2-bridge/venv/lib/python3.10/site-packages/numpy/random/_examples) by extension 'python'
[2.590s] Level 1:colcon.colcon_core.package_identification:_identify(src/amiga-ros2-bridge/venv/lib/python3.10/site-packages/numpy/random/_examples) by extensions ['python_setup_py']
[2.590s] Level 1:colcon.colcon_core.package_identification:_identify(src/amiga-ros2-bridge/venv/lib/python3.10/site-packages/numpy/random/_examples) by extension 'python_setup_py'
[2.591s] Level 1:colcon.colcon_core.package_identification:_identify(src/amiga-ros2-bridge/venv/lib/python3.10/site-packages/numpy/random/_examples/cffi) by extensions ['ignore', 'ignore_ament_install']
[2.591s] Level 1:colcon.colcon_core.package_identification:_identify(src/amiga-ros2-bridge/venv/lib/python3.10/site-packages/numpy/random/_examples/cffi) by extension 'ignore'
[2.591s] Level 1:colcon.colcon_core.package_identification:_identify(src/amiga-ros2-bridge/venv/lib/python3.10/site-packages/numpy/random/_examples/cffi) by extension 'ignore_ament_install'
[2.591s] Level 1:colcon.colcon_core.package_identification:_identify(src/amiga-ros2-bridge/venv/lib/python3.10/site-packages/numpy/random/_examples/cffi) by extensions ['colcon_pkg']
[2.591s] Level 1:colcon.colcon_core.package_identification:_identify(src/amiga-ros2-bridge/venv/lib/python3.10/site-packages/numpy/random/_examples/cffi) by extension 'colcon_pkg'
[2.591s] Level 1:colcon.colcon_core.package_identification:_identify(src/amiga-ros2-bridge/venv/lib/python3.10/site-packages/numpy/random/_examples/cffi) by extensions ['colcon_meta']
[2.591s] Level 1:colcon.colcon_core.package_identification:_identify(src/amiga-ros2-bridge/venv/lib/python3.10/site-packages/numpy/random/_examples/cffi) by extension 'colcon_meta'
[2.592s] Level 1:colcon.colcon_core.package_identification:_identify(src/amiga-ros2-bridge/venv/lib/python3.10/site-packages/numpy/random/_examples/cffi) by extensions ['ros']
[2.592s] Level 1:colcon.colcon_core.package_identification:_identify(src/amiga-ros2-bridge/venv/lib/python3.10/site-packages/numpy/random/_examples/cffi) by extension 'ros'
[2.592s] Level 1:colcon.colcon_core.package_identification:_identify(src/amiga-ros2-bridge/venv/lib/python3.10/site-packages/numpy/random/_examples/cffi) by extensions ['cmake', 'python']
[2.592s] Level 1:colcon.colcon_core.package_identification:_identify(src/amiga-ros2-bridge/venv/lib/python3.10/site-packages/numpy/random/_examples/cffi) by extension 'cmake'
[2.592s] Level 1:colcon.colcon_core.package_identification:_identify(src/amiga-ros2-bridge/venv/lib/python3.10/site-packages/numpy/random/_examples/cffi) by extension 'python'
[2.592s] Level 1:colcon.colcon_core.package_identification:_identify(src/amiga-ros2-bridge/venv/lib/python3.10/site-packages/numpy/random/_examples/cffi) by extensions ['python_setup_py']
[2.592s] Level 1:colcon.colcon_core.package_identification:_identify(src/amiga-ros2-bridge/venv/lib/python3.10/site-packages/numpy/random/_examples/cffi) by extension 'python_setup_py'
[2.593s] Level 1:colcon.colcon_core.package_identification:_identify(src/amiga-ros2-bridge/venv/lib/python3.10/site-packages/numpy/random/_examples/cffi/__pycache__) by extensions ['ignore', 'ignore_ament_install']
[2.593s] Level 1:colcon.colcon_core.package_identification:_identify(src/amiga-ros2-bridge/venv/lib/python3.10/site-packages/numpy/random/_examples/cffi/__pycache__) by extension 'ignore'
[2.593s] Level 1:colcon.colcon_core.package_identification:_identify(src/amiga-ros2-bridge/venv/lib/python3.10/site-packages/numpy/random/_examples/cffi/__pycache__) by extension 'ignore_ament_install'
[2.593s] Level 1:colcon.colcon_core.package_identification:_identify(src/amiga-ros2-bridge/venv/lib/python3.10/site-packages/numpy/random/_examples/cffi/__pycache__) by extensions ['colcon_pkg']
[2.593s] Level 1:colcon.colcon_core.package_identification:_identify(src/amiga-ros2-bridge/venv/lib/python3.10/site-packages/numpy/random/_examples/cffi/__pycache__) by extension 'colcon_pkg'
[2.593s] Level 1:colcon.colcon_core.package_identification:_identify(src/amiga-ros2-bridge/venv/lib/python3.10/site-packages/numpy/random/_examples/cffi/__pycache__) by extensions ['colcon_meta']
[2.593s] Level 1:colcon.colcon_core.package_identification:_identify(src/amiga-ros2-bridge/venv/lib/python3.10/site-packages/numpy/random/_examples/cffi/__pycache__) by extension 'colcon_meta'
[2.594s] Level 1:colcon.colcon_core.package_identification:_identify(src/amiga-ros2-bridge/venv/lib/python3.10/site-packages/numpy/random/_examples/cffi/__pycache__) by extensions ['ros']
[2.594s] Level 1:colcon.colcon_core.package_identification:_identify(src/amiga-ros2-bridge/venv/lib/python3.10/site-packages/numpy/random/_examples/cffi/__pycache__) by extension 'ros'
[2.594s] Level 1:colcon.colcon_core.package_identification:_identify(src/amiga-ros2-bridge/venv/lib/python3.10/site-packages/numpy/random/_examples/cffi/__pycache__) by extensions ['cmake', 'python']
[2.594s] Level 1:colcon.colcon_core.package_identification:_identify(src/amiga-ros2-bridge/venv/lib/python3.10/site-packages/numpy/random/_examples/cffi/__pycache__) by extension 'cmake'
[2.594s] Level 1:colcon.colcon_core.package_identification:_identify(src/amiga-ros2-bridge/venv/lib/python3.10/site-packages/numpy/random/_examples/cffi/__pycache__) by extension 'python'
[2.594s] Level 1:colcon.colcon_core.package_identification:_identify(src/amiga-ros2-bridge/venv/lib/python3.10/site-packages/numpy/random/_examples/cffi/__pycache__) by extensions ['python_setup_py']
[2.594s] Level 1:colcon.colcon_core.package_identification:_identify(src/amiga-ros2-bridge/venv/lib/python3.10/site-packages/numpy/random/_examples/cffi/__pycache__) by extension 'python_setup_py'
[2.595s] Level 1:colcon.colcon_core.package_identification:_identify(src/amiga-ros2-bridge/venv/lib/python3.10/site-packages/numpy/random/_examples/cython) by extensions ['ignore', 'ignore_ament_install']
[2.595s] Level 1:colcon.colcon_core.package_identification:_identify(src/amiga-ros2-bridge/venv/lib/python3.10/site-packages/numpy/random/_examples/cython) by extension 'ignore'
[2.595s] Level 1:colcon.colcon_core.package_identification:_identify(src/amiga-ros2-bridge/venv/lib/python3.10/site-packages/numpy/random/_examples/cython) by extension 'ignore_ament_install'
[2.595s] Level 1:colcon.colcon_core.package_identification:_identify(src/amiga-ros2-bridge/venv/lib/python3.10/site-packages/numpy/random/_examples/cython) by extensions ['colcon_pkg']
[2.595s] Level 1:colcon.colcon_core.package_identification:_identify(src/amiga-ros2-bridge/venv/lib/python3.10/site-packages/numpy/random/_examples/cython) by extension 'colcon_pkg'
[2.595s] Level 1:colcon.colcon_core.package_identification:_identify(src/amiga-ros2-bridge/venv/lib/python3.10/site-packages/numpy/random/_examples/cython) by extensions ['colcon_meta']
[2.595s] Level 1:colcon.colcon_core.package_identification:_identify(src/amiga-ros2-bridge/venv/lib/python3.10/site-packages/numpy/random/_examples/cython) by extension 'colcon_meta'
[2.595s] Level 1:colcon.colcon_core.package_identification:_identify(src/amiga-ros2-bridge/venv/lib/python3.10/site-packages/numpy/random/_examples/cython) by extensions ['ros']
[2.595s] Level 1:colcon.colcon_core.package_identification:_identify(src/amiga-ros2-bridge/venv/lib/python3.10/site-packages/numpy/random/_examples/cython) by extension 'ros'
[2.596s] Level 1:colcon.colcon_core.package_identification:_identify(src/amiga-ros2-bridge/venv/lib/python3.10/site-packages/numpy/random/_examples/cython) by extensions ['cmake', 'python']
[2.596s] Level 1:colcon.colcon_core.package_identification:_identify(src/amiga-ros2-bridge/venv/lib/python3.10/site-packages/numpy/random/_examples/cython) by extension 'cmake'
[2.596s] Level 1:colcon.colcon_core.package_identification:_identify(src/amiga-ros2-bridge/venv/lib/python3.10/site-packages/numpy/random/_examples/cython) by extension 'python'
[2.596s] Level 1:colcon.colcon_core.package_identification:_identify(src/amiga-ros2-bridge/venv/lib/python3.10/site-packages/numpy/random/_examples/cython) by extensions ['python_setup_py']
[2.596s] Level 1:colcon.colcon_core.package_identification:_identify(src/amiga-ros2-bridge/venv/lib/python3.10/site-packages/numpy/random/_examples/cython) by extension 'python_setup_py'
[2.596s] Level 1:colcon.colcon_core.package_identification:_identify(src/amiga-ros2-bridge/venv/lib/python3.10/site-packages/numpy/random/_examples/numba) by extensions ['ignore', 'ignore_ament_install']
[2.597s] Level 1:colcon.colcon_core.package_identification:_identify(src/amiga-ros2-bridge/venv/lib/python3.10/site-packages/numpy/random/_examples/numba) by extension 'ignore'
[2.597s] Level 1:colcon.colcon_core.package_identification:_identify(src/amiga-ros2-bridge/venv/lib/python3.10/site-packages/numpy/random/_examples/numba) by extension 'ignore_ament_install'
[2.597s] Level 1:colcon.colcon_core.package_identification:_identify(src/amiga-ros2-bridge/venv/lib/python3.10/site-packages/numpy/random/_examples/numba) by extensions ['colcon_pkg']
[2.597s] Level 1:colcon.colcon_core.package_identification:_identify(src/amiga-ros2-bridge/venv/lib/python3.10/site-packages/numpy/random/_examples/numba) by extension 'colcon_pkg'
[2.597s] Level 1:colcon.colcon_core.package_identification:_identify(src/amiga-ros2-bridge/venv/lib/python3.10/site-packages/numpy/random/_examples/numba) by extensions ['colcon_meta']
[2.597s] Level 1:colcon.colcon_core.package_identification:_identify(src/amiga-ros2-bridge/venv/lib/python3.10/site-packages/numpy/random/_examples/numba) by extension 'colcon_meta'
[2.597s] Level 1:colcon.colcon_core.package_identification:_identify(src/amiga-ros2-bridge/venv/lib/python3.10/site-packages/numpy/random/_examples/numba) by extensions ['ros']
[2.597s] Level 1:colcon.colcon_core.package_identification:_identify(src/amiga-ros2-bridge/venv/lib/python3.10/site-packages/numpy/random/_examples/numba) by extension 'ros'
[2.598s] Level 1:colcon.colcon_core.package_identification:_identify(src/amiga-ros2-bridge/venv/lib/python3.10/site-packages/numpy/random/_examples/numba) by extensions ['cmake', 'python']
[2.598s] Level 1:colcon.colcon_core.package_identification:_identify(src/amiga-ros2-bridge/venv/lib/python3.10/site-packages/numpy/random/_examples/numba) by extension 'cmake'
[2.598s] Level 1:colcon.colcon_core.package_identification:_identify(src/amiga-ros2-bridge/venv/lib/python3.10/site-packages/numpy/random/_examples/numba) by extension 'python'
[2.598s] Level 1:colcon.colcon_core.package_identification:_identify(src/amiga-ros2-bridge/venv/lib/python3.10/site-packages/numpy/random/_examples/numba) by extensions ['python_setup_py']
[2.598s] Level 1:colcon.colcon_core.package_identification:_identify(src/amiga-ros2-bridge/venv/lib/python3.10/site-packages/numpy/random/_examples/numba) by extension 'python_setup_py'
[2.598s] Level 1:colcon.colcon_core.package_identification:_identify(src/amiga-ros2-bridge/venv/lib/python3.10/site-packages/numpy/random/_examples/numba/__pycache__) by extensions ['ignore', 'ignore_ament_install']
[2.598s] Level 1:colcon.colcon_core.package_identification:_identify(src/amiga-ros2-bridge/venv/lib/python3.10/site-packages/numpy/random/_examples/numba/__pycache__) by extension 'ignore'
[2.599s] Level 1:colcon.colcon_core.package_identification:_identify(src/amiga-ros2-bridge/venv/lib/python3.10/site-packages/numpy/random/_examples/numba/__pycache__) by extension 'ignore_ament_install'
[2.599s] Level 1:colcon.colcon_core.package_identification:_identify(src/amiga-ros2-bridge/venv/lib/python3.10/site-packages/numpy/random/_examples/numba/__pycache__) by extensions ['colcon_pkg']
[2.599s] Level 1:colcon.colcon_core.package_identification:_identify(src/amiga-ros2-bridge/venv/lib/python3.10/site-packages/numpy/random/_examples/numba/__pycache__) by extension 'colcon_pkg'
[2.599s] Level 1:colcon.colcon_core.package_identification:_identify(src/amiga-ros2-bridge/venv/lib/python3.10/site-packages/numpy/random/_examples/numba/__pycache__) by extensions ['colcon_meta']
[2.599s] Level 1:colcon.colcon_core.package_identification:_identify(src/amiga-ros2-bridge/venv/lib/python3.10/site-packages/numpy/random/_examples/numba/__pycache__) by extension 'colcon_meta'
[2.599s] Level 1:colcon.colcon_core.package_identification:_identify(src/amiga-ros2-bridge/venv/lib/python3.10/site-packages/numpy/random/_examples/numba/__pycache__) by extensions ['ros']
[2.599s] Level 1:colcon.colcon_core.package_identification:_identify(src/amiga-ros2-bridge/venv/lib/python3.10/site-packages/numpy/random/_examples/numba/__pycache__) by extension 'ros'
[2.599s] Level 1:colcon.colcon_core.package_identification:_identify(src/amiga-ros2-bridge/venv/lib/python3.10/site-packages/numpy/random/_examples/numba/__pycache__) by extensions ['cmake', 'python']
[2.600s] Level 1:colcon.colcon_core.package_identification:_identify(src/amiga-ros2-bridge/venv/lib/python3.10/site-packages/numpy/random/_examples/numba/__pycache__) by extension 'cmake'
[2.600s] Level 1:colcon.colcon_core.package_identification:_identify(src/amiga-ros2-bridge/venv/lib/python3.10/site-packages/numpy/random/_examples/numba/__pycache__) by extension 'python'
[2.600s] Level 1:colcon.colcon_core.package_identification:_identify(src/amiga-ros2-bridge/venv/lib/python3.10/site-packages/numpy/random/_examples/numba/__pycache__) by extensions ['python_setup_py']
[2.600s] Level 1:colcon.colcon_core.package_identification:_identify(src/amiga-ros2-bridge/venv/lib/python3.10/site-packages/numpy/random/_examples/numba/__pycache__) by extension 'python_setup_py'
[2.600s] Level 1:colcon.colcon_core.package_identification:_identify(src/amiga-ros2-bridge/venv/lib/python3.10/site-packages/numpy/random/lib) by extensions ['ignore', 'ignore_ament_install']
[2.600s] Level 1:colcon.colcon_core.package_identification:_identify(src/amiga-ros2-bridge/venv/lib/python3.10/site-packages/numpy/random/lib) by extension 'ignore'
[2.600s] Level 1:colcon.colcon_core.package_identification:_identify(src/amiga-ros2-bridge/venv/lib/python3.10/site-packages/numpy/random/lib) by extension 'ignore_ament_install'
[2.601s] Level 1:colcon.colcon_core.package_identification:_identify(src/amiga-ros2-bridge/venv/lib/python3.10/site-packages/numpy/random/lib) by extensions ['colcon_pkg']
[2.601s] Level 1:colcon.colcon_core.package_identification:_identify(src/amiga-ros2-bridge/venv/lib/python3.10/site-packages/numpy/random/lib) by extension 'colcon_pkg'
[2.601s] Level 1:colcon.colcon_core.package_identification:_identify(src/amiga-ros2-bridge/venv/lib/python3.10/site-packages/numpy/random/lib) by extensions ['colcon_meta']
[2.601s] Level 1:colcon.colcon_core.package_identification:_identify(src/amiga-ros2-bridge/venv/lib/python3.10/site-packages/numpy/random/lib) by extension 'colcon_meta'
[2.601s] Level 1:colcon.colcon_core.package_identification:_identify(src/amiga-ros2-bridge/venv/lib/python3.10/site-packages/numpy/random/lib) by extensions ['ros']
[2.601s] Level 1:colcon.colcon_core.package_identification:_identify(src/amiga-ros2-bridge/venv/lib/python3.10/site-packages/numpy/random/lib) by extension 'ros'
[2.601s] Level 1:colcon.colcon_core.package_identification:_identify(src/amiga-ros2-bridge/venv/lib/python3.10/site-packages/numpy/random/lib) by extensions ['cmake', 'python']
[2.601s] Level 1:colcon.colcon_core.package_identification:_identify(src/amiga-ros2-bridge/venv/lib/python3.10/site-packages/numpy/random/lib) by extension 'cmake'
[2.601s] Level 1:colcon.colcon_core.package_identification:_identify(src/amiga-ros2-bridge/venv/lib/python3.10/site-packages/numpy/random/lib) by extension 'python'
[2.602s] Level 1:colcon.colcon_core.package_identification:_identify(src/amiga-ros2-bridge/venv/lib/python3.10/site-packages/numpy/random/lib) by extensions ['python_setup_py']
[2.602s] Level 1:colcon.colcon_core.package_identification:_identify(src/amiga-ros2-bridge/venv/lib/python3.10/site-packages/numpy/random/lib) by extension 'python_setup_py'
[2.602s] Level 1:colcon.colcon_core.package_identification:_identify(src/amiga-ros2-bridge/venv/lib/python3.10/site-packages/numpy/random/tests) by extensions ['ignore', 'ignore_ament_install']
[2.602s] Level 1:colcon.colcon_core.package_identification:_identify(src/amiga-ros2-bridge/venv/lib/python3.10/site-packages/numpy/random/tests) by extension 'ignore'
[2.602s] Level 1:colcon.colcon_core.package_identification:_identify(src/amiga-ros2-bridge/venv/lib/python3.10/site-packages/numpy/random/tests) by extension 'ignore_ament_install'
[2.602s] Level 1:colcon.colcon_core.package_identification:_identify(src/amiga-ros2-bridge/venv/lib/python3.10/site-packages/numpy/random/tests) by extensions ['colcon_pkg']
[2.603s] Level 1:colcon.colcon_core.package_identification:_identify(src/amiga-ros2-bridge/venv/lib/python3.10/site-packages/numpy/random/tests) by extension 'colcon_pkg'
[2.603s] Level 1:colcon.colcon_core.package_identification:_identify(src/amiga-ros2-bridge/venv/lib/python3.10/site-packages/numpy/random/tests) by extensions ['colcon_meta']
[2.603s] Level 1:colcon.colcon_core.package_identification:_identify(src/amiga-ros2-bridge/venv/lib/python3.10/site-packages/numpy/random/tests) by extension 'colcon_meta'
[2.603s] Level 1:colcon.colcon_core.package_identification:_identify(src/amiga-ros2-bridge/venv/lib/python3.10/site-packages/numpy/random/tests) by extensions ['ros']
[2.603s] Level 1:colcon.colcon_core.package_identification:_identify(src/amiga-ros2-bridge/venv/lib/python3.10/site-packages/numpy/random/tests) by extension 'ros'
[2.603s] Level 1:colcon.colcon_core.package_identification:_identify(src/amiga-ros2-bridge/venv/lib/python3.10/site-packages/numpy/random/tests) by extensions ['cmake', 'python']
[2.603s] Level 1:colcon.colcon_core.package_identification:_identify(src/amiga-ros2-bridge/venv/lib/python3.10/site-packages/numpy/random/tests) by extension 'cmake'
[2.603s] Level 1:colcon.colcon_core.package_identification:_identify(src/amiga-ros2-bridge/venv/lib/python3.10/site-packages/numpy/random/tests) by extension 'python'
[2.603s] Level 1:colcon.colcon_core.package_identification:_identify(src/amiga-ros2-bridge/venv/lib/python3.10/site-packages/numpy/random/tests) by extensions ['python_setup_py']
[2.604s] Level 1:colcon.colcon_core.package_identification:_identify(src/amiga-ros2-bridge/venv/lib/python3.10/site-packages/numpy/random/tests) by extension 'python_setup_py'
[2.604s] Level 1:colcon.colcon_core.package_identification:_identify(src/amiga-ros2-bridge/venv/lib/python3.10/site-packages/numpy/random/tests/__pycache__) by extensions ['ignore', 'ignore_ament_install']
[2.604s] Level 1:colcon.colcon_core.package_identification:_identify(src/amiga-ros2-bridge/venv/lib/python3.10/site-packages/numpy/random/tests/__pycache__) by extension 'ignore'
[2.604s] Level 1:colcon.colcon_core.package_identification:_identify(src/amiga-ros2-bridge/venv/lib/python3.10/site-packages/numpy/random/tests/__pycache__) by extension 'ignore_ament_install'
[2.604s] Level 1:colcon.colcon_core.package_identification:_identify(src/amiga-ros2-bridge/venv/lib/python3.10/site-packages/numpy/random/tests/__pycache__) by extensions ['colcon_pkg']
[2.604s] Level 1:colcon.colcon_core.package_identification:_identify(src/amiga-ros2-bridge/venv/lib/python3.10/site-packages/numpy/random/tests/__pycache__) by extension 'colcon_pkg'
[2.605s] Level 1:colcon.colcon_core.package_identification:_identify(src/amiga-ros2-bridge/venv/lib/python3.10/site-packages/numpy/random/tests/__pycache__) by extensions ['colcon_meta']
[2.605s] Level 1:colcon.colcon_core.package_identification:_identify(src/amiga-ros2-bridge/venv/lib/python3.10/site-packages/numpy/random/tests/__pycache__) by extension 'colcon_meta'
[2.605s] Level 1:colcon.colcon_core.package_identification:_identify(src/amiga-ros2-bridge/venv/lib/python3.10/site-packages/numpy/random/tests/__pycache__) by extensions ['ros']
[2.605s] Level 1:colcon.colcon_core.package_identification:_identify(src/amiga-ros2-bridge/venv/lib/python3.10/site-packages/numpy/random/tests/__pycache__) by extension 'ros'
[2.605s] Level 1:colcon.colcon_core.package_identification:_identify(src/amiga-ros2-bridge/venv/lib/python3.10/site-packages/numpy/random/tests/__pycache__) by extensions ['cmake', 'python']
[2.605s] Level 1:colcon.colcon_core.package_identification:_identify(src/amiga-ros2-bridge/venv/lib/python3.10/site-packages/numpy/random/tests/__pycache__) by extension 'cmake'
[2.605s] Level 1:colcon.colcon_core.package_identification:_identify(src/amiga-ros2-bridge/venv/lib/python3.10/site-packages/numpy/random/tests/__pycache__) by extension 'python'
[2.605s] Level 1:colcon.colcon_core.package_identification:_identify(src/amiga-ros2-bridge/venv/lib/python3.10/site-packages/numpy/random/tests/__pycache__) by extensions ['python_setup_py']
[2.605s] Level 1:colcon.colcon_core.package_identification:_identify(src/amiga-ros2-bridge/venv/lib/python3.10/site-packages/numpy/random/tests/__pycache__) by extension 'python_setup_py'
[2.606s] Level 1:colcon.colcon_core.package_identification:_identify(src/amiga-ros2-bridge/venv/lib/python3.10/site-packages/numpy/random/tests/data) by extensions ['ignore', 'ignore_ament_install']
[2.606s] Level 1:colcon.colcon_core.package_identification:_identify(src/amiga-ros2-bridge/venv/lib/python3.10/site-packages/numpy/random/tests/data) by extension 'ignore'
[2.606s] Level 1:colcon.colcon_core.package_identification:_identify(src/amiga-ros2-bridge/venv/lib/python3.10/site-packages/numpy/random/tests/data) by extension 'ignore_ament_install'
[2.606s] Level 1:colcon.colcon_core.package_identification:_identify(src/amiga-ros2-bridge/venv/lib/python3.10/site-packages/numpy/random/tests/data) by extensions ['colcon_pkg']
[2.606s] Level 1:colcon.colcon_core.package_identification:_identify(src/amiga-ros2-bridge/venv/lib/python3.10/site-packages/numpy/random/tests/data) by extension 'colcon_pkg'
[2.607s] Level 1:colcon.colcon_core.package_identification:_identify(src/amiga-ros2-bridge/venv/lib/python3.10/site-packages/numpy/random/tests/data) by extensions ['colcon_meta']
[2.607s] Level 1:colcon.colcon_core.package_identification:_identify(src/amiga-ros2-bridge/venv/lib/python3.10/site-packages/numpy/random/tests/data) by extension 'colcon_meta'
[2.607s] Level 1:colcon.colcon_core.package_identification:_identify(src/amiga-ros2-bridge/venv/lib/python3.10/site-packages/numpy/random/tests/data) by extensions ['ros']
[2.607s] Level 1:colcon.colcon_core.package_identification:_identify(src/amiga-ros2-bridge/venv/lib/python3.10/site-packages/numpy/random/tests/data) by extension 'ros'
[2.607s] Level 1:colcon.colcon_core.package_identification:_identify(src/amiga-ros2-bridge/venv/lib/python3.10/site-packages/numpy/random/tests/data) by extensions ['cmake', 'python']
[2.607s] Level 1:colcon.colcon_core.package_identification:_identify(src/amiga-ros2-bridge/venv/lib/python3.10/site-packages/numpy/random/tests/data) by extension 'cmake'
[2.607s] Level 1:colcon.colcon_core.package_identification:_identify(src/amiga-ros2-bridge/venv/lib/python3.10/site-packages/numpy/random/tests/data) by extension 'python'
[2.607s] Level 1:colcon.colcon_core.package_identification:_identify(src/amiga-ros2-bridge/venv/lib/python3.10/site-packages/numpy/random/tests/data) by extensions ['python_setup_py']
[2.607s] Level 1:colcon.colcon_core.package_identification:_identify(src/amiga-ros2-bridge/venv/lib/python3.10/site-packages/numpy/random/tests/data) by extension 'python_setup_py'
[2.608s] Level 1:colcon.colcon_core.package_identification:_identify(src/amiga-ros2-bridge/venv/lib/python3.10/site-packages/numpy/random/tests/data/__pycache__) by extensions ['ignore', 'ignore_ament_install']
[2.608s] Level 1:colcon.colcon_core.package_identification:_identify(src/amiga-ros2-bridge/venv/lib/python3.10/site-packages/numpy/random/tests/data/__pycache__) by extension 'ignore'
[2.608s] Level 1:colcon.colcon_core.package_identification:_identify(src/amiga-ros2-bridge/venv/lib/python3.10/site-packages/numpy/random/tests/data/__pycache__) by extension 'ignore_ament_install'
[2.608s] Level 1:colcon.colcon_core.package_identification:_identify(src/amiga-ros2-bridge/venv/lib/python3.10/site-packages/numpy/random/tests/data/__pycache__) by extensions ['colcon_pkg']
[2.608s] Level 1:colcon.colcon_core.package_identification:_identify(src/amiga-ros2-bridge/venv/lib/python3.10/site-packages/numpy/random/tests/data/__pycache__) by extension 'colcon_pkg'
[2.608s] Level 1:colcon.colcon_core.package_identification:_identify(src/amiga-ros2-bridge/venv/lib/python3.10/site-packages/numpy/random/tests/data/__pycache__) by extensions ['colcon_meta']
[2.609s] Level 1:colcon.colcon_core.package_identification:_identify(src/amiga-ros2-bridge/venv/lib/python3.10/site-packages/numpy/random/tests/data/__pycache__) by extension 'colcon_meta'
[2.609s] Level 1:colcon.colcon_core.package_identification:_identify(src/amiga-ros2-bridge/venv/lib/python3.10/site-packages/numpy/random/tests/data/__pycache__) by extensions ['ros']
[2.609s] Level 1:colcon.colcon_core.package_identification:_identify(src/amiga-ros2-bridge/venv/lib/python3.10/site-packages/numpy/random/tests/data/__pycache__) by extension 'ros'
[2.609s] Level 1:colcon.colcon_core.package_identification:_identify(src/amiga-ros2-bridge/venv/lib/python3.10/site-packages/numpy/random/tests/data/__pycache__) by extensions ['cmake', 'python']
[2.609s] Level 1:colcon.colcon_core.package_identification:_identify(src/amiga-ros2-bridge/venv/lib/python3.10/site-packages/numpy/random/tests/data/__pycache__) by extension 'cmake'
[2.609s] Level 1:colcon.colcon_core.package_identification:_identify(src/amiga-ros2-bridge/venv/lib/python3.10/site-packages/numpy/random/tests/data/__pycache__) by extension 'python'
[2.609s] Level 1:colcon.colcon_core.package_identification:_identify(src/amiga-ros2-bridge/venv/lib/python3.10/site-packages/numpy/random/tests/data/__pycache__) by extensions ['python_setup_py']
[2.609s] Level 1:colcon.colcon_core.package_identification:_identify(src/amiga-ros2-bridge/venv/lib/python3.10/site-packages/numpy/random/tests/data/__pycache__) by extension 'python_setup_py'
[2.610s] Level 1:colcon.colcon_core.package_identification:_identify(src/amiga-ros2-bridge/venv/lib/python3.10/site-packages/numpy/rec) by extensions ['ignore', 'ignore_ament_install']
[2.610s] Level 1:colcon.colcon_core.package_identification:_identify(src/amiga-ros2-bridge/venv/lib/python3.10/site-packages/numpy/rec) by extension 'ignore'
[2.610s] Level 1:colcon.colcon_core.package_identification:_identify(src/amiga-ros2-bridge/venv/lib/python3.10/site-packages/numpy/rec) by extension 'ignore_ament_install'
[2.610s] Level 1:colcon.colcon_core.package_identification:_identify(src/amiga-ros2-bridge/venv/lib/python3.10/site-packages/numpy/rec) by extensions ['colcon_pkg']
[2.610s] Level 1:colcon.colcon_core.package_identification:_identify(src/amiga-ros2-bridge/venv/lib/python3.10/site-packages/numpy/rec) by extension 'colcon_pkg'
[2.610s] Level 1:colcon.colcon_core.package_identification:_identify(src/amiga-ros2-bridge/venv/lib/python3.10/site-packages/numpy/rec) by extensions ['colcon_meta']
[2.610s] Level 1:colcon.colcon_core.package_identification:_identify(src/amiga-ros2-bridge/venv/lib/python3.10/site-packages/numpy/rec) by extension 'colcon_meta'
[2.611s] Level 1:colcon.colcon_core.package_identification:_identify(src/amiga-ros2-bridge/venv/lib/python3.10/site-packages/numpy/rec) by extensions ['ros']
[2.611s] Level 1:colcon.colcon_core.package_identification:_identify(src/amiga-ros2-bridge/venv/lib/python3.10/site-packages/numpy/rec) by extension 'ros'
[2.611s] Level 1:colcon.colcon_core.package_identification:_identify(src/amiga-ros2-bridge/venv/lib/python3.10/site-packages/numpy/rec) by extensions ['cmake', 'python']
[2.611s] Level 1:colcon.colcon_core.package_identification:_identify(src/amiga-ros2-bridge/venv/lib/python3.10/site-packages/numpy/rec) by extension 'cmake'
[2.611s] Level 1:colcon.colcon_core.package_identification:_identify(src/amiga-ros2-bridge/venv/lib/python3.10/site-packages/numpy/rec) by extension 'python'
[2.611s] Level 1:colcon.colcon_core.package_identification:_identify(src/amiga-ros2-bridge/venv/lib/python3.10/site-packages/numpy/rec) by extensions ['python_setup_py']
[2.611s] Level 1:colcon.colcon_core.package_identification:_identify(src/amiga-ros2-bridge/venv/lib/python3.10/site-packages/numpy/rec) by extension 'python_setup_py'
[2.612s] Level 1:colcon.colcon_core.package_identification:_identify(src/amiga-ros2-bridge/venv/lib/python3.10/site-packages/numpy/rec/__pycache__) by extensions ['ignore', 'ignore_ament_install']
[2.612s] Level 1:colcon.colcon_core.package_identification:_identify(src/amiga-ros2-bridge/venv/lib/python3.10/site-packages/numpy/rec/__pycache__) by extension 'ignore'
[2.612s] Level 1:colcon.colcon_core.package_identification:_identify(src/amiga-ros2-bridge/venv/lib/python3.10/site-packages/numpy/rec/__pycache__) by extension 'ignore_ament_install'
[2.612s] Level 1:colcon.colcon_core.package_identification:_identify(src/amiga-ros2-bridge/venv/lib/python3.10/site-packages/numpy/rec/__pycache__) by extensions ['colcon_pkg']
[2.612s] Level 1:colcon.colcon_core.package_identification:_identify(src/amiga-ros2-bridge/venv/lib/python3.10/site-packages/numpy/rec/__pycache__) by extension 'colcon_pkg'
[2.612s] Level 1:colcon.colcon_core.package_identification:_identify(src/amiga-ros2-bridge/venv/lib/python3.10/site-packages/numpy/rec/__pycache__) by extensions ['colcon_meta']
[2.612s] Level 1:colcon.colcon_core.package_identification:_identify(src/amiga-ros2-bridge/venv/lib/python3.10/site-packages/numpy/rec/__pycache__) by extension 'colcon_meta'
[2.612s] Level 1:colcon.colcon_core.package_identification:_identify(src/amiga-ros2-bridge/venv/lib/python3.10/site-packages/numpy/rec/__pycache__) by extensions ['ros']
[2.612s] Level 1:colcon.colcon_core.package_identification:_identify(src/amiga-ros2-bridge/venv/lib/python3.10/site-packages/numpy/rec/__pycache__) by extension 'ros'
[2.613s] Level 1:colcon.colcon_core.package_identification:_identify(src/amiga-ros2-bridge/venv/lib/python3.10/site-packages/numpy/rec/__pycache__) by extensions ['cmake', 'python']
[2.613s] Level 1:colcon.colcon_core.package_identification:_identify(src/amiga-ros2-bridge/venv/lib/python3.10/site-packages/numpy/rec/__pycache__) by extension 'cmake'
[2.613s] Level 1:colcon.colcon_core.package_identification:_identify(src/amiga-ros2-bridge/venv/lib/python3.10/site-packages/numpy/rec/__pycache__) by extension 'python'
[2.613s] Level 1:colcon.colcon_core.package_identification:_identify(src/amiga-ros2-bridge/venv/lib/python3.10/site-packages/numpy/rec/__pycache__) by extensions ['python_setup_py']
[2.613s] Level 1:colcon.colcon_core.package_identification:_identify(src/amiga-ros2-bridge/venv/lib/python3.10/site-packages/numpy/rec/__pycache__) by extension 'python_setup_py'
[2.613s] Level 1:colcon.colcon_core.package_identification:_identify(src/amiga-ros2-bridge/venv/lib/python3.10/site-packages/numpy/strings) by extensions ['ignore', 'ignore_ament_install']
[2.614s] Level 1:colcon.colcon_core.package_identification:_identify(src/amiga-ros2-bridge/venv/lib/python3.10/site-packages/numpy/strings) by extension 'ignore'
[2.614s] Level 1:colcon.colcon_core.package_identification:_identify(src/amiga-ros2-bridge/venv/lib/python3.10/site-packages/numpy/strings) by extension 'ignore_ament_install'
[2.614s] Level 1:colcon.colcon_core.package_identification:_identify(src/amiga-ros2-bridge/venv/lib/python3.10/site-packages/numpy/strings) by extensions ['colcon_pkg']
[2.614s] Level 1:colcon.colcon_core.package_identification:_identify(src/amiga-ros2-bridge/venv/lib/python3.10/site-packages/numpy/strings) by extension 'colcon_pkg'
[2.614s] Level 1:colcon.colcon_core.package_identification:_identify(src/amiga-ros2-bridge/venv/lib/python3.10/site-packages/numpy/strings) by extensions ['colcon_meta']
[2.614s] Level 1:colcon.colcon_core.package_identification:_identify(src/amiga-ros2-bridge/venv/lib/python3.10/site-packages/numpy/strings) by extension 'colcon_meta'
[2.614s] Level 1:colcon.colcon_core.package_identification:_identify(src/amiga-ros2-bridge/venv/lib/python3.10/site-packages/numpy/strings) by extensions ['ros']
[2.614s] Level 1:colcon.colcon_core.package_identification:_identify(src/amiga-ros2-bridge/venv/lib/python3.10/site-packages/numpy/strings) by extension 'ros'
[2.615s] Level 1:colcon.colcon_core.package_identification:_identify(src/amiga-ros2-bridge/venv/lib/python3.10/site-packages/numpy/strings) by extensions ['cmake', 'python']
[2.615s] Level 1:colcon.colcon_core.package_identification:_identify(src/amiga-ros2-bridge/venv/lib/python3.10/site-packages/numpy/strings) by extension 'cmake'
[2.615s] Level 1:colcon.colcon_core.package_identification:_identify(src/amiga-ros2-bridge/venv/lib/python3.10/site-packages/numpy/strings) by extension 'python'
[2.615s] Level 1:colcon.colcon_core.package_identification:_identify(src/amiga-ros2-bridge/venv/lib/python3.10/site-packages/numpy/strings) by extensions ['python_setup_py']
[2.615s] Level 1:colcon.colcon_core.package_identification:_identify(src/amiga-ros2-bridge/venv/lib/python3.10/site-packages/numpy/strings) by extension 'python_setup_py'
[2.615s] Level 1:colcon.colcon_core.package_identification:_identify(src/amiga-ros2-bridge/venv/lib/python3.10/site-packages/numpy/strings/__pycache__) by extensions ['ignore', 'ignore_ament_install']
[2.615s] Level 1:colcon.colcon_core.package_identification:_identify(src/amiga-ros2-bridge/venv/lib/python3.10/site-packages/numpy/strings/__pycache__) by extension 'ignore'
[2.616s] Level 1:colcon.colcon_core.package_identification:_identify(src/amiga-ros2-bridge/venv/lib/python3.10/site-packages/numpy/strings/__pycache__) by extension 'ignore_ament_install'
[2.616s] Level 1:colcon.colcon_core.package_identification:_identify(src/amiga-ros2-bridge/venv/lib/python3.10/site-packages/numpy/strings/__pycache__) by extensions ['colcon_pkg']
[2.616s] Level 1:colcon.colcon_core.package_identification:_identify(src/amiga-ros2-bridge/venv/lib/python3.10/site-packages/numpy/strings/__pycache__) by extension 'colcon_pkg'
[2.616s] Level 1:colcon.colcon_core.package_identification:_identify(src/amiga-ros2-bridge/venv/lib/python3.10/site-packages/numpy/strings/__pycache__) by extensions ['colcon_meta']
[2.616s] Level 1:colcon.colcon_core.package_identification:_identify(src/amiga-ros2-bridge/venv/lib/python3.10/site-packages/numpy/strings/__pycache__) by extension 'colcon_meta'
[2.616s] Level 1:colcon.colcon_core.package_identification:_identify(src/amiga-ros2-bridge/venv/lib/python3.10/site-packages/numpy/strings/__pycache__) by extensions ['ros']
[2.616s] Level 1:colcon.colcon_core.package_identification:_identify(src/amiga-ros2-bridge/venv/lib/python3.10/site-packages/numpy/strings/__pycache__) by extension 'ros'
[2.616s] Level 1:colcon.colcon_core.package_identification:_identify(src/amiga-ros2-bridge/venv/lib/python3.10/site-packages/numpy/strings/__pycache__) by extensions ['cmake', 'python']
[2.616s] Level 1:colcon.colcon_core.package_identification:_identify(src/amiga-ros2-bridge/venv/lib/python3.10/site-packages/numpy/strings/__pycache__) by extension 'cmake'
[2.617s] Level 1:colcon.colcon_core.package_identification:_identify(src/amiga-ros2-bridge/venv/lib/python3.10/site-packages/numpy/strings/__pycache__) by extension 'python'
[2.617s] Level 1:colcon.colcon_core.package_identification:_identify(src/amiga-ros2-bridge/venv/lib/python3.10/site-packages/numpy/strings/__pycache__) by extensions ['python_setup_py']
[2.617s] Level 1:colcon.colcon_core.package_identification:_identify(src/amiga-ros2-bridge/venv/lib/python3.10/site-packages/numpy/strings/__pycache__) by extension 'python_setup_py'
[2.617s] Level 1:colcon.colcon_core.package_identification:_identify(src/amiga-ros2-bridge/venv/lib/python3.10/site-packages/numpy/testing) by extensions ['ignore', 'ignore_ament_install']
[2.617s] Level 1:colcon.colcon_core.package_identification:_identify(src/amiga-ros2-bridge/venv/lib/python3.10/site-packages/numpy/testing) by extension 'ignore'
[2.617s] Level 1:colcon.colcon_core.package_identification:_identify(src/amiga-ros2-bridge/venv/lib/python3.10/site-packages/numpy/testing) by extension 'ignore_ament_install'
[2.618s] Level 1:colcon.colcon_core.package_identification:_identify(src/amiga-ros2-bridge/venv/lib/python3.10/site-packages/numpy/testing) by extensions ['colcon_pkg']
[2.618s] Level 1:colcon.colcon_core.package_identification:_identify(src/amiga-ros2-bridge/venv/lib/python3.10/site-packages/numpy/testing) by extension 'colcon_pkg'
[2.618s] Level 1:colcon.colcon_core.package_identification:_identify(src/amiga-ros2-bridge/venv/lib/python3.10/site-packages/numpy/testing) by extensions ['colcon_meta']
[2.618s] Level 1:colcon.colcon_core.package_identification:_identify(src/amiga-ros2-bridge/venv/lib/python3.10/site-packages/numpy/testing) by extension 'colcon_meta'
[2.618s] Level 1:colcon.colcon_core.package_identification:_identify(src/amiga-ros2-bridge/venv/lib/python3.10/site-packages/numpy/testing) by extensions ['ros']
[2.618s] Level 1:colcon.colcon_core.package_identification:_identify(src/amiga-ros2-bridge/venv/lib/python3.10/site-packages/numpy/testing) by extension 'ros'
[2.618s] Level 1:colcon.colcon_core.package_identification:_identify(src/amiga-ros2-bridge/venv/lib/python3.10/site-packages/numpy/testing) by extensions ['cmake', 'python']
[2.618s] Level 1:colcon.colcon_core.package_identification:_identify(src/amiga-ros2-bridge/venv/lib/python3.10/site-packages/numpy/testing) by extension 'cmake'
[2.618s] Level 1:colcon.colcon_core.package_identification:_identify(src/amiga-ros2-bridge/venv/lib/python3.10/site-packages/numpy/testing) by extension 'python'
[2.618s] Level 1:colcon.colcon_core.package_identification:_identify(src/amiga-ros2-bridge/venv/lib/python3.10/site-packages/numpy/testing) by extensions ['python_setup_py']
[2.619s] Level 1:colcon.colcon_core.package_identification:_identify(src/amiga-ros2-bridge/venv/lib/python3.10/site-packages/numpy/testing) by extension 'python_setup_py'
[2.619s] Level 1:colcon.colcon_core.package_identification:_identify(src/amiga-ros2-bridge/venv/lib/python3.10/site-packages/numpy/testing/__pycache__) by extensions ['ignore', 'ignore_ament_install']
[2.619s] Level 1:colcon.colcon_core.package_identification:_identify(src/amiga-ros2-bridge/venv/lib/python3.10/site-packages/numpy/testing/__pycache__) by extension 'ignore'
[2.619s] Level 1:colcon.colcon_core.package_identification:_identify(src/amiga-ros2-bridge/venv/lib/python3.10/site-packages/numpy/testing/__pycache__) by extension 'ignore_ament_install'
[2.619s] Level 1:colcon.colcon_core.package_identification:_identify(src/amiga-ros2-bridge/venv/lib/python3.10/site-packages/numpy/testing/__pycache__) by extensions ['colcon_pkg']
[2.619s] Level 1:colcon.colcon_core.package_identification:_identify(src/amiga-ros2-bridge/venv/lib/python3.10/site-packages/numpy/testing/__pycache__) by extension 'colcon_pkg'
[2.620s] Level 1:colcon.colcon_core.package_identification:_identify(src/amiga-ros2-bridge/venv/lib/python3.10/site-packages/numpy/testing/__pycache__) by extensions ['colcon_meta']
[2.620s] Level 1:colcon.colcon_core.package_identification:_identify(src/amiga-ros2-bridge/venv/lib/python3.10/site-packages/numpy/testing/__pycache__) by extension 'colcon_meta'
[2.620s] Level 1:colcon.colcon_core.package_identification:_identify(src/amiga-ros2-bridge/venv/lib/python3.10/site-packages/numpy/testing/__pycache__) by extensions ['ros']
[2.620s] Level 1:colcon.colcon_core.package_identification:_identify(src/amiga-ros2-bridge/venv/lib/python3.10/site-packages/numpy/testing/__pycache__) by extension 'ros'
[2.620s] Level 1:colcon.colcon_core.package_identification:_identify(src/amiga-ros2-bridge/venv/lib/python3.10/site-packages/numpy/testing/__pycache__) by extensions ['cmake', 'python']
[2.620s] Level 1:colcon.colcon_core.package_identification:_identify(src/amiga-ros2-bridge/venv/lib/python3.10/site-packages/numpy/testing/__pycache__) by extension 'cmake'
[2.620s] Level 1:colcon.colcon_core.package_identification:_identify(src/amiga-ros2-bridge/venv/lib/python3.10/site-packages/numpy/testing/__pycache__) by extension 'python'
[2.620s] Level 1:colcon.colcon_core.package_identification:_identify(src/amiga-ros2-bridge/venv/lib/python3.10/site-packages/numpy/testing/__pycache__) by extensions ['python_setup_py']
[2.620s] Level 1:colcon.colcon_core.package_identification:_identify(src/amiga-ros2-bridge/venv/lib/python3.10/site-packages/numpy/testing/__pycache__) by extension 'python_setup_py'
[2.621s] Level 1:colcon.colcon_core.package_identification:_identify(src/amiga-ros2-bridge/venv/lib/python3.10/site-packages/numpy/testing/_private) by extensions ['ignore', 'ignore_ament_install']
[2.621s] Level 1:colcon.colcon_core.package_identification:_identify(src/amiga-ros2-bridge/venv/lib/python3.10/site-packages/numpy/testing/_private) by extension 'ignore'
[2.621s] Level 1:colcon.colcon_core.package_identification:_identify(src/amiga-ros2-bridge/venv/lib/python3.10/site-packages/numpy/testing/_private) by extension 'ignore_ament_install'
[2.621s] Level 1:colcon.colcon_core.package_identification:_identify(src/amiga-ros2-bridge/venv/lib/python3.10/site-packages/numpy/testing/_private) by extensions ['colcon_pkg']
[2.621s] Level 1:colcon.colcon_core.package_identification:_identify(src/amiga-ros2-bridge/venv/lib/python3.10/site-packages/numpy/testing/_private) by extension 'colcon_pkg'
[2.621s] Level 1:colcon.colcon_core.package_identification:_identify(src/amiga-ros2-bridge/venv/lib/python3.10/site-packages/numpy/testing/_private) by extensions ['colcon_meta']
[2.622s] Level 1:colcon.colcon_core.package_identification:_identify(src/amiga-ros2-bridge/venv/lib/python3.10/site-packages/numpy/testing/_private) by extension 'colcon_meta'
[2.622s] Level 1:colcon.colcon_core.package_identification:_identify(src/amiga-ros2-bridge/venv/lib/python3.10/site-packages/numpy/testing/_private) by extensions ['ros']
[2.622s] Level 1:colcon.colcon_core.package_identification:_identify(src/amiga-ros2-bridge/venv/lib/python3.10/site-packages/numpy/testing/_private) by extension 'ros'
[2.622s] Level 1:colcon.colcon_core.package_identification:_identify(src/amiga-ros2-bridge/venv/lib/python3.10/site-packages/numpy/testing/_private) by extensions ['cmake', 'python']
[2.622s] Level 1:colcon.colcon_core.package_identification:_identify(src/amiga-ros2-bridge/venv/lib/python3.10/site-packages/numpy/testing/_private) by extension 'cmake'
[2.622s] Level 1:colcon.colcon_core.package_identification:_identify(src/amiga-ros2-bridge/venv/lib/python3.10/site-packages/numpy/testing/_private) by extension 'python'
[2.622s] Level 1:colcon.colcon_core.package_identification:_identify(src/amiga-ros2-bridge/venv/lib/python3.10/site-packages/numpy/testing/_private) by extensions ['python_setup_py']
[2.622s] Level 1:colcon.colcon_core.package_identification:_identify(src/amiga-ros2-bridge/venv/lib/python3.10/site-packages/numpy/testing/_private) by extension 'python_setup_py'
[2.623s] Level 1:colcon.colcon_core.package_identification:_identify(src/amiga-ros2-bridge/venv/lib/python3.10/site-packages/numpy/testing/_private/__pycache__) by extensions ['ignore', 'ignore_ament_install']
[2.623s] Level 1:colcon.colcon_core.package_identification:_identify(src/amiga-ros2-bridge/venv/lib/python3.10/site-packages/numpy/testing/_private/__pycache__) by extension 'ignore'
[2.623s] Level 1:colcon.colcon_core.package_identification:_identify(src/amiga-ros2-bridge/venv/lib/python3.10/site-packages/numpy/testing/_private/__pycache__) by extension 'ignore_ament_install'
[2.623s] Level 1:colcon.colcon_core.package_identification:_identify(src/amiga-ros2-bridge/venv/lib/python3.10/site-packages/numpy/testing/_private/__pycache__) by extensions ['colcon_pkg']
[2.623s] Level 1:colcon.colcon_core.package_identification:_identify(src/amiga-ros2-bridge/venv/lib/python3.10/site-packages/numpy/testing/_private/__pycache__) by extension 'colcon_pkg'
[2.623s] Level 1:colcon.colcon_core.package_identification:_identify(src/amiga-ros2-bridge/venv/lib/python3.10/site-packages/numpy/testing/_private/__pycache__) by extensions ['colcon_meta']
[2.623s] Level 1:colcon.colcon_core.package_identification:_identify(src/amiga-ros2-bridge/venv/lib/python3.10/site-packages/numpy/testing/_private/__pycache__) by extension 'colcon_meta'
[2.624s] Level 1:colcon.colcon_core.package_identification:_identify(src/amiga-ros2-bridge/venv/lib/python3.10/site-packages/numpy/testing/_private/__pycache__) by extensions ['ros']
[2.624s] Level 1:colcon.colcon_core.package_identification:_identify(src/amiga-ros2-bridge/venv/lib/python3.10/site-packages/numpy/testing/_private/__pycache__) by extension 'ros'
[2.624s] Level 1:colcon.colcon_core.package_identification:_identify(src/amiga-ros2-bridge/venv/lib/python3.10/site-packages/numpy/testing/_private/__pycache__) by extensions ['cmake', 'python']
[2.624s] Level 1:colcon.colcon_core.package_identification:_identify(src/amiga-ros2-bridge/venv/lib/python3.10/site-packages/numpy/testing/_private/__pycache__) by extension 'cmake'
[2.624s] Level 1:colcon.colcon_core.package_identification:_identify(src/amiga-ros2-bridge/venv/lib/python3.10/site-packages/numpy/testing/_private/__pycache__) by extension 'python'
[2.624s] Level 1:colcon.colcon_core.package_identification:_identify(src/amiga-ros2-bridge/venv/lib/python3.10/site-packages/numpy/testing/_private/__pycache__) by extensions ['python_setup_py']
[2.624s] Level 1:colcon.colcon_core.package_identification:_identify(src/amiga-ros2-bridge/venv/lib/python3.10/site-packages/numpy/testing/_private/__pycache__) by extension 'python_setup_py'
[2.625s] Level 1:colcon.colcon_core.package_identification:_identify(src/amiga-ros2-bridge/venv/lib/python3.10/site-packages/numpy/testing/tests) by extensions ['ignore', 'ignore_ament_install']
[2.625s] Level 1:colcon.colcon_core.package_identification:_identify(src/amiga-ros2-bridge/venv/lib/python3.10/site-packages/numpy/testing/tests) by extension 'ignore'
[2.625s] Level 1:colcon.colcon_core.package_identification:_identify(src/amiga-ros2-bridge/venv/lib/python3.10/site-packages/numpy/testing/tests) by extension 'ignore_ament_install'
[2.625s] Level 1:colcon.colcon_core.package_identification:_identify(src/amiga-ros2-bridge/venv/lib/python3.10/site-packages/numpy/testing/tests) by extensions ['colcon_pkg']
[2.625s] Level 1:colcon.colcon_core.package_identification:_identify(src/amiga-ros2-bridge/venv/lib/python3.10/site-packages/numpy/testing/tests) by extension 'colcon_pkg'
[2.625s] Level 1:colcon.colcon_core.package_identification:_identify(src/amiga-ros2-bridge/venv/lib/python3.10/site-packages/numpy/testing/tests) by extensions ['colcon_meta']
[2.625s] Level 1:colcon.colcon_core.package_identification:_identify(src/amiga-ros2-bridge/venv/lib/python3.10/site-packages/numpy/testing/tests) by extension 'colcon_meta'
[2.625s] Level 1:colcon.colcon_core.package_identification:_identify(src/amiga-ros2-bridge/venv/lib/python3.10/site-packages/numpy/testing/tests) by extensions ['ros']
[2.626s] Level 1:colcon.colcon_core.package_identification:_identify(src/amiga-ros2-bridge/venv/lib/python3.10/site-packages/numpy/testing/tests) by extension 'ros'
[2.626s] Level 1:colcon.colcon_core.package_identification:_identify(src/amiga-ros2-bridge/venv/lib/python3.10/site-packages/numpy/testing/tests) by extensions ['cmake', 'python']
[2.626s] Level 1:colcon.colcon_core.package_identification:_identify(src/amiga-ros2-bridge/venv/lib/python3.10/site-packages/numpy/testing/tests) by extension 'cmake'
[2.626s] Level 1:colcon.colcon_core.package_identification:_identify(src/amiga-ros2-bridge/venv/lib/python3.10/site-packages/numpy/testing/tests) by extension 'python'
[2.626s] Level 1:colcon.colcon_core.package_identification:_identify(src/amiga-ros2-bridge/venv/lib/python3.10/site-packages/numpy/testing/tests) by extensions ['python_setup_py']
[2.626s] Level 1:colcon.colcon_core.package_identification:_identify(src/amiga-ros2-bridge/venv/lib/python3.10/site-packages/numpy/testing/tests) by extension 'python_setup_py'
[2.626s] Level 1:colcon.colcon_core.package_identification:_identify(src/amiga-ros2-bridge/venv/lib/python3.10/site-packages/numpy/testing/tests/__pycache__) by extensions ['ignore', 'ignore_ament_install']
[2.627s] Level 1:colcon.colcon_core.package_identification:_identify(src/amiga-ros2-bridge/venv/lib/python3.10/site-packages/numpy/testing/tests/__pycache__) by extension 'ignore'
[2.627s] Level 1:colcon.colcon_core.package_identification:_identify(src/amiga-ros2-bridge/venv/lib/python3.10/site-packages/numpy/testing/tests/__pycache__) by extension 'ignore_ament_install'
[2.627s] Level 1:colcon.colcon_core.package_identification:_identify(src/amiga-ros2-bridge/venv/lib/python3.10/site-packages/numpy/testing/tests/__pycache__) by extensions ['colcon_pkg']
[2.627s] Level 1:colcon.colcon_core.package_identification:_identify(src/amiga-ros2-bridge/venv/lib/python3.10/site-packages/numpy/testing/tests/__pycache__) by extension 'colcon_pkg'
[2.627s] Level 1:colcon.colcon_core.package_identification:_identify(src/amiga-ros2-bridge/venv/lib/python3.10/site-packages/numpy/testing/tests/__pycache__) by extensions ['colcon_meta']
[2.627s] Level 1:colcon.colcon_core.package_identification:_identify(src/amiga-ros2-bridge/venv/lib/python3.10/site-packages/numpy/testing/tests/__pycache__) by extension 'colcon_meta'
[2.627s] Level 1:colcon.colcon_core.package_identification:_identify(src/amiga-ros2-bridge/venv/lib/python3.10/site-packages/numpy/testing/tests/__pycache__) by extensions ['ros']
[2.627s] Level 1:colcon.colcon_core.package_identification:_identify(src/amiga-ros2-bridge/venv/lib/python3.10/site-packages/numpy/testing/tests/__pycache__) by extension 'ros'
[2.628s] Level 1:colcon.colcon_core.package_identification:_identify(src/amiga-ros2-bridge/venv/lib/python3.10/site-packages/numpy/testing/tests/__pycache__) by extensions ['cmake', 'python']
[2.628s] Level 1:colcon.colcon_core.package_identification:_identify(src/amiga-ros2-bridge/venv/lib/python3.10/site-packages/numpy/testing/tests/__pycache__) by extension 'cmake'
[2.628s] Level 1:colcon.colcon_core.package_identification:_identify(src/amiga-ros2-bridge/venv/lib/python3.10/site-packages/numpy/testing/tests/__pycache__) by extension 'python'
[2.628s] Level 1:colcon.colcon_core.package_identification:_identify(src/amiga-ros2-bridge/venv/lib/python3.10/site-packages/numpy/testing/tests/__pycache__) by extensions ['python_setup_py']
[2.628s] Level 1:colcon.colcon_core.package_identification:_identify(src/amiga-ros2-bridge/venv/lib/python3.10/site-packages/numpy/testing/tests/__pycache__) by extension 'python_setup_py'
[2.628s] Level 1:colcon.colcon_core.package_identification:_identify(src/amiga-ros2-bridge/venv/lib/python3.10/site-packages/numpy/tests) by extensions ['ignore', 'ignore_ament_install']
[2.629s] Level 1:colcon.colcon_core.package_identification:_identify(src/amiga-ros2-bridge/venv/lib/python3.10/site-packages/numpy/tests) by extension 'ignore'
[2.629s] Level 1:colcon.colcon_core.package_identification:_identify(src/amiga-ros2-bridge/venv/lib/python3.10/site-packages/numpy/tests) by extension 'ignore_ament_install'
[2.629s] Level 1:colcon.colcon_core.package_identification:_identify(src/amiga-ros2-bridge/venv/lib/python3.10/site-packages/numpy/tests) by extensions ['colcon_pkg']
[2.629s] Level 1:colcon.colcon_core.package_identification:_identify(src/amiga-ros2-bridge/venv/lib/python3.10/site-packages/numpy/tests) by extension 'colcon_pkg'
[2.629s] Level 1:colcon.colcon_core.package_identification:_identify(src/amiga-ros2-bridge/venv/lib/python3.10/site-packages/numpy/tests) by extensions ['colcon_meta']
[2.629s] Level 1:colcon.colcon_core.package_identification:_identify(src/amiga-ros2-bridge/venv/lib/python3.10/site-packages/numpy/tests) by extension 'colcon_meta'
[2.629s] Level 1:colcon.colcon_core.package_identification:_identify(src/amiga-ros2-bridge/venv/lib/python3.10/site-packages/numpy/tests) by extensions ['ros']
[2.629s] Level 1:colcon.colcon_core.package_identification:_identify(src/amiga-ros2-bridge/venv/lib/python3.10/site-packages/numpy/tests) by extension 'ros'
[2.629s] Level 1:colcon.colcon_core.package_identification:_identify(src/amiga-ros2-bridge/venv/lib/python3.10/site-packages/numpy/tests) by extensions ['cmake', 'python']
[2.630s] Level 1:colcon.colcon_core.package_identification:_identify(src/amiga-ros2-bridge/venv/lib/python3.10/site-packages/numpy/tests) by extension 'cmake'
[2.630s] Level 1:colcon.colcon_core.package_identification:_identify(src/amiga-ros2-bridge/venv/lib/python3.10/site-packages/numpy/tests) by extension 'python'
[2.630s] Level 1:colcon.colcon_core.package_identification:_identify(src/amiga-ros2-bridge/venv/lib/python3.10/site-packages/numpy/tests) by extensions ['python_setup_py']
[2.630s] Level 1:colcon.colcon_core.package_identification:_identify(src/amiga-ros2-bridge/venv/lib/python3.10/site-packages/numpy/tests) by extension 'python_setup_py'
[2.630s] Level 1:colcon.colcon_core.package_identification:_identify(src/amiga-ros2-bridge/venv/lib/python3.10/site-packages/numpy/tests/__pycache__) by extensions ['ignore', 'ignore_ament_install']
[2.630s] Level 1:colcon.colcon_core.package_identification:_identify(src/amiga-ros2-bridge/venv/lib/python3.10/site-packages/numpy/tests/__pycache__) by extension 'ignore'
[2.631s] Level 1:colcon.colcon_core.package_identification:_identify(src/amiga-ros2-bridge/venv/lib/python3.10/site-packages/numpy/tests/__pycache__) by extension 'ignore_ament_install'
[2.631s] Level 1:colcon.colcon_core.package_identification:_identify(src/amiga-ros2-bridge/venv/lib/python3.10/site-packages/numpy/tests/__pycache__) by extensions ['colcon_pkg']
[2.631s] Level 1:colcon.colcon_core.package_identification:_identify(src/amiga-ros2-bridge/venv/lib/python3.10/site-packages/numpy/tests/__pycache__) by extension 'colcon_pkg'
[2.631s] Level 1:colcon.colcon_core.package_identification:_identify(src/amiga-ros2-bridge/venv/lib/python3.10/site-packages/numpy/tests/__pycache__) by extensions ['colcon_meta']
[2.631s] Level 1:colcon.colcon_core.package_identification:_identify(src/amiga-ros2-bridge/venv/lib/python3.10/site-packages/numpy/tests/__pycache__) by extension 'colcon_meta'
[2.631s] Level 1:colcon.colcon_core.package_identification:_identify(src/amiga-ros2-bridge/venv/lib/python3.10/site-packages/numpy/tests/__pycache__) by extensions ['ros']
[2.631s] Level 1:colcon.colcon_core.package_identification:_identify(src/amiga-ros2-bridge/venv/lib/python3.10/site-packages/numpy/tests/__pycache__) by extension 'ros'
[2.631s] Level 1:colcon.colcon_core.package_identification:_identify(src/amiga-ros2-bridge/venv/lib/python3.10/site-packages/numpy/tests/__pycache__) by extensions ['cmake', 'python']
[2.631s] Level 1:colcon.colcon_core.package_identification:_identify(src/amiga-ros2-bridge/venv/lib/python3.10/site-packages/numpy/tests/__pycache__) by extension 'cmake'
[2.632s] Level 1:colcon.colcon_core.package_identification:_identify(src/amiga-ros2-bridge/venv/lib/python3.10/site-packages/numpy/tests/__pycache__) by extension 'python'
[2.632s] Level 1:colcon.colcon_core.package_identification:_identify(src/amiga-ros2-bridge/venv/lib/python3.10/site-packages/numpy/tests/__pycache__) by extensions ['python_setup_py']
[2.632s] Level 1:colcon.colcon_core.package_identification:_identify(src/amiga-ros2-bridge/venv/lib/python3.10/site-packages/numpy/tests/__pycache__) by extension 'python_setup_py'
[2.632s] Level 1:colcon.colcon_core.package_identification:_identify(src/amiga-ros2-bridge/venv/lib/python3.10/site-packages/numpy/typing) by extensions ['ignore', 'ignore_ament_install']
[2.632s] Level 1:colcon.colcon_core.package_identification:_identify(src/amiga-ros2-bridge/venv/lib/python3.10/site-packages/numpy/typing) by extension 'ignore'
[2.632s] Level 1:colcon.colcon_core.package_identification:_identify(src/amiga-ros2-bridge/venv/lib/python3.10/site-packages/numpy/typing) by extension 'ignore_ament_install'
[2.633s] Level 1:colcon.colcon_core.package_identification:_identify(src/amiga-ros2-bridge/venv/lib/python3.10/site-packages/numpy/typing) by extensions ['colcon_pkg']
[2.633s] Level 1:colcon.colcon_core.package_identification:_identify(src/amiga-ros2-bridge/venv/lib/python3.10/site-packages/numpy/typing) by extension 'colcon_pkg'
[2.633s] Level 1:colcon.colcon_core.package_identification:_identify(src/amiga-ros2-bridge/venv/lib/python3.10/site-packages/numpy/typing) by extensions ['colcon_meta']
[2.633s] Level 1:colcon.colcon_core.package_identification:_identify(src/amiga-ros2-bridge/venv/lib/python3.10/site-packages/numpy/typing) by extension 'colcon_meta'
[2.633s] Level 1:colcon.colcon_core.package_identification:_identify(src/amiga-ros2-bridge/venv/lib/python3.10/site-packages/numpy/typing) by extensions ['ros']
[2.633s] Level 1:colcon.colcon_core.package_identification:_identify(src/amiga-ros2-bridge/venv/lib/python3.10/site-packages/numpy/typing) by extension 'ros'
[2.633s] Level 1:colcon.colcon_core.package_identification:_identify(src/amiga-ros2-bridge/venv/lib/python3.10/site-packages/numpy/typing) by extensions ['cmake', 'python']
[2.633s] Level 1:colcon.colcon_core.package_identification:_identify(src/amiga-ros2-bridge/venv/lib/python3.10/site-packages/numpy/typing) by extension 'cmake'
[2.633s] Level 1:colcon.colcon_core.package_identification:_identify(src/amiga-ros2-bridge/venv/lib/python3.10/site-packages/numpy/typing) by extension 'python'
[2.633s] Level 1:colcon.colcon_core.package_identification:_identify(src/amiga-ros2-bridge/venv/lib/python3.10/site-packages/numpy/typing) by extensions ['python_setup_py']
[2.634s] Level 1:colcon.colcon_core.package_identification:_identify(src/amiga-ros2-bridge/venv/lib/python3.10/site-packages/numpy/typing) by extension 'python_setup_py'
[2.634s] Level 1:colcon.colcon_core.package_identification:_identify(src/amiga-ros2-bridge/venv/lib/python3.10/site-packages/numpy/typing/__pycache__) by extensions ['ignore', 'ignore_ament_install']
[2.634s] Level 1:colcon.colcon_core.package_identification:_identify(src/amiga-ros2-bridge/venv/lib/python3.10/site-packages/numpy/typing/__pycache__) by extension 'ignore'
[2.634s] Level 1:colcon.colcon_core.package_identification:_identify(src/amiga-ros2-bridge/venv/lib/python3.10/site-packages/numpy/typing/__pycache__) by extension 'ignore_ament_install'
[2.634s] Level 1:colcon.colcon_core.package_identification:_identify(src/amiga-ros2-bridge/venv/lib/python3.10/site-packages/numpy/typing/__pycache__) by extensions ['colcon_pkg']
[2.634s] Level 1:colcon.colcon_core.package_identification:_identify(src/amiga-ros2-bridge/venv/lib/python3.10/site-packages/numpy/typing/__pycache__) by extension 'colcon_pkg'
[2.635s] Level 1:colcon.colcon_core.package_identification:_identify(src/amiga-ros2-bridge/venv/lib/python3.10/site-packages/numpy/typing/__pycache__) by extensions ['colcon_meta']
[2.635s] Level 1:colcon.colcon_core.package_identification:_identify(src/amiga-ros2-bridge/venv/lib/python3.10/site-packages/numpy/typing/__pycache__) by extension 'colcon_meta'
[2.635s] Level 1:colcon.colcon_core.package_identification:_identify(src/amiga-ros2-bridge/venv/lib/python3.10/site-packages/numpy/typing/__pycache__) by extensions ['ros']
[2.635s] Level 1:colcon.colcon_core.package_identification:_identify(src/amiga-ros2-bridge/venv/lib/python3.10/site-packages/numpy/typing/__pycache__) by extension 'ros'
[2.635s] Level 1:colcon.colcon_core.package_identification:_identify(src/amiga-ros2-bridge/venv/lib/python3.10/site-packages/numpy/typing/__pycache__) by extensions ['cmake', 'python']
[2.635s] Level 1:colcon.colcon_core.package_identification:_identify(src/amiga-ros2-bridge/venv/lib/python3.10/site-packages/numpy/typing/__pycache__) by extension 'cmake'
[2.635s] Level 1:colcon.colcon_core.package_identification:_identify(src/amiga-ros2-bridge/venv/lib/python3.10/site-packages/numpy/typing/__pycache__) by extension 'python'
[2.635s] Level 1:colcon.colcon_core.package_identification:_identify(src/amiga-ros2-bridge/venv/lib/python3.10/site-packages/numpy/typing/__pycache__) by extensions ['python_setup_py']
[2.635s] Level 1:colcon.colcon_core.package_identification:_identify(src/amiga-ros2-bridge/venv/lib/python3.10/site-packages/numpy/typing/__pycache__) by extension 'python_setup_py'
[2.636s] Level 1:colcon.colcon_core.package_identification:_identify(src/amiga-ros2-bridge/venv/lib/python3.10/site-packages/numpy/typing/tests) by extensions ['ignore', 'ignore_ament_install']
[2.636s] Level 1:colcon.colcon_core.package_identification:_identify(src/amiga-ros2-bridge/venv/lib/python3.10/site-packages/numpy/typing/tests) by extension 'ignore'
[2.636s] Level 1:colcon.colcon_core.package_identification:_identify(src/amiga-ros2-bridge/venv/lib/python3.10/site-packages/numpy/typing/tests) by extension 'ignore_ament_install'
[2.636s] Level 1:colcon.colcon_core.package_identification:_identify(src/amiga-ros2-bridge/venv/lib/python3.10/site-packages/numpy/typing/tests) by extensions ['colcon_pkg']
[2.636s] Level 1:colcon.colcon_core.package_identification:_identify(src/amiga-ros2-bridge/venv/lib/python3.10/site-packages/numpy/typing/tests) by extension 'colcon_pkg'
[2.636s] Level 1:colcon.colcon_core.package_identification:_identify(src/amiga-ros2-bridge/venv/lib/python3.10/site-packages/numpy/typing/tests) by extensions ['colcon_meta']
[2.637s] Level 1:colcon.colcon_core.package_identification:_identify(src/amiga-ros2-bridge/venv/lib/python3.10/site-packages/numpy/typing/tests) by extension 'colcon_meta'
[2.637s] Level 1:colcon.colcon_core.package_identification:_identify(src/amiga-ros2-bridge/venv/lib/python3.10/site-packages/numpy/typing/tests) by extensions ['ros']
[2.637s] Level 1:colcon.colcon_core.package_identification:_identify(src/amiga-ros2-bridge/venv/lib/python3.10/site-packages/numpy/typing/tests) by extension 'ros'
[2.637s] Level 1:colcon.colcon_core.package_identification:_identify(src/amiga-ros2-bridge/venv/lib/python3.10/site-packages/numpy/typing/tests) by extensions ['cmake', 'python']
[2.637s] Level 1:colcon.colcon_core.package_identification:_identify(src/amiga-ros2-bridge/venv/lib/python3.10/site-packages/numpy/typing/tests) by extension 'cmake'
[2.637s] Level 1:colcon.colcon_core.package_identification:_identify(src/amiga-ros2-bridge/venv/lib/python3.10/site-packages/numpy/typing/tests) by extension 'python'
[2.637s] Level 1:colcon.colcon_core.package_identification:_identify(src/amiga-ros2-bridge/venv/lib/python3.10/site-packages/numpy/typing/tests) by extensions ['python_setup_py']
[2.637s] Level 1:colcon.colcon_core.package_identification:_identify(src/amiga-ros2-bridge/venv/lib/python3.10/site-packages/numpy/typing/tests) by extension 'python_setup_py'
[2.638s] Level 1:colcon.colcon_core.package_identification:_identify(src/amiga-ros2-bridge/venv/lib/python3.10/site-packages/numpy/typing/tests/__pycache__) by extensions ['ignore', 'ignore_ament_install']
[2.638s] Level 1:colcon.colcon_core.package_identification:_identify(src/amiga-ros2-bridge/venv/lib/python3.10/site-packages/numpy/typing/tests/__pycache__) by extension 'ignore'
[2.638s] Level 1:colcon.colcon_core.package_identification:_identify(src/amiga-ros2-bridge/venv/lib/python3.10/site-packages/numpy/typing/tests/__pycache__) by extension 'ignore_ament_install'
[2.638s] Level 1:colcon.colcon_core.package_identification:_identify(src/amiga-ros2-bridge/venv/lib/python3.10/site-packages/numpy/typing/tests/__pycache__) by extensions ['colcon_pkg']
[2.638s] Level 1:colcon.colcon_core.package_identification:_identify(src/amiga-ros2-bridge/venv/lib/python3.10/site-packages/numpy/typing/tests/__pycache__) by extension 'colcon_pkg'
[2.638s] Level 1:colcon.colcon_core.package_identification:_identify(src/amiga-ros2-bridge/venv/lib/python3.10/site-packages/numpy/typing/tests/__pycache__) by extensions ['colcon_meta']
[2.638s] Level 1:colcon.colcon_core.package_identification:_identify(src/amiga-ros2-bridge/venv/lib/python3.10/site-packages/numpy/typing/tests/__pycache__) by extension 'colcon_meta'
[2.638s] Level 1:colcon.colcon_core.package_identification:_identify(src/amiga-ros2-bridge/venv/lib/python3.10/site-packages/numpy/typing/tests/__pycache__) by extensions ['ros']
[2.639s] Level 1:colcon.colcon_core.package_identification:_identify(src/amiga-ros2-bridge/venv/lib/python3.10/site-packages/numpy/typing/tests/__pycache__) by extension 'ros'
[2.639s] Level 1:colcon.colcon_core.package_identification:_identify(src/amiga-ros2-bridge/venv/lib/python3.10/site-packages/numpy/typing/tests/__pycache__) by extensions ['cmake', 'python']
[2.639s] Level 1:colcon.colcon_core.package_identification:_identify(src/amiga-ros2-bridge/venv/lib/python3.10/site-packages/numpy/typing/tests/__pycache__) by extension 'cmake'
[2.639s] Level 1:colcon.colcon_core.package_identification:_identify(src/amiga-ros2-bridge/venv/lib/python3.10/site-packages/numpy/typing/tests/__pycache__) by extension 'python'
[2.639s] Level 1:colcon.colcon_core.package_identification:_identify(src/amiga-ros2-bridge/venv/lib/python3.10/site-packages/numpy/typing/tests/__pycache__) by extensions ['python_setup_py']
[2.639s] Level 1:colcon.colcon_core.package_identification:_identify(src/amiga-ros2-bridge/venv/lib/python3.10/site-packages/numpy/typing/tests/__pycache__) by extension 'python_setup_py'
[2.640s] Level 1:colcon.colcon_core.package_identification:_identify(src/amiga-ros2-bridge/venv/lib/python3.10/site-packages/numpy/typing/tests/data) by extensions ['ignore', 'ignore_ament_install']
[2.640s] Level 1:colcon.colcon_core.package_identification:_identify(src/amiga-ros2-bridge/venv/lib/python3.10/site-packages/numpy/typing/tests/data) by extension 'ignore'
[2.640s] Level 1:colcon.colcon_core.package_identification:_identify(src/amiga-ros2-bridge/venv/lib/python3.10/site-packages/numpy/typing/tests/data) by extension 'ignore_ament_install'
[2.640s] Level 1:colcon.colcon_core.package_identification:_identify(src/amiga-ros2-bridge/venv/lib/python3.10/site-packages/numpy/typing/tests/data) by extensions ['colcon_pkg']
[2.640s] Level 1:colcon.colcon_core.package_identification:_identify(src/amiga-ros2-bridge/venv/lib/python3.10/site-packages/numpy/typing/tests/data) by extension 'colcon_pkg'
[2.640s] Level 1:colcon.colcon_core.package_identification:_identify(src/amiga-ros2-bridge/venv/lib/python3.10/site-packages/numpy/typing/tests/data) by extensions ['colcon_meta']
[2.640s] Level 1:colcon.colcon_core.package_identification:_identify(src/amiga-ros2-bridge/venv/lib/python3.10/site-packages/numpy/typing/tests/data) by extension 'colcon_meta'
[2.640s] Level 1:colcon.colcon_core.package_identification:_identify(src/amiga-ros2-bridge/venv/lib/python3.10/site-packages/numpy/typing/tests/data) by extensions ['ros']
[2.640s] Level 1:colcon.colcon_core.package_identification:_identify(src/amiga-ros2-bridge/venv/lib/python3.10/site-packages/numpy/typing/tests/data) by extension 'ros'
[2.641s] Level 1:colcon.colcon_core.package_identification:_identify(src/amiga-ros2-bridge/venv/lib/python3.10/site-packages/numpy/typing/tests/data) by extensions ['cmake', 'python']
[2.641s] Level 1:colcon.colcon_core.package_identification:_identify(src/amiga-ros2-bridge/venv/lib/python3.10/site-packages/numpy/typing/tests/data) by extension 'cmake'
[2.641s] Level 1:colcon.colcon_core.package_identification:_identify(src/amiga-ros2-bridge/venv/lib/python3.10/site-packages/numpy/typing/tests/data) by extension 'python'
[2.641s] Level 1:colcon.colcon_core.package_identification:_identify(src/amiga-ros2-bridge/venv/lib/python3.10/site-packages/numpy/typing/tests/data) by extensions ['python_setup_py']
[2.641s] Level 1:colcon.colcon_core.package_identification:_identify(src/amiga-ros2-bridge/venv/lib/python3.10/site-packages/numpy/typing/tests/data) by extension 'python_setup_py'
[2.641s] Level 1:colcon.colcon_core.package_identification:_identify(src/amiga-ros2-bridge/venv/lib/python3.10/site-packages/numpy/typing/tests/data/fail) by extensions ['ignore', 'ignore_ament_install']
[2.642s] Level 1:colcon.colcon_core.package_identification:_identify(src/amiga-ros2-bridge/venv/lib/python3.10/site-packages/numpy/typing/tests/data/fail) by extension 'ignore'
[2.642s] Level 1:colcon.colcon_core.package_identification:_identify(src/amiga-ros2-bridge/venv/lib/python3.10/site-packages/numpy/typing/tests/data/fail) by extension 'ignore_ament_install'
[2.642s] Level 1:colcon.colcon_core.package_identification:_identify(src/amiga-ros2-bridge/venv/lib/python3.10/site-packages/numpy/typing/tests/data/fail) by extensions ['colcon_pkg']
[2.642s] Level 1:colcon.colcon_core.package_identification:_identify(src/amiga-ros2-bridge/venv/lib/python3.10/site-packages/numpy/typing/tests/data/fail) by extension 'colcon_pkg'
[2.642s] Level 1:colcon.colcon_core.package_identification:_identify(src/amiga-ros2-bridge/venv/lib/python3.10/site-packages/numpy/typing/tests/data/fail) by extensions ['colcon_meta']
[2.642s] Level 1:colcon.colcon_core.package_identification:_identify(src/amiga-ros2-bridge/venv/lib/python3.10/site-packages/numpy/typing/tests/data/fail) by extension 'colcon_meta'
[2.642s] Level 1:colcon.colcon_core.package_identification:_identify(src/amiga-ros2-bridge/venv/lib/python3.10/site-packages/numpy/typing/tests/data/fail) by extensions ['ros']
[2.642s] Level 1:colcon.colcon_core.package_identification:_identify(src/amiga-ros2-bridge/venv/lib/python3.10/site-packages/numpy/typing/tests/data/fail) by extension 'ros'
[2.643s] Level 1:colcon.colcon_core.package_identification:_identify(src/amiga-ros2-bridge/venv/lib/python3.10/site-packages/numpy/typing/tests/data/fail) by extensions ['cmake', 'python']
[2.643s] Level 1:colcon.colcon_core.package_identification:_identify(src/amiga-ros2-bridge/venv/lib/python3.10/site-packages/numpy/typing/tests/data/fail) by extension 'cmake'
[2.643s] Level 1:colcon.colcon_core.package_identification:_identify(src/amiga-ros2-bridge/venv/lib/python3.10/site-packages/numpy/typing/tests/data/fail) by extension 'python'
[2.643s] Level 1:colcon.colcon_core.package_identification:_identify(src/amiga-ros2-bridge/venv/lib/python3.10/site-packages/numpy/typing/tests/data/fail) by extensions ['python_setup_py']
[2.643s] Level 1:colcon.colcon_core.package_identification:_identify(src/amiga-ros2-bridge/venv/lib/python3.10/site-packages/numpy/typing/tests/data/fail) by extension 'python_setup_py'
[2.643s] Level 1:colcon.colcon_core.package_identification:_identify(src/amiga-ros2-bridge/venv/lib/python3.10/site-packages/numpy/typing/tests/data/misc) by extensions ['ignore', 'ignore_ament_install']
[2.644s] Level 1:colcon.colcon_core.package_identification:_identify(src/amiga-ros2-bridge/venv/lib/python3.10/site-packages/numpy/typing/tests/data/misc) by extension 'ignore'
[2.644s] Level 1:colcon.colcon_core.package_identification:_identify(src/amiga-ros2-bridge/venv/lib/python3.10/site-packages/numpy/typing/tests/data/misc) by extension 'ignore_ament_install'
[2.644s] Level 1:colcon.colcon_core.package_identification:_identify(src/amiga-ros2-bridge/venv/lib/python3.10/site-packages/numpy/typing/tests/data/misc) by extensions ['colcon_pkg']
[2.644s] Level 1:colcon.colcon_core.package_identification:_identify(src/amiga-ros2-bridge/venv/lib/python3.10/site-packages/numpy/typing/tests/data/misc) by extension 'colcon_pkg'
[2.644s] Level 1:colcon.colcon_core.package_identification:_identify(src/amiga-ros2-bridge/venv/lib/python3.10/site-packages/numpy/typing/tests/data/misc) by extensions ['colcon_meta']
[2.644s] Level 1:colcon.colcon_core.package_identification:_identify(src/amiga-ros2-bridge/venv/lib/python3.10/site-packages/numpy/typing/tests/data/misc) by extension 'colcon_meta'
[2.644s] Level 1:colcon.colcon_core.package_identification:_identify(src/amiga-ros2-bridge/venv/lib/python3.10/site-packages/numpy/typing/tests/data/misc) by extensions ['ros']
[2.644s] Level 1:colcon.colcon_core.package_identification:_identify(src/amiga-ros2-bridge/venv/lib/python3.10/site-packages/numpy/typing/tests/data/misc) by extension 'ros'
[2.645s] Level 1:colcon.colcon_core.package_identification:_identify(src/amiga-ros2-bridge/venv/lib/python3.10/site-packages/numpy/typing/tests/data/misc) by extensions ['cmake', 'python']
[2.645s] Level 1:colcon.colcon_core.package_identification:_identify(src/amiga-ros2-bridge/venv/lib/python3.10/site-packages/numpy/typing/tests/data/misc) by extension 'cmake'
[2.645s] Level 1:colcon.colcon_core.package_identification:_identify(src/amiga-ros2-bridge/venv/lib/python3.10/site-packages/numpy/typing/tests/data/misc) by extension 'python'
[2.645s] Level 1:colcon.colcon_core.package_identification:_identify(src/amiga-ros2-bridge/venv/lib/python3.10/site-packages/numpy/typing/tests/data/misc) by extensions ['python_setup_py']
[2.645s] Level 1:colcon.colcon_core.package_identification:_identify(src/amiga-ros2-bridge/venv/lib/python3.10/site-packages/numpy/typing/tests/data/misc) by extension 'python_setup_py'
[2.645s] Level 1:colcon.colcon_core.package_identification:_identify(src/amiga-ros2-bridge/venv/lib/python3.10/site-packages/numpy/typing/tests/data/pass) by extensions ['ignore', 'ignore_ament_install']
[2.646s] Level 1:colcon.colcon_core.package_identification:_identify(src/amiga-ros2-bridge/venv/lib/python3.10/site-packages/numpy/typing/tests/data/pass) by extension 'ignore'
[2.646s] Level 1:colcon.colcon_core.package_identification:_identify(src/amiga-ros2-bridge/venv/lib/python3.10/site-packages/numpy/typing/tests/data/pass) by extension 'ignore_ament_install'
[2.646s] Level 1:colcon.colcon_core.package_identification:_identify(src/amiga-ros2-bridge/venv/lib/python3.10/site-packages/numpy/typing/tests/data/pass) by extensions ['colcon_pkg']
[2.646s] Level 1:colcon.colcon_core.package_identification:_identify(src/amiga-ros2-bridge/venv/lib/python3.10/site-packages/numpy/typing/tests/data/pass) by extension 'colcon_pkg'
[2.646s] Level 1:colcon.colcon_core.package_identification:_identify(src/amiga-ros2-bridge/venv/lib/python3.10/site-packages/numpy/typing/tests/data/pass) by extensions ['colcon_meta']
[2.646s] Level 1:colcon.colcon_core.package_identification:_identify(src/amiga-ros2-bridge/venv/lib/python3.10/site-packages/numpy/typing/tests/data/pass) by extension 'colcon_meta'
[2.646s] Level 1:colcon.colcon_core.package_identification:_identify(src/amiga-ros2-bridge/venv/lib/python3.10/site-packages/numpy/typing/tests/data/pass) by extensions ['ros']
[2.646s] Level 1:colcon.colcon_core.package_identification:_identify(src/amiga-ros2-bridge/venv/lib/python3.10/site-packages/numpy/typing/tests/data/pass) by extension 'ros'
[2.647s] Level 1:colcon.colcon_core.package_identification:_identify(src/amiga-ros2-bridge/venv/lib/python3.10/site-packages/numpy/typing/tests/data/pass) by extensions ['cmake', 'python']
[2.647s] Level 1:colcon.colcon_core.package_identification:_identify(src/amiga-ros2-bridge/venv/lib/python3.10/site-packages/numpy/typing/tests/data/pass) by extension 'cmake'
[2.647s] Level 1:colcon.colcon_core.package_identification:_identify(src/amiga-ros2-bridge/venv/lib/python3.10/site-packages/numpy/typing/tests/data/pass) by extension 'python'
[2.647s] Level 1:colcon.colcon_core.package_identification:_identify(src/amiga-ros2-bridge/venv/lib/python3.10/site-packages/numpy/typing/tests/data/pass) by extensions ['python_setup_py']
[2.647s] Level 1:colcon.colcon_core.package_identification:_identify(src/amiga-ros2-bridge/venv/lib/python3.10/site-packages/numpy/typing/tests/data/pass) by extension 'python_setup_py'
[2.647s] Level 1:colcon.colcon_core.package_identification:_identify(src/amiga-ros2-bridge/venv/lib/python3.10/site-packages/numpy/typing/tests/data/pass/__pycache__) by extensions ['ignore', 'ignore_ament_install']
[2.648s] Level 1:colcon.colcon_core.package_identification:_identify(src/amiga-ros2-bridge/venv/lib/python3.10/site-packages/numpy/typing/tests/data/pass/__pycache__) by extension 'ignore'
[2.648s] Level 1:colcon.colcon_core.package_identification:_identify(src/amiga-ros2-bridge/venv/lib/python3.10/site-packages/numpy/typing/tests/data/pass/__pycache__) by extension 'ignore_ament_install'
[2.648s] Level 1:colcon.colcon_core.package_identification:_identify(src/amiga-ros2-bridge/venv/lib/python3.10/site-packages/numpy/typing/tests/data/pass/__pycache__) by extensions ['colcon_pkg']
[2.648s] Level 1:colcon.colcon_core.package_identification:_identify(src/amiga-ros2-bridge/venv/lib/python3.10/site-packages/numpy/typing/tests/data/pass/__pycache__) by extension 'colcon_pkg'
[2.648s] Level 1:colcon.colcon_core.package_identification:_identify(src/amiga-ros2-bridge/venv/lib/python3.10/site-packages/numpy/typing/tests/data/pass/__pycache__) by extensions ['colcon_meta']
[2.648s] Level 1:colcon.colcon_core.package_identification:_identify(src/amiga-ros2-bridge/venv/lib/python3.10/site-packages/numpy/typing/tests/data/pass/__pycache__) by extension 'colcon_meta'
[2.648s] Level 1:colcon.colcon_core.package_identification:_identify(src/amiga-ros2-bridge/venv/lib/python3.10/site-packages/numpy/typing/tests/data/pass/__pycache__) by extensions ['ros']
[2.648s] Level 1:colcon.colcon_core.package_identification:_identify(src/amiga-ros2-bridge/venv/lib/python3.10/site-packages/numpy/typing/tests/data/pass/__pycache__) by extension 'ros'
[2.649s] Level 1:colcon.colcon_core.package_identification:_identify(src/amiga-ros2-bridge/venv/lib/python3.10/site-packages/numpy/typing/tests/data/pass/__pycache__) by extensions ['cmake', 'python']
[2.649s] Level 1:colcon.colcon_core.package_identification:_identify(src/amiga-ros2-bridge/venv/lib/python3.10/site-packages/numpy/typing/tests/data/pass/__pycache__) by extension 'cmake'
[2.649s] Level 1:colcon.colcon_core.package_identification:_identify(src/amiga-ros2-bridge/venv/lib/python3.10/site-packages/numpy/typing/tests/data/pass/__pycache__) by extension 'python'
[2.649s] Level 1:colcon.colcon_core.package_identification:_identify(src/amiga-ros2-bridge/venv/lib/python3.10/site-packages/numpy/typing/tests/data/pass/__pycache__) by extensions ['python_setup_py']
[2.649s] Level 1:colcon.colcon_core.package_identification:_identify(src/amiga-ros2-bridge/venv/lib/python3.10/site-packages/numpy/typing/tests/data/pass/__pycache__) by extension 'python_setup_py'
[2.649s] Level 1:colcon.colcon_core.package_identification:_identify(src/amiga-ros2-bridge/venv/lib/python3.10/site-packages/numpy/typing/tests/data/reveal) by extensions ['ignore', 'ignore_ament_install']
[2.650s] Level 1:colcon.colcon_core.package_identification:_identify(src/amiga-ros2-bridge/venv/lib/python3.10/site-packages/numpy/typing/tests/data/reveal) by extension 'ignore'
[2.650s] Level 1:colcon.colcon_core.package_identification:_identify(src/amiga-ros2-bridge/venv/lib/python3.10/site-packages/numpy/typing/tests/data/reveal) by extension 'ignore_ament_install'
[2.650s] Level 1:colcon.colcon_core.package_identification:_identify(src/amiga-ros2-bridge/venv/lib/python3.10/site-packages/numpy/typing/tests/data/reveal) by extensions ['colcon_pkg']
[2.650s] Level 1:colcon.colcon_core.package_identification:_identify(src/amiga-ros2-bridge/venv/lib/python3.10/site-packages/numpy/typing/tests/data/reveal) by extension 'colcon_pkg'
[2.650s] Level 1:colcon.colcon_core.package_identification:_identify(src/amiga-ros2-bridge/venv/lib/python3.10/site-packages/numpy/typing/tests/data/reveal) by extensions ['colcon_meta']
[2.650s] Level 1:colcon.colcon_core.package_identification:_identify(src/amiga-ros2-bridge/venv/lib/python3.10/site-packages/numpy/typing/tests/data/reveal) by extension 'colcon_meta'
[2.650s] Level 1:colcon.colcon_core.package_identification:_identify(src/amiga-ros2-bridge/venv/lib/python3.10/site-packages/numpy/typing/tests/data/reveal) by extensions ['ros']
[2.650s] Level 1:colcon.colcon_core.package_identification:_identify(src/amiga-ros2-bridge/venv/lib/python3.10/site-packages/numpy/typing/tests/data/reveal) by extension 'ros'
[2.651s] Level 1:colcon.colcon_core.package_identification:_identify(src/amiga-ros2-bridge/venv/lib/python3.10/site-packages/numpy/typing/tests/data/reveal) by extensions ['cmake', 'python']
[2.651s] Level 1:colcon.colcon_core.package_identification:_identify(src/amiga-ros2-bridge/venv/lib/python3.10/site-packages/numpy/typing/tests/data/reveal) by extension 'cmake'
[2.651s] Level 1:colcon.colcon_core.package_identification:_identify(src/amiga-ros2-bridge/venv/lib/python3.10/site-packages/numpy/typing/tests/data/reveal) by extension 'python'
[2.651s] Level 1:colcon.colcon_core.package_identification:_identify(src/amiga-ros2-bridge/venv/lib/python3.10/site-packages/numpy/typing/tests/data/reveal) by extensions ['python_setup_py']
[2.651s] Level 1:colcon.colcon_core.package_identification:_identify(src/amiga-ros2-bridge/venv/lib/python3.10/site-packages/numpy/typing/tests/data/reveal) by extension 'python_setup_py'
[2.651s] Level 1:colcon.colcon_core.package_identification:_identify(src/amiga-ros2-bridge/venv/lib/python3.10/site-packages/numpy-2.2.4.dist-info) by extensions ['ignore', 'ignore_ament_install']
[2.652s] Level 1:colcon.colcon_core.package_identification:_identify(src/amiga-ros2-bridge/venv/lib/python3.10/site-packages/numpy-2.2.4.dist-info) by extension 'ignore'
[2.652s] Level 1:colcon.colcon_core.package_identification:_identify(src/amiga-ros2-bridge/venv/lib/python3.10/site-packages/numpy-2.2.4.dist-info) by extension 'ignore_ament_install'
[2.652s] Level 1:colcon.colcon_core.package_identification:_identify(src/amiga-ros2-bridge/venv/lib/python3.10/site-packages/numpy-2.2.4.dist-info) by extensions ['colcon_pkg']
[2.652s] Level 1:colcon.colcon_core.package_identification:_identify(src/amiga-ros2-bridge/venv/lib/python3.10/site-packages/numpy-2.2.4.dist-info) by extension 'colcon_pkg'
[2.652s] Level 1:colcon.colcon_core.package_identification:_identify(src/amiga-ros2-bridge/venv/lib/python3.10/site-packages/numpy-2.2.4.dist-info) by extensions ['colcon_meta']
[2.652s] Level 1:colcon.colcon_core.package_identification:_identify(src/amiga-ros2-bridge/venv/lib/python3.10/site-packages/numpy-2.2.4.dist-info) by extension 'colcon_meta'
[2.652s] Level 1:colcon.colcon_core.package_identification:_identify(src/amiga-ros2-bridge/venv/lib/python3.10/site-packages/numpy-2.2.4.dist-info) by extensions ['ros']
[2.652s] Level 1:colcon.colcon_core.package_identification:_identify(src/amiga-ros2-bridge/venv/lib/python3.10/site-packages/numpy-2.2.4.dist-info) by extension 'ros'
[2.653s] Level 1:colcon.colcon_core.package_identification:_identify(src/amiga-ros2-bridge/venv/lib/python3.10/site-packages/numpy-2.2.4.dist-info) by extensions ['cmake', 'python']
[2.653s] Level 1:colcon.colcon_core.package_identification:_identify(src/amiga-ros2-bridge/venv/lib/python3.10/site-packages/numpy-2.2.4.dist-info) by extension 'cmake'
[2.653s] Level 1:colcon.colcon_core.package_identification:_identify(src/amiga-ros2-bridge/venv/lib/python3.10/site-packages/numpy-2.2.4.dist-info) by extension 'python'
[2.653s] Level 1:colcon.colcon_core.package_identification:_identify(src/amiga-ros2-bridge/venv/lib/python3.10/site-packages/numpy-2.2.4.dist-info) by extensions ['python_setup_py']
[2.653s] Level 1:colcon.colcon_core.package_identification:_identify(src/amiga-ros2-bridge/venv/lib/python3.10/site-packages/numpy-2.2.4.dist-info) by extension 'python_setup_py'
[2.653s] Level 1:colcon.colcon_core.package_identification:_identify(src/amiga-ros2-bridge/venv/lib/python3.10/site-packages/numpy.libs) by extensions ['ignore', 'ignore_ament_install']
[2.653s] Level 1:colcon.colcon_core.package_identification:_identify(src/amiga-ros2-bridge/venv/lib/python3.10/site-packages/numpy.libs) by extension 'ignore'
[2.654s] Level 1:colcon.colcon_core.package_identification:_identify(src/amiga-ros2-bridge/venv/lib/python3.10/site-packages/numpy.libs) by extension 'ignore_ament_install'
[2.654s] Level 1:colcon.colcon_core.package_identification:_identify(src/amiga-ros2-bridge/venv/lib/python3.10/site-packages/numpy.libs) by extensions ['colcon_pkg']
[2.654s] Level 1:colcon.colcon_core.package_identification:_identify(src/amiga-ros2-bridge/venv/lib/python3.10/site-packages/numpy.libs) by extension 'colcon_pkg'
[2.654s] Level 1:colcon.colcon_core.package_identification:_identify(src/amiga-ros2-bridge/venv/lib/python3.10/site-packages/numpy.libs) by extensions ['colcon_meta']
[2.654s] Level 1:colcon.colcon_core.package_identification:_identify(src/amiga-ros2-bridge/venv/lib/python3.10/site-packages/numpy.libs) by extension 'colcon_meta'
[2.654s] Level 1:colcon.colcon_core.package_identification:_identify(src/amiga-ros2-bridge/venv/lib/python3.10/site-packages/numpy.libs) by extensions ['ros']
[2.654s] Level 1:colcon.colcon_core.package_identification:_identify(src/amiga-ros2-bridge/venv/lib/python3.10/site-packages/numpy.libs) by extension 'ros'
[2.654s] Level 1:colcon.colcon_core.package_identification:_identify(src/amiga-ros2-bridge/venv/lib/python3.10/site-packages/numpy.libs) by extensions ['cmake', 'python']
[2.654s] Level 1:colcon.colcon_core.package_identification:_identify(src/amiga-ros2-bridge/venv/lib/python3.10/site-packages/numpy.libs) by extension 'cmake'
[2.655s] Level 1:colcon.colcon_core.package_identification:_identify(src/amiga-ros2-bridge/venv/lib/python3.10/site-packages/numpy.libs) by extension 'python'
[2.655s] Level 1:colcon.colcon_core.package_identification:_identify(src/amiga-ros2-bridge/venv/lib/python3.10/site-packages/numpy.libs) by extensions ['python_setup_py']
[2.655s] Level 1:colcon.colcon_core.package_identification:_identify(src/amiga-ros2-bridge/venv/lib/python3.10/site-packages/numpy.libs) by extension 'python_setup_py'
[2.656s] Level 1:colcon.colcon_core.package_identification:_identify(src/amiga-ros2-bridge/venv/lib/python3.10/site-packages/pip) by extensions ['ignore', 'ignore_ament_install']
[2.656s] Level 1:colcon.colcon_core.package_identification:_identify(src/amiga-ros2-bridge/venv/lib/python3.10/site-packages/pip) by extension 'ignore'
[2.656s] Level 1:colcon.colcon_core.package_identification:_identify(src/amiga-ros2-bridge/venv/lib/python3.10/site-packages/pip) by extension 'ignore_ament_install'
[2.656s] Level 1:colcon.colcon_core.package_identification:_identify(src/amiga-ros2-bridge/venv/lib/python3.10/site-packages/pip) by extensions ['colcon_pkg']
[2.656s] Level 1:colcon.colcon_core.package_identification:_identify(src/amiga-ros2-bridge/venv/lib/python3.10/site-packages/pip) by extension 'colcon_pkg'
[2.656s] Level 1:colcon.colcon_core.package_identification:_identify(src/amiga-ros2-bridge/venv/lib/python3.10/site-packages/pip) by extensions ['colcon_meta']
[2.656s] Level 1:colcon.colcon_core.package_identification:_identify(src/amiga-ros2-bridge/venv/lib/python3.10/site-packages/pip) by extension 'colcon_meta'
[2.656s] Level 1:colcon.colcon_core.package_identification:_identify(src/amiga-ros2-bridge/venv/lib/python3.10/site-packages/pip) by extensions ['ros']
[2.656s] Level 1:colcon.colcon_core.package_identification:_identify(src/amiga-ros2-bridge/venv/lib/python3.10/site-packages/pip) by extension 'ros'
[2.657s] Level 1:colcon.colcon_core.package_identification:_identify(src/amiga-ros2-bridge/venv/lib/python3.10/site-packages/pip) by extensions ['cmake', 'python']
[2.657s] Level 1:colcon.colcon_core.package_identification:_identify(src/amiga-ros2-bridge/venv/lib/python3.10/site-packages/pip) by extension 'cmake'
[2.657s] Level 1:colcon.colcon_core.package_identification:_identify(src/amiga-ros2-bridge/venv/lib/python3.10/site-packages/pip) by extension 'python'
[2.657s] Level 1:colcon.colcon_core.package_identification:_identify(src/amiga-ros2-bridge/venv/lib/python3.10/site-packages/pip) by extensions ['python_setup_py']
[2.657s] Level 1:colcon.colcon_core.package_identification:_identify(src/amiga-ros2-bridge/venv/lib/python3.10/site-packages/pip) by extension 'python_setup_py'
[2.657s] Level 1:colcon.colcon_core.package_identification:_identify(src/amiga-ros2-bridge/venv/lib/python3.10/site-packages/pip/__pycache__) by extensions ['ignore', 'ignore_ament_install']
[2.658s] Level 1:colcon.colcon_core.package_identification:_identify(src/amiga-ros2-bridge/venv/lib/python3.10/site-packages/pip/__pycache__) by extension 'ignore'
[2.658s] Level 1:colcon.colcon_core.package_identification:_identify(src/amiga-ros2-bridge/venv/lib/python3.10/site-packages/pip/__pycache__) by extension 'ignore_ament_install'
[2.658s] Level 1:colcon.colcon_core.package_identification:_identify(src/amiga-ros2-bridge/venv/lib/python3.10/site-packages/pip/__pycache__) by extensions ['colcon_pkg']
[2.658s] Level 1:colcon.colcon_core.package_identification:_identify(src/amiga-ros2-bridge/venv/lib/python3.10/site-packages/pip/__pycache__) by extension 'colcon_pkg'
[2.658s] Level 1:colcon.colcon_core.package_identification:_identify(src/amiga-ros2-bridge/venv/lib/python3.10/site-packages/pip/__pycache__) by extensions ['colcon_meta']
[2.658s] Level 1:colcon.colcon_core.package_identification:_identify(src/amiga-ros2-bridge/venv/lib/python3.10/site-packages/pip/__pycache__) by extension 'colcon_meta'
[2.658s] Level 1:colcon.colcon_core.package_identification:_identify(src/amiga-ros2-bridge/venv/lib/python3.10/site-packages/pip/__pycache__) by extensions ['ros']
[2.658s] Level 1:colcon.colcon_core.package_identification:_identify(src/amiga-ros2-bridge/venv/lib/python3.10/site-packages/pip/__pycache__) by extension 'ros'
[2.659s] Level 1:colcon.colcon_core.package_identification:_identify(src/amiga-ros2-bridge/venv/lib/python3.10/site-packages/pip/__pycache__) by extensions ['cmake', 'python']
[2.659s] Level 1:colcon.colcon_core.package_identification:_identify(src/amiga-ros2-bridge/venv/lib/python3.10/site-packages/pip/__pycache__) by extension 'cmake'
[2.659s] Level 1:colcon.colcon_core.package_identification:_identify(src/amiga-ros2-bridge/venv/lib/python3.10/site-packages/pip/__pycache__) by extension 'python'
[2.659s] Level 1:colcon.colcon_core.package_identification:_identify(src/amiga-ros2-bridge/venv/lib/python3.10/site-packages/pip/__pycache__) by extensions ['python_setup_py']
[2.659s] Level 1:colcon.colcon_core.package_identification:_identify(src/amiga-ros2-bridge/venv/lib/python3.10/site-packages/pip/__pycache__) by extension 'python_setup_py'
[2.659s] Level 1:colcon.colcon_core.package_identification:_identify(src/amiga-ros2-bridge/venv/lib/python3.10/site-packages/pip/_internal) by extensions ['ignore', 'ignore_ament_install']
[2.660s] Level 1:colcon.colcon_core.package_identification:_identify(src/amiga-ros2-bridge/venv/lib/python3.10/site-packages/pip/_internal) by extension 'ignore'
[2.660s] Level 1:colcon.colcon_core.package_identification:_identify(src/amiga-ros2-bridge/venv/lib/python3.10/site-packages/pip/_internal) by extension 'ignore_ament_install'
[2.660s] Level 1:colcon.colcon_core.package_identification:_identify(src/amiga-ros2-bridge/venv/lib/python3.10/site-packages/pip/_internal) by extensions ['colcon_pkg']
[2.660s] Level 1:colcon.colcon_core.package_identification:_identify(src/amiga-ros2-bridge/venv/lib/python3.10/site-packages/pip/_internal) by extension 'colcon_pkg'
[2.660s] Level 1:colcon.colcon_core.package_identification:_identify(src/amiga-ros2-bridge/venv/lib/python3.10/site-packages/pip/_internal) by extensions ['colcon_meta']
[2.660s] Level 1:colcon.colcon_core.package_identification:_identify(src/amiga-ros2-bridge/venv/lib/python3.10/site-packages/pip/_internal) by extension 'colcon_meta'
[2.660s] Level 1:colcon.colcon_core.package_identification:_identify(src/amiga-ros2-bridge/venv/lib/python3.10/site-packages/pip/_internal) by extensions ['ros']
[2.660s] Level 1:colcon.colcon_core.package_identification:_identify(src/amiga-ros2-bridge/venv/lib/python3.10/site-packages/pip/_internal) by extension 'ros'
[2.660s] Level 1:colcon.colcon_core.package_identification:_identify(src/amiga-ros2-bridge/venv/lib/python3.10/site-packages/pip/_internal) by extensions ['cmake', 'python']
[2.661s] Level 1:colcon.colcon_core.package_identification:_identify(src/amiga-ros2-bridge/venv/lib/python3.10/site-packages/pip/_internal) by extension 'cmake'
[2.661s] Level 1:colcon.colcon_core.package_identification:_identify(src/amiga-ros2-bridge/venv/lib/python3.10/site-packages/pip/_internal) by extension 'python'
[2.661s] Level 1:colcon.colcon_core.package_identification:_identify(src/amiga-ros2-bridge/venv/lib/python3.10/site-packages/pip/_internal) by extensions ['python_setup_py']
[2.661s] Level 1:colcon.colcon_core.package_identification:_identify(src/amiga-ros2-bridge/venv/lib/python3.10/site-packages/pip/_internal) by extension 'python_setup_py'
[2.661s] Level 1:colcon.colcon_core.package_identification:_identify(src/amiga-ros2-bridge/venv/lib/python3.10/site-packages/pip/_internal/__pycache__) by extensions ['ignore', 'ignore_ament_install']
[2.661s] Level 1:colcon.colcon_core.package_identification:_identify(src/amiga-ros2-bridge/venv/lib/python3.10/site-packages/pip/_internal/__pycache__) by extension 'ignore'
[2.662s] Level 1:colcon.colcon_core.package_identification:_identify(src/amiga-ros2-bridge/venv/lib/python3.10/site-packages/pip/_internal/__pycache__) by extension 'ignore_ament_install'
[2.662s] Level 1:colcon.colcon_core.package_identification:_identify(src/amiga-ros2-bridge/venv/lib/python3.10/site-packages/pip/_internal/__pycache__) by extensions ['colcon_pkg']
[2.662s] Level 1:colcon.colcon_core.package_identification:_identify(src/amiga-ros2-bridge/venv/lib/python3.10/site-packages/pip/_internal/__pycache__) by extension 'colcon_pkg'
[2.662s] Level 1:colcon.colcon_core.package_identification:_identify(src/amiga-ros2-bridge/venv/lib/python3.10/site-packages/pip/_internal/__pycache__) by extensions ['colcon_meta']
[2.662s] Level 1:colcon.colcon_core.package_identification:_identify(src/amiga-ros2-bridge/venv/lib/python3.10/site-packages/pip/_internal/__pycache__) by extension 'colcon_meta'
[2.662s] Level 1:colcon.colcon_core.package_identification:_identify(src/amiga-ros2-bridge/venv/lib/python3.10/site-packages/pip/_internal/__pycache__) by extensions ['ros']
[2.662s] Level 1:colcon.colcon_core.package_identification:_identify(src/amiga-ros2-bridge/venv/lib/python3.10/site-packages/pip/_internal/__pycache__) by extension 'ros'
[2.662s] Level 1:colcon.colcon_core.package_identification:_identify(src/amiga-ros2-bridge/venv/lib/python3.10/site-packages/pip/_internal/__pycache__) by extensions ['cmake', 'python']
[2.662s] Level 1:colcon.colcon_core.package_identification:_identify(src/amiga-ros2-bridge/venv/lib/python3.10/site-packages/pip/_internal/__pycache__) by extension 'cmake'
[2.663s] Level 1:colcon.colcon_core.package_identification:_identify(src/amiga-ros2-bridge/venv/lib/python3.10/site-packages/pip/_internal/__pycache__) by extension 'python'
[2.663s] Level 1:colcon.colcon_core.package_identification:_identify(src/amiga-ros2-bridge/venv/lib/python3.10/site-packages/pip/_internal/__pycache__) by extensions ['python_setup_py']
[2.663s] Level 1:colcon.colcon_core.package_identification:_identify(src/amiga-ros2-bridge/venv/lib/python3.10/site-packages/pip/_internal/__pycache__) by extension 'python_setup_py'
[2.663s] Level 1:colcon.colcon_core.package_identification:_identify(src/amiga-ros2-bridge/venv/lib/python3.10/site-packages/pip/_internal/cli) by extensions ['ignore', 'ignore_ament_install']
[2.663s] Level 1:colcon.colcon_core.package_identification:_identify(src/amiga-ros2-bridge/venv/lib/python3.10/site-packages/pip/_internal/cli) by extension 'ignore'
[2.663s] Level 1:colcon.colcon_core.package_identification:_identify(src/amiga-ros2-bridge/venv/lib/python3.10/site-packages/pip/_internal/cli) by extension 'ignore_ament_install'
[2.664s] Level 1:colcon.colcon_core.package_identification:_identify(src/amiga-ros2-bridge/venv/lib/python3.10/site-packages/pip/_internal/cli) by extensions ['colcon_pkg']
[2.664s] Level 1:colcon.colcon_core.package_identification:_identify(src/amiga-ros2-bridge/venv/lib/python3.10/site-packages/pip/_internal/cli) by extension 'colcon_pkg'
[2.664s] Level 1:colcon.colcon_core.package_identification:_identify(src/amiga-ros2-bridge/venv/lib/python3.10/site-packages/pip/_internal/cli) by extensions ['colcon_meta']
[2.664s] Level 1:colcon.colcon_core.package_identification:_identify(src/amiga-ros2-bridge/venv/lib/python3.10/site-packages/pip/_internal/cli) by extension 'colcon_meta'
[2.664s] Level 1:colcon.colcon_core.package_identification:_identify(src/amiga-ros2-bridge/venv/lib/python3.10/site-packages/pip/_internal/cli) by extensions ['ros']
[2.664s] Level 1:colcon.colcon_core.package_identification:_identify(src/amiga-ros2-bridge/venv/lib/python3.10/site-packages/pip/_internal/cli) by extension 'ros'
[2.664s] Level 1:colcon.colcon_core.package_identification:_identify(src/amiga-ros2-bridge/venv/lib/python3.10/site-packages/pip/_internal/cli) by extensions ['cmake', 'python']
[2.664s] Level 1:colcon.colcon_core.package_identification:_identify(src/amiga-ros2-bridge/venv/lib/python3.10/site-packages/pip/_internal/cli) by extension 'cmake'
[2.665s] Level 1:colcon.colcon_core.package_identification:_identify(src/amiga-ros2-bridge/venv/lib/python3.10/site-packages/pip/_internal/cli) by extension 'python'
[2.665s] Level 1:colcon.colcon_core.package_identification:_identify(src/amiga-ros2-bridge/venv/lib/python3.10/site-packages/pip/_internal/cli) by extensions ['python_setup_py']
[2.665s] Level 1:colcon.colcon_core.package_identification:_identify(src/amiga-ros2-bridge/venv/lib/python3.10/site-packages/pip/_internal/cli) by extension 'python_setup_py'
[2.665s] Level 1:colcon.colcon_core.package_identification:_identify(src/amiga-ros2-bridge/venv/lib/python3.10/site-packages/pip/_internal/cli/__pycache__) by extensions ['ignore', 'ignore_ament_install']
[2.665s] Level 1:colcon.colcon_core.package_identification:_identify(src/amiga-ros2-bridge/venv/lib/python3.10/site-packages/pip/_internal/cli/__pycache__) by extension 'ignore'
[2.665s] Level 1:colcon.colcon_core.package_identification:_identify(src/amiga-ros2-bridge/venv/lib/python3.10/site-packages/pip/_internal/cli/__pycache__) by extension 'ignore_ament_install'
[2.666s] Level 1:colcon.colcon_core.package_identification:_identify(src/amiga-ros2-bridge/venv/lib/python3.10/site-packages/pip/_internal/cli/__pycache__) by extensions ['colcon_pkg']
[2.666s] Level 1:colcon.colcon_core.package_identification:_identify(src/amiga-ros2-bridge/venv/lib/python3.10/site-packages/pip/_internal/cli/__pycache__) by extension 'colcon_pkg'
[2.666s] Level 1:colcon.colcon_core.package_identification:_identify(src/amiga-ros2-bridge/venv/lib/python3.10/site-packages/pip/_internal/cli/__pycache__) by extensions ['colcon_meta']
[2.666s] Level 1:colcon.colcon_core.package_identification:_identify(src/amiga-ros2-bridge/venv/lib/python3.10/site-packages/pip/_internal/cli/__pycache__) by extension 'colcon_meta'
[2.666s] Level 1:colcon.colcon_core.package_identification:_identify(src/amiga-ros2-bridge/venv/lib/python3.10/site-packages/pip/_internal/cli/__pycache__) by extensions ['ros']
[2.666s] Level 1:colcon.colcon_core.package_identification:_identify(src/amiga-ros2-bridge/venv/lib/python3.10/site-packages/pip/_internal/cli/__pycache__) by extension 'ros'
[2.666s] Level 1:colcon.colcon_core.package_identification:_identify(src/amiga-ros2-bridge/venv/lib/python3.10/site-packages/pip/_internal/cli/__pycache__) by extensions ['cmake', 'python']
[2.666s] Level 1:colcon.colcon_core.package_identification:_identify(src/amiga-ros2-bridge/venv/lib/python3.10/site-packages/pip/_internal/cli/__pycache__) by extension 'cmake'
[2.666s] Level 1:colcon.colcon_core.package_identification:_identify(src/amiga-ros2-bridge/venv/lib/python3.10/site-packages/pip/_internal/cli/__pycache__) by extension 'python'
[2.667s] Level 1:colcon.colcon_core.package_identification:_identify(src/amiga-ros2-bridge/venv/lib/python3.10/site-packages/pip/_internal/cli/__pycache__) by extensions ['python_setup_py']
[2.667s] Level 1:colcon.colcon_core.package_identification:_identify(src/amiga-ros2-bridge/venv/lib/python3.10/site-packages/pip/_internal/cli/__pycache__) by extension 'python_setup_py'
[2.667s] Level 1:colcon.colcon_core.package_identification:_identify(src/amiga-ros2-bridge/venv/lib/python3.10/site-packages/pip/_internal/commands) by extensions ['ignore', 'ignore_ament_install']
[2.667s] Level 1:colcon.colcon_core.package_identification:_identify(src/amiga-ros2-bridge/venv/lib/python3.10/site-packages/pip/_internal/commands) by extension 'ignore'
[2.667s] Level 1:colcon.colcon_core.package_identification:_identify(src/amiga-ros2-bridge/venv/lib/python3.10/site-packages/pip/_internal/commands) by extension 'ignore_ament_install'
[2.668s] Level 1:colcon.colcon_core.package_identification:_identify(src/amiga-ros2-bridge/venv/lib/python3.10/site-packages/pip/_internal/commands) by extensions ['colcon_pkg']
[2.668s] Level 1:colcon.colcon_core.package_identification:_identify(src/amiga-ros2-bridge/venv/lib/python3.10/site-packages/pip/_internal/commands) by extension 'colcon_pkg'
[2.668s] Level 1:colcon.colcon_core.package_identification:_identify(src/amiga-ros2-bridge/venv/lib/python3.10/site-packages/pip/_internal/commands) by extensions ['colcon_meta']
[2.668s] Level 1:colcon.colcon_core.package_identification:_identify(src/amiga-ros2-bridge/venv/lib/python3.10/site-packages/pip/_internal/commands) by extension 'colcon_meta'
[2.668s] Level 1:colcon.colcon_core.package_identification:_identify(src/amiga-ros2-bridge/venv/lib/python3.10/site-packages/pip/_internal/commands) by extensions ['ros']
[2.668s] Level 1:colcon.colcon_core.package_identification:_identify(src/amiga-ros2-bridge/venv/lib/python3.10/site-packages/pip/_internal/commands) by extension 'ros'
[2.668s] Level 1:colcon.colcon_core.package_identification:_identify(src/amiga-ros2-bridge/venv/lib/python3.10/site-packages/pip/_internal/commands) by extensions ['cmake', 'python']
[2.668s] Level 1:colcon.colcon_core.package_identification:_identify(src/amiga-ros2-bridge/venv/lib/python3.10/site-packages/pip/_internal/commands) by extension 'cmake'
[2.668s] Level 1:colcon.colcon_core.package_identification:_identify(src/amiga-ros2-bridge/venv/lib/python3.10/site-packages/pip/_internal/commands) by extension 'python'
[2.669s] Level 1:colcon.colcon_core.package_identification:_identify(src/amiga-ros2-bridge/venv/lib/python3.10/site-packages/pip/_internal/commands) by extensions ['python_setup_py']
[2.669s] Level 1:colcon.colcon_core.package_identification:_identify(src/amiga-ros2-bridge/venv/lib/python3.10/site-packages/pip/_internal/commands) by extension 'python_setup_py'
[2.669s] Level 1:colcon.colcon_core.package_identification:_identify(src/amiga-ros2-bridge/venv/lib/python3.10/site-packages/pip/_internal/commands/__pycache__) by extensions ['ignore', 'ignore_ament_install']
[2.669s] Level 1:colcon.colcon_core.package_identification:_identify(src/amiga-ros2-bridge/venv/lib/python3.10/site-packages/pip/_internal/commands/__pycache__) by extension 'ignore'
[2.669s] Level 1:colcon.colcon_core.package_identification:_identify(src/amiga-ros2-bridge/venv/lib/python3.10/site-packages/pip/_internal/commands/__pycache__) by extension 'ignore_ament_install'
[2.669s] Level 1:colcon.colcon_core.package_identification:_identify(src/amiga-ros2-bridge/venv/lib/python3.10/site-packages/pip/_internal/commands/__pycache__) by extensions ['colcon_pkg']
[2.670s] Level 1:colcon.colcon_core.package_identification:_identify(src/amiga-ros2-bridge/venv/lib/python3.10/site-packages/pip/_internal/commands/__pycache__) by extension 'colcon_pkg'
[2.670s] Level 1:colcon.colcon_core.package_identification:_identify(src/amiga-ros2-bridge/venv/lib/python3.10/site-packages/pip/_internal/commands/__pycache__) by extensions ['colcon_meta']
[2.670s] Level 1:colcon.colcon_core.package_identification:_identify(src/amiga-ros2-bridge/venv/lib/python3.10/site-packages/pip/_internal/commands/__pycache__) by extension 'colcon_meta'
[2.670s] Level 1:colcon.colcon_core.package_identification:_identify(src/amiga-ros2-bridge/venv/lib/python3.10/site-packages/pip/_internal/commands/__pycache__) by extensions ['ros']
[2.670s] Level 1:colcon.colcon_core.package_identification:_identify(src/amiga-ros2-bridge/venv/lib/python3.10/site-packages/pip/_internal/commands/__pycache__) by extension 'ros'
[2.670s] Level 1:colcon.colcon_core.package_identification:_identify(src/amiga-ros2-bridge/venv/lib/python3.10/site-packages/pip/_internal/commands/__pycache__) by extensions ['cmake', 'python']
[2.670s] Level 1:colcon.colcon_core.package_identification:_identify(src/amiga-ros2-bridge/venv/lib/python3.10/site-packages/pip/_internal/commands/__pycache__) by extension 'cmake'
[2.670s] Level 1:colcon.colcon_core.package_identification:_identify(src/amiga-ros2-bridge/venv/lib/python3.10/site-packages/pip/_internal/commands/__pycache__) by extension 'python'
[2.670s] Level 1:colcon.colcon_core.package_identification:_identify(src/amiga-ros2-bridge/venv/lib/python3.10/site-packages/pip/_internal/commands/__pycache__) by extensions ['python_setup_py']
[2.671s] Level 1:colcon.colcon_core.package_identification:_identify(src/amiga-ros2-bridge/venv/lib/python3.10/site-packages/pip/_internal/commands/__pycache__) by extension 'python_setup_py'
[2.671s] Level 1:colcon.colcon_core.package_identification:_identify(src/amiga-ros2-bridge/venv/lib/python3.10/site-packages/pip/_internal/distributions) by extensions ['ignore', 'ignore_ament_install']
[2.671s] Level 1:colcon.colcon_core.package_identification:_identify(src/amiga-ros2-bridge/venv/lib/python3.10/site-packages/pip/_internal/distributions) by extension 'ignore'
[2.671s] Level 1:colcon.colcon_core.package_identification:_identify(src/amiga-ros2-bridge/venv/lib/python3.10/site-packages/pip/_internal/distributions) by extension 'ignore_ament_install'
[2.671s] Level 1:colcon.colcon_core.package_identification:_identify(src/amiga-ros2-bridge/venv/lib/python3.10/site-packages/pip/_internal/distributions) by extensions ['colcon_pkg']
[2.671s] Level 1:colcon.colcon_core.package_identification:_identify(src/amiga-ros2-bridge/venv/lib/python3.10/site-packages/pip/_internal/distributions) by extension 'colcon_pkg'
[2.672s] Level 1:colcon.colcon_core.package_identification:_identify(src/amiga-ros2-bridge/venv/lib/python3.10/site-packages/pip/_internal/distributions) by extensions ['colcon_meta']
[2.672s] Level 1:colcon.colcon_core.package_identification:_identify(src/amiga-ros2-bridge/venv/lib/python3.10/site-packages/pip/_internal/distributions) by extension 'colcon_meta'
[2.672s] Level 1:colcon.colcon_core.package_identification:_identify(src/amiga-ros2-bridge/venv/lib/python3.10/site-packages/pip/_internal/distributions) by extensions ['ros']
[2.672s] Level 1:colcon.colcon_core.package_identification:_identify(src/amiga-ros2-bridge/venv/lib/python3.10/site-packages/pip/_internal/distributions) by extension 'ros'
[2.672s] Level 1:colcon.colcon_core.package_identification:_identify(src/amiga-ros2-bridge/venv/lib/python3.10/site-packages/pip/_internal/distributions) by extensions ['cmake', 'python']
[2.672s] Level 1:colcon.colcon_core.package_identification:_identify(src/amiga-ros2-bridge/venv/lib/python3.10/site-packages/pip/_internal/distributions) by extension 'cmake'
[2.672s] Level 1:colcon.colcon_core.package_identification:_identify(src/amiga-ros2-bridge/venv/lib/python3.10/site-packages/pip/_internal/distributions) by extension 'python'
[2.672s] Level 1:colcon.colcon_core.package_identification:_identify(src/amiga-ros2-bridge/venv/lib/python3.10/site-packages/pip/_internal/distributions) by extensions ['python_setup_py']
[2.672s] Level 1:colcon.colcon_core.package_identification:_identify(src/amiga-ros2-bridge/venv/lib/python3.10/site-packages/pip/_internal/distributions) by extension 'python_setup_py'
[2.673s] Level 1:colcon.colcon_core.package_identification:_identify(src/amiga-ros2-bridge/venv/lib/python3.10/site-packages/pip/_internal/distributions/__pycache__) by extensions ['ignore', 'ignore_ament_install']
[2.673s] Level 1:colcon.colcon_core.package_identification:_identify(src/amiga-ros2-bridge/venv/lib/python3.10/site-packages/pip/_internal/distributions/__pycache__) by extension 'ignore'
[2.673s] Level 1:colcon.colcon_core.package_identification:_identify(src/amiga-ros2-bridge/venv/lib/python3.10/site-packages/pip/_internal/distributions/__pycache__) by extension 'ignore_ament_install'
[2.673s] Level 1:colcon.colcon_core.package_identification:_identify(src/amiga-ros2-bridge/venv/lib/python3.10/site-packages/pip/_internal/distributions/__pycache__) by extensions ['colcon_pkg']
[2.673s] Level 1:colcon.colcon_core.package_identification:_identify(src/amiga-ros2-bridge/venv/lib/python3.10/site-packages/pip/_internal/distributions/__pycache__) by extension 'colcon_pkg'
[2.673s] Level 1:colcon.colcon_core.package_identification:_identify(src/amiga-ros2-bridge/venv/lib/python3.10/site-packages/pip/_internal/distributions/__pycache__) by extensions ['colcon_meta']
[2.673s] Level 1:colcon.colcon_core.package_identification:_identify(src/amiga-ros2-bridge/venv/lib/python3.10/site-packages/pip/_internal/distributions/__pycache__) by extension 'colcon_meta'
[2.674s] Level 1:colcon.colcon_core.package_identification:_identify(src/amiga-ros2-bridge/venv/lib/python3.10/site-packages/pip/_internal/distributions/__pycache__) by extensions ['ros']
[2.674s] Level 1:colcon.colcon_core.package_identification:_identify(src/amiga-ros2-bridge/venv/lib/python3.10/site-packages/pip/_internal/distributions/__pycache__) by extension 'ros'
[2.674s] Level 1:colcon.colcon_core.package_identification:_identify(src/amiga-ros2-bridge/venv/lib/python3.10/site-packages/pip/_internal/distributions/__pycache__) by extensions ['cmake', 'python']
[2.674s] Level 1:colcon.colcon_core.package_identification:_identify(src/amiga-ros2-bridge/venv/lib/python3.10/site-packages/pip/_internal/distributions/__pycache__) by extension 'cmake'
[2.674s] Level 1:colcon.colcon_core.package_identification:_identify(src/amiga-ros2-bridge/venv/lib/python3.10/site-packages/pip/_internal/distributions/__pycache__) by extension 'python'
[2.674s] Level 1:colcon.colcon_core.package_identification:_identify(src/amiga-ros2-bridge/venv/lib/python3.10/site-packages/pip/_internal/distributions/__pycache__) by extensions ['python_setup_py']
[2.674s] Level 1:colcon.colcon_core.package_identification:_identify(src/amiga-ros2-bridge/venv/lib/python3.10/site-packages/pip/_internal/distributions/__pycache__) by extension 'python_setup_py'
[2.675s] Level 1:colcon.colcon_core.package_identification:_identify(src/amiga-ros2-bridge/venv/lib/python3.10/site-packages/pip/_internal/index) by extensions ['ignore', 'ignore_ament_install']
[2.675s] Level 1:colcon.colcon_core.package_identification:_identify(src/amiga-ros2-bridge/venv/lib/python3.10/site-packages/pip/_internal/index) by extension 'ignore'
[2.675s] Level 1:colcon.colcon_core.package_identification:_identify(src/amiga-ros2-bridge/venv/lib/python3.10/site-packages/pip/_internal/index) by extension 'ignore_ament_install'
[2.675s] Level 1:colcon.colcon_core.package_identification:_identify(src/amiga-ros2-bridge/venv/lib/python3.10/site-packages/pip/_internal/index) by extensions ['colcon_pkg']
[2.675s] Level 1:colcon.colcon_core.package_identification:_identify(src/amiga-ros2-bridge/venv/lib/python3.10/site-packages/pip/_internal/index) by extension 'colcon_pkg'
[2.675s] Level 1:colcon.colcon_core.package_identification:_identify(src/amiga-ros2-bridge/venv/lib/python3.10/site-packages/pip/_internal/index) by extensions ['colcon_meta']
[2.675s] Level 1:colcon.colcon_core.package_identification:_identify(src/amiga-ros2-bridge/venv/lib/python3.10/site-packages/pip/_internal/index) by extension 'colcon_meta'
[2.676s] Level 1:colcon.colcon_core.package_identification:_identify(src/amiga-ros2-bridge/venv/lib/python3.10/site-packages/pip/_internal/index) by extensions ['ros']
[2.676s] Level 1:colcon.colcon_core.package_identification:_identify(src/amiga-ros2-bridge/venv/lib/python3.10/site-packages/pip/_internal/index) by extension 'ros'
[2.676s] Level 1:colcon.colcon_core.package_identification:_identify(src/amiga-ros2-bridge/venv/lib/python3.10/site-packages/pip/_internal/index) by extensions ['cmake', 'python']
[2.676s] Level 1:colcon.colcon_core.package_identification:_identify(src/amiga-ros2-bridge/venv/lib/python3.10/site-packages/pip/_internal/index) by extension 'cmake'
[2.676s] Level 1:colcon.colcon_core.package_identification:_identify(src/amiga-ros2-bridge/venv/lib/python3.10/site-packages/pip/_internal/index) by extension 'python'
[2.676s] Level 1:colcon.colcon_core.package_identification:_identify(src/amiga-ros2-bridge/venv/lib/python3.10/site-packages/pip/_internal/index) by extensions ['python_setup_py']
[2.676s] Level 1:colcon.colcon_core.package_identification:_identify(src/amiga-ros2-bridge/venv/lib/python3.10/site-packages/pip/_internal/index) by extension 'python_setup_py'
[2.677s] Level 1:colcon.colcon_core.package_identification:_identify(src/amiga-ros2-bridge/venv/lib/python3.10/site-packages/pip/_internal/index/__pycache__) by extensions ['ignore', 'ignore_ament_install']
[2.677s] Level 1:colcon.colcon_core.package_identification:_identify(src/amiga-ros2-bridge/venv/lib/python3.10/site-packages/pip/_internal/index/__pycache__) by extension 'ignore'
[2.677s] Level 1:colcon.colcon_core.package_identification:_identify(src/amiga-ros2-bridge/venv/lib/python3.10/site-packages/pip/_internal/index/__pycache__) by extension 'ignore_ament_install'
[2.677s] Level 1:colcon.colcon_core.package_identification:_identify(src/amiga-ros2-bridge/venv/lib/python3.10/site-packages/pip/_internal/index/__pycache__) by extensions ['colcon_pkg']
[2.677s] Level 1:colcon.colcon_core.package_identification:_identify(src/amiga-ros2-bridge/venv/lib/python3.10/site-packages/pip/_internal/index/__pycache__) by extension 'colcon_pkg'
[2.677s] Level 1:colcon.colcon_core.package_identification:_identify(src/amiga-ros2-bridge/venv/lib/python3.10/site-packages/pip/_internal/index/__pycache__) by extensions ['colcon_meta']
[2.677s] Level 1:colcon.colcon_core.package_identification:_identify(src/amiga-ros2-bridge/venv/lib/python3.10/site-packages/pip/_internal/index/__pycache__) by extension 'colcon_meta'
[2.677s] Level 1:colcon.colcon_core.package_identification:_identify(src/amiga-ros2-bridge/venv/lib/python3.10/site-packages/pip/_internal/index/__pycache__) by extensions ['ros']
[2.677s] Level 1:colcon.colcon_core.package_identification:_identify(src/amiga-ros2-bridge/venv/lib/python3.10/site-packages/pip/_internal/index/__pycache__) by extension 'ros'
[2.678s] Level 1:colcon.colcon_core.package_identification:_identify(src/amiga-ros2-bridge/venv/lib/python3.10/site-packages/pip/_internal/index/__pycache__) by extensions ['cmake', 'python']
[2.678s] Level 1:colcon.colcon_core.package_identification:_identify(src/amiga-ros2-bridge/venv/lib/python3.10/site-packages/pip/_internal/index/__pycache__) by extension 'cmake'
[2.678s] Level 1:colcon.colcon_core.package_identification:_identify(src/amiga-ros2-bridge/venv/lib/python3.10/site-packages/pip/_internal/index/__pycache__) by extension 'python'
[2.678s] Level 1:colcon.colcon_core.package_identification:_identify(src/amiga-ros2-bridge/venv/lib/python3.10/site-packages/pip/_internal/index/__pycache__) by extensions ['python_setup_py']
[2.678s] Level 1:colcon.colcon_core.package_identification:_identify(src/amiga-ros2-bridge/venv/lib/python3.10/site-packages/pip/_internal/index/__pycache__) by extension 'python_setup_py'
[2.678s] Level 1:colcon.colcon_core.package_identification:_identify(src/amiga-ros2-bridge/venv/lib/python3.10/site-packages/pip/_internal/locations) by extensions ['ignore', 'ignore_ament_install']
[2.679s] Level 1:colcon.colcon_core.package_identification:_identify(src/amiga-ros2-bridge/venv/lib/python3.10/site-packages/pip/_internal/locations) by extension 'ignore'
[2.679s] Level 1:colcon.colcon_core.package_identification:_identify(src/amiga-ros2-bridge/venv/lib/python3.10/site-packages/pip/_internal/locations) by extension 'ignore_ament_install'
[2.679s] Level 1:colcon.colcon_core.package_identification:_identify(src/amiga-ros2-bridge/venv/lib/python3.10/site-packages/pip/_internal/locations) by extensions ['colcon_pkg']
[2.679s] Level 1:colcon.colcon_core.package_identification:_identify(src/amiga-ros2-bridge/venv/lib/python3.10/site-packages/pip/_internal/locations) by extension 'colcon_pkg'
[2.679s] Level 1:colcon.colcon_core.package_identification:_identify(src/amiga-ros2-bridge/venv/lib/python3.10/site-packages/pip/_internal/locations) by extensions ['colcon_meta']
[2.679s] Level 1:colcon.colcon_core.package_identification:_identify(src/amiga-ros2-bridge/venv/lib/python3.10/site-packages/pip/_internal/locations) by extension 'colcon_meta'
[2.679s] Level 1:colcon.colcon_core.package_identification:_identify(src/amiga-ros2-bridge/venv/lib/python3.10/site-packages/pip/_internal/locations) by extensions ['ros']
[2.679s] Level 1:colcon.colcon_core.package_identification:_identify(src/amiga-ros2-bridge/venv/lib/python3.10/site-packages/pip/_internal/locations) by extension 'ros'
[2.680s] Level 1:colcon.colcon_core.package_identification:_identify(src/amiga-ros2-bridge/venv/lib/python3.10/site-packages/pip/_internal/locations) by extensions ['cmake', 'python']
[2.680s] Level 1:colcon.colcon_core.package_identification:_identify(src/amiga-ros2-bridge/venv/lib/python3.10/site-packages/pip/_internal/locations) by extension 'cmake'
[2.680s] Level 1:colcon.colcon_core.package_identification:_identify(src/amiga-ros2-bridge/venv/lib/python3.10/site-packages/pip/_internal/locations) by extension 'python'
[2.680s] Level 1:colcon.colcon_core.package_identification:_identify(src/amiga-ros2-bridge/venv/lib/python3.10/site-packages/pip/_internal/locations) by extensions ['python_setup_py']
[2.680s] Level 1:colcon.colcon_core.package_identification:_identify(src/amiga-ros2-bridge/venv/lib/python3.10/site-packages/pip/_internal/locations) by extension 'python_setup_py'
[2.680s] Level 1:colcon.colcon_core.package_identification:_identify(src/amiga-ros2-bridge/venv/lib/python3.10/site-packages/pip/_internal/locations/__pycache__) by extensions ['ignore', 'ignore_ament_install']
[2.680s] Level 1:colcon.colcon_core.package_identification:_identify(src/amiga-ros2-bridge/venv/lib/python3.10/site-packages/pip/_internal/locations/__pycache__) by extension 'ignore'
[2.681s] Level 1:colcon.colcon_core.package_identification:_identify(src/amiga-ros2-bridge/venv/lib/python3.10/site-packages/pip/_internal/locations/__pycache__) by extension 'ignore_ament_install'
[2.681s] Level 1:colcon.colcon_core.package_identification:_identify(src/amiga-ros2-bridge/venv/lib/python3.10/site-packages/pip/_internal/locations/__pycache__) by extensions ['colcon_pkg']
[2.681s] Level 1:colcon.colcon_core.package_identification:_identify(src/amiga-ros2-bridge/venv/lib/python3.10/site-packages/pip/_internal/locations/__pycache__) by extension 'colcon_pkg'
[2.681s] Level 1:colcon.colcon_core.package_identification:_identify(src/amiga-ros2-bridge/venv/lib/python3.10/site-packages/pip/_internal/locations/__pycache__) by extensions ['colcon_meta']
[2.681s] Level 1:colcon.colcon_core.package_identification:_identify(src/amiga-ros2-bridge/venv/lib/python3.10/site-packages/pip/_internal/locations/__pycache__) by extension 'colcon_meta'
[2.681s] Level 1:colcon.colcon_core.package_identification:_identify(src/amiga-ros2-bridge/venv/lib/python3.10/site-packages/pip/_internal/locations/__pycache__) by extensions ['ros']
[2.681s] Level 1:colcon.colcon_core.package_identification:_identify(src/amiga-ros2-bridge/venv/lib/python3.10/site-packages/pip/_internal/locations/__pycache__) by extension 'ros'
[2.681s] Level 1:colcon.colcon_core.package_identification:_identify(src/amiga-ros2-bridge/venv/lib/python3.10/site-packages/pip/_internal/locations/__pycache__) by extensions ['cmake', 'python']
[2.681s] Level 1:colcon.colcon_core.package_identification:_identify(src/amiga-ros2-bridge/venv/lib/python3.10/site-packages/pip/_internal/locations/__pycache__) by extension 'cmake'
[2.682s] Level 1:colcon.colcon_core.package_identification:_identify(src/amiga-ros2-bridge/venv/lib/python3.10/site-packages/pip/_internal/locations/__pycache__) by extension 'python'
[2.682s] Level 1:colcon.colcon_core.package_identification:_identify(src/amiga-ros2-bridge/venv/lib/python3.10/site-packages/pip/_internal/locations/__pycache__) by extensions ['python_setup_py']
[2.682s] Level 1:colcon.colcon_core.package_identification:_identify(src/amiga-ros2-bridge/venv/lib/python3.10/site-packages/pip/_internal/locations/__pycache__) by extension 'python_setup_py'
[2.682s] Level 1:colcon.colcon_core.package_identification:_identify(src/amiga-ros2-bridge/venv/lib/python3.10/site-packages/pip/_internal/metadata) by extensions ['ignore', 'ignore_ament_install']
[2.682s] Level 1:colcon.colcon_core.package_identification:_identify(src/amiga-ros2-bridge/venv/lib/python3.10/site-packages/pip/_internal/metadata) by extension 'ignore'
[2.682s] Level 1:colcon.colcon_core.package_identification:_identify(src/amiga-ros2-bridge/venv/lib/python3.10/site-packages/pip/_internal/metadata) by extension 'ignore_ament_install'
[2.683s] Level 1:colcon.colcon_core.package_identification:_identify(src/amiga-ros2-bridge/venv/lib/python3.10/site-packages/pip/_internal/metadata) by extensions ['colcon_pkg']
[2.683s] Level 1:colcon.colcon_core.package_identification:_identify(src/amiga-ros2-bridge/venv/lib/python3.10/site-packages/pip/_internal/metadata) by extension 'colcon_pkg'
[2.683s] Level 1:colcon.colcon_core.package_identification:_identify(src/amiga-ros2-bridge/venv/lib/python3.10/site-packages/pip/_internal/metadata) by extensions ['colcon_meta']
[2.683s] Level 1:colcon.colcon_core.package_identification:_identify(src/amiga-ros2-bridge/venv/lib/python3.10/site-packages/pip/_internal/metadata) by extension 'colcon_meta'
[2.683s] Level 1:colcon.colcon_core.package_identification:_identify(src/amiga-ros2-bridge/venv/lib/python3.10/site-packages/pip/_internal/metadata) by extensions ['ros']
[2.683s] Level 1:colcon.colcon_core.package_identification:_identify(src/amiga-ros2-bridge/venv/lib/python3.10/site-packages/pip/_internal/metadata) by extension 'ros'
[2.683s] Level 1:colcon.colcon_core.package_identification:_identify(src/amiga-ros2-bridge/venv/lib/python3.10/site-packages/pip/_internal/metadata) by extensions ['cmake', 'python']
[2.683s] Level 1:colcon.colcon_core.package_identification:_identify(src/amiga-ros2-bridge/venv/lib/python3.10/site-packages/pip/_internal/metadata) by extension 'cmake'
[2.683s] Level 1:colcon.colcon_core.package_identification:_identify(src/amiga-ros2-bridge/venv/lib/python3.10/site-packages/pip/_internal/metadata) by extension 'python'
[2.684s] Level 1:colcon.colcon_core.package_identification:_identify(src/amiga-ros2-bridge/venv/lib/python3.10/site-packages/pip/_internal/metadata) by extensions ['python_setup_py']
[2.684s] Level 1:colcon.colcon_core.package_identification:_identify(src/amiga-ros2-bridge/venv/lib/python3.10/site-packages/pip/_internal/metadata) by extension 'python_setup_py'
[2.684s] Level 1:colcon.colcon_core.package_identification:_identify(src/amiga-ros2-bridge/venv/lib/python3.10/site-packages/pip/_internal/metadata/__pycache__) by extensions ['ignore', 'ignore_ament_install']
[2.684s] Level 1:colcon.colcon_core.package_identification:_identify(src/amiga-ros2-bridge/venv/lib/python3.10/site-packages/pip/_internal/metadata/__pycache__) by extension 'ignore'
[2.684s] Level 1:colcon.colcon_core.package_identification:_identify(src/amiga-ros2-bridge/venv/lib/python3.10/site-packages/pip/_internal/metadata/__pycache__) by extension 'ignore_ament_install'
[2.684s] Level 1:colcon.colcon_core.package_identification:_identify(src/amiga-ros2-bridge/venv/lib/python3.10/site-packages/pip/_internal/metadata/__pycache__) by extensions ['colcon_pkg']
[2.684s] Level 1:colcon.colcon_core.package_identification:_identify(src/amiga-ros2-bridge/venv/lib/python3.10/site-packages/pip/_internal/metadata/__pycache__) by extension 'colcon_pkg'
[2.685s] Level 1:colcon.colcon_core.package_identification:_identify(src/amiga-ros2-bridge/venv/lib/python3.10/site-packages/pip/_internal/metadata/__pycache__) by extensions ['colcon_meta']
[2.685s] Level 1:colcon.colcon_core.package_identification:_identify(src/amiga-ros2-bridge/venv/lib/python3.10/site-packages/pip/_internal/metadata/__pycache__) by extension 'colcon_meta'
[2.685s] Level 1:colcon.colcon_core.package_identification:_identify(src/amiga-ros2-bridge/venv/lib/python3.10/site-packages/pip/_internal/metadata/__pycache__) by extensions ['ros']
[2.685s] Level 1:colcon.colcon_core.package_identification:_identify(src/amiga-ros2-bridge/venv/lib/python3.10/site-packages/pip/_internal/metadata/__pycache__) by extension 'ros'
[2.685s] Level 1:colcon.colcon_core.package_identification:_identify(src/amiga-ros2-bridge/venv/lib/python3.10/site-packages/pip/_internal/metadata/__pycache__) by extensions ['cmake', 'python']
[2.685s] Level 1:colcon.colcon_core.package_identification:_identify(src/amiga-ros2-bridge/venv/lib/python3.10/site-packages/pip/_internal/metadata/__pycache__) by extension 'cmake'
[2.685s] Level 1:colcon.colcon_core.package_identification:_identify(src/amiga-ros2-bridge/venv/lib/python3.10/site-packages/pip/_internal/metadata/__pycache__) by extension 'python'
[2.685s] Level 1:colcon.colcon_core.package_identification:_identify(src/amiga-ros2-bridge/venv/lib/python3.10/site-packages/pip/_internal/metadata/__pycache__) by extensions ['python_setup_py']
[2.685s] Level 1:colcon.colcon_core.package_identification:_identify(src/amiga-ros2-bridge/venv/lib/python3.10/site-packages/pip/_internal/metadata/__pycache__) by extension 'python_setup_py'
[2.686s] Level 1:colcon.colcon_core.package_identification:_identify(src/amiga-ros2-bridge/venv/lib/python3.10/site-packages/pip/_internal/metadata/importlib) by extensions ['ignore', 'ignore_ament_install']
[2.686s] Level 1:colcon.colcon_core.package_identification:_identify(src/amiga-ros2-bridge/venv/lib/python3.10/site-packages/pip/_internal/metadata/importlib) by extension 'ignore'
[2.686s] Level 1:colcon.colcon_core.package_identification:_identify(src/amiga-ros2-bridge/venv/lib/python3.10/site-packages/pip/_internal/metadata/importlib) by extension 'ignore_ament_install'
[2.686s] Level 1:colcon.colcon_core.package_identification:_identify(src/amiga-ros2-bridge/venv/lib/python3.10/site-packages/pip/_internal/metadata/importlib) by extensions ['colcon_pkg']
[2.686s] Level 1:colcon.colcon_core.package_identification:_identify(src/amiga-ros2-bridge/venv/lib/python3.10/site-packages/pip/_internal/metadata/importlib) by extension 'colcon_pkg'
[2.686s] Level 1:colcon.colcon_core.package_identification:_identify(src/amiga-ros2-bridge/venv/lib/python3.10/site-packages/pip/_internal/metadata/importlib) by extensions ['colcon_meta']
[2.687s] Level 1:colcon.colcon_core.package_identification:_identify(src/amiga-ros2-bridge/venv/lib/python3.10/site-packages/pip/_internal/metadata/importlib) by extension 'colcon_meta'
[2.687s] Level 1:colcon.colcon_core.package_identification:_identify(src/amiga-ros2-bridge/venv/lib/python3.10/site-packages/pip/_internal/metadata/importlib) by extensions ['ros']
[2.687s] Level 1:colcon.colcon_core.package_identification:_identify(src/amiga-ros2-bridge/venv/lib/python3.10/site-packages/pip/_internal/metadata/importlib) by extension 'ros'
[2.687s] Level 1:colcon.colcon_core.package_identification:_identify(src/amiga-ros2-bridge/venv/lib/python3.10/site-packages/pip/_internal/metadata/importlib) by extensions ['cmake', 'python']
[2.687s] Level 1:colcon.colcon_core.package_identification:_identify(src/amiga-ros2-bridge/venv/lib/python3.10/site-packages/pip/_internal/metadata/importlib) by extension 'cmake'
[2.687s] Level 1:colcon.colcon_core.package_identification:_identify(src/amiga-ros2-bridge/venv/lib/python3.10/site-packages/pip/_internal/metadata/importlib) by extension 'python'
[2.687s] Level 1:colcon.colcon_core.package_identification:_identify(src/amiga-ros2-bridge/venv/lib/python3.10/site-packages/pip/_internal/metadata/importlib) by extensions ['python_setup_py']
[2.687s] Level 1:colcon.colcon_core.package_identification:_identify(src/amiga-ros2-bridge/venv/lib/python3.10/site-packages/pip/_internal/metadata/importlib) by extension 'python_setup_py'
[2.688s] Level 1:colcon.colcon_core.package_identification:_identify(src/amiga-ros2-bridge/venv/lib/python3.10/site-packages/pip/_internal/metadata/importlib/__pycache__) by extensions ['ignore', 'ignore_ament_install']
[2.688s] Level 1:colcon.colcon_core.package_identification:_identify(src/amiga-ros2-bridge/venv/lib/python3.10/site-packages/pip/_internal/metadata/importlib/__pycache__) by extension 'ignore'
[2.688s] Level 1:colcon.colcon_core.package_identification:_identify(src/amiga-ros2-bridge/venv/lib/python3.10/site-packages/pip/_internal/metadata/importlib/__pycache__) by extension 'ignore_ament_install'
[2.688s] Level 1:colcon.colcon_core.package_identification:_identify(src/amiga-ros2-bridge/venv/lib/python3.10/site-packages/pip/_internal/metadata/importlib/__pycache__) by extensions ['colcon_pkg']
[2.688s] Level 1:colcon.colcon_core.package_identification:_identify(src/amiga-ros2-bridge/venv/lib/python3.10/site-packages/pip/_internal/metadata/importlib/__pycache__) by extension 'colcon_pkg'
[2.688s] Level 1:colcon.colcon_core.package_identification:_identify(src/amiga-ros2-bridge/venv/lib/python3.10/site-packages/pip/_internal/metadata/importlib/__pycache__) by extensions ['colcon_meta']
[2.688s] Level 1:colcon.colcon_core.package_identification:_identify(src/amiga-ros2-bridge/venv/lib/python3.10/site-packages/pip/_internal/metadata/importlib/__pycache__) by extension 'colcon_meta'
[2.689s] Level 1:colcon.colcon_core.package_identification:_identify(src/amiga-ros2-bridge/venv/lib/python3.10/site-packages/pip/_internal/metadata/importlib/__pycache__) by extensions ['ros']
[2.689s] Level 1:colcon.colcon_core.package_identification:_identify(src/amiga-ros2-bridge/venv/lib/python3.10/site-packages/pip/_internal/metadata/importlib/__pycache__) by extension 'ros'
[2.689s] Level 1:colcon.colcon_core.package_identification:_identify(src/amiga-ros2-bridge/venv/lib/python3.10/site-packages/pip/_internal/metadata/importlib/__pycache__) by extensions ['cmake', 'python']
[2.689s] Level 1:colcon.colcon_core.package_identification:_identify(src/amiga-ros2-bridge/venv/lib/python3.10/site-packages/pip/_internal/metadata/importlib/__pycache__) by extension 'cmake'
[2.689s] Level 1:colcon.colcon_core.package_identification:_identify(src/amiga-ros2-bridge/venv/lib/python3.10/site-packages/pip/_internal/metadata/importlib/__pycache__) by extension 'python'
[2.689s] Level 1:colcon.colcon_core.package_identification:_identify(src/amiga-ros2-bridge/venv/lib/python3.10/site-packages/pip/_internal/metadata/importlib/__pycache__) by extensions ['python_setup_py']
[2.689s] Level 1:colcon.colcon_core.package_identification:_identify(src/amiga-ros2-bridge/venv/lib/python3.10/site-packages/pip/_internal/metadata/importlib/__pycache__) by extension 'python_setup_py'
[2.690s] Level 1:colcon.colcon_core.package_identification:_identify(src/amiga-ros2-bridge/venv/lib/python3.10/site-packages/pip/_internal/models) by extensions ['ignore', 'ignore_ament_install']
[2.690s] Level 1:colcon.colcon_core.package_identification:_identify(src/amiga-ros2-bridge/venv/lib/python3.10/site-packages/pip/_internal/models) by extension 'ignore'
[2.690s] Level 1:colcon.colcon_core.package_identification:_identify(src/amiga-ros2-bridge/venv/lib/python3.10/site-packages/pip/_internal/models) by extension 'ignore_ament_install'
[2.690s] Level 1:colcon.colcon_core.package_identification:_identify(src/amiga-ros2-bridge/venv/lib/python3.10/site-packages/pip/_internal/models) by extensions ['colcon_pkg']
[2.690s] Level 1:colcon.colcon_core.package_identification:_identify(src/amiga-ros2-bridge/venv/lib/python3.10/site-packages/pip/_internal/models) by extension 'colcon_pkg'
[2.690s] Level 1:colcon.colcon_core.package_identification:_identify(src/amiga-ros2-bridge/venv/lib/python3.10/site-packages/pip/_internal/models) by extensions ['colcon_meta']
[2.690s] Level 1:colcon.colcon_core.package_identification:_identify(src/amiga-ros2-bridge/venv/lib/python3.10/site-packages/pip/_internal/models) by extension 'colcon_meta'
[2.690s] Level 1:colcon.colcon_core.package_identification:_identify(src/amiga-ros2-bridge/venv/lib/python3.10/site-packages/pip/_internal/models) by extensions ['ros']
[2.691s] Level 1:colcon.colcon_core.package_identification:_identify(src/amiga-ros2-bridge/venv/lib/python3.10/site-packages/pip/_internal/models) by extension 'ros'
[2.691s] Level 1:colcon.colcon_core.package_identification:_identify(src/amiga-ros2-bridge/venv/lib/python3.10/site-packages/pip/_internal/models) by extensions ['cmake', 'python']
[2.691s] Level 1:colcon.colcon_core.package_identification:_identify(src/amiga-ros2-bridge/venv/lib/python3.10/site-packages/pip/_internal/models) by extension 'cmake'
[2.691s] Level 1:colcon.colcon_core.package_identification:_identify(src/amiga-ros2-bridge/venv/lib/python3.10/site-packages/pip/_internal/models) by extension 'python'
[2.691s] Level 1:colcon.colcon_core.package_identification:_identify(src/amiga-ros2-bridge/venv/lib/python3.10/site-packages/pip/_internal/models) by extensions ['python_setup_py']
[2.691s] Level 1:colcon.colcon_core.package_identification:_identify(src/amiga-ros2-bridge/venv/lib/python3.10/site-packages/pip/_internal/models) by extension 'python_setup_py'
[2.691s] Level 1:colcon.colcon_core.package_identification:_identify(src/amiga-ros2-bridge/venv/lib/python3.10/site-packages/pip/_internal/models/__pycache__) by extensions ['ignore', 'ignore_ament_install']
[2.692s] Level 1:colcon.colcon_core.package_identification:_identify(src/amiga-ros2-bridge/venv/lib/python3.10/site-packages/pip/_internal/models/__pycache__) by extension 'ignore'
[2.692s] Level 1:colcon.colcon_core.package_identification:_identify(src/amiga-ros2-bridge/venv/lib/python3.10/site-packages/pip/_internal/models/__pycache__) by extension 'ignore_ament_install'
[2.692s] Level 1:colcon.colcon_core.package_identification:_identify(src/amiga-ros2-bridge/venv/lib/python3.10/site-packages/pip/_internal/models/__pycache__) by extensions ['colcon_pkg']
[2.692s] Level 1:colcon.colcon_core.package_identification:_identify(src/amiga-ros2-bridge/venv/lib/python3.10/site-packages/pip/_internal/models/__pycache__) by extension 'colcon_pkg'
[2.692s] Level 1:colcon.colcon_core.package_identification:_identify(src/amiga-ros2-bridge/venv/lib/python3.10/site-packages/pip/_internal/models/__pycache__) by extensions ['colcon_meta']
[2.692s] Level 1:colcon.colcon_core.package_identification:_identify(src/amiga-ros2-bridge/venv/lib/python3.10/site-packages/pip/_internal/models/__pycache__) by extension 'colcon_meta'
[2.692s] Level 1:colcon.colcon_core.package_identification:_identify(src/amiga-ros2-bridge/venv/lib/python3.10/site-packages/pip/_internal/models/__pycache__) by extensions ['ros']
[2.692s] Level 1:colcon.colcon_core.package_identification:_identify(src/amiga-ros2-bridge/venv/lib/python3.10/site-packages/pip/_internal/models/__pycache__) by extension 'ros'
[2.693s] Level 1:colcon.colcon_core.package_identification:_identify(src/amiga-ros2-bridge/venv/lib/python3.10/site-packages/pip/_internal/models/__pycache__) by extensions ['cmake', 'python']
[2.693s] Level 1:colcon.colcon_core.package_identification:_identify(src/amiga-ros2-bridge/venv/lib/python3.10/site-packages/pip/_internal/models/__pycache__) by extension 'cmake'
[2.693s] Level 1:colcon.colcon_core.package_identification:_identify(src/amiga-ros2-bridge/venv/lib/python3.10/site-packages/pip/_internal/models/__pycache__) by extension 'python'
[2.693s] Level 1:colcon.colcon_core.package_identification:_identify(src/amiga-ros2-bridge/venv/lib/python3.10/site-packages/pip/_internal/models/__pycache__) by extensions ['python_setup_py']
[2.693s] Level 1:colcon.colcon_core.package_identification:_identify(src/amiga-ros2-bridge/venv/lib/python3.10/site-packages/pip/_internal/models/__pycache__) by extension 'python_setup_py'
[2.693s] Level 1:colcon.colcon_core.package_identification:_identify(src/amiga-ros2-bridge/venv/lib/python3.10/site-packages/pip/_internal/network) by extensions ['ignore', 'ignore_ament_install']
[2.694s] Level 1:colcon.colcon_core.package_identification:_identify(src/amiga-ros2-bridge/venv/lib/python3.10/site-packages/pip/_internal/network) by extension 'ignore'
[2.694s] Level 1:colcon.colcon_core.package_identification:_identify(src/amiga-ros2-bridge/venv/lib/python3.10/site-packages/pip/_internal/network) by extension 'ignore_ament_install'
[2.694s] Level 1:colcon.colcon_core.package_identification:_identify(src/amiga-ros2-bridge/venv/lib/python3.10/site-packages/pip/_internal/network) by extensions ['colcon_pkg']
[2.694s] Level 1:colcon.colcon_core.package_identification:_identify(src/amiga-ros2-bridge/venv/lib/python3.10/site-packages/pip/_internal/network) by extension 'colcon_pkg'
[2.694s] Level 1:colcon.colcon_core.package_identification:_identify(src/amiga-ros2-bridge/venv/lib/python3.10/site-packages/pip/_internal/network) by extensions ['colcon_meta']
[2.694s] Level 1:colcon.colcon_core.package_identification:_identify(src/amiga-ros2-bridge/venv/lib/python3.10/site-packages/pip/_internal/network) by extension 'colcon_meta'
[2.694s] Level 1:colcon.colcon_core.package_identification:_identify(src/amiga-ros2-bridge/venv/lib/python3.10/site-packages/pip/_internal/network) by extensions ['ros']
[2.694s] Level 1:colcon.colcon_core.package_identification:_identify(src/amiga-ros2-bridge/venv/lib/python3.10/site-packages/pip/_internal/network) by extension 'ros'
[2.694s] Level 1:colcon.colcon_core.package_identification:_identify(src/amiga-ros2-bridge/venv/lib/python3.10/site-packages/pip/_internal/network) by extensions ['cmake', 'python']
[2.695s] Level 1:colcon.colcon_core.package_identification:_identify(src/amiga-ros2-bridge/venv/lib/python3.10/site-packages/pip/_internal/network) by extension 'cmake'
[2.695s] Level 1:colcon.colcon_core.package_identification:_identify(src/amiga-ros2-bridge/venv/lib/python3.10/site-packages/pip/_internal/network) by extension 'python'
[2.695s] Level 1:colcon.colcon_core.package_identification:_identify(src/amiga-ros2-bridge/venv/lib/python3.10/site-packages/pip/_internal/network) by extensions ['python_setup_py']
[2.695s] Level 1:colcon.colcon_core.package_identification:_identify(src/amiga-ros2-bridge/venv/lib/python3.10/site-packages/pip/_internal/network) by extension 'python_setup_py'
[2.695s] Level 1:colcon.colcon_core.package_identification:_identify(src/amiga-ros2-bridge/venv/lib/python3.10/site-packages/pip/_internal/network/__pycache__) by extensions ['ignore', 'ignore_ament_install']
[2.695s] Level 1:colcon.colcon_core.package_identification:_identify(src/amiga-ros2-bridge/venv/lib/python3.10/site-packages/pip/_internal/network/__pycache__) by extension 'ignore'
[2.696s] Level 1:colcon.colcon_core.package_identification:_identify(src/amiga-ros2-bridge/venv/lib/python3.10/site-packages/pip/_internal/network/__pycache__) by extension 'ignore_ament_install'
[2.696s] Level 1:colcon.colcon_core.package_identification:_identify(src/amiga-ros2-bridge/venv/lib/python3.10/site-packages/pip/_internal/network/__pycache__) by extensions ['colcon_pkg']
[2.696s] Level 1:colcon.colcon_core.package_identification:_identify(src/amiga-ros2-bridge/venv/lib/python3.10/site-packages/pip/_internal/network/__pycache__) by extension 'colcon_pkg'
[2.696s] Level 1:colcon.colcon_core.package_identification:_identify(src/amiga-ros2-bridge/venv/lib/python3.10/site-packages/pip/_internal/network/__pycache__) by extensions ['colcon_meta']
[2.696s] Level 1:colcon.colcon_core.package_identification:_identify(src/amiga-ros2-bridge/venv/lib/python3.10/site-packages/pip/_internal/network/__pycache__) by extension 'colcon_meta'
[2.696s] Level 1:colcon.colcon_core.package_identification:_identify(src/amiga-ros2-bridge/venv/lib/python3.10/site-packages/pip/_internal/network/__pycache__) by extensions ['ros']
[2.696s] Level 1:colcon.colcon_core.package_identification:_identify(src/amiga-ros2-bridge/venv/lib/python3.10/site-packages/pip/_internal/network/__pycache__) by extension 'ros'
[2.696s] Level 1:colcon.colcon_core.package_identification:_identify(src/amiga-ros2-bridge/venv/lib/python3.10/site-packages/pip/_internal/network/__pycache__) by extensions ['cmake', 'python']
[2.696s] Level 1:colcon.colcon_core.package_identification:_identify(src/amiga-ros2-bridge/venv/lib/python3.10/site-packages/pip/_internal/network/__pycache__) by extension 'cmake'
[2.697s] Level 1:colcon.colcon_core.package_identification:_identify(src/amiga-ros2-bridge/venv/lib/python3.10/site-packages/pip/_internal/network/__pycache__) by extension 'python'
[2.697s] Level 1:colcon.colcon_core.package_identification:_identify(src/amiga-ros2-bridge/venv/lib/python3.10/site-packages/pip/_internal/network/__pycache__) by extensions ['python_setup_py']
[2.697s] Level 1:colcon.colcon_core.package_identification:_identify(src/amiga-ros2-bridge/venv/lib/python3.10/site-packages/pip/_internal/network/__pycache__) by extension 'python_setup_py'
[2.697s] Level 1:colcon.colcon_core.package_identification:_identify(src/amiga-ros2-bridge/venv/lib/python3.10/site-packages/pip/_internal/operations) by extensions ['ignore', 'ignore_ament_install']
[2.697s] Level 1:colcon.colcon_core.package_identification:_identify(src/amiga-ros2-bridge/venv/lib/python3.10/site-packages/pip/_internal/operations) by extension 'ignore'
[2.697s] Level 1:colcon.colcon_core.package_identification:_identify(src/amiga-ros2-bridge/venv/lib/python3.10/site-packages/pip/_internal/operations) by extension 'ignore_ament_install'
[2.698s] Level 1:colcon.colcon_core.package_identification:_identify(src/amiga-ros2-bridge/venv/lib/python3.10/site-packages/pip/_internal/operations) by extensions ['colcon_pkg']
[2.698s] Level 1:colcon.colcon_core.package_identification:_identify(src/amiga-ros2-bridge/venv/lib/python3.10/site-packages/pip/_internal/operations) by extension 'colcon_pkg'
[2.698s] Level 1:colcon.colcon_core.package_identification:_identify(src/amiga-ros2-bridge/venv/lib/python3.10/site-packages/pip/_internal/operations) by extensions ['colcon_meta']
[2.698s] Level 1:colcon.colcon_core.package_identification:_identify(src/amiga-ros2-bridge/venv/lib/python3.10/site-packages/pip/_internal/operations) by extension 'colcon_meta'
[2.698s] Level 1:colcon.colcon_core.package_identification:_identify(src/amiga-ros2-bridge/venv/lib/python3.10/site-packages/pip/_internal/operations) by extensions ['ros']
[2.698s] Level 1:colcon.colcon_core.package_identification:_identify(src/amiga-ros2-bridge/venv/lib/python3.10/site-packages/pip/_internal/operations) by extension 'ros'
[2.698s] Level 1:colcon.colcon_core.package_identification:_identify(src/amiga-ros2-bridge/venv/lib/python3.10/site-packages/pip/_internal/operations) by extensions ['cmake', 'python']
[2.698s] Level 1:colcon.colcon_core.package_identification:_identify(src/amiga-ros2-bridge/venv/lib/python3.10/site-packages/pip/_internal/operations) by extension 'cmake'
[2.698s] Level 1:colcon.colcon_core.package_identification:_identify(src/amiga-ros2-bridge/venv/lib/python3.10/site-packages/pip/_internal/operations) by extension 'python'
[2.698s] Level 1:colcon.colcon_core.package_identification:_identify(src/amiga-ros2-bridge/venv/lib/python3.10/site-packages/pip/_internal/operations) by extensions ['python_setup_py']
[2.699s] Level 1:colcon.colcon_core.package_identification:_identify(src/amiga-ros2-bridge/venv/lib/python3.10/site-packages/pip/_internal/operations) by extension 'python_setup_py'
[2.699s] Level 1:colcon.colcon_core.package_identification:_identify(src/amiga-ros2-bridge/venv/lib/python3.10/site-packages/pip/_internal/operations/__pycache__) by extensions ['ignore', 'ignore_ament_install']
[2.699s] Level 1:colcon.colcon_core.package_identification:_identify(src/amiga-ros2-bridge/venv/lib/python3.10/site-packages/pip/_internal/operations/__pycache__) by extension 'ignore'
[2.699s] Level 1:colcon.colcon_core.package_identification:_identify(src/amiga-ros2-bridge/venv/lib/python3.10/site-packages/pip/_internal/operations/__pycache__) by extension 'ignore_ament_install'
[2.699s] Level 1:colcon.colcon_core.package_identification:_identify(src/amiga-ros2-bridge/venv/lib/python3.10/site-packages/pip/_internal/operations/__pycache__) by extensions ['colcon_pkg']
[2.699s] Level 1:colcon.colcon_core.package_identification:_identify(src/amiga-ros2-bridge/venv/lib/python3.10/site-packages/pip/_internal/operations/__pycache__) by extension 'colcon_pkg'
[2.700s] Level 1:colcon.colcon_core.package_identification:_identify(src/amiga-ros2-bridge/venv/lib/python3.10/site-packages/pip/_internal/operations/__pycache__) by extensions ['colcon_meta']
[2.700s] Level 1:colcon.colcon_core.package_identification:_identify(src/amiga-ros2-bridge/venv/lib/python3.10/site-packages/pip/_internal/operations/__pycache__) by extension 'colcon_meta'
[2.700s] Level 1:colcon.colcon_core.package_identification:_identify(src/amiga-ros2-bridge/venv/lib/python3.10/site-packages/pip/_internal/operations/__pycache__) by extensions ['ros']
[2.700s] Level 1:colcon.colcon_core.package_identification:_identify(src/amiga-ros2-bridge/venv/lib/python3.10/site-packages/pip/_internal/operations/__pycache__) by extension 'ros'
[2.700s] Level 1:colcon.colcon_core.package_identification:_identify(src/amiga-ros2-bridge/venv/lib/python3.10/site-packages/pip/_internal/operations/__pycache__) by extensions ['cmake', 'python']
[2.700s] Level 1:colcon.colcon_core.package_identification:_identify(src/amiga-ros2-bridge/venv/lib/python3.10/site-packages/pip/_internal/operations/__pycache__) by extension 'cmake'
[2.700s] Level 1:colcon.colcon_core.package_identification:_identify(src/amiga-ros2-bridge/venv/lib/python3.10/site-packages/pip/_internal/operations/__pycache__) by extension 'python'
[2.700s] Level 1:colcon.colcon_core.package_identification:_identify(src/amiga-ros2-bridge/venv/lib/python3.10/site-packages/pip/_internal/operations/__pycache__) by extensions ['python_setup_py']
[2.700s] Level 1:colcon.colcon_core.package_identification:_identify(src/amiga-ros2-bridge/venv/lib/python3.10/site-packages/pip/_internal/operations/__pycache__) by extension 'python_setup_py'
[2.701s] Level 1:colcon.colcon_core.package_identification:_identify(src/amiga-ros2-bridge/venv/lib/python3.10/site-packages/pip/_internal/operations/build) by extensions ['ignore', 'ignore_ament_install']
[2.701s] Level 1:colcon.colcon_core.package_identification:_identify(src/amiga-ros2-bridge/venv/lib/python3.10/site-packages/pip/_internal/operations/build) by extension 'ignore'
[2.701s] Level 1:colcon.colcon_core.package_identification:_identify(src/amiga-ros2-bridge/venv/lib/python3.10/site-packages/pip/_internal/operations/build) by extension 'ignore_ament_install'
[2.701s] Level 1:colcon.colcon_core.package_identification:_identify(src/amiga-ros2-bridge/venv/lib/python3.10/site-packages/pip/_internal/operations/build) by extensions ['colcon_pkg']
[2.701s] Level 1:colcon.colcon_core.package_identification:_identify(src/amiga-ros2-bridge/venv/lib/python3.10/site-packages/pip/_internal/operations/build) by extension 'colcon_pkg'
[2.701s] Level 1:colcon.colcon_core.package_identification:_identify(src/amiga-ros2-bridge/venv/lib/python3.10/site-packages/pip/_internal/operations/build) by extensions ['colcon_meta']
[2.702s] Level 1:colcon.colcon_core.package_identification:_identify(src/amiga-ros2-bridge/venv/lib/python3.10/site-packages/pip/_internal/operations/build) by extension 'colcon_meta'
[2.702s] Level 1:colcon.colcon_core.package_identification:_identify(src/amiga-ros2-bridge/venv/lib/python3.10/site-packages/pip/_internal/operations/build) by extensions ['ros']
[2.702s] Level 1:colcon.colcon_core.package_identification:_identify(src/amiga-ros2-bridge/venv/lib/python3.10/site-packages/pip/_internal/operations/build) by extension 'ros'
[2.702s] Level 1:colcon.colcon_core.package_identification:_identify(src/amiga-ros2-bridge/venv/lib/python3.10/site-packages/pip/_internal/operations/build) by extensions ['cmake', 'python']
[2.702s] Level 1:colcon.colcon_core.package_identification:_identify(src/amiga-ros2-bridge/venv/lib/python3.10/site-packages/pip/_internal/operations/build) by extension 'cmake'
[2.702s] Level 1:colcon.colcon_core.package_identification:_identify(src/amiga-ros2-bridge/venv/lib/python3.10/site-packages/pip/_internal/operations/build) by extension 'python'
[2.702s] Level 1:colcon.colcon_core.package_identification:_identify(src/amiga-ros2-bridge/venv/lib/python3.10/site-packages/pip/_internal/operations/build) by extensions ['python_setup_py']
[2.702s] Level 1:colcon.colcon_core.package_identification:_identify(src/amiga-ros2-bridge/venv/lib/python3.10/site-packages/pip/_internal/operations/build) by extension 'python_setup_py'
[2.703s] Level 1:colcon.colcon_core.package_identification:_identify(src/amiga-ros2-bridge/venv/lib/python3.10/site-packages/pip/_internal/operations/build/__pycache__) by extensions ['ignore', 'ignore_ament_install']
[2.703s] Level 1:colcon.colcon_core.package_identification:_identify(src/amiga-ros2-bridge/venv/lib/python3.10/site-packages/pip/_internal/operations/build/__pycache__) by extension 'ignore'
[2.703s] Level 1:colcon.colcon_core.package_identification:_identify(src/amiga-ros2-bridge/venv/lib/python3.10/site-packages/pip/_internal/operations/build/__pycache__) by extension 'ignore_ament_install'
[2.703s] Level 1:colcon.colcon_core.package_identification:_identify(src/amiga-ros2-bridge/venv/lib/python3.10/site-packages/pip/_internal/operations/build/__pycache__) by extensions ['colcon_pkg']
[2.703s] Level 1:colcon.colcon_core.package_identification:_identify(src/amiga-ros2-bridge/venv/lib/python3.10/site-packages/pip/_internal/operations/build/__pycache__) by extension 'colcon_pkg'
[2.703s] Level 1:colcon.colcon_core.package_identification:_identify(src/amiga-ros2-bridge/venv/lib/python3.10/site-packages/pip/_internal/operations/build/__pycache__) by extensions ['colcon_meta']
[2.703s] Level 1:colcon.colcon_core.package_identification:_identify(src/amiga-ros2-bridge/venv/lib/python3.10/site-packages/pip/_internal/operations/build/__pycache__) by extension 'colcon_meta'
[2.704s] Level 1:colcon.colcon_core.package_identification:_identify(src/amiga-ros2-bridge/venv/lib/python3.10/site-packages/pip/_internal/operations/build/__pycache__) by extensions ['ros']
[2.704s] Level 1:colcon.colcon_core.package_identification:_identify(src/amiga-ros2-bridge/venv/lib/python3.10/site-packages/pip/_internal/operations/build/__pycache__) by extension 'ros'
[2.704s] Level 1:colcon.colcon_core.package_identification:_identify(src/amiga-ros2-bridge/venv/lib/python3.10/site-packages/pip/_internal/operations/build/__pycache__) by extensions ['cmake', 'python']
[2.704s] Level 1:colcon.colcon_core.package_identification:_identify(src/amiga-ros2-bridge/venv/lib/python3.10/site-packages/pip/_internal/operations/build/__pycache__) by extension 'cmake'
[2.704s] Level 1:colcon.colcon_core.package_identification:_identify(src/amiga-ros2-bridge/venv/lib/python3.10/site-packages/pip/_internal/operations/build/__pycache__) by extension 'python'
[2.704s] Level 1:colcon.colcon_core.package_identification:_identify(src/amiga-ros2-bridge/venv/lib/python3.10/site-packages/pip/_internal/operations/build/__pycache__) by extensions ['python_setup_py']
[2.704s] Level 1:colcon.colcon_core.package_identification:_identify(src/amiga-ros2-bridge/venv/lib/python3.10/site-packages/pip/_internal/operations/build/__pycache__) by extension 'python_setup_py'
[2.705s] Level 1:colcon.colcon_core.package_identification:_identify(src/amiga-ros2-bridge/venv/lib/python3.10/site-packages/pip/_internal/operations/install) by extensions ['ignore', 'ignore_ament_install']
[2.705s] Level 1:colcon.colcon_core.package_identification:_identify(src/amiga-ros2-bridge/venv/lib/python3.10/site-packages/pip/_internal/operations/install) by extension 'ignore'
[2.705s] Level 1:colcon.colcon_core.package_identification:_identify(src/amiga-ros2-bridge/venv/lib/python3.10/site-packages/pip/_internal/operations/install) by extension 'ignore_ament_install'
[2.705s] Level 1:colcon.colcon_core.package_identification:_identify(src/amiga-ros2-bridge/venv/lib/python3.10/site-packages/pip/_internal/operations/install) by extensions ['colcon_pkg']
[2.705s] Level 1:colcon.colcon_core.package_identification:_identify(src/amiga-ros2-bridge/venv/lib/python3.10/site-packages/pip/_internal/operations/install) by extension 'colcon_pkg'
[2.705s] Level 1:colcon.colcon_core.package_identification:_identify(src/amiga-ros2-bridge/venv/lib/python3.10/site-packages/pip/_internal/operations/install) by extensions ['colcon_meta']
[2.705s] Level 1:colcon.colcon_core.package_identification:_identify(src/amiga-ros2-bridge/venv/lib/python3.10/site-packages/pip/_internal/operations/install) by extension 'colcon_meta'
[2.705s] Level 1:colcon.colcon_core.package_identification:_identify(src/amiga-ros2-bridge/venv/lib/python3.10/site-packages/pip/_internal/operations/install) by extensions ['ros']
[2.706s] Level 1:colcon.colcon_core.package_identification:_identify(src/amiga-ros2-bridge/venv/lib/python3.10/site-packages/pip/_internal/operations/install) by extension 'ros'
[2.706s] Level 1:colcon.colcon_core.package_identification:_identify(src/amiga-ros2-bridge/venv/lib/python3.10/site-packages/pip/_internal/operations/install) by extensions ['cmake', 'python']
[2.706s] Level 1:colcon.colcon_core.package_identification:_identify(src/amiga-ros2-bridge/venv/lib/python3.10/site-packages/pip/_internal/operations/install) by extension 'cmake'
[2.706s] Level 1:colcon.colcon_core.package_identification:_identify(src/amiga-ros2-bridge/venv/lib/python3.10/site-packages/pip/_internal/operations/install) by extension 'python'
[2.706s] Level 1:colcon.colcon_core.package_identification:_identify(src/amiga-ros2-bridge/venv/lib/python3.10/site-packages/pip/_internal/operations/install) by extensions ['python_setup_py']
[2.706s] Level 1:colcon.colcon_core.package_identification:_identify(src/amiga-ros2-bridge/venv/lib/python3.10/site-packages/pip/_internal/operations/install) by extension 'python_setup_py'
[2.706s] Level 1:colcon.colcon_core.package_identification:_identify(src/amiga-ros2-bridge/venv/lib/python3.10/site-packages/pip/_internal/operations/install/__pycache__) by extensions ['ignore', 'ignore_ament_install']
[2.707s] Level 1:colcon.colcon_core.package_identification:_identify(src/amiga-ros2-bridge/venv/lib/python3.10/site-packages/pip/_internal/operations/install/__pycache__) by extension 'ignore'
[2.707s] Level 1:colcon.colcon_core.package_identification:_identify(src/amiga-ros2-bridge/venv/lib/python3.10/site-packages/pip/_internal/operations/install/__pycache__) by extension 'ignore_ament_install'
[2.707s] Level 1:colcon.colcon_core.package_identification:_identify(src/amiga-ros2-bridge/venv/lib/python3.10/site-packages/pip/_internal/operations/install/__pycache__) by extensions ['colcon_pkg']
[2.707s] Level 1:colcon.colcon_core.package_identification:_identify(src/amiga-ros2-bridge/venv/lib/python3.10/site-packages/pip/_internal/operations/install/__pycache__) by extension 'colcon_pkg'
[2.707s] Level 1:colcon.colcon_core.package_identification:_identify(src/amiga-ros2-bridge/venv/lib/python3.10/site-packages/pip/_internal/operations/install/__pycache__) by extensions ['colcon_meta']
[2.707s] Level 1:colcon.colcon_core.package_identification:_identify(src/amiga-ros2-bridge/venv/lib/python3.10/site-packages/pip/_internal/operations/install/__pycache__) by extension 'colcon_meta'
[2.707s] Level 1:colcon.colcon_core.package_identification:_identify(src/amiga-ros2-bridge/venv/lib/python3.10/site-packages/pip/_internal/operations/install/__pycache__) by extensions ['ros']
[2.707s] Level 1:colcon.colcon_core.package_identification:_identify(src/amiga-ros2-bridge/venv/lib/python3.10/site-packages/pip/_internal/operations/install/__pycache__) by extension 'ros'
[2.708s] Level 1:colcon.colcon_core.package_identification:_identify(src/amiga-ros2-bridge/venv/lib/python3.10/site-packages/pip/_internal/operations/install/__pycache__) by extensions ['cmake', 'python']
[2.708s] Level 1:colcon.colcon_core.package_identification:_identify(src/amiga-ros2-bridge/venv/lib/python3.10/site-packages/pip/_internal/operations/install/__pycache__) by extension 'cmake'
[2.708s] Level 1:colcon.colcon_core.package_identification:_identify(src/amiga-ros2-bridge/venv/lib/python3.10/site-packages/pip/_internal/operations/install/__pycache__) by extension 'python'
[2.708s] Level 1:colcon.colcon_core.package_identification:_identify(src/amiga-ros2-bridge/venv/lib/python3.10/site-packages/pip/_internal/operations/install/__pycache__) by extensions ['python_setup_py']
[2.708s] Level 1:colcon.colcon_core.package_identification:_identify(src/amiga-ros2-bridge/venv/lib/python3.10/site-packages/pip/_internal/operations/install/__pycache__) by extension 'python_setup_py'
[2.708s] Level 1:colcon.colcon_core.package_identification:_identify(src/amiga-ros2-bridge/venv/lib/python3.10/site-packages/pip/_internal/req) by extensions ['ignore', 'ignore_ament_install']
[2.709s] Level 1:colcon.colcon_core.package_identification:_identify(src/amiga-ros2-bridge/venv/lib/python3.10/site-packages/pip/_internal/req) by extension 'ignore'
[2.709s] Level 1:colcon.colcon_core.package_identification:_identify(src/amiga-ros2-bridge/venv/lib/python3.10/site-packages/pip/_internal/req) by extension 'ignore_ament_install'
[2.709s] Level 1:colcon.colcon_core.package_identification:_identify(src/amiga-ros2-bridge/venv/lib/python3.10/site-packages/pip/_internal/req) by extensions ['colcon_pkg']
[2.709s] Level 1:colcon.colcon_core.package_identification:_identify(src/amiga-ros2-bridge/venv/lib/python3.10/site-packages/pip/_internal/req) by extension 'colcon_pkg'
[2.709s] Level 1:colcon.colcon_core.package_identification:_identify(src/amiga-ros2-bridge/venv/lib/python3.10/site-packages/pip/_internal/req) by extensions ['colcon_meta']
[2.709s] Level 1:colcon.colcon_core.package_identification:_identify(src/amiga-ros2-bridge/venv/lib/python3.10/site-packages/pip/_internal/req) by extension 'colcon_meta'
[2.709s] Level 1:colcon.colcon_core.package_identification:_identify(src/amiga-ros2-bridge/venv/lib/python3.10/site-packages/pip/_internal/req) by extensions ['ros']
[2.709s] Level 1:colcon.colcon_core.package_identification:_identify(src/amiga-ros2-bridge/venv/lib/python3.10/site-packages/pip/_internal/req) by extension 'ros'
[2.709s] Level 1:colcon.colcon_core.package_identification:_identify(src/amiga-ros2-bridge/venv/lib/python3.10/site-packages/pip/_internal/req) by extensions ['cmake', 'python']
[2.710s] Level 1:colcon.colcon_core.package_identification:_identify(src/amiga-ros2-bridge/venv/lib/python3.10/site-packages/pip/_internal/req) by extension 'cmake'
[2.710s] Level 1:colcon.colcon_core.package_identification:_identify(src/amiga-ros2-bridge/venv/lib/python3.10/site-packages/pip/_internal/req) by extension 'python'
[2.710s] Level 1:colcon.colcon_core.package_identification:_identify(src/amiga-ros2-bridge/venv/lib/python3.10/site-packages/pip/_internal/req) by extensions ['python_setup_py']
[2.710s] Level 1:colcon.colcon_core.package_identification:_identify(src/amiga-ros2-bridge/venv/lib/python3.10/site-packages/pip/_internal/req) by extension 'python_setup_py'
[2.710s] Level 1:colcon.colcon_core.package_identification:_identify(src/amiga-ros2-bridge/venv/lib/python3.10/site-packages/pip/_internal/req/__pycache__) by extensions ['ignore', 'ignore_ament_install']
[2.710s] Level 1:colcon.colcon_core.package_identification:_identify(src/amiga-ros2-bridge/venv/lib/python3.10/site-packages/pip/_internal/req/__pycache__) by extension 'ignore'
[2.710s] Level 1:colcon.colcon_core.package_identification:_identify(src/amiga-ros2-bridge/venv/lib/python3.10/site-packages/pip/_internal/req/__pycache__) by extension 'ignore_ament_install'
[2.711s] Level 1:colcon.colcon_core.package_identification:_identify(src/amiga-ros2-bridge/venv/lib/python3.10/site-packages/pip/_internal/req/__pycache__) by extensions ['colcon_pkg']
[2.711s] Level 1:colcon.colcon_core.package_identification:_identify(src/amiga-ros2-bridge/venv/lib/python3.10/site-packages/pip/_internal/req/__pycache__) by extension 'colcon_pkg'
[2.711s] Level 1:colcon.colcon_core.package_identification:_identify(src/amiga-ros2-bridge/venv/lib/python3.10/site-packages/pip/_internal/req/__pycache__) by extensions ['colcon_meta']
[2.711s] Level 1:colcon.colcon_core.package_identification:_identify(src/amiga-ros2-bridge/venv/lib/python3.10/site-packages/pip/_internal/req/__pycache__) by extension 'colcon_meta'
[2.711s] Level 1:colcon.colcon_core.package_identification:_identify(src/amiga-ros2-bridge/venv/lib/python3.10/site-packages/pip/_internal/req/__pycache__) by extensions ['ros']
[2.711s] Level 1:colcon.colcon_core.package_identification:_identify(src/amiga-ros2-bridge/venv/lib/python3.10/site-packages/pip/_internal/req/__pycache__) by extension 'ros'
[2.711s] Level 1:colcon.colcon_core.package_identification:_identify(src/amiga-ros2-bridge/venv/lib/python3.10/site-packages/pip/_internal/req/__pycache__) by extensions ['cmake', 'python']
[2.711s] Level 1:colcon.colcon_core.package_identification:_identify(src/amiga-ros2-bridge/venv/lib/python3.10/site-packages/pip/_internal/req/__pycache__) by extension 'cmake'
[2.711s] Level 1:colcon.colcon_core.package_identification:_identify(src/amiga-ros2-bridge/venv/lib/python3.10/site-packages/pip/_internal/req/__pycache__) by extension 'python'
[2.712s] Level 1:colcon.colcon_core.package_identification:_identify(src/amiga-ros2-bridge/venv/lib/python3.10/site-packages/pip/_internal/req/__pycache__) by extensions ['python_setup_py']
[2.712s] Level 1:colcon.colcon_core.package_identification:_identify(src/amiga-ros2-bridge/venv/lib/python3.10/site-packages/pip/_internal/req/__pycache__) by extension 'python_setup_py'
[2.712s] Level 1:colcon.colcon_core.package_identification:_identify(src/amiga-ros2-bridge/venv/lib/python3.10/site-packages/pip/_internal/resolution) by extensions ['ignore', 'ignore_ament_install']
[2.712s] Level 1:colcon.colcon_core.package_identification:_identify(src/amiga-ros2-bridge/venv/lib/python3.10/site-packages/pip/_internal/resolution) by extension 'ignore'
[2.712s] Level 1:colcon.colcon_core.package_identification:_identify(src/amiga-ros2-bridge/venv/lib/python3.10/site-packages/pip/_internal/resolution) by extension 'ignore_ament_install'
[2.713s] Level 1:colcon.colcon_core.package_identification:_identify(src/amiga-ros2-bridge/venv/lib/python3.10/site-packages/pip/_internal/resolution) by extensions ['colcon_pkg']
[2.713s] Level 1:colcon.colcon_core.package_identification:_identify(src/amiga-ros2-bridge/venv/lib/python3.10/site-packages/pip/_internal/resolution) by extension 'colcon_pkg'
[2.713s] Level 1:colcon.colcon_core.package_identification:_identify(src/amiga-ros2-bridge/venv/lib/python3.10/site-packages/pip/_internal/resolution) by extensions ['colcon_meta']
[2.713s] Level 1:colcon.colcon_core.package_identification:_identify(src/amiga-ros2-bridge/venv/lib/python3.10/site-packages/pip/_internal/resolution) by extension 'colcon_meta'
[2.713s] Level 1:colcon.colcon_core.package_identification:_identify(src/amiga-ros2-bridge/venv/lib/python3.10/site-packages/pip/_internal/resolution) by extensions ['ros']
[2.713s] Level 1:colcon.colcon_core.package_identification:_identify(src/amiga-ros2-bridge/venv/lib/python3.10/site-packages/pip/_internal/resolution) by extension 'ros'
[2.713s] Level 1:colcon.colcon_core.package_identification:_identify(src/amiga-ros2-bridge/venv/lib/python3.10/site-packages/pip/_internal/resolution) by extensions ['cmake', 'python']
[2.713s] Level 1:colcon.colcon_core.package_identification:_identify(src/amiga-ros2-bridge/venv/lib/python3.10/site-packages/pip/_internal/resolution) by extension 'cmake'
[2.713s] Level 1:colcon.colcon_core.package_identification:_identify(src/amiga-ros2-bridge/venv/lib/python3.10/site-packages/pip/_internal/resolution) by extension 'python'
[2.713s] Level 1:colcon.colcon_core.package_identification:_identify(src/amiga-ros2-bridge/venv/lib/python3.10/site-packages/pip/_internal/resolution) by extensions ['python_setup_py']
[2.714s] Level 1:colcon.colcon_core.package_identification:_identify(src/amiga-ros2-bridge/venv/lib/python3.10/site-packages/pip/_internal/resolution) by extension 'python_setup_py'
[2.714s] Level 1:colcon.colcon_core.package_identification:_identify(src/amiga-ros2-bridge/venv/lib/python3.10/site-packages/pip/_internal/resolution/__pycache__) by extensions ['ignore', 'ignore_ament_install']
[2.714s] Level 1:colcon.colcon_core.package_identification:_identify(src/amiga-ros2-bridge/venv/lib/python3.10/site-packages/pip/_internal/resolution/__pycache__) by extension 'ignore'
[2.714s] Level 1:colcon.colcon_core.package_identification:_identify(src/amiga-ros2-bridge/venv/lib/python3.10/site-packages/pip/_internal/resolution/__pycache__) by extension 'ignore_ament_install'
[2.714s] Level 1:colcon.colcon_core.package_identification:_identify(src/amiga-ros2-bridge/venv/lib/python3.10/site-packages/pip/_internal/resolution/__pycache__) by extensions ['colcon_pkg']
[2.714s] Level 1:colcon.colcon_core.package_identification:_identify(src/amiga-ros2-bridge/venv/lib/python3.10/site-packages/pip/_internal/resolution/__pycache__) by extension 'colcon_pkg'
[2.715s] Level 1:colcon.colcon_core.package_identification:_identify(src/amiga-ros2-bridge/venv/lib/python3.10/site-packages/pip/_internal/resolution/__pycache__) by extensions ['colcon_meta']
[2.715s] Level 1:colcon.colcon_core.package_identification:_identify(src/amiga-ros2-bridge/venv/lib/python3.10/site-packages/pip/_internal/resolution/__pycache__) by extension 'colcon_meta'
[2.715s] Level 1:colcon.colcon_core.package_identification:_identify(src/amiga-ros2-bridge/venv/lib/python3.10/site-packages/pip/_internal/resolution/__pycache__) by extensions ['ros']
[2.715s] Level 1:colcon.colcon_core.package_identification:_identify(src/amiga-ros2-bridge/venv/lib/python3.10/site-packages/pip/_internal/resolution/__pycache__) by extension 'ros'
[2.715s] Level 1:colcon.colcon_core.package_identification:_identify(src/amiga-ros2-bridge/venv/lib/python3.10/site-packages/pip/_internal/resolution/__pycache__) by extensions ['cmake', 'python']
[2.715s] Level 1:colcon.colcon_core.package_identification:_identify(src/amiga-ros2-bridge/venv/lib/python3.10/site-packages/pip/_internal/resolution/__pycache__) by extension 'cmake'
[2.715s] Level 1:colcon.colcon_core.package_identification:_identify(src/amiga-ros2-bridge/venv/lib/python3.10/site-packages/pip/_internal/resolution/__pycache__) by extension 'python'
[2.715s] Level 1:colcon.colcon_core.package_identification:_identify(src/amiga-ros2-bridge/venv/lib/python3.10/site-packages/pip/_internal/resolution/__pycache__) by extensions ['python_setup_py']
[2.715s] Level 1:colcon.colcon_core.package_identification:_identify(src/amiga-ros2-bridge/venv/lib/python3.10/site-packages/pip/_internal/resolution/__pycache__) by extension 'python_setup_py'
[2.716s] Level 1:colcon.colcon_core.package_identification:_identify(src/amiga-ros2-bridge/venv/lib/python3.10/site-packages/pip/_internal/resolution/legacy) by extensions ['ignore', 'ignore_ament_install']
[2.716s] Level 1:colcon.colcon_core.package_identification:_identify(src/amiga-ros2-bridge/venv/lib/python3.10/site-packages/pip/_internal/resolution/legacy) by extension 'ignore'
[2.716s] Level 1:colcon.colcon_core.package_identification:_identify(src/amiga-ros2-bridge/venv/lib/python3.10/site-packages/pip/_internal/resolution/legacy) by extension 'ignore_ament_install'
[2.716s] Level 1:colcon.colcon_core.package_identification:_identify(src/amiga-ros2-bridge/venv/lib/python3.10/site-packages/pip/_internal/resolution/legacy) by extensions ['colcon_pkg']
[2.716s] Level 1:colcon.colcon_core.package_identification:_identify(src/amiga-ros2-bridge/venv/lib/python3.10/site-packages/pip/_internal/resolution/legacy) by extension 'colcon_pkg'
[2.716s] Level 1:colcon.colcon_core.package_identification:_identify(src/amiga-ros2-bridge/venv/lib/python3.10/site-packages/pip/_internal/resolution/legacy) by extensions ['colcon_meta']
[2.716s] Level 1:colcon.colcon_core.package_identification:_identify(src/amiga-ros2-bridge/venv/lib/python3.10/site-packages/pip/_internal/resolution/legacy) by extension 'colcon_meta'
[2.717s] Level 1:colcon.colcon_core.package_identification:_identify(src/amiga-ros2-bridge/venv/lib/python3.10/site-packages/pip/_internal/resolution/legacy) by extensions ['ros']
[2.717s] Level 1:colcon.colcon_core.package_identification:_identify(src/amiga-ros2-bridge/venv/lib/python3.10/site-packages/pip/_internal/resolution/legacy) by extension 'ros'
[2.717s] Level 1:colcon.colcon_core.package_identification:_identify(src/amiga-ros2-bridge/venv/lib/python3.10/site-packages/pip/_internal/resolution/legacy) by extensions ['cmake', 'python']
[2.717s] Level 1:colcon.colcon_core.package_identification:_identify(src/amiga-ros2-bridge/venv/lib/python3.10/site-packages/pip/_internal/resolution/legacy) by extension 'cmake'
[2.717s] Level 1:colcon.colcon_core.package_identification:_identify(src/amiga-ros2-bridge/venv/lib/python3.10/site-packages/pip/_internal/resolution/legacy) by extension 'python'
[2.717s] Level 1:colcon.colcon_core.package_identification:_identify(src/amiga-ros2-bridge/venv/lib/python3.10/site-packages/pip/_internal/resolution/legacy) by extensions ['python_setup_py']
[2.717s] Level 1:colcon.colcon_core.package_identification:_identify(src/amiga-ros2-bridge/venv/lib/python3.10/site-packages/pip/_internal/resolution/legacy) by extension 'python_setup_py'
[2.718s] Level 1:colcon.colcon_core.package_identification:_identify(src/amiga-ros2-bridge/venv/lib/python3.10/site-packages/pip/_internal/resolution/legacy/__pycache__) by extensions ['ignore', 'ignore_ament_install']
[2.718s] Level 1:colcon.colcon_core.package_identification:_identify(src/amiga-ros2-bridge/venv/lib/python3.10/site-packages/pip/_internal/resolution/legacy/__pycache__) by extension 'ignore'
[2.718s] Level 1:colcon.colcon_core.package_identification:_identify(src/amiga-ros2-bridge/venv/lib/python3.10/site-packages/pip/_internal/resolution/legacy/__pycache__) by extension 'ignore_ament_install'
[2.718s] Level 1:colcon.colcon_core.package_identification:_identify(src/amiga-ros2-bridge/venv/lib/python3.10/site-packages/pip/_internal/resolution/legacy/__pycache__) by extensions ['colcon_pkg']
[2.718s] Level 1:colcon.colcon_core.package_identification:_identify(src/amiga-ros2-bridge/venv/lib/python3.10/site-packages/pip/_internal/resolution/legacy/__pycache__) by extension 'colcon_pkg'
[2.718s] Level 1:colcon.colcon_core.package_identification:_identify(src/amiga-ros2-bridge/venv/lib/python3.10/site-packages/pip/_internal/resolution/legacy/__pycache__) by extensions ['colcon_meta']
[2.718s] Level 1:colcon.colcon_core.package_identification:_identify(src/amiga-ros2-bridge/venv/lib/python3.10/site-packages/pip/_internal/resolution/legacy/__pycache__) by extension 'colcon_meta'
[2.719s] Level 1:colcon.colcon_core.package_identification:_identify(src/amiga-ros2-bridge/venv/lib/python3.10/site-packages/pip/_internal/resolution/legacy/__pycache__) by extensions ['ros']
[2.719s] Level 1:colcon.colcon_core.package_identification:_identify(src/amiga-ros2-bridge/venv/lib/python3.10/site-packages/pip/_internal/resolution/legacy/__pycache__) by extension 'ros'
[2.719s] Level 1:colcon.colcon_core.package_identification:_identify(src/amiga-ros2-bridge/venv/lib/python3.10/site-packages/pip/_internal/resolution/legacy/__pycache__) by extensions ['cmake', 'python']
[2.719s] Level 1:colcon.colcon_core.package_identification:_identify(src/amiga-ros2-bridge/venv/lib/python3.10/site-packages/pip/_internal/resolution/legacy/__pycache__) by extension 'cmake'
[2.719s] Level 1:colcon.colcon_core.package_identification:_identify(src/amiga-ros2-bridge/venv/lib/python3.10/site-packages/pip/_internal/resolution/legacy/__pycache__) by extension 'python'
[2.719s] Level 1:colcon.colcon_core.package_identification:_identify(src/amiga-ros2-bridge/venv/lib/python3.10/site-packages/pip/_internal/resolution/legacy/__pycache__) by extensions ['python_setup_py']
[2.719s] Level 1:colcon.colcon_core.package_identification:_identify(src/amiga-ros2-bridge/venv/lib/python3.10/site-packages/pip/_internal/resolution/legacy/__pycache__) by extension 'python_setup_py'
[2.720s] Level 1:colcon.colcon_core.package_identification:_identify(src/amiga-ros2-bridge/venv/lib/python3.10/site-packages/pip/_internal/resolution/resolvelib) by extensions ['ignore', 'ignore_ament_install']
[2.720s] Level 1:colcon.colcon_core.package_identification:_identify(src/amiga-ros2-bridge/venv/lib/python3.10/site-packages/pip/_internal/resolution/resolvelib) by extension 'ignore'
[2.720s] Level 1:colcon.colcon_core.package_identification:_identify(src/amiga-ros2-bridge/venv/lib/python3.10/site-packages/pip/_internal/resolution/resolvelib) by extension 'ignore_ament_install'
[2.720s] Level 1:colcon.colcon_core.package_identification:_identify(src/amiga-ros2-bridge/venv/lib/python3.10/site-packages/pip/_internal/resolution/resolvelib) by extensions ['colcon_pkg']
[2.720s] Level 1:colcon.colcon_core.package_identification:_identify(src/amiga-ros2-bridge/venv/lib/python3.10/site-packages/pip/_internal/resolution/resolvelib) by extension 'colcon_pkg'
[2.720s] Level 1:colcon.colcon_core.package_identification:_identify(src/amiga-ros2-bridge/venv/lib/python3.10/site-packages/pip/_internal/resolution/resolvelib) by extensions ['colcon_meta']
[2.720s] Level 1:colcon.colcon_core.package_identification:_identify(src/amiga-ros2-bridge/venv/lib/python3.10/site-packages/pip/_internal/resolution/resolvelib) by extension 'colcon_meta'
[2.720s] Level 1:colcon.colcon_core.package_identification:_identify(src/amiga-ros2-bridge/venv/lib/python3.10/site-packages/pip/_internal/resolution/resolvelib) by extensions ['ros']
[2.720s] Level 1:colcon.colcon_core.package_identification:_identify(src/amiga-ros2-bridge/venv/lib/python3.10/site-packages/pip/_internal/resolution/resolvelib) by extension 'ros'
[2.721s] Level 1:colcon.colcon_core.package_identification:_identify(src/amiga-ros2-bridge/venv/lib/python3.10/site-packages/pip/_internal/resolution/resolvelib) by extensions ['cmake', 'python']
[2.721s] Level 1:colcon.colcon_core.package_identification:_identify(src/amiga-ros2-bridge/venv/lib/python3.10/site-packages/pip/_internal/resolution/resolvelib) by extension 'cmake'
[2.721s] Level 1:colcon.colcon_core.package_identification:_identify(src/amiga-ros2-bridge/venv/lib/python3.10/site-packages/pip/_internal/resolution/resolvelib) by extension 'python'
[2.721s] Level 1:colcon.colcon_core.package_identification:_identify(src/amiga-ros2-bridge/venv/lib/python3.10/site-packages/pip/_internal/resolution/resolvelib) by extensions ['python_setup_py']
[2.721s] Level 1:colcon.colcon_core.package_identification:_identify(src/amiga-ros2-bridge/venv/lib/python3.10/site-packages/pip/_internal/resolution/resolvelib) by extension 'python_setup_py'
[2.721s] Level 1:colcon.colcon_core.package_identification:_identify(src/amiga-ros2-bridge/venv/lib/python3.10/site-packages/pip/_internal/resolution/resolvelib/__pycache__) by extensions ['ignore', 'ignore_ament_install']
[2.722s] Level 1:colcon.colcon_core.package_identification:_identify(src/amiga-ros2-bridge/venv/lib/python3.10/site-packages/pip/_internal/resolution/resolvelib/__pycache__) by extension 'ignore'
[2.722s] Level 1:colcon.colcon_core.package_identification:_identify(src/amiga-ros2-bridge/venv/lib/python3.10/site-packages/pip/_internal/resolution/resolvelib/__pycache__) by extension 'ignore_ament_install'
[2.722s] Level 1:colcon.colcon_core.package_identification:_identify(src/amiga-ros2-bridge/venv/lib/python3.10/site-packages/pip/_internal/resolution/resolvelib/__pycache__) by extensions ['colcon_pkg']
[2.722s] Level 1:colcon.colcon_core.package_identification:_identify(src/amiga-ros2-bridge/venv/lib/python3.10/site-packages/pip/_internal/resolution/resolvelib/__pycache__) by extension 'colcon_pkg'
[2.722s] Level 1:colcon.colcon_core.package_identification:_identify(src/amiga-ros2-bridge/venv/lib/python3.10/site-packages/pip/_internal/resolution/resolvelib/__pycache__) by extensions ['colcon_meta']
[2.722s] Level 1:colcon.colcon_core.package_identification:_identify(src/amiga-ros2-bridge/venv/lib/python3.10/site-packages/pip/_internal/resolution/resolvelib/__pycache__) by extension 'colcon_meta'
[2.722s] Level 1:colcon.colcon_core.package_identification:_identify(src/amiga-ros2-bridge/venv/lib/python3.10/site-packages/pip/_internal/resolution/resolvelib/__pycache__) by extensions ['ros']
[2.722s] Level 1:colcon.colcon_core.package_identification:_identify(src/amiga-ros2-bridge/venv/lib/python3.10/site-packages/pip/_internal/resolution/resolvelib/__pycache__) by extension 'ros'
[2.723s] Level 1:colcon.colcon_core.package_identification:_identify(src/amiga-ros2-bridge/venv/lib/python3.10/site-packages/pip/_internal/resolution/resolvelib/__pycache__) by extensions ['cmake', 'python']
[2.723s] Level 1:colcon.colcon_core.package_identification:_identify(src/amiga-ros2-bridge/venv/lib/python3.10/site-packages/pip/_internal/resolution/resolvelib/__pycache__) by extension 'cmake'
[2.723s] Level 1:colcon.colcon_core.package_identification:_identify(src/amiga-ros2-bridge/venv/lib/python3.10/site-packages/pip/_internal/resolution/resolvelib/__pycache__) by extension 'python'
[2.723s] Level 1:colcon.colcon_core.package_identification:_identify(src/amiga-ros2-bridge/venv/lib/python3.10/site-packages/pip/_internal/resolution/resolvelib/__pycache__) by extensions ['python_setup_py']
[2.723s] Level 1:colcon.colcon_core.package_identification:_identify(src/amiga-ros2-bridge/venv/lib/python3.10/site-packages/pip/_internal/resolution/resolvelib/__pycache__) by extension 'python_setup_py'
[2.723s] Level 1:colcon.colcon_core.package_identification:_identify(src/amiga-ros2-bridge/venv/lib/python3.10/site-packages/pip/_internal/utils) by extensions ['ignore', 'ignore_ament_install']
[2.724s] Level 1:colcon.colcon_core.package_identification:_identify(src/amiga-ros2-bridge/venv/lib/python3.10/site-packages/pip/_internal/utils) by extension 'ignore'
[2.724s] Level 1:colcon.colcon_core.package_identification:_identify(src/amiga-ros2-bridge/venv/lib/python3.10/site-packages/pip/_internal/utils) by extension 'ignore_ament_install'
[2.724s] Level 1:colcon.colcon_core.package_identification:_identify(src/amiga-ros2-bridge/venv/lib/python3.10/site-packages/pip/_internal/utils) by extensions ['colcon_pkg']
[2.724s] Level 1:colcon.colcon_core.package_identification:_identify(src/amiga-ros2-bridge/venv/lib/python3.10/site-packages/pip/_internal/utils) by extension 'colcon_pkg'
[2.724s] Level 1:colcon.colcon_core.package_identification:_identify(src/amiga-ros2-bridge/venv/lib/python3.10/site-packages/pip/_internal/utils) by extensions ['colcon_meta']
[2.724s] Level 1:colcon.colcon_core.package_identification:_identify(src/amiga-ros2-bridge/venv/lib/python3.10/site-packages/pip/_internal/utils) by extension 'colcon_meta'
[2.724s] Level 1:colcon.colcon_core.package_identification:_identify(src/amiga-ros2-bridge/venv/lib/python3.10/site-packages/pip/_internal/utils) by extensions ['ros']
[2.724s] Level 1:colcon.colcon_core.package_identification:_identify(src/amiga-ros2-bridge/venv/lib/python3.10/site-packages/pip/_internal/utils) by extension 'ros'
[2.724s] Level 1:colcon.colcon_core.package_identification:_identify(src/amiga-ros2-bridge/venv/lib/python3.10/site-packages/pip/_internal/utils) by extensions ['cmake', 'python']
[2.725s] Level 1:colcon.colcon_core.package_identification:_identify(src/amiga-ros2-bridge/venv/lib/python3.10/site-packages/pip/_internal/utils) by extension 'cmake'
[2.725s] Level 1:colcon.colcon_core.package_identification:_identify(src/amiga-ros2-bridge/venv/lib/python3.10/site-packages/pip/_internal/utils) by extension 'python'
[2.725s] Level 1:colcon.colcon_core.package_identification:_identify(src/amiga-ros2-bridge/venv/lib/python3.10/site-packages/pip/_internal/utils) by extensions ['python_setup_py']
[2.725s] Level 1:colcon.colcon_core.package_identification:_identify(src/amiga-ros2-bridge/venv/lib/python3.10/site-packages/pip/_internal/utils) by extension 'python_setup_py'
[2.725s] Level 1:colcon.colcon_core.package_identification:_identify(src/amiga-ros2-bridge/venv/lib/python3.10/site-packages/pip/_internal/utils/__pycache__) by extensions ['ignore', 'ignore_ament_install']
[2.725s] Level 1:colcon.colcon_core.package_identification:_identify(src/amiga-ros2-bridge/venv/lib/python3.10/site-packages/pip/_internal/utils/__pycache__) by extension 'ignore'
[2.726s] Level 1:colcon.colcon_core.package_identification:_identify(src/amiga-ros2-bridge/venv/lib/python3.10/site-packages/pip/_internal/utils/__pycache__) by extension 'ignore_ament_install'
[2.726s] Level 1:colcon.colcon_core.package_identification:_identify(src/amiga-ros2-bridge/venv/lib/python3.10/site-packages/pip/_internal/utils/__pycache__) by extensions ['colcon_pkg']
[2.726s] Level 1:colcon.colcon_core.package_identification:_identify(src/amiga-ros2-bridge/venv/lib/python3.10/site-packages/pip/_internal/utils/__pycache__) by extension 'colcon_pkg'
[2.726s] Level 1:colcon.colcon_core.package_identification:_identify(src/amiga-ros2-bridge/venv/lib/python3.10/site-packages/pip/_internal/utils/__pycache__) by extensions ['colcon_meta']
[2.726s] Level 1:colcon.colcon_core.package_identification:_identify(src/amiga-ros2-bridge/venv/lib/python3.10/site-packages/pip/_internal/utils/__pycache__) by extension 'colcon_meta'
[2.726s] Level 1:colcon.colcon_core.package_identification:_identify(src/amiga-ros2-bridge/venv/lib/python3.10/site-packages/pip/_internal/utils/__pycache__) by extensions ['ros']
[2.726s] Level 1:colcon.colcon_core.package_identification:_identify(src/amiga-ros2-bridge/venv/lib/python3.10/site-packages/pip/_internal/utils/__pycache__) by extension 'ros'
[2.726s] Level 1:colcon.colcon_core.package_identification:_identify(src/amiga-ros2-bridge/venv/lib/python3.10/site-packages/pip/_internal/utils/__pycache__) by extensions ['cmake', 'python']
[2.726s] Level 1:colcon.colcon_core.package_identification:_identify(src/amiga-ros2-bridge/venv/lib/python3.10/site-packages/pip/_internal/utils/__pycache__) by extension 'cmake'
[2.727s] Level 1:colcon.colcon_core.package_identification:_identify(src/amiga-ros2-bridge/venv/lib/python3.10/site-packages/pip/_internal/utils/__pycache__) by extension 'python'
[2.727s] Level 1:colcon.colcon_core.package_identification:_identify(src/amiga-ros2-bridge/venv/lib/python3.10/site-packages/pip/_internal/utils/__pycache__) by extensions ['python_setup_py']
[2.727s] Level 1:colcon.colcon_core.package_identification:_identify(src/amiga-ros2-bridge/venv/lib/python3.10/site-packages/pip/_internal/utils/__pycache__) by extension 'python_setup_py'
[2.727s] Level 1:colcon.colcon_core.package_identification:_identify(src/amiga-ros2-bridge/venv/lib/python3.10/site-packages/pip/_internal/vcs) by extensions ['ignore', 'ignore_ament_install']
[2.727s] Level 1:colcon.colcon_core.package_identification:_identify(src/amiga-ros2-bridge/venv/lib/python3.10/site-packages/pip/_internal/vcs) by extension 'ignore'
[2.727s] Level 1:colcon.colcon_core.package_identification:_identify(src/amiga-ros2-bridge/venv/lib/python3.10/site-packages/pip/_internal/vcs) by extension 'ignore_ament_install'
[2.728s] Level 1:colcon.colcon_core.package_identification:_identify(src/amiga-ros2-bridge/venv/lib/python3.10/site-packages/pip/_internal/vcs) by extensions ['colcon_pkg']
[2.728s] Level 1:colcon.colcon_core.package_identification:_identify(src/amiga-ros2-bridge/venv/lib/python3.10/site-packages/pip/_internal/vcs) by extension 'colcon_pkg'
[2.728s] Level 1:colcon.colcon_core.package_identification:_identify(src/amiga-ros2-bridge/venv/lib/python3.10/site-packages/pip/_internal/vcs) by extensions ['colcon_meta']
[2.728s] Level 1:colcon.colcon_core.package_identification:_identify(src/amiga-ros2-bridge/venv/lib/python3.10/site-packages/pip/_internal/vcs) by extension 'colcon_meta'
[2.728s] Level 1:colcon.colcon_core.package_identification:_identify(src/amiga-ros2-bridge/venv/lib/python3.10/site-packages/pip/_internal/vcs) by extensions ['ros']
[2.728s] Level 1:colcon.colcon_core.package_identification:_identify(src/amiga-ros2-bridge/venv/lib/python3.10/site-packages/pip/_internal/vcs) by extension 'ros'
[2.728s] Level 1:colcon.colcon_core.package_identification:_identify(src/amiga-ros2-bridge/venv/lib/python3.10/site-packages/pip/_internal/vcs) by extensions ['cmake', 'python']
[2.728s] Level 1:colcon.colcon_core.package_identification:_identify(src/amiga-ros2-bridge/venv/lib/python3.10/site-packages/pip/_internal/vcs) by extension 'cmake'
[2.728s] Level 1:colcon.colcon_core.package_identification:_identify(src/amiga-ros2-bridge/venv/lib/python3.10/site-packages/pip/_internal/vcs) by extension 'python'
[2.728s] Level 1:colcon.colcon_core.package_identification:_identify(src/amiga-ros2-bridge/venv/lib/python3.10/site-packages/pip/_internal/vcs) by extensions ['python_setup_py']
[2.729s] Level 1:colcon.colcon_core.package_identification:_identify(src/amiga-ros2-bridge/venv/lib/python3.10/site-packages/pip/_internal/vcs) by extension 'python_setup_py'
[2.729s] Level 1:colcon.colcon_core.package_identification:_identify(src/amiga-ros2-bridge/venv/lib/python3.10/site-packages/pip/_internal/vcs/__pycache__) by extensions ['ignore', 'ignore_ament_install']
[2.729s] Level 1:colcon.colcon_core.package_identification:_identify(src/amiga-ros2-bridge/venv/lib/python3.10/site-packages/pip/_internal/vcs/__pycache__) by extension 'ignore'
[2.729s] Level 1:colcon.colcon_core.package_identification:_identify(src/amiga-ros2-bridge/venv/lib/python3.10/site-packages/pip/_internal/vcs/__pycache__) by extension 'ignore_ament_install'
[2.729s] Level 1:colcon.colcon_core.package_identification:_identify(src/amiga-ros2-bridge/venv/lib/python3.10/site-packages/pip/_internal/vcs/__pycache__) by extensions ['colcon_pkg']
[2.729s] Level 1:colcon.colcon_core.package_identification:_identify(src/amiga-ros2-bridge/venv/lib/python3.10/site-packages/pip/_internal/vcs/__pycache__) by extension 'colcon_pkg'
[2.730s] Level 1:colcon.colcon_core.package_identification:_identify(src/amiga-ros2-bridge/venv/lib/python3.10/site-packages/pip/_internal/vcs/__pycache__) by extensions ['colcon_meta']
[2.730s] Level 1:colcon.colcon_core.package_identification:_identify(src/amiga-ros2-bridge/venv/lib/python3.10/site-packages/pip/_internal/vcs/__pycache__) by extension 'colcon_meta'
[2.730s] Level 1:colcon.colcon_core.package_identification:_identify(src/amiga-ros2-bridge/venv/lib/python3.10/site-packages/pip/_internal/vcs/__pycache__) by extensions ['ros']
[2.730s] Level 1:colcon.colcon_core.package_identification:_identify(src/amiga-ros2-bridge/venv/lib/python3.10/site-packages/pip/_internal/vcs/__pycache__) by extension 'ros'
[2.730s] Level 1:colcon.colcon_core.package_identification:_identify(src/amiga-ros2-bridge/venv/lib/python3.10/site-packages/pip/_internal/vcs/__pycache__) by extensions ['cmake', 'python']
[2.730s] Level 1:colcon.colcon_core.package_identification:_identify(src/amiga-ros2-bridge/venv/lib/python3.10/site-packages/pip/_internal/vcs/__pycache__) by extension 'cmake'
[2.730s] Level 1:colcon.colcon_core.package_identification:_identify(src/amiga-ros2-bridge/venv/lib/python3.10/site-packages/pip/_internal/vcs/__pycache__) by extension 'python'
[2.730s] Level 1:colcon.colcon_core.package_identification:_identify(src/amiga-ros2-bridge/venv/lib/python3.10/site-packages/pip/_internal/vcs/__pycache__) by extensions ['python_setup_py']
[2.730s] Level 1:colcon.colcon_core.package_identification:_identify(src/amiga-ros2-bridge/venv/lib/python3.10/site-packages/pip/_internal/vcs/__pycache__) by extension 'python_setup_py'
[2.731s] Level 1:colcon.colcon_core.package_identification:_identify(src/amiga-ros2-bridge/venv/lib/python3.10/site-packages/pip/_vendor) by extensions ['ignore', 'ignore_ament_install']
[2.731s] Level 1:colcon.colcon_core.package_identification:_identify(src/amiga-ros2-bridge/venv/lib/python3.10/site-packages/pip/_vendor) by extension 'ignore'
[2.731s] Level 1:colcon.colcon_core.package_identification:_identify(src/amiga-ros2-bridge/venv/lib/python3.10/site-packages/pip/_vendor) by extension 'ignore_ament_install'
[2.731s] Level 1:colcon.colcon_core.package_identification:_identify(src/amiga-ros2-bridge/venv/lib/python3.10/site-packages/pip/_vendor) by extensions ['colcon_pkg']
[2.731s] Level 1:colcon.colcon_core.package_identification:_identify(src/amiga-ros2-bridge/venv/lib/python3.10/site-packages/pip/_vendor) by extension 'colcon_pkg'
[2.731s] Level 1:colcon.colcon_core.package_identification:_identify(src/amiga-ros2-bridge/venv/lib/python3.10/site-packages/pip/_vendor) by extensions ['colcon_meta']
[2.731s] Level 1:colcon.colcon_core.package_identification:_identify(src/amiga-ros2-bridge/venv/lib/python3.10/site-packages/pip/_vendor) by extension 'colcon_meta'
[2.732s] Level 1:colcon.colcon_core.package_identification:_identify(src/amiga-ros2-bridge/venv/lib/python3.10/site-packages/pip/_vendor) by extensions ['ros']
[2.732s] Level 1:colcon.colcon_core.package_identification:_identify(src/amiga-ros2-bridge/venv/lib/python3.10/site-packages/pip/_vendor) by extension 'ros'
[2.732s] Level 1:colcon.colcon_core.package_identification:_identify(src/amiga-ros2-bridge/venv/lib/python3.10/site-packages/pip/_vendor) by extensions ['cmake', 'python']
[2.732s] Level 1:colcon.colcon_core.package_identification:_identify(src/amiga-ros2-bridge/venv/lib/python3.10/site-packages/pip/_vendor) by extension 'cmake'
[2.732s] Level 1:colcon.colcon_core.package_identification:_identify(src/amiga-ros2-bridge/venv/lib/python3.10/site-packages/pip/_vendor) by extension 'python'
[2.732s] Level 1:colcon.colcon_core.package_identification:_identify(src/amiga-ros2-bridge/venv/lib/python3.10/site-packages/pip/_vendor) by extensions ['python_setup_py']
[2.732s] Level 1:colcon.colcon_core.package_identification:_identify(src/amiga-ros2-bridge/venv/lib/python3.10/site-packages/pip/_vendor) by extension 'python_setup_py'
[2.733s] Level 1:colcon.colcon_core.package_identification:_identify(src/amiga-ros2-bridge/venv/lib/python3.10/site-packages/pip/_vendor/__pycache__) by extensions ['ignore', 'ignore_ament_install']
[2.733s] Level 1:colcon.colcon_core.package_identification:_identify(src/amiga-ros2-bridge/venv/lib/python3.10/site-packages/pip/_vendor/__pycache__) by extension 'ignore'
[2.733s] Level 1:colcon.colcon_core.package_identification:_identify(src/amiga-ros2-bridge/venv/lib/python3.10/site-packages/pip/_vendor/__pycache__) by extension 'ignore_ament_install'
[2.733s] Level 1:colcon.colcon_core.package_identification:_identify(src/amiga-ros2-bridge/venv/lib/python3.10/site-packages/pip/_vendor/__pycache__) by extensions ['colcon_pkg']
[2.733s] Level 1:colcon.colcon_core.package_identification:_identify(src/amiga-ros2-bridge/venv/lib/python3.10/site-packages/pip/_vendor/__pycache__) by extension 'colcon_pkg'
[2.733s] Level 1:colcon.colcon_core.package_identification:_identify(src/amiga-ros2-bridge/venv/lib/python3.10/site-packages/pip/_vendor/__pycache__) by extensions ['colcon_meta']
[2.733s] Level 1:colcon.colcon_core.package_identification:_identify(src/amiga-ros2-bridge/venv/lib/python3.10/site-packages/pip/_vendor/__pycache__) by extension 'colcon_meta'
[2.733s] Level 1:colcon.colcon_core.package_identification:_identify(src/amiga-ros2-bridge/venv/lib/python3.10/site-packages/pip/_vendor/__pycache__) by extensions ['ros']
[2.734s] Level 1:colcon.colcon_core.package_identification:_identify(src/amiga-ros2-bridge/venv/lib/python3.10/site-packages/pip/_vendor/__pycache__) by extension 'ros'
[2.734s] Level 1:colcon.colcon_core.package_identification:_identify(src/amiga-ros2-bridge/venv/lib/python3.10/site-packages/pip/_vendor/__pycache__) by extensions ['cmake', 'python']
[2.734s] Level 1:colcon.colcon_core.package_identification:_identify(src/amiga-ros2-bridge/venv/lib/python3.10/site-packages/pip/_vendor/__pycache__) by extension 'cmake'
[2.734s] Level 1:colcon.colcon_core.package_identification:_identify(src/amiga-ros2-bridge/venv/lib/python3.10/site-packages/pip/_vendor/__pycache__) by extension 'python'
[2.734s] Level 1:colcon.colcon_core.package_identification:_identify(src/amiga-ros2-bridge/venv/lib/python3.10/site-packages/pip/_vendor/__pycache__) by extensions ['python_setup_py']
[2.734s] Level 1:colcon.colcon_core.package_identification:_identify(src/amiga-ros2-bridge/venv/lib/python3.10/site-packages/pip/_vendor/__pycache__) by extension 'python_setup_py'
[2.734s] Level 1:colcon.colcon_core.package_identification:_identify(src/amiga-ros2-bridge/venv/lib/python3.10/site-packages/pip/_vendor/cachecontrol) by extensions ['ignore', 'ignore_ament_install']
[2.735s] Level 1:colcon.colcon_core.package_identification:_identify(src/amiga-ros2-bridge/venv/lib/python3.10/site-packages/pip/_vendor/cachecontrol) by extension 'ignore'
[2.735s] Level 1:colcon.colcon_core.package_identification:_identify(src/amiga-ros2-bridge/venv/lib/python3.10/site-packages/pip/_vendor/cachecontrol) by extension 'ignore_ament_install'
[2.735s] Level 1:colcon.colcon_core.package_identification:_identify(src/amiga-ros2-bridge/venv/lib/python3.10/site-packages/pip/_vendor/cachecontrol) by extensions ['colcon_pkg']
[2.735s] Level 1:colcon.colcon_core.package_identification:_identify(src/amiga-ros2-bridge/venv/lib/python3.10/site-packages/pip/_vendor/cachecontrol) by extension 'colcon_pkg'
[2.735s] Level 1:colcon.colcon_core.package_identification:_identify(src/amiga-ros2-bridge/venv/lib/python3.10/site-packages/pip/_vendor/cachecontrol) by extensions ['colcon_meta']
[2.735s] Level 1:colcon.colcon_core.package_identification:_identify(src/amiga-ros2-bridge/venv/lib/python3.10/site-packages/pip/_vendor/cachecontrol) by extension 'colcon_meta'
[2.735s] Level 1:colcon.colcon_core.package_identification:_identify(src/amiga-ros2-bridge/venv/lib/python3.10/site-packages/pip/_vendor/cachecontrol) by extensions ['ros']
[2.735s] Level 1:colcon.colcon_core.package_identification:_identify(src/amiga-ros2-bridge/venv/lib/python3.10/site-packages/pip/_vendor/cachecontrol) by extension 'ros'
[2.736s] Level 1:colcon.colcon_core.package_identification:_identify(src/amiga-ros2-bridge/venv/lib/python3.10/site-packages/pip/_vendor/cachecontrol) by extensions ['cmake', 'python']
[2.736s] Level 1:colcon.colcon_core.package_identification:_identify(src/amiga-ros2-bridge/venv/lib/python3.10/site-packages/pip/_vendor/cachecontrol) by extension 'cmake'
[2.736s] Level 1:colcon.colcon_core.package_identification:_identify(src/amiga-ros2-bridge/venv/lib/python3.10/site-packages/pip/_vendor/cachecontrol) by extension 'python'
[2.736s] Level 1:colcon.colcon_core.package_identification:_identify(src/amiga-ros2-bridge/venv/lib/python3.10/site-packages/pip/_vendor/cachecontrol) by extensions ['python_setup_py']
[2.736s] Level 1:colcon.colcon_core.package_identification:_identify(src/amiga-ros2-bridge/venv/lib/python3.10/site-packages/pip/_vendor/cachecontrol) by extension 'python_setup_py'
[2.736s] Level 1:colcon.colcon_core.package_identification:_identify(src/amiga-ros2-bridge/venv/lib/python3.10/site-packages/pip/_vendor/cachecontrol/__pycache__) by extensions ['ignore', 'ignore_ament_install']
[2.737s] Level 1:colcon.colcon_core.package_identification:_identify(src/amiga-ros2-bridge/venv/lib/python3.10/site-packages/pip/_vendor/cachecontrol/__pycache__) by extension 'ignore'
[2.737s] Level 1:colcon.colcon_core.package_identification:_identify(src/amiga-ros2-bridge/venv/lib/python3.10/site-packages/pip/_vendor/cachecontrol/__pycache__) by extension 'ignore_ament_install'
[2.737s] Level 1:colcon.colcon_core.package_identification:_identify(src/amiga-ros2-bridge/venv/lib/python3.10/site-packages/pip/_vendor/cachecontrol/__pycache__) by extensions ['colcon_pkg']
[2.737s] Level 1:colcon.colcon_core.package_identification:_identify(src/amiga-ros2-bridge/venv/lib/python3.10/site-packages/pip/_vendor/cachecontrol/__pycache__) by extension 'colcon_pkg'
[2.737s] Level 1:colcon.colcon_core.package_identification:_identify(src/amiga-ros2-bridge/venv/lib/python3.10/site-packages/pip/_vendor/cachecontrol/__pycache__) by extensions ['colcon_meta']
[2.737s] Level 1:colcon.colcon_core.package_identification:_identify(src/amiga-ros2-bridge/venv/lib/python3.10/site-packages/pip/_vendor/cachecontrol/__pycache__) by extension 'colcon_meta'
[2.737s] Level 1:colcon.colcon_core.package_identification:_identify(src/amiga-ros2-bridge/venv/lib/python3.10/site-packages/pip/_vendor/cachecontrol/__pycache__) by extensions ['ros']
[2.737s] Level 1:colcon.colcon_core.package_identification:_identify(src/amiga-ros2-bridge/venv/lib/python3.10/site-packages/pip/_vendor/cachecontrol/__pycache__) by extension 'ros'
[2.738s] Level 1:colcon.colcon_core.package_identification:_identify(src/amiga-ros2-bridge/venv/lib/python3.10/site-packages/pip/_vendor/cachecontrol/__pycache__) by extensions ['cmake', 'python']
[2.738s] Level 1:colcon.colcon_core.package_identification:_identify(src/amiga-ros2-bridge/venv/lib/python3.10/site-packages/pip/_vendor/cachecontrol/__pycache__) by extension 'cmake'
[2.738s] Level 1:colcon.colcon_core.package_identification:_identify(src/amiga-ros2-bridge/venv/lib/python3.10/site-packages/pip/_vendor/cachecontrol/__pycache__) by extension 'python'
[2.738s] Level 1:colcon.colcon_core.package_identification:_identify(src/amiga-ros2-bridge/venv/lib/python3.10/site-packages/pip/_vendor/cachecontrol/__pycache__) by extensions ['python_setup_py']
[2.738s] Level 1:colcon.colcon_core.package_identification:_identify(src/amiga-ros2-bridge/venv/lib/python3.10/site-packages/pip/_vendor/cachecontrol/__pycache__) by extension 'python_setup_py'
[2.738s] Level 1:colcon.colcon_core.package_identification:_identify(src/amiga-ros2-bridge/venv/lib/python3.10/site-packages/pip/_vendor/cachecontrol/caches) by extensions ['ignore', 'ignore_ament_install']
[2.738s] Level 1:colcon.colcon_core.package_identification:_identify(src/amiga-ros2-bridge/venv/lib/python3.10/site-packages/pip/_vendor/cachecontrol/caches) by extension 'ignore'
[2.739s] Level 1:colcon.colcon_core.package_identification:_identify(src/amiga-ros2-bridge/venv/lib/python3.10/site-packages/pip/_vendor/cachecontrol/caches) by extension 'ignore_ament_install'
[2.739s] Level 1:colcon.colcon_core.package_identification:_identify(src/amiga-ros2-bridge/venv/lib/python3.10/site-packages/pip/_vendor/cachecontrol/caches) by extensions ['colcon_pkg']
[2.739s] Level 1:colcon.colcon_core.package_identification:_identify(src/amiga-ros2-bridge/venv/lib/python3.10/site-packages/pip/_vendor/cachecontrol/caches) by extension 'colcon_pkg'
[2.739s] Level 1:colcon.colcon_core.package_identification:_identify(src/amiga-ros2-bridge/venv/lib/python3.10/site-packages/pip/_vendor/cachecontrol/caches) by extensions ['colcon_meta']
[2.739s] Level 1:colcon.colcon_core.package_identification:_identify(src/amiga-ros2-bridge/venv/lib/python3.10/site-packages/pip/_vendor/cachecontrol/caches) by extension 'colcon_meta'
[2.739s] Level 1:colcon.colcon_core.package_identification:_identify(src/amiga-ros2-bridge/venv/lib/python3.10/site-packages/pip/_vendor/cachecontrol/caches) by extensions ['ros']
[2.739s] Level 1:colcon.colcon_core.package_identification:_identify(src/amiga-ros2-bridge/venv/lib/python3.10/site-packages/pip/_vendor/cachecontrol/caches) by extension 'ros'
[2.739s] Level 1:colcon.colcon_core.package_identification:_identify(src/amiga-ros2-bridge/venv/lib/python3.10/site-packages/pip/_vendor/cachecontrol/caches) by extensions ['cmake', 'python']
[2.739s] Level 1:colcon.colcon_core.package_identification:_identify(src/amiga-ros2-bridge/venv/lib/python3.10/site-packages/pip/_vendor/cachecontrol/caches) by extension 'cmake'
[2.740s] Level 1:colcon.colcon_core.package_identification:_identify(src/amiga-ros2-bridge/venv/lib/python3.10/site-packages/pip/_vendor/cachecontrol/caches) by extension 'python'
[2.740s] Level 1:colcon.colcon_core.package_identification:_identify(src/amiga-ros2-bridge/venv/lib/python3.10/site-packages/pip/_vendor/cachecontrol/caches) by extensions ['python_setup_py']
[2.740s] Level 1:colcon.colcon_core.package_identification:_identify(src/amiga-ros2-bridge/venv/lib/python3.10/site-packages/pip/_vendor/cachecontrol/caches) by extension 'python_setup_py'
[2.740s] Level 1:colcon.colcon_core.package_identification:_identify(src/amiga-ros2-bridge/venv/lib/python3.10/site-packages/pip/_vendor/cachecontrol/caches/__pycache__) by extensions ['ignore', 'ignore_ament_install']
[2.740s] Level 1:colcon.colcon_core.package_identification:_identify(src/amiga-ros2-bridge/venv/lib/python3.10/site-packages/pip/_vendor/cachecontrol/caches/__pycache__) by extension 'ignore'
[2.740s] Level 1:colcon.colcon_core.package_identification:_identify(src/amiga-ros2-bridge/venv/lib/python3.10/site-packages/pip/_vendor/cachecontrol/caches/__pycache__) by extension 'ignore_ament_install'
[2.741s] Level 1:colcon.colcon_core.package_identification:_identify(src/amiga-ros2-bridge/venv/lib/python3.10/site-packages/pip/_vendor/cachecontrol/caches/__pycache__) by extensions ['colcon_pkg']
[2.741s] Level 1:colcon.colcon_core.package_identification:_identify(src/amiga-ros2-bridge/venv/lib/python3.10/site-packages/pip/_vendor/cachecontrol/caches/__pycache__) by extension 'colcon_pkg'
[2.741s] Level 1:colcon.colcon_core.package_identification:_identify(src/amiga-ros2-bridge/venv/lib/python3.10/site-packages/pip/_vendor/cachecontrol/caches/__pycache__) by extensions ['colcon_meta']
[2.741s] Level 1:colcon.colcon_core.package_identification:_identify(src/amiga-ros2-bridge/venv/lib/python3.10/site-packages/pip/_vendor/cachecontrol/caches/__pycache__) by extension 'colcon_meta'
[2.741s] Level 1:colcon.colcon_core.package_identification:_identify(src/amiga-ros2-bridge/venv/lib/python3.10/site-packages/pip/_vendor/cachecontrol/caches/__pycache__) by extensions ['ros']
[2.741s] Level 1:colcon.colcon_core.package_identification:_identify(src/amiga-ros2-bridge/venv/lib/python3.10/site-packages/pip/_vendor/cachecontrol/caches/__pycache__) by extension 'ros'
[2.741s] Level 1:colcon.colcon_core.package_identification:_identify(src/amiga-ros2-bridge/venv/lib/python3.10/site-packages/pip/_vendor/cachecontrol/caches/__pycache__) by extensions ['cmake', 'python']
[2.741s] Level 1:colcon.colcon_core.package_identification:_identify(src/amiga-ros2-bridge/venv/lib/python3.10/site-packages/pip/_vendor/cachecontrol/caches/__pycache__) by extension 'cmake'
[2.741s] Level 1:colcon.colcon_core.package_identification:_identify(src/amiga-ros2-bridge/venv/lib/python3.10/site-packages/pip/_vendor/cachecontrol/caches/__pycache__) by extension 'python'
[2.742s] Level 1:colcon.colcon_core.package_identification:_identify(src/amiga-ros2-bridge/venv/lib/python3.10/site-packages/pip/_vendor/cachecontrol/caches/__pycache__) by extensions ['python_setup_py']
[2.742s] Level 1:colcon.colcon_core.package_identification:_identify(src/amiga-ros2-bridge/venv/lib/python3.10/site-packages/pip/_vendor/cachecontrol/caches/__pycache__) by extension 'python_setup_py'
[2.742s] Level 1:colcon.colcon_core.package_identification:_identify(src/amiga-ros2-bridge/venv/lib/python3.10/site-packages/pip/_vendor/certifi) by extensions ['ignore', 'ignore_ament_install']
[2.742s] Level 1:colcon.colcon_core.package_identification:_identify(src/amiga-ros2-bridge/venv/lib/python3.10/site-packages/pip/_vendor/certifi) by extension 'ignore'
[2.742s] Level 1:colcon.colcon_core.package_identification:_identify(src/amiga-ros2-bridge/venv/lib/python3.10/site-packages/pip/_vendor/certifi) by extension 'ignore_ament_install'
[2.742s] Level 1:colcon.colcon_core.package_identification:_identify(src/amiga-ros2-bridge/venv/lib/python3.10/site-packages/pip/_vendor/certifi) by extensions ['colcon_pkg']
[2.742s] Level 1:colcon.colcon_core.package_identification:_identify(src/amiga-ros2-bridge/venv/lib/python3.10/site-packages/pip/_vendor/certifi) by extension 'colcon_pkg'
[2.743s] Level 1:colcon.colcon_core.package_identification:_identify(src/amiga-ros2-bridge/venv/lib/python3.10/site-packages/pip/_vendor/certifi) by extensions ['colcon_meta']
[2.743s] Level 1:colcon.colcon_core.package_identification:_identify(src/amiga-ros2-bridge/venv/lib/python3.10/site-packages/pip/_vendor/certifi) by extension 'colcon_meta'
[2.743s] Level 1:colcon.colcon_core.package_identification:_identify(src/amiga-ros2-bridge/venv/lib/python3.10/site-packages/pip/_vendor/certifi) by extensions ['ros']
[2.743s] Level 1:colcon.colcon_core.package_identification:_identify(src/amiga-ros2-bridge/venv/lib/python3.10/site-packages/pip/_vendor/certifi) by extension 'ros'
[2.743s] Level 1:colcon.colcon_core.package_identification:_identify(src/amiga-ros2-bridge/venv/lib/python3.10/site-packages/pip/_vendor/certifi) by extensions ['cmake', 'python']
[2.743s] Level 1:colcon.colcon_core.package_identification:_identify(src/amiga-ros2-bridge/venv/lib/python3.10/site-packages/pip/_vendor/certifi) by extension 'cmake'
[2.743s] Level 1:colcon.colcon_core.package_identification:_identify(src/amiga-ros2-bridge/venv/lib/python3.10/site-packages/pip/_vendor/certifi) by extension 'python'
[2.743s] Level 1:colcon.colcon_core.package_identification:_identify(src/amiga-ros2-bridge/venv/lib/python3.10/site-packages/pip/_vendor/certifi) by extensions ['python_setup_py']
[2.743s] Level 1:colcon.colcon_core.package_identification:_identify(src/amiga-ros2-bridge/venv/lib/python3.10/site-packages/pip/_vendor/certifi) by extension 'python_setup_py'
[2.744s] Level 1:colcon.colcon_core.package_identification:_identify(src/amiga-ros2-bridge/venv/lib/python3.10/site-packages/pip/_vendor/certifi/__pycache__) by extensions ['ignore', 'ignore_ament_install']
[2.744s] Level 1:colcon.colcon_core.package_identification:_identify(src/amiga-ros2-bridge/venv/lib/python3.10/site-packages/pip/_vendor/certifi/__pycache__) by extension 'ignore'
[2.744s] Level 1:colcon.colcon_core.package_identification:_identify(src/amiga-ros2-bridge/venv/lib/python3.10/site-packages/pip/_vendor/certifi/__pycache__) by extension 'ignore_ament_install'
[2.744s] Level 1:colcon.colcon_core.package_identification:_identify(src/amiga-ros2-bridge/venv/lib/python3.10/site-packages/pip/_vendor/certifi/__pycache__) by extensions ['colcon_pkg']
[2.744s] Level 1:colcon.colcon_core.package_identification:_identify(src/amiga-ros2-bridge/venv/lib/python3.10/site-packages/pip/_vendor/certifi/__pycache__) by extension 'colcon_pkg'
[2.744s] Level 1:colcon.colcon_core.package_identification:_identify(src/amiga-ros2-bridge/venv/lib/python3.10/site-packages/pip/_vendor/certifi/__pycache__) by extensions ['colcon_meta']
[2.745s] Level 1:colcon.colcon_core.package_identification:_identify(src/amiga-ros2-bridge/venv/lib/python3.10/site-packages/pip/_vendor/certifi/__pycache__) by extension 'colcon_meta'
[2.745s] Level 1:colcon.colcon_core.package_identification:_identify(src/amiga-ros2-bridge/venv/lib/python3.10/site-packages/pip/_vendor/certifi/__pycache__) by extensions ['ros']
[2.745s] Level 1:colcon.colcon_core.package_identification:_identify(src/amiga-ros2-bridge/venv/lib/python3.10/site-packages/pip/_vendor/certifi/__pycache__) by extension 'ros'
[2.745s] Level 1:colcon.colcon_core.package_identification:_identify(src/amiga-ros2-bridge/venv/lib/python3.10/site-packages/pip/_vendor/certifi/__pycache__) by extensions ['cmake', 'python']
[2.745s] Level 1:colcon.colcon_core.package_identification:_identify(src/amiga-ros2-bridge/venv/lib/python3.10/site-packages/pip/_vendor/certifi/__pycache__) by extension 'cmake'
[2.745s] Level 1:colcon.colcon_core.package_identification:_identify(src/amiga-ros2-bridge/venv/lib/python3.10/site-packages/pip/_vendor/certifi/__pycache__) by extension 'python'
[2.745s] Level 1:colcon.colcon_core.package_identification:_identify(src/amiga-ros2-bridge/venv/lib/python3.10/site-packages/pip/_vendor/certifi/__pycache__) by extensions ['python_setup_py']
[2.745s] Level 1:colcon.colcon_core.package_identification:_identify(src/amiga-ros2-bridge/venv/lib/python3.10/site-packages/pip/_vendor/certifi/__pycache__) by extension 'python_setup_py'
[2.746s] Level 1:colcon.colcon_core.package_identification:_identify(src/amiga-ros2-bridge/venv/lib/python3.10/site-packages/pip/_vendor/distlib) by extensions ['ignore', 'ignore_ament_install']
[2.746s] Level 1:colcon.colcon_core.package_identification:_identify(src/amiga-ros2-bridge/venv/lib/python3.10/site-packages/pip/_vendor/distlib) by extension 'ignore'
[2.746s] Level 1:colcon.colcon_core.package_identification:_identify(src/amiga-ros2-bridge/venv/lib/python3.10/site-packages/pip/_vendor/distlib) by extension 'ignore_ament_install'
[2.746s] Level 1:colcon.colcon_core.package_identification:_identify(src/amiga-ros2-bridge/venv/lib/python3.10/site-packages/pip/_vendor/distlib) by extensions ['colcon_pkg']
[2.746s] Level 1:colcon.colcon_core.package_identification:_identify(src/amiga-ros2-bridge/venv/lib/python3.10/site-packages/pip/_vendor/distlib) by extension 'colcon_pkg'
[2.746s] Level 1:colcon.colcon_core.package_identification:_identify(src/amiga-ros2-bridge/venv/lib/python3.10/site-packages/pip/_vendor/distlib) by extensions ['colcon_meta']
[2.746s] Level 1:colcon.colcon_core.package_identification:_identify(src/amiga-ros2-bridge/venv/lib/python3.10/site-packages/pip/_vendor/distlib) by extension 'colcon_meta'
[2.747s] Level 1:colcon.colcon_core.package_identification:_identify(src/amiga-ros2-bridge/venv/lib/python3.10/site-packages/pip/_vendor/distlib) by extensions ['ros']
[2.747s] Level 1:colcon.colcon_core.package_identification:_identify(src/amiga-ros2-bridge/venv/lib/python3.10/site-packages/pip/_vendor/distlib) by extension 'ros'
[2.747s] Level 1:colcon.colcon_core.package_identification:_identify(src/amiga-ros2-bridge/venv/lib/python3.10/site-packages/pip/_vendor/distlib) by extensions ['cmake', 'python']
[2.747s] Level 1:colcon.colcon_core.package_identification:_identify(src/amiga-ros2-bridge/venv/lib/python3.10/site-packages/pip/_vendor/distlib) by extension 'cmake'
[2.747s] Level 1:colcon.colcon_core.package_identification:_identify(src/amiga-ros2-bridge/venv/lib/python3.10/site-packages/pip/_vendor/distlib) by extension 'python'
[2.747s] Level 1:colcon.colcon_core.package_identification:_identify(src/amiga-ros2-bridge/venv/lib/python3.10/site-packages/pip/_vendor/distlib) by extensions ['python_setup_py']
[2.747s] Level 1:colcon.colcon_core.package_identification:_identify(src/amiga-ros2-bridge/venv/lib/python3.10/site-packages/pip/_vendor/distlib) by extension 'python_setup_py'
[2.748s] Level 1:colcon.colcon_core.package_identification:_identify(src/amiga-ros2-bridge/venv/lib/python3.10/site-packages/pip/_vendor/distlib/__pycache__) by extensions ['ignore', 'ignore_ament_install']
[2.748s] Level 1:colcon.colcon_core.package_identification:_identify(src/amiga-ros2-bridge/venv/lib/python3.10/site-packages/pip/_vendor/distlib/__pycache__) by extension 'ignore'
[2.748s] Level 1:colcon.colcon_core.package_identification:_identify(src/amiga-ros2-bridge/venv/lib/python3.10/site-packages/pip/_vendor/distlib/__pycache__) by extension 'ignore_ament_install'
[2.748s] Level 1:colcon.colcon_core.package_identification:_identify(src/amiga-ros2-bridge/venv/lib/python3.10/site-packages/pip/_vendor/distlib/__pycache__) by extensions ['colcon_pkg']
[2.748s] Level 1:colcon.colcon_core.package_identification:_identify(src/amiga-ros2-bridge/venv/lib/python3.10/site-packages/pip/_vendor/distlib/__pycache__) by extension 'colcon_pkg'
[2.748s] Level 1:colcon.colcon_core.package_identification:_identify(src/amiga-ros2-bridge/venv/lib/python3.10/site-packages/pip/_vendor/distlib/__pycache__) by extensions ['colcon_meta']
[2.748s] Level 1:colcon.colcon_core.package_identification:_identify(src/amiga-ros2-bridge/venv/lib/python3.10/site-packages/pip/_vendor/distlib/__pycache__) by extension 'colcon_meta'
[2.748s] Level 1:colcon.colcon_core.package_identification:_identify(src/amiga-ros2-bridge/venv/lib/python3.10/site-packages/pip/_vendor/distlib/__pycache__) by extensions ['ros']
[2.749s] Level 1:colcon.colcon_core.package_identification:_identify(src/amiga-ros2-bridge/venv/lib/python3.10/site-packages/pip/_vendor/distlib/__pycache__) by extension 'ros'
[2.749s] Level 1:colcon.colcon_core.package_identification:_identify(src/amiga-ros2-bridge/venv/lib/python3.10/site-packages/pip/_vendor/distlib/__pycache__) by extensions ['cmake', 'python']
[2.749s] Level 1:colcon.colcon_core.package_identification:_identify(src/amiga-ros2-bridge/venv/lib/python3.10/site-packages/pip/_vendor/distlib/__pycache__) by extension 'cmake'
[2.749s] Level 1:colcon.colcon_core.package_identification:_identify(src/amiga-ros2-bridge/venv/lib/python3.10/site-packages/pip/_vendor/distlib/__pycache__) by extension 'python'
[2.749s] Level 1:colcon.colcon_core.package_identification:_identify(src/amiga-ros2-bridge/venv/lib/python3.10/site-packages/pip/_vendor/distlib/__pycache__) by extensions ['python_setup_py']
[2.749s] Level 1:colcon.colcon_core.package_identification:_identify(src/amiga-ros2-bridge/venv/lib/python3.10/site-packages/pip/_vendor/distlib/__pycache__) by extension 'python_setup_py'
[2.749s] Level 1:colcon.colcon_core.package_identification:_identify(src/amiga-ros2-bridge/venv/lib/python3.10/site-packages/pip/_vendor/distro) by extensions ['ignore', 'ignore_ament_install']
[2.750s] Level 1:colcon.colcon_core.package_identification:_identify(src/amiga-ros2-bridge/venv/lib/python3.10/site-packages/pip/_vendor/distro) by extension 'ignore'
[2.750s] Level 1:colcon.colcon_core.package_identification:_identify(src/amiga-ros2-bridge/venv/lib/python3.10/site-packages/pip/_vendor/distro) by extension 'ignore_ament_install'
[2.750s] Level 1:colcon.colcon_core.package_identification:_identify(src/amiga-ros2-bridge/venv/lib/python3.10/site-packages/pip/_vendor/distro) by extensions ['colcon_pkg']
[2.750s] Level 1:colcon.colcon_core.package_identification:_identify(src/amiga-ros2-bridge/venv/lib/python3.10/site-packages/pip/_vendor/distro) by extension 'colcon_pkg'
[2.750s] Level 1:colcon.colcon_core.package_identification:_identify(src/amiga-ros2-bridge/venv/lib/python3.10/site-packages/pip/_vendor/distro) by extensions ['colcon_meta']
[2.750s] Level 1:colcon.colcon_core.package_identification:_identify(src/amiga-ros2-bridge/venv/lib/python3.10/site-packages/pip/_vendor/distro) by extension 'colcon_meta'
[2.750s] Level 1:colcon.colcon_core.package_identification:_identify(src/amiga-ros2-bridge/venv/lib/python3.10/site-packages/pip/_vendor/distro) by extensions ['ros']
[2.750s] Level 1:colcon.colcon_core.package_identification:_identify(src/amiga-ros2-bridge/venv/lib/python3.10/site-packages/pip/_vendor/distro) by extension 'ros'
[2.751s] Level 1:colcon.colcon_core.package_identification:_identify(src/amiga-ros2-bridge/venv/lib/python3.10/site-packages/pip/_vendor/distro) by extensions ['cmake', 'python']
[2.751s] Level 1:colcon.colcon_core.package_identification:_identify(src/amiga-ros2-bridge/venv/lib/python3.10/site-packages/pip/_vendor/distro) by extension 'cmake'
[2.751s] Level 1:colcon.colcon_core.package_identification:_identify(src/amiga-ros2-bridge/venv/lib/python3.10/site-packages/pip/_vendor/distro) by extension 'python'
[2.751s] Level 1:colcon.colcon_core.package_identification:_identify(src/amiga-ros2-bridge/venv/lib/python3.10/site-packages/pip/_vendor/distro) by extensions ['python_setup_py']
[2.751s] Level 1:colcon.colcon_core.package_identification:_identify(src/amiga-ros2-bridge/venv/lib/python3.10/site-packages/pip/_vendor/distro) by extension 'python_setup_py'
[2.751s] Level 1:colcon.colcon_core.package_identification:_identify(src/amiga-ros2-bridge/venv/lib/python3.10/site-packages/pip/_vendor/distro/__pycache__) by extensions ['ignore', 'ignore_ament_install']
[2.751s] Level 1:colcon.colcon_core.package_identification:_identify(src/amiga-ros2-bridge/venv/lib/python3.10/site-packages/pip/_vendor/distro/__pycache__) by extension 'ignore'
[2.752s] Level 1:colcon.colcon_core.package_identification:_identify(src/amiga-ros2-bridge/venv/lib/python3.10/site-packages/pip/_vendor/distro/__pycache__) by extension 'ignore_ament_install'
[2.752s] Level 1:colcon.colcon_core.package_identification:_identify(src/amiga-ros2-bridge/venv/lib/python3.10/site-packages/pip/_vendor/distro/__pycache__) by extensions ['colcon_pkg']
[2.752s] Level 1:colcon.colcon_core.package_identification:_identify(src/amiga-ros2-bridge/venv/lib/python3.10/site-packages/pip/_vendor/distro/__pycache__) by extension 'colcon_pkg'
[2.752s] Level 1:colcon.colcon_core.package_identification:_identify(src/amiga-ros2-bridge/venv/lib/python3.10/site-packages/pip/_vendor/distro/__pycache__) by extensions ['colcon_meta']
[2.752s] Level 1:colcon.colcon_core.package_identification:_identify(src/amiga-ros2-bridge/venv/lib/python3.10/site-packages/pip/_vendor/distro/__pycache__) by extension 'colcon_meta'
[2.752s] Level 1:colcon.colcon_core.package_identification:_identify(src/amiga-ros2-bridge/venv/lib/python3.10/site-packages/pip/_vendor/distro/__pycache__) by extensions ['ros']
[2.752s] Level 1:colcon.colcon_core.package_identification:_identify(src/amiga-ros2-bridge/venv/lib/python3.10/site-packages/pip/_vendor/distro/__pycache__) by extension 'ros'
[2.752s] Level 1:colcon.colcon_core.package_identification:_identify(src/amiga-ros2-bridge/venv/lib/python3.10/site-packages/pip/_vendor/distro/__pycache__) by extensions ['cmake', 'python']
[2.752s] Level 1:colcon.colcon_core.package_identification:_identify(src/amiga-ros2-bridge/venv/lib/python3.10/site-packages/pip/_vendor/distro/__pycache__) by extension 'cmake'
[2.753s] Level 1:colcon.colcon_core.package_identification:_identify(src/amiga-ros2-bridge/venv/lib/python3.10/site-packages/pip/_vendor/distro/__pycache__) by extension 'python'
[2.753s] Level 1:colcon.colcon_core.package_identification:_identify(src/amiga-ros2-bridge/venv/lib/python3.10/site-packages/pip/_vendor/distro/__pycache__) by extensions ['python_setup_py']
[2.753s] Level 1:colcon.colcon_core.package_identification:_identify(src/amiga-ros2-bridge/venv/lib/python3.10/site-packages/pip/_vendor/distro/__pycache__) by extension 'python_setup_py'
[2.753s] Level 1:colcon.colcon_core.package_identification:_identify(src/amiga-ros2-bridge/venv/lib/python3.10/site-packages/pip/_vendor/idna) by extensions ['ignore', 'ignore_ament_install']
[2.753s] Level 1:colcon.colcon_core.package_identification:_identify(src/amiga-ros2-bridge/venv/lib/python3.10/site-packages/pip/_vendor/idna) by extension 'ignore'
[2.753s] Level 1:colcon.colcon_core.package_identification:_identify(src/amiga-ros2-bridge/venv/lib/python3.10/site-packages/pip/_vendor/idna) by extension 'ignore_ament_install'
[2.754s] Level 1:colcon.colcon_core.package_identification:_identify(src/amiga-ros2-bridge/venv/lib/python3.10/site-packages/pip/_vendor/idna) by extensions ['colcon_pkg']
[2.754s] Level 1:colcon.colcon_core.package_identification:_identify(src/amiga-ros2-bridge/venv/lib/python3.10/site-packages/pip/_vendor/idna) by extension 'colcon_pkg'
[2.754s] Level 1:colcon.colcon_core.package_identification:_identify(src/amiga-ros2-bridge/venv/lib/python3.10/site-packages/pip/_vendor/idna) by extensions ['colcon_meta']
[2.754s] Level 1:colcon.colcon_core.package_identification:_identify(src/amiga-ros2-bridge/venv/lib/python3.10/site-packages/pip/_vendor/idna) by extension 'colcon_meta'
[2.754s] Level 1:colcon.colcon_core.package_identification:_identify(src/amiga-ros2-bridge/venv/lib/python3.10/site-packages/pip/_vendor/idna) by extensions ['ros']
[2.754s] Level 1:colcon.colcon_core.package_identification:_identify(src/amiga-ros2-bridge/venv/lib/python3.10/site-packages/pip/_vendor/idna) by extension 'ros'
[2.754s] Level 1:colcon.colcon_core.package_identification:_identify(src/amiga-ros2-bridge/venv/lib/python3.10/site-packages/pip/_vendor/idna) by extensions ['cmake', 'python']
[2.754s] Level 1:colcon.colcon_core.package_identification:_identify(src/amiga-ros2-bridge/venv/lib/python3.10/site-packages/pip/_vendor/idna) by extension 'cmake'
[2.754s] Level 1:colcon.colcon_core.package_identification:_identify(src/amiga-ros2-bridge/venv/lib/python3.10/site-packages/pip/_vendor/idna) by extension 'python'
[2.755s] Level 1:colcon.colcon_core.package_identification:_identify(src/amiga-ros2-bridge/venv/lib/python3.10/site-packages/pip/_vendor/idna) by extensions ['python_setup_py']
[2.755s] Level 1:colcon.colcon_core.package_identification:_identify(src/amiga-ros2-bridge/venv/lib/python3.10/site-packages/pip/_vendor/idna) by extension 'python_setup_py'
[2.755s] Level 1:colcon.colcon_core.package_identification:_identify(src/amiga-ros2-bridge/venv/lib/python3.10/site-packages/pip/_vendor/idna/__pycache__) by extensions ['ignore', 'ignore_ament_install']
[2.755s] Level 1:colcon.colcon_core.package_identification:_identify(src/amiga-ros2-bridge/venv/lib/python3.10/site-packages/pip/_vendor/idna/__pycache__) by extension 'ignore'
[2.755s] Level 1:colcon.colcon_core.package_identification:_identify(src/amiga-ros2-bridge/venv/lib/python3.10/site-packages/pip/_vendor/idna/__pycache__) by extension 'ignore_ament_install'
[2.755s] Level 1:colcon.colcon_core.package_identification:_identify(src/amiga-ros2-bridge/venv/lib/python3.10/site-packages/pip/_vendor/idna/__pycache__) by extensions ['colcon_pkg']
[2.756s] Level 1:colcon.colcon_core.package_identification:_identify(src/amiga-ros2-bridge/venv/lib/python3.10/site-packages/pip/_vendor/idna/__pycache__) by extension 'colcon_pkg'
[2.756s] Level 1:colcon.colcon_core.package_identification:_identify(src/amiga-ros2-bridge/venv/lib/python3.10/site-packages/pip/_vendor/idna/__pycache__) by extensions ['colcon_meta']
[2.756s] Level 1:colcon.colcon_core.package_identification:_identify(src/amiga-ros2-bridge/venv/lib/python3.10/site-packages/pip/_vendor/idna/__pycache__) by extension 'colcon_meta'
[2.756s] Level 1:colcon.colcon_core.package_identification:_identify(src/amiga-ros2-bridge/venv/lib/python3.10/site-packages/pip/_vendor/idna/__pycache__) by extensions ['ros']
[2.756s] Level 1:colcon.colcon_core.package_identification:_identify(src/amiga-ros2-bridge/venv/lib/python3.10/site-packages/pip/_vendor/idna/__pycache__) by extension 'ros'
[2.756s] Level 1:colcon.colcon_core.package_identification:_identify(src/amiga-ros2-bridge/venv/lib/python3.10/site-packages/pip/_vendor/idna/__pycache__) by extensions ['cmake', 'python']
[2.756s] Level 1:colcon.colcon_core.package_identification:_identify(src/amiga-ros2-bridge/venv/lib/python3.10/site-packages/pip/_vendor/idna/__pycache__) by extension 'cmake'
[2.756s] Level 1:colcon.colcon_core.package_identification:_identify(src/amiga-ros2-bridge/venv/lib/python3.10/site-packages/pip/_vendor/idna/__pycache__) by extension 'python'
[2.756s] Level 1:colcon.colcon_core.package_identification:_identify(src/amiga-ros2-bridge/venv/lib/python3.10/site-packages/pip/_vendor/idna/__pycache__) by extensions ['python_setup_py']
[2.756s] Level 1:colcon.colcon_core.package_identification:_identify(src/amiga-ros2-bridge/venv/lib/python3.10/site-packages/pip/_vendor/idna/__pycache__) by extension 'python_setup_py'
[2.757s] Level 1:colcon.colcon_core.package_identification:_identify(src/amiga-ros2-bridge/venv/lib/python3.10/site-packages/pip/_vendor/msgpack) by extensions ['ignore', 'ignore_ament_install']
[2.757s] Level 1:colcon.colcon_core.package_identification:_identify(src/amiga-ros2-bridge/venv/lib/python3.10/site-packages/pip/_vendor/msgpack) by extension 'ignore'
[2.757s] Level 1:colcon.colcon_core.package_identification:_identify(src/amiga-ros2-bridge/venv/lib/python3.10/site-packages/pip/_vendor/msgpack) by extension 'ignore_ament_install'
[2.757s] Level 1:colcon.colcon_core.package_identification:_identify(src/amiga-ros2-bridge/venv/lib/python3.10/site-packages/pip/_vendor/msgpack) by extensions ['colcon_pkg']
[2.757s] Level 1:colcon.colcon_core.package_identification:_identify(src/amiga-ros2-bridge/venv/lib/python3.10/site-packages/pip/_vendor/msgpack) by extension 'colcon_pkg'
[2.758s] Level 1:colcon.colcon_core.package_identification:_identify(src/amiga-ros2-bridge/venv/lib/python3.10/site-packages/pip/_vendor/msgpack) by extensions ['colcon_meta']
[2.758s] Level 1:colcon.colcon_core.package_identification:_identify(src/amiga-ros2-bridge/venv/lib/python3.10/site-packages/pip/_vendor/msgpack) by extension 'colcon_meta'
[2.758s] Level 1:colcon.colcon_core.package_identification:_identify(src/amiga-ros2-bridge/venv/lib/python3.10/site-packages/pip/_vendor/msgpack) by extensions ['ros']
[2.758s] Level 1:colcon.colcon_core.package_identification:_identify(src/amiga-ros2-bridge/venv/lib/python3.10/site-packages/pip/_vendor/msgpack) by extension 'ros'
[2.758s] Level 1:colcon.colcon_core.package_identification:_identify(src/amiga-ros2-bridge/venv/lib/python3.10/site-packages/pip/_vendor/msgpack) by extensions ['cmake', 'python']
[2.758s] Level 1:colcon.colcon_core.package_identification:_identify(src/amiga-ros2-bridge/venv/lib/python3.10/site-packages/pip/_vendor/msgpack) by extension 'cmake'
[2.758s] Level 1:colcon.colcon_core.package_identification:_identify(src/amiga-ros2-bridge/venv/lib/python3.10/site-packages/pip/_vendor/msgpack) by extension 'python'
[2.758s] Level 1:colcon.colcon_core.package_identification:_identify(src/amiga-ros2-bridge/venv/lib/python3.10/site-packages/pip/_vendor/msgpack) by extensions ['python_setup_py']
[2.758s] Level 1:colcon.colcon_core.package_identification:_identify(src/amiga-ros2-bridge/venv/lib/python3.10/site-packages/pip/_vendor/msgpack) by extension 'python_setup_py'
[2.759s] Level 1:colcon.colcon_core.package_identification:_identify(src/amiga-ros2-bridge/venv/lib/python3.10/site-packages/pip/_vendor/msgpack/__pycache__) by extensions ['ignore', 'ignore_ament_install']
[2.759s] Level 1:colcon.colcon_core.package_identification:_identify(src/amiga-ros2-bridge/venv/lib/python3.10/site-packages/pip/_vendor/msgpack/__pycache__) by extension 'ignore'
[2.759s] Level 1:colcon.colcon_core.package_identification:_identify(src/amiga-ros2-bridge/venv/lib/python3.10/site-packages/pip/_vendor/msgpack/__pycache__) by extension 'ignore_ament_install'
[2.759s] Level 1:colcon.colcon_core.package_identification:_identify(src/amiga-ros2-bridge/venv/lib/python3.10/site-packages/pip/_vendor/msgpack/__pycache__) by extensions ['colcon_pkg']
[2.759s] Level 1:colcon.colcon_core.package_identification:_identify(src/amiga-ros2-bridge/venv/lib/python3.10/site-packages/pip/_vendor/msgpack/__pycache__) by extension 'colcon_pkg'
[2.759s] Level 1:colcon.colcon_core.package_identification:_identify(src/amiga-ros2-bridge/venv/lib/python3.10/site-packages/pip/_vendor/msgpack/__pycache__) by extensions ['colcon_meta']
[2.759s] Level 1:colcon.colcon_core.package_identification:_identify(src/amiga-ros2-bridge/venv/lib/python3.10/site-packages/pip/_vendor/msgpack/__pycache__) by extension 'colcon_meta'
[2.760s] Level 1:colcon.colcon_core.package_identification:_identify(src/amiga-ros2-bridge/venv/lib/python3.10/site-packages/pip/_vendor/msgpack/__pycache__) by extensions ['ros']
[2.760s] Level 1:colcon.colcon_core.package_identification:_identify(src/amiga-ros2-bridge/venv/lib/python3.10/site-packages/pip/_vendor/msgpack/__pycache__) by extension 'ros'
[2.760s] Level 1:colcon.colcon_core.package_identification:_identify(src/amiga-ros2-bridge/venv/lib/python3.10/site-packages/pip/_vendor/msgpack/__pycache__) by extensions ['cmake', 'python']
[2.760s] Level 1:colcon.colcon_core.package_identification:_identify(src/amiga-ros2-bridge/venv/lib/python3.10/site-packages/pip/_vendor/msgpack/__pycache__) by extension 'cmake'
[2.760s] Level 1:colcon.colcon_core.package_identification:_identify(src/amiga-ros2-bridge/venv/lib/python3.10/site-packages/pip/_vendor/msgpack/__pycache__) by extension 'python'
[2.760s] Level 1:colcon.colcon_core.package_identification:_identify(src/amiga-ros2-bridge/venv/lib/python3.10/site-packages/pip/_vendor/msgpack/__pycache__) by extensions ['python_setup_py']
[2.760s] Level 1:colcon.colcon_core.package_identification:_identify(src/amiga-ros2-bridge/venv/lib/python3.10/site-packages/pip/_vendor/msgpack/__pycache__) by extension 'python_setup_py'
[2.761s] Level 1:colcon.colcon_core.package_identification:_identify(src/amiga-ros2-bridge/venv/lib/python3.10/site-packages/pip/_vendor/packaging) by extensions ['ignore', 'ignore_ament_install']
[2.761s] Level 1:colcon.colcon_core.package_identification:_identify(src/amiga-ros2-bridge/venv/lib/python3.10/site-packages/pip/_vendor/packaging) by extension 'ignore'
[2.761s] Level 1:colcon.colcon_core.package_identification:_identify(src/amiga-ros2-bridge/venv/lib/python3.10/site-packages/pip/_vendor/packaging) by extension 'ignore_ament_install'
[2.761s] Level 1:colcon.colcon_core.package_identification:_identify(src/amiga-ros2-bridge/venv/lib/python3.10/site-packages/pip/_vendor/packaging) by extensions ['colcon_pkg']
[2.761s] Level 1:colcon.colcon_core.package_identification:_identify(src/amiga-ros2-bridge/venv/lib/python3.10/site-packages/pip/_vendor/packaging) by extension 'colcon_pkg'
[2.761s] Level 1:colcon.colcon_core.package_identification:_identify(src/amiga-ros2-bridge/venv/lib/python3.10/site-packages/pip/_vendor/packaging) by extensions ['colcon_meta']
[2.761s] Level 1:colcon.colcon_core.package_identification:_identify(src/amiga-ros2-bridge/venv/lib/python3.10/site-packages/pip/_vendor/packaging) by extension 'colcon_meta'
[2.761s] Level 1:colcon.colcon_core.package_identification:_identify(src/amiga-ros2-bridge/venv/lib/python3.10/site-packages/pip/_vendor/packaging) by extensions ['ros']
[2.762s] Level 1:colcon.colcon_core.package_identification:_identify(src/amiga-ros2-bridge/venv/lib/python3.10/site-packages/pip/_vendor/packaging) by extension 'ros'
[2.762s] Level 1:colcon.colcon_core.package_identification:_identify(src/amiga-ros2-bridge/venv/lib/python3.10/site-packages/pip/_vendor/packaging) by extensions ['cmake', 'python']
[2.762s] Level 1:colcon.colcon_core.package_identification:_identify(src/amiga-ros2-bridge/venv/lib/python3.10/site-packages/pip/_vendor/packaging) by extension 'cmake'
[2.762s] Level 1:colcon.colcon_core.package_identification:_identify(src/amiga-ros2-bridge/venv/lib/python3.10/site-packages/pip/_vendor/packaging) by extension 'python'
[2.762s] Level 1:colcon.colcon_core.package_identification:_identify(src/amiga-ros2-bridge/venv/lib/python3.10/site-packages/pip/_vendor/packaging) by extensions ['python_setup_py']
[2.762s] Level 1:colcon.colcon_core.package_identification:_identify(src/amiga-ros2-bridge/venv/lib/python3.10/site-packages/pip/_vendor/packaging) by extension 'python_setup_py'
[2.762s] Level 1:colcon.colcon_core.package_identification:_identify(src/amiga-ros2-bridge/venv/lib/python3.10/site-packages/pip/_vendor/packaging/__pycache__) by extensions ['ignore', 'ignore_ament_install']
[2.763s] Level 1:colcon.colcon_core.package_identification:_identify(src/amiga-ros2-bridge/venv/lib/python3.10/site-packages/pip/_vendor/packaging/__pycache__) by extension 'ignore'
[2.763s] Level 1:colcon.colcon_core.package_identification:_identify(src/amiga-ros2-bridge/venv/lib/python3.10/site-packages/pip/_vendor/packaging/__pycache__) by extension 'ignore_ament_install'
[2.763s] Level 1:colcon.colcon_core.package_identification:_identify(src/amiga-ros2-bridge/venv/lib/python3.10/site-packages/pip/_vendor/packaging/__pycache__) by extensions ['colcon_pkg']
[2.763s] Level 1:colcon.colcon_core.package_identification:_identify(src/amiga-ros2-bridge/venv/lib/python3.10/site-packages/pip/_vendor/packaging/__pycache__) by extension 'colcon_pkg'
[2.763s] Level 1:colcon.colcon_core.package_identification:_identify(src/amiga-ros2-bridge/venv/lib/python3.10/site-packages/pip/_vendor/packaging/__pycache__) by extensions ['colcon_meta']
[2.763s] Level 1:colcon.colcon_core.package_identification:_identify(src/amiga-ros2-bridge/venv/lib/python3.10/site-packages/pip/_vendor/packaging/__pycache__) by extension 'colcon_meta'
[2.763s] Level 1:colcon.colcon_core.package_identification:_identify(src/amiga-ros2-bridge/venv/lib/python3.10/site-packages/pip/_vendor/packaging/__pycache__) by extensions ['ros']
[2.763s] Level 1:colcon.colcon_core.package_identification:_identify(src/amiga-ros2-bridge/venv/lib/python3.10/site-packages/pip/_vendor/packaging/__pycache__) by extension 'ros'
[2.764s] Level 1:colcon.colcon_core.package_identification:_identify(src/amiga-ros2-bridge/venv/lib/python3.10/site-packages/pip/_vendor/packaging/__pycache__) by extensions ['cmake', 'python']
[2.764s] Level 1:colcon.colcon_core.package_identification:_identify(src/amiga-ros2-bridge/venv/lib/python3.10/site-packages/pip/_vendor/packaging/__pycache__) by extension 'cmake'
[2.764s] Level 1:colcon.colcon_core.package_identification:_identify(src/amiga-ros2-bridge/venv/lib/python3.10/site-packages/pip/_vendor/packaging/__pycache__) by extension 'python'
[2.764s] Level 1:colcon.colcon_core.package_identification:_identify(src/amiga-ros2-bridge/venv/lib/python3.10/site-packages/pip/_vendor/packaging/__pycache__) by extensions ['python_setup_py']
[2.764s] Level 1:colcon.colcon_core.package_identification:_identify(src/amiga-ros2-bridge/venv/lib/python3.10/site-packages/pip/_vendor/packaging/__pycache__) by extension 'python_setup_py'
[2.764s] Level 1:colcon.colcon_core.package_identification:_identify(src/amiga-ros2-bridge/venv/lib/python3.10/site-packages/pip/_vendor/packaging/licenses) by extensions ['ignore', 'ignore_ament_install']
[2.765s] Level 1:colcon.colcon_core.package_identification:_identify(src/amiga-ros2-bridge/venv/lib/python3.10/site-packages/pip/_vendor/packaging/licenses) by extension 'ignore'
[2.765s] Level 1:colcon.colcon_core.package_identification:_identify(src/amiga-ros2-bridge/venv/lib/python3.10/site-packages/pip/_vendor/packaging/licenses) by extension 'ignore_ament_install'
[2.765s] Level 1:colcon.colcon_core.package_identification:_identify(src/amiga-ros2-bridge/venv/lib/python3.10/site-packages/pip/_vendor/packaging/licenses) by extensions ['colcon_pkg']
[2.765s] Level 1:colcon.colcon_core.package_identification:_identify(src/amiga-ros2-bridge/venv/lib/python3.10/site-packages/pip/_vendor/packaging/licenses) by extension 'colcon_pkg'
[2.765s] Level 1:colcon.colcon_core.package_identification:_identify(src/amiga-ros2-bridge/venv/lib/python3.10/site-packages/pip/_vendor/packaging/licenses) by extensions ['colcon_meta']
[2.765s] Level 1:colcon.colcon_core.package_identification:_identify(src/amiga-ros2-bridge/venv/lib/python3.10/site-packages/pip/_vendor/packaging/licenses) by extension 'colcon_meta'
[2.765s] Level 1:colcon.colcon_core.package_identification:_identify(src/amiga-ros2-bridge/venv/lib/python3.10/site-packages/pip/_vendor/packaging/licenses) by extensions ['ros']
[2.765s] Level 1:colcon.colcon_core.package_identification:_identify(src/amiga-ros2-bridge/venv/lib/python3.10/site-packages/pip/_vendor/packaging/licenses) by extension 'ros'
[2.765s] Level 1:colcon.colcon_core.package_identification:_identify(src/amiga-ros2-bridge/venv/lib/python3.10/site-packages/pip/_vendor/packaging/licenses) by extensions ['cmake', 'python']
[2.766s] Level 1:colcon.colcon_core.package_identification:_identify(src/amiga-ros2-bridge/venv/lib/python3.10/site-packages/pip/_vendor/packaging/licenses) by extension 'cmake'
[2.766s] Level 1:colcon.colcon_core.package_identification:_identify(src/amiga-ros2-bridge/venv/lib/python3.10/site-packages/pip/_vendor/packaging/licenses) by extension 'python'
[2.766s] Level 1:colcon.colcon_core.package_identification:_identify(src/amiga-ros2-bridge/venv/lib/python3.10/site-packages/pip/_vendor/packaging/licenses) by extensions ['python_setup_py']
[2.766s] Level 1:colcon.colcon_core.package_identification:_identify(src/amiga-ros2-bridge/venv/lib/python3.10/site-packages/pip/_vendor/packaging/licenses) by extension 'python_setup_py'
[2.766s] Level 1:colcon.colcon_core.package_identification:_identify(src/amiga-ros2-bridge/venv/lib/python3.10/site-packages/pip/_vendor/packaging/licenses/__pycache__) by extensions ['ignore', 'ignore_ament_install']
[2.766s] Level 1:colcon.colcon_core.package_identification:_identify(src/amiga-ros2-bridge/venv/lib/python3.10/site-packages/pip/_vendor/packaging/licenses/__pycache__) by extension 'ignore'
[2.767s] Level 1:colcon.colcon_core.package_identification:_identify(src/amiga-ros2-bridge/venv/lib/python3.10/site-packages/pip/_vendor/packaging/licenses/__pycache__) by extension 'ignore_ament_install'
[2.767s] Level 1:colcon.colcon_core.package_identification:_identify(src/amiga-ros2-bridge/venv/lib/python3.10/site-packages/pip/_vendor/packaging/licenses/__pycache__) by extensions ['colcon_pkg']
[2.767s] Level 1:colcon.colcon_core.package_identification:_identify(src/amiga-ros2-bridge/venv/lib/python3.10/site-packages/pip/_vendor/packaging/licenses/__pycache__) by extension 'colcon_pkg'
[2.767s] Level 1:colcon.colcon_core.package_identification:_identify(src/amiga-ros2-bridge/venv/lib/python3.10/site-packages/pip/_vendor/packaging/licenses/__pycache__) by extensions ['colcon_meta']
[2.767s] Level 1:colcon.colcon_core.package_identification:_identify(src/amiga-ros2-bridge/venv/lib/python3.10/site-packages/pip/_vendor/packaging/licenses/__pycache__) by extension 'colcon_meta'
[2.767s] Level 1:colcon.colcon_core.package_identification:_identify(src/amiga-ros2-bridge/venv/lib/python3.10/site-packages/pip/_vendor/packaging/licenses/__pycache__) by extensions ['ros']
[2.767s] Level 1:colcon.colcon_core.package_identification:_identify(src/amiga-ros2-bridge/venv/lib/python3.10/site-packages/pip/_vendor/packaging/licenses/__pycache__) by extension 'ros'
[2.767s] Level 1:colcon.colcon_core.package_identification:_identify(src/amiga-ros2-bridge/venv/lib/python3.10/site-packages/pip/_vendor/packaging/licenses/__pycache__) by extensions ['cmake', 'python']
[2.767s] Level 1:colcon.colcon_core.package_identification:_identify(src/amiga-ros2-bridge/venv/lib/python3.10/site-packages/pip/_vendor/packaging/licenses/__pycache__) by extension 'cmake'
[2.768s] Level 1:colcon.colcon_core.package_identification:_identify(src/amiga-ros2-bridge/venv/lib/python3.10/site-packages/pip/_vendor/packaging/licenses/__pycache__) by extension 'python'
[2.768s] Level 1:colcon.colcon_core.package_identification:_identify(src/amiga-ros2-bridge/venv/lib/python3.10/site-packages/pip/_vendor/packaging/licenses/__pycache__) by extensions ['python_setup_py']
[2.768s] Level 1:colcon.colcon_core.package_identification:_identify(src/amiga-ros2-bridge/venv/lib/python3.10/site-packages/pip/_vendor/packaging/licenses/__pycache__) by extension 'python_setup_py'
[2.768s] Level 1:colcon.colcon_core.package_identification:_identify(src/amiga-ros2-bridge/venv/lib/python3.10/site-packages/pip/_vendor/pkg_resources) by extensions ['ignore', 'ignore_ament_install']
[2.768s] Level 1:colcon.colcon_core.package_identification:_identify(src/amiga-ros2-bridge/venv/lib/python3.10/site-packages/pip/_vendor/pkg_resources) by extension 'ignore'
[2.768s] Level 1:colcon.colcon_core.package_identification:_identify(src/amiga-ros2-bridge/venv/lib/python3.10/site-packages/pip/_vendor/pkg_resources) by extension 'ignore_ament_install'
[2.769s] Level 1:colcon.colcon_core.package_identification:_identify(src/amiga-ros2-bridge/venv/lib/python3.10/site-packages/pip/_vendor/pkg_resources) by extensions ['colcon_pkg']
[2.769s] Level 1:colcon.colcon_core.package_identification:_identify(src/amiga-ros2-bridge/venv/lib/python3.10/site-packages/pip/_vendor/pkg_resources) by extension 'colcon_pkg'
[2.769s] Level 1:colcon.colcon_core.package_identification:_identify(src/amiga-ros2-bridge/venv/lib/python3.10/site-packages/pip/_vendor/pkg_resources) by extensions ['colcon_meta']
[2.769s] Level 1:colcon.colcon_core.package_identification:_identify(src/amiga-ros2-bridge/venv/lib/python3.10/site-packages/pip/_vendor/pkg_resources) by extension 'colcon_meta'
[2.769s] Level 1:colcon.colcon_core.package_identification:_identify(src/amiga-ros2-bridge/venv/lib/python3.10/site-packages/pip/_vendor/pkg_resources) by extensions ['ros']
[2.769s] Level 1:colcon.colcon_core.package_identification:_identify(src/amiga-ros2-bridge/venv/lib/python3.10/site-packages/pip/_vendor/pkg_resources) by extension 'ros'
[2.769s] Level 1:colcon.colcon_core.package_identification:_identify(src/amiga-ros2-bridge/venv/lib/python3.10/site-packages/pip/_vendor/pkg_resources) by extensions ['cmake', 'python']
[2.769s] Level 1:colcon.colcon_core.package_identification:_identify(src/amiga-ros2-bridge/venv/lib/python3.10/site-packages/pip/_vendor/pkg_resources) by extension 'cmake'
[2.769s] Level 1:colcon.colcon_core.package_identification:_identify(src/amiga-ros2-bridge/venv/lib/python3.10/site-packages/pip/_vendor/pkg_resources) by extension 'python'
[2.769s] Level 1:colcon.colcon_core.package_identification:_identify(src/amiga-ros2-bridge/venv/lib/python3.10/site-packages/pip/_vendor/pkg_resources) by extensions ['python_setup_py']
[2.770s] Level 1:colcon.colcon_core.package_identification:_identify(src/amiga-ros2-bridge/venv/lib/python3.10/site-packages/pip/_vendor/pkg_resources) by extension 'python_setup_py'
[2.770s] Level 1:colcon.colcon_core.package_identification:_identify(src/amiga-ros2-bridge/venv/lib/python3.10/site-packages/pip/_vendor/pkg_resources/__pycache__) by extensions ['ignore', 'ignore_ament_install']
[2.770s] Level 1:colcon.colcon_core.package_identification:_identify(src/amiga-ros2-bridge/venv/lib/python3.10/site-packages/pip/_vendor/pkg_resources/__pycache__) by extension 'ignore'
[2.770s] Level 1:colcon.colcon_core.package_identification:_identify(src/amiga-ros2-bridge/venv/lib/python3.10/site-packages/pip/_vendor/pkg_resources/__pycache__) by extension 'ignore_ament_install'
[2.770s] Level 1:colcon.colcon_core.package_identification:_identify(src/amiga-ros2-bridge/venv/lib/python3.10/site-packages/pip/_vendor/pkg_resources/__pycache__) by extensions ['colcon_pkg']
[2.770s] Level 1:colcon.colcon_core.package_identification:_identify(src/amiga-ros2-bridge/venv/lib/python3.10/site-packages/pip/_vendor/pkg_resources/__pycache__) by extension 'colcon_pkg'
[2.771s] Level 1:colcon.colcon_core.package_identification:_identify(src/amiga-ros2-bridge/venv/lib/python3.10/site-packages/pip/_vendor/pkg_resources/__pycache__) by extensions ['colcon_meta']
[2.771s] Level 1:colcon.colcon_core.package_identification:_identify(src/amiga-ros2-bridge/venv/lib/python3.10/site-packages/pip/_vendor/pkg_resources/__pycache__) by extension 'colcon_meta'
[2.771s] Level 1:colcon.colcon_core.package_identification:_identify(src/amiga-ros2-bridge/venv/lib/python3.10/site-packages/pip/_vendor/pkg_resources/__pycache__) by extensions ['ros']
[2.771s] Level 1:colcon.colcon_core.package_identification:_identify(src/amiga-ros2-bridge/venv/lib/python3.10/site-packages/pip/_vendor/pkg_resources/__pycache__) by extension 'ros'
[2.771s] Level 1:colcon.colcon_core.package_identification:_identify(src/amiga-ros2-bridge/venv/lib/python3.10/site-packages/pip/_vendor/pkg_resources/__pycache__) by extensions ['cmake', 'python']
[2.771s] Level 1:colcon.colcon_core.package_identification:_identify(src/amiga-ros2-bridge/venv/lib/python3.10/site-packages/pip/_vendor/pkg_resources/__pycache__) by extension 'cmake'
[2.771s] Level 1:colcon.colcon_core.package_identification:_identify(src/amiga-ros2-bridge/venv/lib/python3.10/site-packages/pip/_vendor/pkg_resources/__pycache__) by extension 'python'
[2.771s] Level 1:colcon.colcon_core.package_identification:_identify(src/amiga-ros2-bridge/venv/lib/python3.10/site-packages/pip/_vendor/pkg_resources/__pycache__) by extensions ['python_setup_py']
[2.771s] Level 1:colcon.colcon_core.package_identification:_identify(src/amiga-ros2-bridge/venv/lib/python3.10/site-packages/pip/_vendor/pkg_resources/__pycache__) by extension 'python_setup_py'
[2.772s] Level 1:colcon.colcon_core.package_identification:_identify(src/amiga-ros2-bridge/venv/lib/python3.10/site-packages/pip/_vendor/platformdirs) by extensions ['ignore', 'ignore_ament_install']
[2.772s] Level 1:colcon.colcon_core.package_identification:_identify(src/amiga-ros2-bridge/venv/lib/python3.10/site-packages/pip/_vendor/platformdirs) by extension 'ignore'
[2.772s] Level 1:colcon.colcon_core.package_identification:_identify(src/amiga-ros2-bridge/venv/lib/python3.10/site-packages/pip/_vendor/platformdirs) by extension 'ignore_ament_install'
[2.772s] Level 1:colcon.colcon_core.package_identification:_identify(src/amiga-ros2-bridge/venv/lib/python3.10/site-packages/pip/_vendor/platformdirs) by extensions ['colcon_pkg']
[2.772s] Level 1:colcon.colcon_core.package_identification:_identify(src/amiga-ros2-bridge/venv/lib/python3.10/site-packages/pip/_vendor/platformdirs) by extension 'colcon_pkg'
[2.772s] Level 1:colcon.colcon_core.package_identification:_identify(src/amiga-ros2-bridge/venv/lib/python3.10/site-packages/pip/_vendor/platformdirs) by extensions ['colcon_meta']
[2.773s] Level 1:colcon.colcon_core.package_identification:_identify(src/amiga-ros2-bridge/venv/lib/python3.10/site-packages/pip/_vendor/platformdirs) by extension 'colcon_meta'
[2.773s] Level 1:colcon.colcon_core.package_identification:_identify(src/amiga-ros2-bridge/venv/lib/python3.10/site-packages/pip/_vendor/platformdirs) by extensions ['ros']
[2.773s] Level 1:colcon.colcon_core.package_identification:_identify(src/amiga-ros2-bridge/venv/lib/python3.10/site-packages/pip/_vendor/platformdirs) by extension 'ros'
[2.773s] Level 1:colcon.colcon_core.package_identification:_identify(src/amiga-ros2-bridge/venv/lib/python3.10/site-packages/pip/_vendor/platformdirs) by extensions ['cmake', 'python']
[2.773s] Level 1:colcon.colcon_core.package_identification:_identify(src/amiga-ros2-bridge/venv/lib/python3.10/site-packages/pip/_vendor/platformdirs) by extension 'cmake'
[2.773s] Level 1:colcon.colcon_core.package_identification:_identify(src/amiga-ros2-bridge/venv/lib/python3.10/site-packages/pip/_vendor/platformdirs) by extension 'python'
[2.773s] Level 1:colcon.colcon_core.package_identification:_identify(src/amiga-ros2-bridge/venv/lib/python3.10/site-packages/pip/_vendor/platformdirs) by extensions ['python_setup_py']
[2.773s] Level 1:colcon.colcon_core.package_identification:_identify(src/amiga-ros2-bridge/venv/lib/python3.10/site-packages/pip/_vendor/platformdirs) by extension 'python_setup_py'
[2.774s] Level 1:colcon.colcon_core.package_identification:_identify(src/amiga-ros2-bridge/venv/lib/python3.10/site-packages/pip/_vendor/platformdirs/__pycache__) by extensions ['ignore', 'ignore_ament_install']
[2.774s] Level 1:colcon.colcon_core.package_identification:_identify(src/amiga-ros2-bridge/venv/lib/python3.10/site-packages/pip/_vendor/platformdirs/__pycache__) by extension 'ignore'
[2.774s] Level 1:colcon.colcon_core.package_identification:_identify(src/amiga-ros2-bridge/venv/lib/python3.10/site-packages/pip/_vendor/platformdirs/__pycache__) by extension 'ignore_ament_install'
[2.774s] Level 1:colcon.colcon_core.package_identification:_identify(src/amiga-ros2-bridge/venv/lib/python3.10/site-packages/pip/_vendor/platformdirs/__pycache__) by extensions ['colcon_pkg']
[2.774s] Level 1:colcon.colcon_core.package_identification:_identify(src/amiga-ros2-bridge/venv/lib/python3.10/site-packages/pip/_vendor/platformdirs/__pycache__) by extension 'colcon_pkg'
[2.774s] Level 1:colcon.colcon_core.package_identification:_identify(src/amiga-ros2-bridge/venv/lib/python3.10/site-packages/pip/_vendor/platformdirs/__pycache__) by extensions ['colcon_meta']
[2.774s] Level 1:colcon.colcon_core.package_identification:_identify(src/amiga-ros2-bridge/venv/lib/python3.10/site-packages/pip/_vendor/platformdirs/__pycache__) by extension 'colcon_meta'
[2.775s] Level 1:colcon.colcon_core.package_identification:_identify(src/amiga-ros2-bridge/venv/lib/python3.10/site-packages/pip/_vendor/platformdirs/__pycache__) by extensions ['ros']
[2.775s] Level 1:colcon.colcon_core.package_identification:_identify(src/amiga-ros2-bridge/venv/lib/python3.10/site-packages/pip/_vendor/platformdirs/__pycache__) by extension 'ros'
[2.775s] Level 1:colcon.colcon_core.package_identification:_identify(src/amiga-ros2-bridge/venv/lib/python3.10/site-packages/pip/_vendor/platformdirs/__pycache__) by extensions ['cmake', 'python']
[2.775s] Level 1:colcon.colcon_core.package_identification:_identify(src/amiga-ros2-bridge/venv/lib/python3.10/site-packages/pip/_vendor/platformdirs/__pycache__) by extension 'cmake'
[2.775s] Level 1:colcon.colcon_core.package_identification:_identify(src/amiga-ros2-bridge/venv/lib/python3.10/site-packages/pip/_vendor/platformdirs/__pycache__) by extension 'python'
[2.775s] Level 1:colcon.colcon_core.package_identification:_identify(src/amiga-ros2-bridge/venv/lib/python3.10/site-packages/pip/_vendor/platformdirs/__pycache__) by extensions ['python_setup_py']
[2.775s] Level 1:colcon.colcon_core.package_identification:_identify(src/amiga-ros2-bridge/venv/lib/python3.10/site-packages/pip/_vendor/platformdirs/__pycache__) by extension 'python_setup_py'
[2.776s] Level 1:colcon.colcon_core.package_identification:_identify(src/amiga-ros2-bridge/venv/lib/python3.10/site-packages/pip/_vendor/pygments) by extensions ['ignore', 'ignore_ament_install']
[2.776s] Level 1:colcon.colcon_core.package_identification:_identify(src/amiga-ros2-bridge/venv/lib/python3.10/site-packages/pip/_vendor/pygments) by extension 'ignore'
[2.776s] Level 1:colcon.colcon_core.package_identification:_identify(src/amiga-ros2-bridge/venv/lib/python3.10/site-packages/pip/_vendor/pygments) by extension 'ignore_ament_install'
[2.776s] Level 1:colcon.colcon_core.package_identification:_identify(src/amiga-ros2-bridge/venv/lib/python3.10/site-packages/pip/_vendor/pygments) by extensions ['colcon_pkg']
[2.776s] Level 1:colcon.colcon_core.package_identification:_identify(src/amiga-ros2-bridge/venv/lib/python3.10/site-packages/pip/_vendor/pygments) by extension 'colcon_pkg'
[2.776s] Level 1:colcon.colcon_core.package_identification:_identify(src/amiga-ros2-bridge/venv/lib/python3.10/site-packages/pip/_vendor/pygments) by extensions ['colcon_meta']
[2.776s] Level 1:colcon.colcon_core.package_identification:_identify(src/amiga-ros2-bridge/venv/lib/python3.10/site-packages/pip/_vendor/pygments) by extension 'colcon_meta'
[2.776s] Level 1:colcon.colcon_core.package_identification:_identify(src/amiga-ros2-bridge/venv/lib/python3.10/site-packages/pip/_vendor/pygments) by extensions ['ros']
[2.776s] Level 1:colcon.colcon_core.package_identification:_identify(src/amiga-ros2-bridge/venv/lib/python3.10/site-packages/pip/_vendor/pygments) by extension 'ros'
[2.777s] Level 1:colcon.colcon_core.package_identification:_identify(src/amiga-ros2-bridge/venv/lib/python3.10/site-packages/pip/_vendor/pygments) by extensions ['cmake', 'python']
[2.777s] Level 1:colcon.colcon_core.package_identification:_identify(src/amiga-ros2-bridge/venv/lib/python3.10/site-packages/pip/_vendor/pygments) by extension 'cmake'
[2.777s] Level 1:colcon.colcon_core.package_identification:_identify(src/amiga-ros2-bridge/venv/lib/python3.10/site-packages/pip/_vendor/pygments) by extension 'python'
[2.777s] Level 1:colcon.colcon_core.package_identification:_identify(src/amiga-ros2-bridge/venv/lib/python3.10/site-packages/pip/_vendor/pygments) by extensions ['python_setup_py']
[2.777s] Level 1:colcon.colcon_core.package_identification:_identify(src/amiga-ros2-bridge/venv/lib/python3.10/site-packages/pip/_vendor/pygments) by extension 'python_setup_py'
[2.777s] Level 1:colcon.colcon_core.package_identification:_identify(src/amiga-ros2-bridge/venv/lib/python3.10/site-packages/pip/_vendor/pygments/__pycache__) by extensions ['ignore', 'ignore_ament_install']
[2.778s] Level 1:colcon.colcon_core.package_identification:_identify(src/amiga-ros2-bridge/venv/lib/python3.10/site-packages/pip/_vendor/pygments/__pycache__) by extension 'ignore'
[2.778s] Level 1:colcon.colcon_core.package_identification:_identify(src/amiga-ros2-bridge/venv/lib/python3.10/site-packages/pip/_vendor/pygments/__pycache__) by extension 'ignore_ament_install'
[2.778s] Level 1:colcon.colcon_core.package_identification:_identify(src/amiga-ros2-bridge/venv/lib/python3.10/site-packages/pip/_vendor/pygments/__pycache__) by extensions ['colcon_pkg']
[2.778s] Level 1:colcon.colcon_core.package_identification:_identify(src/amiga-ros2-bridge/venv/lib/python3.10/site-packages/pip/_vendor/pygments/__pycache__) by extension 'colcon_pkg'
[2.778s] Level 1:colcon.colcon_core.package_identification:_identify(src/amiga-ros2-bridge/venv/lib/python3.10/site-packages/pip/_vendor/pygments/__pycache__) by extensions ['colcon_meta']
[2.778s] Level 1:colcon.colcon_core.package_identification:_identify(src/amiga-ros2-bridge/venv/lib/python3.10/site-packages/pip/_vendor/pygments/__pycache__) by extension 'colcon_meta'
[2.778s] Level 1:colcon.colcon_core.package_identification:_identify(src/amiga-ros2-bridge/venv/lib/python3.10/site-packages/pip/_vendor/pygments/__pycache__) by extensions ['ros']
[2.778s] Level 1:colcon.colcon_core.package_identification:_identify(src/amiga-ros2-bridge/venv/lib/python3.10/site-packages/pip/_vendor/pygments/__pycache__) by extension 'ros'
[2.779s] Level 1:colcon.colcon_core.package_identification:_identify(src/amiga-ros2-bridge/venv/lib/python3.10/site-packages/pip/_vendor/pygments/__pycache__) by extensions ['cmake', 'python']
[2.779s] Level 1:colcon.colcon_core.package_identification:_identify(src/amiga-ros2-bridge/venv/lib/python3.10/site-packages/pip/_vendor/pygments/__pycache__) by extension 'cmake'
[2.779s] Level 1:colcon.colcon_core.package_identification:_identify(src/amiga-ros2-bridge/venv/lib/python3.10/site-packages/pip/_vendor/pygments/__pycache__) by extension 'python'
[2.779s] Level 1:colcon.colcon_core.package_identification:_identify(src/amiga-ros2-bridge/venv/lib/python3.10/site-packages/pip/_vendor/pygments/__pycache__) by extensions ['python_setup_py']
[2.779s] Level 1:colcon.colcon_core.package_identification:_identify(src/amiga-ros2-bridge/venv/lib/python3.10/site-packages/pip/_vendor/pygments/__pycache__) by extension 'python_setup_py'
[2.779s] Level 1:colcon.colcon_core.package_identification:_identify(src/amiga-ros2-bridge/venv/lib/python3.10/site-packages/pip/_vendor/pygments/filters) by extensions ['ignore', 'ignore_ament_install']
[2.779s] Level 1:colcon.colcon_core.package_identification:_identify(src/amiga-ros2-bridge/venv/lib/python3.10/site-packages/pip/_vendor/pygments/filters) by extension 'ignore'
[2.780s] Level 1:colcon.colcon_core.package_identification:_identify(src/amiga-ros2-bridge/venv/lib/python3.10/site-packages/pip/_vendor/pygments/filters) by extension 'ignore_ament_install'
[2.780s] Level 1:colcon.colcon_core.package_identification:_identify(src/amiga-ros2-bridge/venv/lib/python3.10/site-packages/pip/_vendor/pygments/filters) by extensions ['colcon_pkg']
[2.780s] Level 1:colcon.colcon_core.package_identification:_identify(src/amiga-ros2-bridge/venv/lib/python3.10/site-packages/pip/_vendor/pygments/filters) by extension 'colcon_pkg'
[2.780s] Level 1:colcon.colcon_core.package_identification:_identify(src/amiga-ros2-bridge/venv/lib/python3.10/site-packages/pip/_vendor/pygments/filters) by extensions ['colcon_meta']
[2.780s] Level 1:colcon.colcon_core.package_identification:_identify(src/amiga-ros2-bridge/venv/lib/python3.10/site-packages/pip/_vendor/pygments/filters) by extension 'colcon_meta'
[2.780s] Level 1:colcon.colcon_core.package_identification:_identify(src/amiga-ros2-bridge/venv/lib/python3.10/site-packages/pip/_vendor/pygments/filters) by extensions ['ros']
[2.780s] Level 1:colcon.colcon_core.package_identification:_identify(src/amiga-ros2-bridge/venv/lib/python3.10/site-packages/pip/_vendor/pygments/filters) by extension 'ros'
[2.780s] Level 1:colcon.colcon_core.package_identification:_identify(src/amiga-ros2-bridge/venv/lib/python3.10/site-packages/pip/_vendor/pygments/filters) by extensions ['cmake', 'python']
[2.781s] Level 1:colcon.colcon_core.package_identification:_identify(src/amiga-ros2-bridge/venv/lib/python3.10/site-packages/pip/_vendor/pygments/filters) by extension 'cmake'
[2.781s] Level 1:colcon.colcon_core.package_identification:_identify(src/amiga-ros2-bridge/venv/lib/python3.10/site-packages/pip/_vendor/pygments/filters) by extension 'python'
[2.781s] Level 1:colcon.colcon_core.package_identification:_identify(src/amiga-ros2-bridge/venv/lib/python3.10/site-packages/pip/_vendor/pygments/filters) by extensions ['python_setup_py']
[2.781s] Level 1:colcon.colcon_core.package_identification:_identify(src/amiga-ros2-bridge/venv/lib/python3.10/site-packages/pip/_vendor/pygments/filters) by extension 'python_setup_py'
[2.781s] Level 1:colcon.colcon_core.package_identification:_identify(src/amiga-ros2-bridge/venv/lib/python3.10/site-packages/pip/_vendor/pygments/filters/__pycache__) by extensions ['ignore', 'ignore_ament_install']
[2.781s] Level 1:colcon.colcon_core.package_identification:_identify(src/amiga-ros2-bridge/venv/lib/python3.10/site-packages/pip/_vendor/pygments/filters/__pycache__) by extension 'ignore'
[2.781s] Level 1:colcon.colcon_core.package_identification:_identify(src/amiga-ros2-bridge/venv/lib/python3.10/site-packages/pip/_vendor/pygments/filters/__pycache__) by extension 'ignore_ament_install'
[2.782s] Level 1:colcon.colcon_core.package_identification:_identify(src/amiga-ros2-bridge/venv/lib/python3.10/site-packages/pip/_vendor/pygments/filters/__pycache__) by extensions ['colcon_pkg']
[2.782s] Level 1:colcon.colcon_core.package_identification:_identify(src/amiga-ros2-bridge/venv/lib/python3.10/site-packages/pip/_vendor/pygments/filters/__pycache__) by extension 'colcon_pkg'
[2.782s] Level 1:colcon.colcon_core.package_identification:_identify(src/amiga-ros2-bridge/venv/lib/python3.10/site-packages/pip/_vendor/pygments/filters/__pycache__) by extensions ['colcon_meta']
[2.782s] Level 1:colcon.colcon_core.package_identification:_identify(src/amiga-ros2-bridge/venv/lib/python3.10/site-packages/pip/_vendor/pygments/filters/__pycache__) by extension 'colcon_meta'
[2.782s] Level 1:colcon.colcon_core.package_identification:_identify(src/amiga-ros2-bridge/venv/lib/python3.10/site-packages/pip/_vendor/pygments/filters/__pycache__) by extensions ['ros']
[2.782s] Level 1:colcon.colcon_core.package_identification:_identify(src/amiga-ros2-bridge/venv/lib/python3.10/site-packages/pip/_vendor/pygments/filters/__pycache__) by extension 'ros'
[2.782s] Level 1:colcon.colcon_core.package_identification:_identify(src/amiga-ros2-bridge/venv/lib/python3.10/site-packages/pip/_vendor/pygments/filters/__pycache__) by extensions ['cmake', 'python']
[2.782s] Level 1:colcon.colcon_core.package_identification:_identify(src/amiga-ros2-bridge/venv/lib/python3.10/site-packages/pip/_vendor/pygments/filters/__pycache__) by extension 'cmake'
[2.782s] Level 1:colcon.colcon_core.package_identification:_identify(src/amiga-ros2-bridge/venv/lib/python3.10/site-packages/pip/_vendor/pygments/filters/__pycache__) by extension 'python'
[2.783s] Level 1:colcon.colcon_core.package_identification:_identify(src/amiga-ros2-bridge/venv/lib/python3.10/site-packages/pip/_vendor/pygments/filters/__pycache__) by extensions ['python_setup_py']
[2.783s] Level 1:colcon.colcon_core.package_identification:_identify(src/amiga-ros2-bridge/venv/lib/python3.10/site-packages/pip/_vendor/pygments/filters/__pycache__) by extension 'python_setup_py'
[2.783s] Level 1:colcon.colcon_core.package_identification:_identify(src/amiga-ros2-bridge/venv/lib/python3.10/site-packages/pip/_vendor/pygments/formatters) by extensions ['ignore', 'ignore_ament_install']
[2.783s] Level 1:colcon.colcon_core.package_identification:_identify(src/amiga-ros2-bridge/venv/lib/python3.10/site-packages/pip/_vendor/pygments/formatters) by extension 'ignore'
[2.783s] Level 1:colcon.colcon_core.package_identification:_identify(src/amiga-ros2-bridge/venv/lib/python3.10/site-packages/pip/_vendor/pygments/formatters) by extension 'ignore_ament_install'
[2.784s] Level 1:colcon.colcon_core.package_identification:_identify(src/amiga-ros2-bridge/venv/lib/python3.10/site-packages/pip/_vendor/pygments/formatters) by extensions ['colcon_pkg']
[2.784s] Level 1:colcon.colcon_core.package_identification:_identify(src/amiga-ros2-bridge/venv/lib/python3.10/site-packages/pip/_vendor/pygments/formatters) by extension 'colcon_pkg'
[2.784s] Level 1:colcon.colcon_core.package_identification:_identify(src/amiga-ros2-bridge/venv/lib/python3.10/site-packages/pip/_vendor/pygments/formatters) by extensions ['colcon_meta']
[2.784s] Level 1:colcon.colcon_core.package_identification:_identify(src/amiga-ros2-bridge/venv/lib/python3.10/site-packages/pip/_vendor/pygments/formatters) by extension 'colcon_meta'
[2.784s] Level 1:colcon.colcon_core.package_identification:_identify(src/amiga-ros2-bridge/venv/lib/python3.10/site-packages/pip/_vendor/pygments/formatters) by extensions ['ros']
[2.784s] Level 1:colcon.colcon_core.package_identification:_identify(src/amiga-ros2-bridge/venv/lib/python3.10/site-packages/pip/_vendor/pygments/formatters) by extension 'ros'
[2.784s] Level 1:colcon.colcon_core.package_identification:_identify(src/amiga-ros2-bridge/venv/lib/python3.10/site-packages/pip/_vendor/pygments/formatters) by extensions ['cmake', 'python']
[2.784s] Level 1:colcon.colcon_core.package_identification:_identify(src/amiga-ros2-bridge/venv/lib/python3.10/site-packages/pip/_vendor/pygments/formatters) by extension 'cmake'
[2.784s] Level 1:colcon.colcon_core.package_identification:_identify(src/amiga-ros2-bridge/venv/lib/python3.10/site-packages/pip/_vendor/pygments/formatters) by extension 'python'
[2.784s] Level 1:colcon.colcon_core.package_identification:_identify(src/amiga-ros2-bridge/venv/lib/python3.10/site-packages/pip/_vendor/pygments/formatters) by extensions ['python_setup_py']
[2.785s] Level 1:colcon.colcon_core.package_identification:_identify(src/amiga-ros2-bridge/venv/lib/python3.10/site-packages/pip/_vendor/pygments/formatters) by extension 'python_setup_py'
[2.785s] Level 1:colcon.colcon_core.package_identification:_identify(src/amiga-ros2-bridge/venv/lib/python3.10/site-packages/pip/_vendor/pygments/formatters/__pycache__) by extensions ['ignore', 'ignore_ament_install']
[2.785s] Level 1:colcon.colcon_core.package_identification:_identify(src/amiga-ros2-bridge/venv/lib/python3.10/site-packages/pip/_vendor/pygments/formatters/__pycache__) by extension 'ignore'
[2.785s] Level 1:colcon.colcon_core.package_identification:_identify(src/amiga-ros2-bridge/venv/lib/python3.10/site-packages/pip/_vendor/pygments/formatters/__pycache__) by extension 'ignore_ament_install'
[2.785s] Level 1:colcon.colcon_core.package_identification:_identify(src/amiga-ros2-bridge/venv/lib/python3.10/site-packages/pip/_vendor/pygments/formatters/__pycache__) by extensions ['colcon_pkg']
[2.785s] Level 1:colcon.colcon_core.package_identification:_identify(src/amiga-ros2-bridge/venv/lib/python3.10/site-packages/pip/_vendor/pygments/formatters/__pycache__) by extension 'colcon_pkg'
[2.786s] Level 1:colcon.colcon_core.package_identification:_identify(src/amiga-ros2-bridge/venv/lib/python3.10/site-packages/pip/_vendor/pygments/formatters/__pycache__) by extensions ['colcon_meta']
[2.786s] Level 1:colcon.colcon_core.package_identification:_identify(src/amiga-ros2-bridge/venv/lib/python3.10/site-packages/pip/_vendor/pygments/formatters/__pycache__) by extension 'colcon_meta'
[2.786s] Level 1:colcon.colcon_core.package_identification:_identify(src/amiga-ros2-bridge/venv/lib/python3.10/site-packages/pip/_vendor/pygments/formatters/__pycache__) by extensions ['ros']
[2.786s] Level 1:colcon.colcon_core.package_identification:_identify(src/amiga-ros2-bridge/venv/lib/python3.10/site-packages/pip/_vendor/pygments/formatters/__pycache__) by extension 'ros'
[2.786s] Level 1:colcon.colcon_core.package_identification:_identify(src/amiga-ros2-bridge/venv/lib/python3.10/site-packages/pip/_vendor/pygments/formatters/__pycache__) by extensions ['cmake', 'python']
[2.786s] Level 1:colcon.colcon_core.package_identification:_identify(src/amiga-ros2-bridge/venv/lib/python3.10/site-packages/pip/_vendor/pygments/formatters/__pycache__) by extension 'cmake'
[2.786s] Level 1:colcon.colcon_core.package_identification:_identify(src/amiga-ros2-bridge/venv/lib/python3.10/site-packages/pip/_vendor/pygments/formatters/__pycache__) by extension 'python'
[2.786s] Level 1:colcon.colcon_core.package_identification:_identify(src/amiga-ros2-bridge/venv/lib/python3.10/site-packages/pip/_vendor/pygments/formatters/__pycache__) by extensions ['python_setup_py']
[2.786s] Level 1:colcon.colcon_core.package_identification:_identify(src/amiga-ros2-bridge/venv/lib/python3.10/site-packages/pip/_vendor/pygments/formatters/__pycache__) by extension 'python_setup_py'
[2.787s] Level 1:colcon.colcon_core.package_identification:_identify(src/amiga-ros2-bridge/venv/lib/python3.10/site-packages/pip/_vendor/pygments/lexers) by extensions ['ignore', 'ignore_ament_install']
[2.787s] Level 1:colcon.colcon_core.package_identification:_identify(src/amiga-ros2-bridge/venv/lib/python3.10/site-packages/pip/_vendor/pygments/lexers) by extension 'ignore'
[2.787s] Level 1:colcon.colcon_core.package_identification:_identify(src/amiga-ros2-bridge/venv/lib/python3.10/site-packages/pip/_vendor/pygments/lexers) by extension 'ignore_ament_install'
[2.787s] Level 1:colcon.colcon_core.package_identification:_identify(src/amiga-ros2-bridge/venv/lib/python3.10/site-packages/pip/_vendor/pygments/lexers) by extensions ['colcon_pkg']
[2.787s] Level 1:colcon.colcon_core.package_identification:_identify(src/amiga-ros2-bridge/venv/lib/python3.10/site-packages/pip/_vendor/pygments/lexers) by extension 'colcon_pkg'
[2.787s] Level 1:colcon.colcon_core.package_identification:_identify(src/amiga-ros2-bridge/venv/lib/python3.10/site-packages/pip/_vendor/pygments/lexers) by extensions ['colcon_meta']
[2.788s] Level 1:colcon.colcon_core.package_identification:_identify(src/amiga-ros2-bridge/venv/lib/python3.10/site-packages/pip/_vendor/pygments/lexers) by extension 'colcon_meta'
[2.788s] Level 1:colcon.colcon_core.package_identification:_identify(src/amiga-ros2-bridge/venv/lib/python3.10/site-packages/pip/_vendor/pygments/lexers) by extensions ['ros']
[2.788s] Level 1:colcon.colcon_core.package_identification:_identify(src/amiga-ros2-bridge/venv/lib/python3.10/site-packages/pip/_vendor/pygments/lexers) by extension 'ros'
[2.788s] Level 1:colcon.colcon_core.package_identification:_identify(src/amiga-ros2-bridge/venv/lib/python3.10/site-packages/pip/_vendor/pygments/lexers) by extensions ['cmake', 'python']
[2.788s] Level 1:colcon.colcon_core.package_identification:_identify(src/amiga-ros2-bridge/venv/lib/python3.10/site-packages/pip/_vendor/pygments/lexers) by extension 'cmake'
[2.788s] Level 1:colcon.colcon_core.package_identification:_identify(src/amiga-ros2-bridge/venv/lib/python3.10/site-packages/pip/_vendor/pygments/lexers) by extension 'python'
[2.788s] Level 1:colcon.colcon_core.package_identification:_identify(src/amiga-ros2-bridge/venv/lib/python3.10/site-packages/pip/_vendor/pygments/lexers) by extensions ['python_setup_py']
[2.788s] Level 1:colcon.colcon_core.package_identification:_identify(src/amiga-ros2-bridge/venv/lib/python3.10/site-packages/pip/_vendor/pygments/lexers) by extension 'python_setup_py'
[2.789s] Level 1:colcon.colcon_core.package_identification:_identify(src/amiga-ros2-bridge/venv/lib/python3.10/site-packages/pip/_vendor/pygments/lexers/__pycache__) by extensions ['ignore', 'ignore_ament_install']
[2.789s] Level 1:colcon.colcon_core.package_identification:_identify(src/amiga-ros2-bridge/venv/lib/python3.10/site-packages/pip/_vendor/pygments/lexers/__pycache__) by extension 'ignore'
[2.789s] Level 1:colcon.colcon_core.package_identification:_identify(src/amiga-ros2-bridge/venv/lib/python3.10/site-packages/pip/_vendor/pygments/lexers/__pycache__) by extension 'ignore_ament_install'
[2.789s] Level 1:colcon.colcon_core.package_identification:_identify(src/amiga-ros2-bridge/venv/lib/python3.10/site-packages/pip/_vendor/pygments/lexers/__pycache__) by extensions ['colcon_pkg']
[2.789s] Level 1:colcon.colcon_core.package_identification:_identify(src/amiga-ros2-bridge/venv/lib/python3.10/site-packages/pip/_vendor/pygments/lexers/__pycache__) by extension 'colcon_pkg'
[2.789s] Level 1:colcon.colcon_core.package_identification:_identify(src/amiga-ros2-bridge/venv/lib/python3.10/site-packages/pip/_vendor/pygments/lexers/__pycache__) by extensions ['colcon_meta']
[2.789s] Level 1:colcon.colcon_core.package_identification:_identify(src/amiga-ros2-bridge/venv/lib/python3.10/site-packages/pip/_vendor/pygments/lexers/__pycache__) by extension 'colcon_meta'
[2.790s] Level 1:colcon.colcon_core.package_identification:_identify(src/amiga-ros2-bridge/venv/lib/python3.10/site-packages/pip/_vendor/pygments/lexers/__pycache__) by extensions ['ros']
[2.790s] Level 1:colcon.colcon_core.package_identification:_identify(src/amiga-ros2-bridge/venv/lib/python3.10/site-packages/pip/_vendor/pygments/lexers/__pycache__) by extension 'ros'
[2.790s] Level 1:colcon.colcon_core.package_identification:_identify(src/amiga-ros2-bridge/venv/lib/python3.10/site-packages/pip/_vendor/pygments/lexers/__pycache__) by extensions ['cmake', 'python']
[2.790s] Level 1:colcon.colcon_core.package_identification:_identify(src/amiga-ros2-bridge/venv/lib/python3.10/site-packages/pip/_vendor/pygments/lexers/__pycache__) by extension 'cmake'
[2.790s] Level 1:colcon.colcon_core.package_identification:_identify(src/amiga-ros2-bridge/venv/lib/python3.10/site-packages/pip/_vendor/pygments/lexers/__pycache__) by extension 'python'
[2.790s] Level 1:colcon.colcon_core.package_identification:_identify(src/amiga-ros2-bridge/venv/lib/python3.10/site-packages/pip/_vendor/pygments/lexers/__pycache__) by extensions ['python_setup_py']
[2.790s] Level 1:colcon.colcon_core.package_identification:_identify(src/amiga-ros2-bridge/venv/lib/python3.10/site-packages/pip/_vendor/pygments/lexers/__pycache__) by extension 'python_setup_py'
[2.791s] Level 1:colcon.colcon_core.package_identification:_identify(src/amiga-ros2-bridge/venv/lib/python3.10/site-packages/pip/_vendor/pygments/styles) by extensions ['ignore', 'ignore_ament_install']
[2.791s] Level 1:colcon.colcon_core.package_identification:_identify(src/amiga-ros2-bridge/venv/lib/python3.10/site-packages/pip/_vendor/pygments/styles) by extension 'ignore'
[2.791s] Level 1:colcon.colcon_core.package_identification:_identify(src/amiga-ros2-bridge/venv/lib/python3.10/site-packages/pip/_vendor/pygments/styles) by extension 'ignore_ament_install'
[2.791s] Level 1:colcon.colcon_core.package_identification:_identify(src/amiga-ros2-bridge/venv/lib/python3.10/site-packages/pip/_vendor/pygments/styles) by extensions ['colcon_pkg']
[2.791s] Level 1:colcon.colcon_core.package_identification:_identify(src/amiga-ros2-bridge/venv/lib/python3.10/site-packages/pip/_vendor/pygments/styles) by extension 'colcon_pkg'
[2.791s] Level 1:colcon.colcon_core.package_identification:_identify(src/amiga-ros2-bridge/venv/lib/python3.10/site-packages/pip/_vendor/pygments/styles) by extensions ['colcon_meta']
[2.791s] Level 1:colcon.colcon_core.package_identification:_identify(src/amiga-ros2-bridge/venv/lib/python3.10/site-packages/pip/_vendor/pygments/styles) by extension 'colcon_meta'
[2.791s] Level 1:colcon.colcon_core.package_identification:_identify(src/amiga-ros2-bridge/venv/lib/python3.10/site-packages/pip/_vendor/pygments/styles) by extensions ['ros']
[2.792s] Level 1:colcon.colcon_core.package_identification:_identify(src/amiga-ros2-bridge/venv/lib/python3.10/site-packages/pip/_vendor/pygments/styles) by extension 'ros'
[2.792s] Level 1:colcon.colcon_core.package_identification:_identify(src/amiga-ros2-bridge/venv/lib/python3.10/site-packages/pip/_vendor/pygments/styles) by extensions ['cmake', 'python']
[2.792s] Level 1:colcon.colcon_core.package_identification:_identify(src/amiga-ros2-bridge/venv/lib/python3.10/site-packages/pip/_vendor/pygments/styles) by extension 'cmake'
[2.792s] Level 1:colcon.colcon_core.package_identification:_identify(src/amiga-ros2-bridge/venv/lib/python3.10/site-packages/pip/_vendor/pygments/styles) by extension 'python'
[2.792s] Level 1:colcon.colcon_core.package_identification:_identify(src/amiga-ros2-bridge/venv/lib/python3.10/site-packages/pip/_vendor/pygments/styles) by extensions ['python_setup_py']
[2.792s] Level 1:colcon.colcon_core.package_identification:_identify(src/amiga-ros2-bridge/venv/lib/python3.10/site-packages/pip/_vendor/pygments/styles) by extension 'python_setup_py'
[2.793s] Level 1:colcon.colcon_core.package_identification:_identify(src/amiga-ros2-bridge/venv/lib/python3.10/site-packages/pip/_vendor/pygments/styles/__pycache__) by extensions ['ignore', 'ignore_ament_install']
[2.793s] Level 1:colcon.colcon_core.package_identification:_identify(src/amiga-ros2-bridge/venv/lib/python3.10/site-packages/pip/_vendor/pygments/styles/__pycache__) by extension 'ignore'
[2.793s] Level 1:colcon.colcon_core.package_identification:_identify(src/amiga-ros2-bridge/venv/lib/python3.10/site-packages/pip/_vendor/pygments/styles/__pycache__) by extension 'ignore_ament_install'
[2.793s] Level 1:colcon.colcon_core.package_identification:_identify(src/amiga-ros2-bridge/venv/lib/python3.10/site-packages/pip/_vendor/pygments/styles/__pycache__) by extensions ['colcon_pkg']
[2.793s] Level 1:colcon.colcon_core.package_identification:_identify(src/amiga-ros2-bridge/venv/lib/python3.10/site-packages/pip/_vendor/pygments/styles/__pycache__) by extension 'colcon_pkg'
[2.793s] Level 1:colcon.colcon_core.package_identification:_identify(src/amiga-ros2-bridge/venv/lib/python3.10/site-packages/pip/_vendor/pygments/styles/__pycache__) by extensions ['colcon_meta']
[2.793s] Level 1:colcon.colcon_core.package_identification:_identify(src/amiga-ros2-bridge/venv/lib/python3.10/site-packages/pip/_vendor/pygments/styles/__pycache__) by extension 'colcon_meta'
[2.793s] Level 1:colcon.colcon_core.package_identification:_identify(src/amiga-ros2-bridge/venv/lib/python3.10/site-packages/pip/_vendor/pygments/styles/__pycache__) by extensions ['ros']
[2.793s] Level 1:colcon.colcon_core.package_identification:_identify(src/amiga-ros2-bridge/venv/lib/python3.10/site-packages/pip/_vendor/pygments/styles/__pycache__) by extension 'ros'
[2.794s] Level 1:colcon.colcon_core.package_identification:_identify(src/amiga-ros2-bridge/venv/lib/python3.10/site-packages/pip/_vendor/pygments/styles/__pycache__) by extensions ['cmake', 'python']
[2.794s] Level 1:colcon.colcon_core.package_identification:_identify(src/amiga-ros2-bridge/venv/lib/python3.10/site-packages/pip/_vendor/pygments/styles/__pycache__) by extension 'cmake'
[2.794s] Level 1:colcon.colcon_core.package_identification:_identify(src/amiga-ros2-bridge/venv/lib/python3.10/site-packages/pip/_vendor/pygments/styles/__pycache__) by extension 'python'
[2.794s] Level 1:colcon.colcon_core.package_identification:_identify(src/amiga-ros2-bridge/venv/lib/python3.10/site-packages/pip/_vendor/pygments/styles/__pycache__) by extensions ['python_setup_py']
[2.794s] Level 1:colcon.colcon_core.package_identification:_identify(src/amiga-ros2-bridge/venv/lib/python3.10/site-packages/pip/_vendor/pygments/styles/__pycache__) by extension 'python_setup_py'
[2.794s] Level 1:colcon.colcon_core.package_identification:_identify(src/amiga-ros2-bridge/venv/lib/python3.10/site-packages/pip/_vendor/pyproject_hooks) by extensions ['ignore', 'ignore_ament_install']
[2.795s] Level 1:colcon.colcon_core.package_identification:_identify(src/amiga-ros2-bridge/venv/lib/python3.10/site-packages/pip/_vendor/pyproject_hooks) by extension 'ignore'
[2.795s] Level 1:colcon.colcon_core.package_identification:_identify(src/amiga-ros2-bridge/venv/lib/python3.10/site-packages/pip/_vendor/pyproject_hooks) by extension 'ignore_ament_install'
[2.795s] Level 1:colcon.colcon_core.package_identification:_identify(src/amiga-ros2-bridge/venv/lib/python3.10/site-packages/pip/_vendor/pyproject_hooks) by extensions ['colcon_pkg']
[2.795s] Level 1:colcon.colcon_core.package_identification:_identify(src/amiga-ros2-bridge/venv/lib/python3.10/site-packages/pip/_vendor/pyproject_hooks) by extension 'colcon_pkg'
[2.795s] Level 1:colcon.colcon_core.package_identification:_identify(src/amiga-ros2-bridge/venv/lib/python3.10/site-packages/pip/_vendor/pyproject_hooks) by extensions ['colcon_meta']
[2.795s] Level 1:colcon.colcon_core.package_identification:_identify(src/amiga-ros2-bridge/venv/lib/python3.10/site-packages/pip/_vendor/pyproject_hooks) by extension 'colcon_meta'
[2.795s] Level 1:colcon.colcon_core.package_identification:_identify(src/amiga-ros2-bridge/venv/lib/python3.10/site-packages/pip/_vendor/pyproject_hooks) by extensions ['ros']
[2.795s] Level 1:colcon.colcon_core.package_identification:_identify(src/amiga-ros2-bridge/venv/lib/python3.10/site-packages/pip/_vendor/pyproject_hooks) by extension 'ros'
[2.796s] Level 1:colcon.colcon_core.package_identification:_identify(src/amiga-ros2-bridge/venv/lib/python3.10/site-packages/pip/_vendor/pyproject_hooks) by extensions ['cmake', 'python']
[2.796s] Level 1:colcon.colcon_core.package_identification:_identify(src/amiga-ros2-bridge/venv/lib/python3.10/site-packages/pip/_vendor/pyproject_hooks) by extension 'cmake'
[2.796s] Level 1:colcon.colcon_core.package_identification:_identify(src/amiga-ros2-bridge/venv/lib/python3.10/site-packages/pip/_vendor/pyproject_hooks) by extension 'python'
[2.796s] Level 1:colcon.colcon_core.package_identification:_identify(src/amiga-ros2-bridge/venv/lib/python3.10/site-packages/pip/_vendor/pyproject_hooks) by extensions ['python_setup_py']
[2.796s] Level 1:colcon.colcon_core.package_identification:_identify(src/amiga-ros2-bridge/venv/lib/python3.10/site-packages/pip/_vendor/pyproject_hooks) by extension 'python_setup_py'
[2.796s] Level 1:colcon.colcon_core.package_identification:_identify(src/amiga-ros2-bridge/venv/lib/python3.10/site-packages/pip/_vendor/pyproject_hooks/__pycache__) by extensions ['ignore', 'ignore_ament_install']
[2.796s] Level 1:colcon.colcon_core.package_identification:_identify(src/amiga-ros2-bridge/venv/lib/python3.10/site-packages/pip/_vendor/pyproject_hooks/__pycache__) by extension 'ignore'
[2.797s] Level 1:colcon.colcon_core.package_identification:_identify(src/amiga-ros2-bridge/venv/lib/python3.10/site-packages/pip/_vendor/pyproject_hooks/__pycache__) by extension 'ignore_ament_install'
[2.797s] Level 1:colcon.colcon_core.package_identification:_identify(src/amiga-ros2-bridge/venv/lib/python3.10/site-packages/pip/_vendor/pyproject_hooks/__pycache__) by extensions ['colcon_pkg']
[2.797s] Level 1:colcon.colcon_core.package_identification:_identify(src/amiga-ros2-bridge/venv/lib/python3.10/site-packages/pip/_vendor/pyproject_hooks/__pycache__) by extension 'colcon_pkg'
[2.797s] Level 1:colcon.colcon_core.package_identification:_identify(src/amiga-ros2-bridge/venv/lib/python3.10/site-packages/pip/_vendor/pyproject_hooks/__pycache__) by extensions ['colcon_meta']
[2.797s] Level 1:colcon.colcon_core.package_identification:_identify(src/amiga-ros2-bridge/venv/lib/python3.10/site-packages/pip/_vendor/pyproject_hooks/__pycache__) by extension 'colcon_meta'
[2.797s] Level 1:colcon.colcon_core.package_identification:_identify(src/amiga-ros2-bridge/venv/lib/python3.10/site-packages/pip/_vendor/pyproject_hooks/__pycache__) by extensions ['ros']
[2.797s] Level 1:colcon.colcon_core.package_identification:_identify(src/amiga-ros2-bridge/venv/lib/python3.10/site-packages/pip/_vendor/pyproject_hooks/__pycache__) by extension 'ros'
[2.797s] Level 1:colcon.colcon_core.package_identification:_identify(src/amiga-ros2-bridge/venv/lib/python3.10/site-packages/pip/_vendor/pyproject_hooks/__pycache__) by extensions ['cmake', 'python']
[2.797s] Level 1:colcon.colcon_core.package_identification:_identify(src/amiga-ros2-bridge/venv/lib/python3.10/site-packages/pip/_vendor/pyproject_hooks/__pycache__) by extension 'cmake'
[2.798s] Level 1:colcon.colcon_core.package_identification:_identify(src/amiga-ros2-bridge/venv/lib/python3.10/site-packages/pip/_vendor/pyproject_hooks/__pycache__) by extension 'python'
[2.798s] Level 1:colcon.colcon_core.package_identification:_identify(src/amiga-ros2-bridge/venv/lib/python3.10/site-packages/pip/_vendor/pyproject_hooks/__pycache__) by extensions ['python_setup_py']
[2.798s] Level 1:colcon.colcon_core.package_identification:_identify(src/amiga-ros2-bridge/venv/lib/python3.10/site-packages/pip/_vendor/pyproject_hooks/__pycache__) by extension 'python_setup_py'
[2.798s] Level 1:colcon.colcon_core.package_identification:_identify(src/amiga-ros2-bridge/venv/lib/python3.10/site-packages/pip/_vendor/pyproject_hooks/_in_process) by extensions ['ignore', 'ignore_ament_install']
[2.798s] Level 1:colcon.colcon_core.package_identification:_identify(src/amiga-ros2-bridge/venv/lib/python3.10/site-packages/pip/_vendor/pyproject_hooks/_in_process) by extension 'ignore'
[2.798s] Level 1:colcon.colcon_core.package_identification:_identify(src/amiga-ros2-bridge/venv/lib/python3.10/site-packages/pip/_vendor/pyproject_hooks/_in_process) by extension 'ignore_ament_install'
[2.799s] Level 1:colcon.colcon_core.package_identification:_identify(src/amiga-ros2-bridge/venv/lib/python3.10/site-packages/pip/_vendor/pyproject_hooks/_in_process) by extensions ['colcon_pkg']
[2.799s] Level 1:colcon.colcon_core.package_identification:_identify(src/amiga-ros2-bridge/venv/lib/python3.10/site-packages/pip/_vendor/pyproject_hooks/_in_process) by extension 'colcon_pkg'
[2.799s] Level 1:colcon.colcon_core.package_identification:_identify(src/amiga-ros2-bridge/venv/lib/python3.10/site-packages/pip/_vendor/pyproject_hooks/_in_process) by extensions ['colcon_meta']
[2.799s] Level 1:colcon.colcon_core.package_identification:_identify(src/amiga-ros2-bridge/venv/lib/python3.10/site-packages/pip/_vendor/pyproject_hooks/_in_process) by extension 'colcon_meta'
[2.799s] Level 1:colcon.colcon_core.package_identification:_identify(src/amiga-ros2-bridge/venv/lib/python3.10/site-packages/pip/_vendor/pyproject_hooks/_in_process) by extensions ['ros']
[2.799s] Level 1:colcon.colcon_core.package_identification:_identify(src/amiga-ros2-bridge/venv/lib/python3.10/site-packages/pip/_vendor/pyproject_hooks/_in_process) by extension 'ros'
[2.799s] Level 1:colcon.colcon_core.package_identification:_identify(src/amiga-ros2-bridge/venv/lib/python3.10/site-packages/pip/_vendor/pyproject_hooks/_in_process) by extensions ['cmake', 'python']
[2.799s] Level 1:colcon.colcon_core.package_identification:_identify(src/amiga-ros2-bridge/venv/lib/python3.10/site-packages/pip/_vendor/pyproject_hooks/_in_process) by extension 'cmake'
[2.799s] Level 1:colcon.colcon_core.package_identification:_identify(src/amiga-ros2-bridge/venv/lib/python3.10/site-packages/pip/_vendor/pyproject_hooks/_in_process) by extension 'python'
[2.800s] Level 1:colcon.colcon_core.package_identification:_identify(src/amiga-ros2-bridge/venv/lib/python3.10/site-packages/pip/_vendor/pyproject_hooks/_in_process) by extensions ['python_setup_py']
[2.800s] Level 1:colcon.colcon_core.package_identification:_identify(src/amiga-ros2-bridge/venv/lib/python3.10/site-packages/pip/_vendor/pyproject_hooks/_in_process) by extension 'python_setup_py'
[2.800s] Level 1:colcon.colcon_core.package_identification:_identify(src/amiga-ros2-bridge/venv/lib/python3.10/site-packages/pip/_vendor/pyproject_hooks/_in_process/__pycache__) by extensions ['ignore', 'ignore_ament_install']
[2.800s] Level 1:colcon.colcon_core.package_identification:_identify(src/amiga-ros2-bridge/venv/lib/python3.10/site-packages/pip/_vendor/pyproject_hooks/_in_process/__pycache__) by extension 'ignore'
[2.800s] Level 1:colcon.colcon_core.package_identification:_identify(src/amiga-ros2-bridge/venv/lib/python3.10/site-packages/pip/_vendor/pyproject_hooks/_in_process/__pycache__) by extension 'ignore_ament_install'
[2.800s] Level 1:colcon.colcon_core.package_identification:_identify(src/amiga-ros2-bridge/venv/lib/python3.10/site-packages/pip/_vendor/pyproject_hooks/_in_process/__pycache__) by extensions ['colcon_pkg']
[2.801s] Level 1:colcon.colcon_core.package_identification:_identify(src/amiga-ros2-bridge/venv/lib/python3.10/site-packages/pip/_vendor/pyproject_hooks/_in_process/__pycache__) by extension 'colcon_pkg'
[2.801s] Level 1:colcon.colcon_core.package_identification:_identify(src/amiga-ros2-bridge/venv/lib/python3.10/site-packages/pip/_vendor/pyproject_hooks/_in_process/__pycache__) by extensions ['colcon_meta']
[2.801s] Level 1:colcon.colcon_core.package_identification:_identify(src/amiga-ros2-bridge/venv/lib/python3.10/site-packages/pip/_vendor/pyproject_hooks/_in_process/__pycache__) by extension 'colcon_meta'
[2.801s] Level 1:colcon.colcon_core.package_identification:_identify(src/amiga-ros2-bridge/venv/lib/python3.10/site-packages/pip/_vendor/pyproject_hooks/_in_process/__pycache__) by extensions ['ros']
[2.801s] Level 1:colcon.colcon_core.package_identification:_identify(src/amiga-ros2-bridge/venv/lib/python3.10/site-packages/pip/_vendor/pyproject_hooks/_in_process/__pycache__) by extension 'ros'
[2.801s] Level 1:colcon.colcon_core.package_identification:_identify(src/amiga-ros2-bridge/venv/lib/python3.10/site-packages/pip/_vendor/pyproject_hooks/_in_process/__pycache__) by extensions ['cmake', 'python']
[2.801s] Level 1:colcon.colcon_core.package_identification:_identify(src/amiga-ros2-bridge/venv/lib/python3.10/site-packages/pip/_vendor/pyproject_hooks/_in_process/__pycache__) by extension 'cmake'
[2.801s] Level 1:colcon.colcon_core.package_identification:_identify(src/amiga-ros2-bridge/venv/lib/python3.10/site-packages/pip/_vendor/pyproject_hooks/_in_process/__pycache__) by extension 'python'
[2.801s] Level 1:colcon.colcon_core.package_identification:_identify(src/amiga-ros2-bridge/venv/lib/python3.10/site-packages/pip/_vendor/pyproject_hooks/_in_process/__pycache__) by extensions ['python_setup_py']
[2.801s] Level 1:colcon.colcon_core.package_identification:_identify(src/amiga-ros2-bridge/venv/lib/python3.10/site-packages/pip/_vendor/pyproject_hooks/_in_process/__pycache__) by extension 'python_setup_py'
[2.802s] Level 1:colcon.colcon_core.package_identification:_identify(src/amiga-ros2-bridge/venv/lib/python3.10/site-packages/pip/_vendor/requests) by extensions ['ignore', 'ignore_ament_install']
[2.802s] Level 1:colcon.colcon_core.package_identification:_identify(src/amiga-ros2-bridge/venv/lib/python3.10/site-packages/pip/_vendor/requests) by extension 'ignore'
[2.802s] Level 1:colcon.colcon_core.package_identification:_identify(src/amiga-ros2-bridge/venv/lib/python3.10/site-packages/pip/_vendor/requests) by extension 'ignore_ament_install'
[2.802s] Level 1:colcon.colcon_core.package_identification:_identify(src/amiga-ros2-bridge/venv/lib/python3.10/site-packages/pip/_vendor/requests) by extensions ['colcon_pkg']
[2.802s] Level 1:colcon.colcon_core.package_identification:_identify(src/amiga-ros2-bridge/venv/lib/python3.10/site-packages/pip/_vendor/requests) by extension 'colcon_pkg'
[2.802s] Level 1:colcon.colcon_core.package_identification:_identify(src/amiga-ros2-bridge/venv/lib/python3.10/site-packages/pip/_vendor/requests) by extensions ['colcon_meta']
[2.803s] Level 1:colcon.colcon_core.package_identification:_identify(src/amiga-ros2-bridge/venv/lib/python3.10/site-packages/pip/_vendor/requests) by extension 'colcon_meta'
[2.803s] Level 1:colcon.colcon_core.package_identification:_identify(src/amiga-ros2-bridge/venv/lib/python3.10/site-packages/pip/_vendor/requests) by extensions ['ros']
[2.803s] Level 1:colcon.colcon_core.package_identification:_identify(src/amiga-ros2-bridge/venv/lib/python3.10/site-packages/pip/_vendor/requests) by extension 'ros'
[2.803s] Level 1:colcon.colcon_core.package_identification:_identify(src/amiga-ros2-bridge/venv/lib/python3.10/site-packages/pip/_vendor/requests) by extensions ['cmake', 'python']
[2.803s] Level 1:colcon.colcon_core.package_identification:_identify(src/amiga-ros2-bridge/venv/lib/python3.10/site-packages/pip/_vendor/requests) by extension 'cmake'
[2.803s] Level 1:colcon.colcon_core.package_identification:_identify(src/amiga-ros2-bridge/venv/lib/python3.10/site-packages/pip/_vendor/requests) by extension 'python'
[2.803s] Level 1:colcon.colcon_core.package_identification:_identify(src/amiga-ros2-bridge/venv/lib/python3.10/site-packages/pip/_vendor/requests) by extensions ['python_setup_py']
[2.803s] Level 1:colcon.colcon_core.package_identification:_identify(src/amiga-ros2-bridge/venv/lib/python3.10/site-packages/pip/_vendor/requests) by extension 'python_setup_py'
[2.804s] Level 1:colcon.colcon_core.package_identification:_identify(src/amiga-ros2-bridge/venv/lib/python3.10/site-packages/pip/_vendor/requests/__pycache__) by extensions ['ignore', 'ignore_ament_install']
[2.804s] Level 1:colcon.colcon_core.package_identification:_identify(src/amiga-ros2-bridge/venv/lib/python3.10/site-packages/pip/_vendor/requests/__pycache__) by extension 'ignore'
[2.804s] Level 1:colcon.colcon_core.package_identification:_identify(src/amiga-ros2-bridge/venv/lib/python3.10/site-packages/pip/_vendor/requests/__pycache__) by extension 'ignore_ament_install'
[2.804s] Level 1:colcon.colcon_core.package_identification:_identify(src/amiga-ros2-bridge/venv/lib/python3.10/site-packages/pip/_vendor/requests/__pycache__) by extensions ['colcon_pkg']
[2.804s] Level 1:colcon.colcon_core.package_identification:_identify(src/amiga-ros2-bridge/venv/lib/python3.10/site-packages/pip/_vendor/requests/__pycache__) by extension 'colcon_pkg'
[2.804s] Level 1:colcon.colcon_core.package_identification:_identify(src/amiga-ros2-bridge/venv/lib/python3.10/site-packages/pip/_vendor/requests/__pycache__) by extensions ['colcon_meta']
[2.804s] Level 1:colcon.colcon_core.package_identification:_identify(src/amiga-ros2-bridge/venv/lib/python3.10/site-packages/pip/_vendor/requests/__pycache__) by extension 'colcon_meta'
[2.805s] Level 1:colcon.colcon_core.package_identification:_identify(src/amiga-ros2-bridge/venv/lib/python3.10/site-packages/pip/_vendor/requests/__pycache__) by extensions ['ros']
[2.805s] Level 1:colcon.colcon_core.package_identification:_identify(src/amiga-ros2-bridge/venv/lib/python3.10/site-packages/pip/_vendor/requests/__pycache__) by extension 'ros'
[2.805s] Level 1:colcon.colcon_core.package_identification:_identify(src/amiga-ros2-bridge/venv/lib/python3.10/site-packages/pip/_vendor/requests/__pycache__) by extensions ['cmake', 'python']
[2.805s] Level 1:colcon.colcon_core.package_identification:_identify(src/amiga-ros2-bridge/venv/lib/python3.10/site-packages/pip/_vendor/requests/__pycache__) by extension 'cmake'
[2.805s] Level 1:colcon.colcon_core.package_identification:_identify(src/amiga-ros2-bridge/venv/lib/python3.10/site-packages/pip/_vendor/requests/__pycache__) by extension 'python'
[2.805s] Level 1:colcon.colcon_core.package_identification:_identify(src/amiga-ros2-bridge/venv/lib/python3.10/site-packages/pip/_vendor/requests/__pycache__) by extensions ['python_setup_py']
[2.805s] Level 1:colcon.colcon_core.package_identification:_identify(src/amiga-ros2-bridge/venv/lib/python3.10/site-packages/pip/_vendor/requests/__pycache__) by extension 'python_setup_py'
[2.806s] Level 1:colcon.colcon_core.package_identification:_identify(src/amiga-ros2-bridge/venv/lib/python3.10/site-packages/pip/_vendor/resolvelib) by extensions ['ignore', 'ignore_ament_install']
[2.806s] Level 1:colcon.colcon_core.package_identification:_identify(src/amiga-ros2-bridge/venv/lib/python3.10/site-packages/pip/_vendor/resolvelib) by extension 'ignore'
[2.806s] Level 1:colcon.colcon_core.package_identification:_identify(src/amiga-ros2-bridge/venv/lib/python3.10/site-packages/pip/_vendor/resolvelib) by extension 'ignore_ament_install'
[2.806s] Level 1:colcon.colcon_core.package_identification:_identify(src/amiga-ros2-bridge/venv/lib/python3.10/site-packages/pip/_vendor/resolvelib) by extensions ['colcon_pkg']
[2.806s] Level 1:colcon.colcon_core.package_identification:_identify(src/amiga-ros2-bridge/venv/lib/python3.10/site-packages/pip/_vendor/resolvelib) by extension 'colcon_pkg'
[2.806s] Level 1:colcon.colcon_core.package_identification:_identify(src/amiga-ros2-bridge/venv/lib/python3.10/site-packages/pip/_vendor/resolvelib) by extensions ['colcon_meta']
[2.806s] Level 1:colcon.colcon_core.package_identification:_identify(src/amiga-ros2-bridge/venv/lib/python3.10/site-packages/pip/_vendor/resolvelib) by extension 'colcon_meta'
[2.806s] Level 1:colcon.colcon_core.package_identification:_identify(src/amiga-ros2-bridge/venv/lib/python3.10/site-packages/pip/_vendor/resolvelib) by extensions ['ros']
[2.807s] Level 1:colcon.colcon_core.package_identification:_identify(src/amiga-ros2-bridge/venv/lib/python3.10/site-packages/pip/_vendor/resolvelib) by extension 'ros'
[2.807s] Level 1:colcon.colcon_core.package_identification:_identify(src/amiga-ros2-bridge/venv/lib/python3.10/site-packages/pip/_vendor/resolvelib) by extensions ['cmake', 'python']
[2.807s] Level 1:colcon.colcon_core.package_identification:_identify(src/amiga-ros2-bridge/venv/lib/python3.10/site-packages/pip/_vendor/resolvelib) by extension 'cmake'
[2.807s] Level 1:colcon.colcon_core.package_identification:_identify(src/amiga-ros2-bridge/venv/lib/python3.10/site-packages/pip/_vendor/resolvelib) by extension 'python'
[2.807s] Level 1:colcon.colcon_core.package_identification:_identify(src/amiga-ros2-bridge/venv/lib/python3.10/site-packages/pip/_vendor/resolvelib) by extensions ['python_setup_py']
[2.807s] Level 1:colcon.colcon_core.package_identification:_identify(src/amiga-ros2-bridge/venv/lib/python3.10/site-packages/pip/_vendor/resolvelib) by extension 'python_setup_py'
[2.807s] Level 1:colcon.colcon_core.package_identification:_identify(src/amiga-ros2-bridge/venv/lib/python3.10/site-packages/pip/_vendor/resolvelib/__pycache__) by extensions ['ignore', 'ignore_ament_install']
[2.808s] Level 1:colcon.colcon_core.package_identification:_identify(src/amiga-ros2-bridge/venv/lib/python3.10/site-packages/pip/_vendor/resolvelib/__pycache__) by extension 'ignore'
[2.808s] Level 1:colcon.colcon_core.package_identification:_identify(src/amiga-ros2-bridge/venv/lib/python3.10/site-packages/pip/_vendor/resolvelib/__pycache__) by extension 'ignore_ament_install'
[2.808s] Level 1:colcon.colcon_core.package_identification:_identify(src/amiga-ros2-bridge/venv/lib/python3.10/site-packages/pip/_vendor/resolvelib/__pycache__) by extensions ['colcon_pkg']
[2.808s] Level 1:colcon.colcon_core.package_identification:_identify(src/amiga-ros2-bridge/venv/lib/python3.10/site-packages/pip/_vendor/resolvelib/__pycache__) by extension 'colcon_pkg'
[2.808s] Level 1:colcon.colcon_core.package_identification:_identify(src/amiga-ros2-bridge/venv/lib/python3.10/site-packages/pip/_vendor/resolvelib/__pycache__) by extensions ['colcon_meta']
[2.808s] Level 1:colcon.colcon_core.package_identification:_identify(src/amiga-ros2-bridge/venv/lib/python3.10/site-packages/pip/_vendor/resolvelib/__pycache__) by extension 'colcon_meta'
[2.808s] Level 1:colcon.colcon_core.package_identification:_identify(src/amiga-ros2-bridge/venv/lib/python3.10/site-packages/pip/_vendor/resolvelib/__pycache__) by extensions ['ros']
[2.808s] Level 1:colcon.colcon_core.package_identification:_identify(src/amiga-ros2-bridge/venv/lib/python3.10/site-packages/pip/_vendor/resolvelib/__pycache__) by extension 'ros'
[2.809s] Level 1:colcon.colcon_core.package_identification:_identify(src/amiga-ros2-bridge/venv/lib/python3.10/site-packages/pip/_vendor/resolvelib/__pycache__) by extensions ['cmake', 'python']
[2.809s] Level 1:colcon.colcon_core.package_identification:_identify(src/amiga-ros2-bridge/venv/lib/python3.10/site-packages/pip/_vendor/resolvelib/__pycache__) by extension 'cmake'
[2.809s] Level 1:colcon.colcon_core.package_identification:_identify(src/amiga-ros2-bridge/venv/lib/python3.10/site-packages/pip/_vendor/resolvelib/__pycache__) by extension 'python'
[2.809s] Level 1:colcon.colcon_core.package_identification:_identify(src/amiga-ros2-bridge/venv/lib/python3.10/site-packages/pip/_vendor/resolvelib/__pycache__) by extensions ['python_setup_py']
[2.809s] Level 1:colcon.colcon_core.package_identification:_identify(src/amiga-ros2-bridge/venv/lib/python3.10/site-packages/pip/_vendor/resolvelib/__pycache__) by extension 'python_setup_py'
[2.809s] Level 1:colcon.colcon_core.package_identification:_identify(src/amiga-ros2-bridge/venv/lib/python3.10/site-packages/pip/_vendor/resolvelib/compat) by extensions ['ignore', 'ignore_ament_install']
[2.810s] Level 1:colcon.colcon_core.package_identification:_identify(src/amiga-ros2-bridge/venv/lib/python3.10/site-packages/pip/_vendor/resolvelib/compat) by extension 'ignore'
[2.810s] Level 1:colcon.colcon_core.package_identification:_identify(src/amiga-ros2-bridge/venv/lib/python3.10/site-packages/pip/_vendor/resolvelib/compat) by extension 'ignore_ament_install'
[2.810s] Level 1:colcon.colcon_core.package_identification:_identify(src/amiga-ros2-bridge/venv/lib/python3.10/site-packages/pip/_vendor/resolvelib/compat) by extensions ['colcon_pkg']
[2.810s] Level 1:colcon.colcon_core.package_identification:_identify(src/amiga-ros2-bridge/venv/lib/python3.10/site-packages/pip/_vendor/resolvelib/compat) by extension 'colcon_pkg'
[2.810s] Level 1:colcon.colcon_core.package_identification:_identify(src/amiga-ros2-bridge/venv/lib/python3.10/site-packages/pip/_vendor/resolvelib/compat) by extensions ['colcon_meta']
[2.810s] Level 1:colcon.colcon_core.package_identification:_identify(src/amiga-ros2-bridge/venv/lib/python3.10/site-packages/pip/_vendor/resolvelib/compat) by extension 'colcon_meta'
[2.810s] Level 1:colcon.colcon_core.package_identification:_identify(src/amiga-ros2-bridge/venv/lib/python3.10/site-packages/pip/_vendor/resolvelib/compat) by extensions ['ros']
[2.810s] Level 1:colcon.colcon_core.package_identification:_identify(src/amiga-ros2-bridge/venv/lib/python3.10/site-packages/pip/_vendor/resolvelib/compat) by extension 'ros'
[2.810s] Level 1:colcon.colcon_core.package_identification:_identify(src/amiga-ros2-bridge/venv/lib/python3.10/site-packages/pip/_vendor/resolvelib/compat) by extensions ['cmake', 'python']
[2.811s] Level 1:colcon.colcon_core.package_identification:_identify(src/amiga-ros2-bridge/venv/lib/python3.10/site-packages/pip/_vendor/resolvelib/compat) by extension 'cmake'
[2.811s] Level 1:colcon.colcon_core.package_identification:_identify(src/amiga-ros2-bridge/venv/lib/python3.10/site-packages/pip/_vendor/resolvelib/compat) by extension 'python'
[2.811s] Level 1:colcon.colcon_core.package_identification:_identify(src/amiga-ros2-bridge/venv/lib/python3.10/site-packages/pip/_vendor/resolvelib/compat) by extensions ['python_setup_py']
[2.811s] Level 1:colcon.colcon_core.package_identification:_identify(src/amiga-ros2-bridge/venv/lib/python3.10/site-packages/pip/_vendor/resolvelib/compat) by extension 'python_setup_py'
[2.811s] Level 1:colcon.colcon_core.package_identification:_identify(src/amiga-ros2-bridge/venv/lib/python3.10/site-packages/pip/_vendor/resolvelib/compat/__pycache__) by extensions ['ignore', 'ignore_ament_install']
[2.811s] Level 1:colcon.colcon_core.package_identification:_identify(src/amiga-ros2-bridge/venv/lib/python3.10/site-packages/pip/_vendor/resolvelib/compat/__pycache__) by extension 'ignore'
[2.812s] Level 1:colcon.colcon_core.package_identification:_identify(src/amiga-ros2-bridge/venv/lib/python3.10/site-packages/pip/_vendor/resolvelib/compat/__pycache__) by extension 'ignore_ament_install'
[2.812s] Level 1:colcon.colcon_core.package_identification:_identify(src/amiga-ros2-bridge/venv/lib/python3.10/site-packages/pip/_vendor/resolvelib/compat/__pycache__) by extensions ['colcon_pkg']
[2.812s] Level 1:colcon.colcon_core.package_identification:_identify(src/amiga-ros2-bridge/venv/lib/python3.10/site-packages/pip/_vendor/resolvelib/compat/__pycache__) by extension 'colcon_pkg'
[2.812s] Level 1:colcon.colcon_core.package_identification:_identify(src/amiga-ros2-bridge/venv/lib/python3.10/site-packages/pip/_vendor/resolvelib/compat/__pycache__) by extensions ['colcon_meta']
[2.812s] Level 1:colcon.colcon_core.package_identification:_identify(src/amiga-ros2-bridge/venv/lib/python3.10/site-packages/pip/_vendor/resolvelib/compat/__pycache__) by extension 'colcon_meta'
[2.812s] Level 1:colcon.colcon_core.package_identification:_identify(src/amiga-ros2-bridge/venv/lib/python3.10/site-packages/pip/_vendor/resolvelib/compat/__pycache__) by extensions ['ros']
[2.812s] Level 1:colcon.colcon_core.package_identification:_identify(src/amiga-ros2-bridge/venv/lib/python3.10/site-packages/pip/_vendor/resolvelib/compat/__pycache__) by extension 'ros'
[2.812s] Level 1:colcon.colcon_core.package_identification:_identify(src/amiga-ros2-bridge/venv/lib/python3.10/site-packages/pip/_vendor/resolvelib/compat/__pycache__) by extensions ['cmake', 'python']
[2.812s] Level 1:colcon.colcon_core.package_identification:_identify(src/amiga-ros2-bridge/venv/lib/python3.10/site-packages/pip/_vendor/resolvelib/compat/__pycache__) by extension 'cmake'
[2.813s] Level 1:colcon.colcon_core.package_identification:_identify(src/amiga-ros2-bridge/venv/lib/python3.10/site-packages/pip/_vendor/resolvelib/compat/__pycache__) by extension 'python'
[2.813s] Level 1:colcon.colcon_core.package_identification:_identify(src/amiga-ros2-bridge/venv/lib/python3.10/site-packages/pip/_vendor/resolvelib/compat/__pycache__) by extensions ['python_setup_py']
[2.813s] Level 1:colcon.colcon_core.package_identification:_identify(src/amiga-ros2-bridge/venv/lib/python3.10/site-packages/pip/_vendor/resolvelib/compat/__pycache__) by extension 'python_setup_py'
[2.813s] Level 1:colcon.colcon_core.package_identification:_identify(src/amiga-ros2-bridge/venv/lib/python3.10/site-packages/pip/_vendor/rich) by extensions ['ignore', 'ignore_ament_install']
[2.813s] Level 1:colcon.colcon_core.package_identification:_identify(src/amiga-ros2-bridge/venv/lib/python3.10/site-packages/pip/_vendor/rich) by extension 'ignore'
[2.814s] Level 1:colcon.colcon_core.package_identification:_identify(src/amiga-ros2-bridge/venv/lib/python3.10/site-packages/pip/_vendor/rich) by extension 'ignore_ament_install'
[2.814s] Level 1:colcon.colcon_core.package_identification:_identify(src/amiga-ros2-bridge/venv/lib/python3.10/site-packages/pip/_vendor/rich) by extensions ['colcon_pkg']
[2.814s] Level 1:colcon.colcon_core.package_identification:_identify(src/amiga-ros2-bridge/venv/lib/python3.10/site-packages/pip/_vendor/rich) by extension 'colcon_pkg'
[2.814s] Level 1:colcon.colcon_core.package_identification:_identify(src/amiga-ros2-bridge/venv/lib/python3.10/site-packages/pip/_vendor/rich) by extensions ['colcon_meta']
[2.814s] Level 1:colcon.colcon_core.package_identification:_identify(src/amiga-ros2-bridge/venv/lib/python3.10/site-packages/pip/_vendor/rich) by extension 'colcon_meta'
[2.814s] Level 1:colcon.colcon_core.package_identification:_identify(src/amiga-ros2-bridge/venv/lib/python3.10/site-packages/pip/_vendor/rich) by extensions ['ros']
[2.814s] Level 1:colcon.colcon_core.package_identification:_identify(src/amiga-ros2-bridge/venv/lib/python3.10/site-packages/pip/_vendor/rich) by extension 'ros'
[2.814s] Level 1:colcon.colcon_core.package_identification:_identify(src/amiga-ros2-bridge/venv/lib/python3.10/site-packages/pip/_vendor/rich) by extensions ['cmake', 'python']
[2.814s] Level 1:colcon.colcon_core.package_identification:_identify(src/amiga-ros2-bridge/venv/lib/python3.10/site-packages/pip/_vendor/rich) by extension 'cmake'
[2.815s] Level 1:colcon.colcon_core.package_identification:_identify(src/amiga-ros2-bridge/venv/lib/python3.10/site-packages/pip/_vendor/rich) by extension 'python'
[2.815s] Level 1:colcon.colcon_core.package_identification:_identify(src/amiga-ros2-bridge/venv/lib/python3.10/site-packages/pip/_vendor/rich) by extensions ['python_setup_py']
[2.815s] Level 1:colcon.colcon_core.package_identification:_identify(src/amiga-ros2-bridge/venv/lib/python3.10/site-packages/pip/_vendor/rich) by extension 'python_setup_py'
[2.815s] Level 1:colcon.colcon_core.package_identification:_identify(src/amiga-ros2-bridge/venv/lib/python3.10/site-packages/pip/_vendor/rich/__pycache__) by extensions ['ignore', 'ignore_ament_install']
[2.815s] Level 1:colcon.colcon_core.package_identification:_identify(src/amiga-ros2-bridge/venv/lib/python3.10/site-packages/pip/_vendor/rich/__pycache__) by extension 'ignore'
[2.816s] Level 1:colcon.colcon_core.package_identification:_identify(src/amiga-ros2-bridge/venv/lib/python3.10/site-packages/pip/_vendor/rich/__pycache__) by extension 'ignore_ament_install'
[2.816s] Level 1:colcon.colcon_core.package_identification:_identify(src/amiga-ros2-bridge/venv/lib/python3.10/site-packages/pip/_vendor/rich/__pycache__) by extensions ['colcon_pkg']
[2.816s] Level 1:colcon.colcon_core.package_identification:_identify(src/amiga-ros2-bridge/venv/lib/python3.10/site-packages/pip/_vendor/rich/__pycache__) by extension 'colcon_pkg'
[2.816s] Level 1:colcon.colcon_core.package_identification:_identify(src/amiga-ros2-bridge/venv/lib/python3.10/site-packages/pip/_vendor/rich/__pycache__) by extensions ['colcon_meta']
[2.816s] Level 1:colcon.colcon_core.package_identification:_identify(src/amiga-ros2-bridge/venv/lib/python3.10/site-packages/pip/_vendor/rich/__pycache__) by extension 'colcon_meta'
[2.816s] Level 1:colcon.colcon_core.package_identification:_identify(src/amiga-ros2-bridge/venv/lib/python3.10/site-packages/pip/_vendor/rich/__pycache__) by extensions ['ros']
[2.816s] Level 1:colcon.colcon_core.package_identification:_identify(src/amiga-ros2-bridge/venv/lib/python3.10/site-packages/pip/_vendor/rich/__pycache__) by extension 'ros'
[2.816s] Level 1:colcon.colcon_core.package_identification:_identify(src/amiga-ros2-bridge/venv/lib/python3.10/site-packages/pip/_vendor/rich/__pycache__) by extensions ['cmake', 'python']
[2.816s] Level 1:colcon.colcon_core.package_identification:_identify(src/amiga-ros2-bridge/venv/lib/python3.10/site-packages/pip/_vendor/rich/__pycache__) by extension 'cmake'
[2.817s] Level 1:colcon.colcon_core.package_identification:_identify(src/amiga-ros2-bridge/venv/lib/python3.10/site-packages/pip/_vendor/rich/__pycache__) by extension 'python'
[2.817s] Level 1:colcon.colcon_core.package_identification:_identify(src/amiga-ros2-bridge/venv/lib/python3.10/site-packages/pip/_vendor/rich/__pycache__) by extensions ['python_setup_py']
[2.817s] Level 1:colcon.colcon_core.package_identification:_identify(src/amiga-ros2-bridge/venv/lib/python3.10/site-packages/pip/_vendor/rich/__pycache__) by extension 'python_setup_py'
[2.817s] Level 1:colcon.colcon_core.package_identification:_identify(src/amiga-ros2-bridge/venv/lib/python3.10/site-packages/pip/_vendor/tomli) by extensions ['ignore', 'ignore_ament_install']
[2.817s] Level 1:colcon.colcon_core.package_identification:_identify(src/amiga-ros2-bridge/venv/lib/python3.10/site-packages/pip/_vendor/tomli) by extension 'ignore'
[2.817s] Level 1:colcon.colcon_core.package_identification:_identify(src/amiga-ros2-bridge/venv/lib/python3.10/site-packages/pip/_vendor/tomli) by extension 'ignore_ament_install'
[2.818s] Level 1:colcon.colcon_core.package_identification:_identify(src/amiga-ros2-bridge/venv/lib/python3.10/site-packages/pip/_vendor/tomli) by extensions ['colcon_pkg']
[2.818s] Level 1:colcon.colcon_core.package_identification:_identify(src/amiga-ros2-bridge/venv/lib/python3.10/site-packages/pip/_vendor/tomli) by extension 'colcon_pkg'
[2.818s] Level 1:colcon.colcon_core.package_identification:_identify(src/amiga-ros2-bridge/venv/lib/python3.10/site-packages/pip/_vendor/tomli) by extensions ['colcon_meta']
[2.818s] Level 1:colcon.colcon_core.package_identification:_identify(src/amiga-ros2-bridge/venv/lib/python3.10/site-packages/pip/_vendor/tomli) by extension 'colcon_meta'
[2.818s] Level 1:colcon.colcon_core.package_identification:_identify(src/amiga-ros2-bridge/venv/lib/python3.10/site-packages/pip/_vendor/tomli) by extensions ['ros']
[2.818s] Level 1:colcon.colcon_core.package_identification:_identify(src/amiga-ros2-bridge/venv/lib/python3.10/site-packages/pip/_vendor/tomli) by extension 'ros'
[2.818s] Level 1:colcon.colcon_core.package_identification:_identify(src/amiga-ros2-bridge/venv/lib/python3.10/site-packages/pip/_vendor/tomli) by extensions ['cmake', 'python']
[2.818s] Level 1:colcon.colcon_core.package_identification:_identify(src/amiga-ros2-bridge/venv/lib/python3.10/site-packages/pip/_vendor/tomli) by extension 'cmake'
[2.818s] Level 1:colcon.colcon_core.package_identification:_identify(src/amiga-ros2-bridge/venv/lib/python3.10/site-packages/pip/_vendor/tomli) by extension 'python'
[2.819s] Level 1:colcon.colcon_core.package_identification:_identify(src/amiga-ros2-bridge/venv/lib/python3.10/site-packages/pip/_vendor/tomli) by extensions ['python_setup_py']
[2.819s] Level 1:colcon.colcon_core.package_identification:_identify(src/amiga-ros2-bridge/venv/lib/python3.10/site-packages/pip/_vendor/tomli) by extension 'python_setup_py'
[2.819s] Level 1:colcon.colcon_core.package_identification:_identify(src/amiga-ros2-bridge/venv/lib/python3.10/site-packages/pip/_vendor/tomli/__pycache__) by extensions ['ignore', 'ignore_ament_install']
[2.819s] Level 1:colcon.colcon_core.package_identification:_identify(src/amiga-ros2-bridge/venv/lib/python3.10/site-packages/pip/_vendor/tomli/__pycache__) by extension 'ignore'
[2.819s] Level 1:colcon.colcon_core.package_identification:_identify(src/amiga-ros2-bridge/venv/lib/python3.10/site-packages/pip/_vendor/tomli/__pycache__) by extension 'ignore_ament_install'
[2.819s] Level 1:colcon.colcon_core.package_identification:_identify(src/amiga-ros2-bridge/venv/lib/python3.10/site-packages/pip/_vendor/tomli/__pycache__) by extensions ['colcon_pkg']
[2.820s] Level 1:colcon.colcon_core.package_identification:_identify(src/amiga-ros2-bridge/venv/lib/python3.10/site-packages/pip/_vendor/tomli/__pycache__) by extension 'colcon_pkg'
[2.820s] Level 1:colcon.colcon_core.package_identification:_identify(src/amiga-ros2-bridge/venv/lib/python3.10/site-packages/pip/_vendor/tomli/__pycache__) by extensions ['colcon_meta']
[2.820s] Level 1:colcon.colcon_core.package_identification:_identify(src/amiga-ros2-bridge/venv/lib/python3.10/site-packages/pip/_vendor/tomli/__pycache__) by extension 'colcon_meta'
[2.820s] Level 1:colcon.colcon_core.package_identification:_identify(src/amiga-ros2-bridge/venv/lib/python3.10/site-packages/pip/_vendor/tomli/__pycache__) by extensions ['ros']
[2.820s] Level 1:colcon.colcon_core.package_identification:_identify(src/amiga-ros2-bridge/venv/lib/python3.10/site-packages/pip/_vendor/tomli/__pycache__) by extension 'ros'
[2.820s] Level 1:colcon.colcon_core.package_identification:_identify(src/amiga-ros2-bridge/venv/lib/python3.10/site-packages/pip/_vendor/tomli/__pycache__) by extensions ['cmake', 'python']
[2.820s] Level 1:colcon.colcon_core.package_identification:_identify(src/amiga-ros2-bridge/venv/lib/python3.10/site-packages/pip/_vendor/tomli/__pycache__) by extension 'cmake'
[2.820s] Level 1:colcon.colcon_core.package_identification:_identify(src/amiga-ros2-bridge/venv/lib/python3.10/site-packages/pip/_vendor/tomli/__pycache__) by extension 'python'
[2.820s] Level 1:colcon.colcon_core.package_identification:_identify(src/amiga-ros2-bridge/venv/lib/python3.10/site-packages/pip/_vendor/tomli/__pycache__) by extensions ['python_setup_py']
[2.820s] Level 1:colcon.colcon_core.package_identification:_identify(src/amiga-ros2-bridge/venv/lib/python3.10/site-packages/pip/_vendor/tomli/__pycache__) by extension 'python_setup_py'
[2.821s] Level 1:colcon.colcon_core.package_identification:_identify(src/amiga-ros2-bridge/venv/lib/python3.10/site-packages/pip/_vendor/truststore) by extensions ['ignore', 'ignore_ament_install']
[2.821s] Level 1:colcon.colcon_core.package_identification:_identify(src/amiga-ros2-bridge/venv/lib/python3.10/site-packages/pip/_vendor/truststore) by extension 'ignore'
[2.821s] Level 1:colcon.colcon_core.package_identification:_identify(src/amiga-ros2-bridge/venv/lib/python3.10/site-packages/pip/_vendor/truststore) by extension 'ignore_ament_install'
[2.821s] Level 1:colcon.colcon_core.package_identification:_identify(src/amiga-ros2-bridge/venv/lib/python3.10/site-packages/pip/_vendor/truststore) by extensions ['colcon_pkg']
[2.821s] Level 1:colcon.colcon_core.package_identification:_identify(src/amiga-ros2-bridge/venv/lib/python3.10/site-packages/pip/_vendor/truststore) by extension 'colcon_pkg'
[2.821s] Level 1:colcon.colcon_core.package_identification:_identify(src/amiga-ros2-bridge/venv/lib/python3.10/site-packages/pip/_vendor/truststore) by extensions ['colcon_meta']
[2.822s] Level 1:colcon.colcon_core.package_identification:_identify(src/amiga-ros2-bridge/venv/lib/python3.10/site-packages/pip/_vendor/truststore) by extension 'colcon_meta'
[2.822s] Level 1:colcon.colcon_core.package_identification:_identify(src/amiga-ros2-bridge/venv/lib/python3.10/site-packages/pip/_vendor/truststore) by extensions ['ros']
[2.822s] Level 1:colcon.colcon_core.package_identification:_identify(src/amiga-ros2-bridge/venv/lib/python3.10/site-packages/pip/_vendor/truststore) by extension 'ros'
[2.822s] Level 1:colcon.colcon_core.package_identification:_identify(src/amiga-ros2-bridge/venv/lib/python3.10/site-packages/pip/_vendor/truststore) by extensions ['cmake', 'python']
[2.822s] Level 1:colcon.colcon_core.package_identification:_identify(src/amiga-ros2-bridge/venv/lib/python3.10/site-packages/pip/_vendor/truststore) by extension 'cmake'
[2.822s] Level 1:colcon.colcon_core.package_identification:_identify(src/amiga-ros2-bridge/venv/lib/python3.10/site-packages/pip/_vendor/truststore) by extension 'python'
[2.822s] Level 1:colcon.colcon_core.package_identification:_identify(src/amiga-ros2-bridge/venv/lib/python3.10/site-packages/pip/_vendor/truststore) by extensions ['python_setup_py']
[2.822s] Level 1:colcon.colcon_core.package_identification:_identify(src/amiga-ros2-bridge/venv/lib/python3.10/site-packages/pip/_vendor/truststore) by extension 'python_setup_py'
[2.823s] Level 1:colcon.colcon_core.package_identification:_identify(src/amiga-ros2-bridge/venv/lib/python3.10/site-packages/pip/_vendor/truststore/__pycache__) by extensions ['ignore', 'ignore_ament_install']
[2.823s] Level 1:colcon.colcon_core.package_identification:_identify(src/amiga-ros2-bridge/venv/lib/python3.10/site-packages/pip/_vendor/truststore/__pycache__) by extension 'ignore'
[2.823s] Level 1:colcon.colcon_core.package_identification:_identify(src/amiga-ros2-bridge/venv/lib/python3.10/site-packages/pip/_vendor/truststore/__pycache__) by extension 'ignore_ament_install'
[2.823s] Level 1:colcon.colcon_core.package_identification:_identify(src/amiga-ros2-bridge/venv/lib/python3.10/site-packages/pip/_vendor/truststore/__pycache__) by extensions ['colcon_pkg']
[2.823s] Level 1:colcon.colcon_core.package_identification:_identify(src/amiga-ros2-bridge/venv/lib/python3.10/site-packages/pip/_vendor/truststore/__pycache__) by extension 'colcon_pkg'
[2.823s] Level 1:colcon.colcon_core.package_identification:_identify(src/amiga-ros2-bridge/venv/lib/python3.10/site-packages/pip/_vendor/truststore/__pycache__) by extensions ['colcon_meta']
[2.823s] Level 1:colcon.colcon_core.package_identification:_identify(src/amiga-ros2-bridge/venv/lib/python3.10/site-packages/pip/_vendor/truststore/__pycache__) by extension 'colcon_meta'
[2.824s] Level 1:colcon.colcon_core.package_identification:_identify(src/amiga-ros2-bridge/venv/lib/python3.10/site-packages/pip/_vendor/truststore/__pycache__) by extensions ['ros']
[2.824s] Level 1:colcon.colcon_core.package_identification:_identify(src/amiga-ros2-bridge/venv/lib/python3.10/site-packages/pip/_vendor/truststore/__pycache__) by extension 'ros'
[2.824s] Level 1:colcon.colcon_core.package_identification:_identify(src/amiga-ros2-bridge/venv/lib/python3.10/site-packages/pip/_vendor/truststore/__pycache__) by extensions ['cmake', 'python']
[2.824s] Level 1:colcon.colcon_core.package_identification:_identify(src/amiga-ros2-bridge/venv/lib/python3.10/site-packages/pip/_vendor/truststore/__pycache__) by extension 'cmake'
[2.824s] Level 1:colcon.colcon_core.package_identification:_identify(src/amiga-ros2-bridge/venv/lib/python3.10/site-packages/pip/_vendor/truststore/__pycache__) by extension 'python'
[2.824s] Level 1:colcon.colcon_core.package_identification:_identify(src/amiga-ros2-bridge/venv/lib/python3.10/site-packages/pip/_vendor/truststore/__pycache__) by extensions ['python_setup_py']
[2.824s] Level 1:colcon.colcon_core.package_identification:_identify(src/amiga-ros2-bridge/venv/lib/python3.10/site-packages/pip/_vendor/truststore/__pycache__) by extension 'python_setup_py'
[2.825s] Level 1:colcon.colcon_core.package_identification:_identify(src/amiga-ros2-bridge/venv/lib/python3.10/site-packages/pip/_vendor/urllib3) by extensions ['ignore', 'ignore_ament_install']
[2.825s] Level 1:colcon.colcon_core.package_identification:_identify(src/amiga-ros2-bridge/venv/lib/python3.10/site-packages/pip/_vendor/urllib3) by extension 'ignore'
[2.825s] Level 1:colcon.colcon_core.package_identification:_identify(src/amiga-ros2-bridge/venv/lib/python3.10/site-packages/pip/_vendor/urllib3) by extension 'ignore_ament_install'
[2.825s] Level 1:colcon.colcon_core.package_identification:_identify(src/amiga-ros2-bridge/venv/lib/python3.10/site-packages/pip/_vendor/urllib3) by extensions ['colcon_pkg']
[2.825s] Level 1:colcon.colcon_core.package_identification:_identify(src/amiga-ros2-bridge/venv/lib/python3.10/site-packages/pip/_vendor/urllib3) by extension 'colcon_pkg'
[2.825s] Level 1:colcon.colcon_core.package_identification:_identify(src/amiga-ros2-bridge/venv/lib/python3.10/site-packages/pip/_vendor/urllib3) by extensions ['colcon_meta']
[2.825s] Level 1:colcon.colcon_core.package_identification:_identify(src/amiga-ros2-bridge/venv/lib/python3.10/site-packages/pip/_vendor/urllib3) by extension 'colcon_meta'
[2.825s] Level 1:colcon.colcon_core.package_identification:_identify(src/amiga-ros2-bridge/venv/lib/python3.10/site-packages/pip/_vendor/urllib3) by extensions ['ros']
[2.826s] Level 1:colcon.colcon_core.package_identification:_identify(src/amiga-ros2-bridge/venv/lib/python3.10/site-packages/pip/_vendor/urllib3) by extension 'ros'
[2.826s] Level 1:colcon.colcon_core.package_identification:_identify(src/amiga-ros2-bridge/venv/lib/python3.10/site-packages/pip/_vendor/urllib3) by extensions ['cmake', 'python']
[2.826s] Level 1:colcon.colcon_core.package_identification:_identify(src/amiga-ros2-bridge/venv/lib/python3.10/site-packages/pip/_vendor/urllib3) by extension 'cmake'
[2.826s] Level 1:colcon.colcon_core.package_identification:_identify(src/amiga-ros2-bridge/venv/lib/python3.10/site-packages/pip/_vendor/urllib3) by extension 'python'
[2.826s] Level 1:colcon.colcon_core.package_identification:_identify(src/amiga-ros2-bridge/venv/lib/python3.10/site-packages/pip/_vendor/urllib3) by extensions ['python_setup_py']
[2.826s] Level 1:colcon.colcon_core.package_identification:_identify(src/amiga-ros2-bridge/venv/lib/python3.10/site-packages/pip/_vendor/urllib3) by extension 'python_setup_py'
[2.826s] Level 1:colcon.colcon_core.package_identification:_identify(src/amiga-ros2-bridge/venv/lib/python3.10/site-packages/pip/_vendor/urllib3/__pycache__) by extensions ['ignore', 'ignore_ament_install']
[2.827s] Level 1:colcon.colcon_core.package_identification:_identify(src/amiga-ros2-bridge/venv/lib/python3.10/site-packages/pip/_vendor/urllib3/__pycache__) by extension 'ignore'
[2.827s] Level 1:colcon.colcon_core.package_identification:_identify(src/amiga-ros2-bridge/venv/lib/python3.10/site-packages/pip/_vendor/urllib3/__pycache__) by extension 'ignore_ament_install'
[2.827s] Level 1:colcon.colcon_core.package_identification:_identify(src/amiga-ros2-bridge/venv/lib/python3.10/site-packages/pip/_vendor/urllib3/__pycache__) by extensions ['colcon_pkg']
[2.827s] Level 1:colcon.colcon_core.package_identification:_identify(src/amiga-ros2-bridge/venv/lib/python3.10/site-packages/pip/_vendor/urllib3/__pycache__) by extension 'colcon_pkg'
[2.827s] Level 1:colcon.colcon_core.package_identification:_identify(src/amiga-ros2-bridge/venv/lib/python3.10/site-packages/pip/_vendor/urllib3/__pycache__) by extensions ['colcon_meta']
[2.827s] Level 1:colcon.colcon_core.package_identification:_identify(src/amiga-ros2-bridge/venv/lib/python3.10/site-packages/pip/_vendor/urllib3/__pycache__) by extension 'colcon_meta'
[2.827s] Level 1:colcon.colcon_core.package_identification:_identify(src/amiga-ros2-bridge/venv/lib/python3.10/site-packages/pip/_vendor/urllib3/__pycache__) by extensions ['ros']
[2.827s] Level 1:colcon.colcon_core.package_identification:_identify(src/amiga-ros2-bridge/venv/lib/python3.10/site-packages/pip/_vendor/urllib3/__pycache__) by extension 'ros'
[2.828s] Level 1:colcon.colcon_core.package_identification:_identify(src/amiga-ros2-bridge/venv/lib/python3.10/site-packages/pip/_vendor/urllib3/__pycache__) by extensions ['cmake', 'python']
[2.828s] Level 1:colcon.colcon_core.package_identification:_identify(src/amiga-ros2-bridge/venv/lib/python3.10/site-packages/pip/_vendor/urllib3/__pycache__) by extension 'cmake'
[2.828s] Level 1:colcon.colcon_core.package_identification:_identify(src/amiga-ros2-bridge/venv/lib/python3.10/site-packages/pip/_vendor/urllib3/__pycache__) by extension 'python'
[2.828s] Level 1:colcon.colcon_core.package_identification:_identify(src/amiga-ros2-bridge/venv/lib/python3.10/site-packages/pip/_vendor/urllib3/__pycache__) by extensions ['python_setup_py']
[2.828s] Level 1:colcon.colcon_core.package_identification:_identify(src/amiga-ros2-bridge/venv/lib/python3.10/site-packages/pip/_vendor/urllib3/__pycache__) by extension 'python_setup_py'
[2.828s] Level 1:colcon.colcon_core.package_identification:_identify(src/amiga-ros2-bridge/venv/lib/python3.10/site-packages/pip/_vendor/urllib3/contrib) by extensions ['ignore', 'ignore_ament_install']
[2.829s] Level 1:colcon.colcon_core.package_identification:_identify(src/amiga-ros2-bridge/venv/lib/python3.10/site-packages/pip/_vendor/urllib3/contrib) by extension 'ignore'
[2.829s] Level 1:colcon.colcon_core.package_identification:_identify(src/amiga-ros2-bridge/venv/lib/python3.10/site-packages/pip/_vendor/urllib3/contrib) by extension 'ignore_ament_install'
[2.829s] Level 1:colcon.colcon_core.package_identification:_identify(src/amiga-ros2-bridge/venv/lib/python3.10/site-packages/pip/_vendor/urllib3/contrib) by extensions ['colcon_pkg']
[2.829s] Level 1:colcon.colcon_core.package_identification:_identify(src/amiga-ros2-bridge/venv/lib/python3.10/site-packages/pip/_vendor/urllib3/contrib) by extension 'colcon_pkg'
[2.829s] Level 1:colcon.colcon_core.package_identification:_identify(src/amiga-ros2-bridge/venv/lib/python3.10/site-packages/pip/_vendor/urllib3/contrib) by extensions ['colcon_meta']
[2.829s] Level 1:colcon.colcon_core.package_identification:_identify(src/amiga-ros2-bridge/venv/lib/python3.10/site-packages/pip/_vendor/urllib3/contrib) by extension 'colcon_meta'
[2.829s] Level 1:colcon.colcon_core.package_identification:_identify(src/amiga-ros2-bridge/venv/lib/python3.10/site-packages/pip/_vendor/urllib3/contrib) by extensions ['ros']
[2.829s] Level 1:colcon.colcon_core.package_identification:_identify(src/amiga-ros2-bridge/venv/lib/python3.10/site-packages/pip/_vendor/urllib3/contrib) by extension 'ros'
[2.829s] Level 1:colcon.colcon_core.package_identification:_identify(src/amiga-ros2-bridge/venv/lib/python3.10/site-packages/pip/_vendor/urllib3/contrib) by extensions ['cmake', 'python']
[2.830s] Level 1:colcon.colcon_core.package_identification:_identify(src/amiga-ros2-bridge/venv/lib/python3.10/site-packages/pip/_vendor/urllib3/contrib) by extension 'cmake'
[2.830s] Level 1:colcon.colcon_core.package_identification:_identify(src/amiga-ros2-bridge/venv/lib/python3.10/site-packages/pip/_vendor/urllib3/contrib) by extension 'python'
[2.830s] Level 1:colcon.colcon_core.package_identification:_identify(src/amiga-ros2-bridge/venv/lib/python3.10/site-packages/pip/_vendor/urllib3/contrib) by extensions ['python_setup_py']
[2.830s] Level 1:colcon.colcon_core.package_identification:_identify(src/amiga-ros2-bridge/venv/lib/python3.10/site-packages/pip/_vendor/urllib3/contrib) by extension 'python_setup_py'
[2.830s] Level 1:colcon.colcon_core.package_identification:_identify(src/amiga-ros2-bridge/venv/lib/python3.10/site-packages/pip/_vendor/urllib3/contrib/__pycache__) by extensions ['ignore', 'ignore_ament_install']
[2.830s] Level 1:colcon.colcon_core.package_identification:_identify(src/amiga-ros2-bridge/venv/lib/python3.10/site-packages/pip/_vendor/urllib3/contrib/__pycache__) by extension 'ignore'
[2.831s] Level 1:colcon.colcon_core.package_identification:_identify(src/amiga-ros2-bridge/venv/lib/python3.10/site-packages/pip/_vendor/urllib3/contrib/__pycache__) by extension 'ignore_ament_install'
[2.831s] Level 1:colcon.colcon_core.package_identification:_identify(src/amiga-ros2-bridge/venv/lib/python3.10/site-packages/pip/_vendor/urllib3/contrib/__pycache__) by extensions ['colcon_pkg']
[2.831s] Level 1:colcon.colcon_core.package_identification:_identify(src/amiga-ros2-bridge/venv/lib/python3.10/site-packages/pip/_vendor/urllib3/contrib/__pycache__) by extension 'colcon_pkg'
[2.831s] Level 1:colcon.colcon_core.package_identification:_identify(src/amiga-ros2-bridge/venv/lib/python3.10/site-packages/pip/_vendor/urllib3/contrib/__pycache__) by extensions ['colcon_meta']
[2.831s] Level 1:colcon.colcon_core.package_identification:_identify(src/amiga-ros2-bridge/venv/lib/python3.10/site-packages/pip/_vendor/urllib3/contrib/__pycache__) by extension 'colcon_meta'
[2.831s] Level 1:colcon.colcon_core.package_identification:_identify(src/amiga-ros2-bridge/venv/lib/python3.10/site-packages/pip/_vendor/urllib3/contrib/__pycache__) by extensions ['ros']
[2.831s] Level 1:colcon.colcon_core.package_identification:_identify(src/amiga-ros2-bridge/venv/lib/python3.10/site-packages/pip/_vendor/urllib3/contrib/__pycache__) by extension 'ros'
[2.831s] Level 1:colcon.colcon_core.package_identification:_identify(src/amiga-ros2-bridge/venv/lib/python3.10/site-packages/pip/_vendor/urllib3/contrib/__pycache__) by extensions ['cmake', 'python']
[2.831s] Level 1:colcon.colcon_core.package_identification:_identify(src/amiga-ros2-bridge/venv/lib/python3.10/site-packages/pip/_vendor/urllib3/contrib/__pycache__) by extension 'cmake'
[2.832s] Level 1:colcon.colcon_core.package_identification:_identify(src/amiga-ros2-bridge/venv/lib/python3.10/site-packages/pip/_vendor/urllib3/contrib/__pycache__) by extension 'python'
[2.832s] Level 1:colcon.colcon_core.package_identification:_identify(src/amiga-ros2-bridge/venv/lib/python3.10/site-packages/pip/_vendor/urllib3/contrib/__pycache__) by extensions ['python_setup_py']
[2.832s] Level 1:colcon.colcon_core.package_identification:_identify(src/amiga-ros2-bridge/venv/lib/python3.10/site-packages/pip/_vendor/urllib3/contrib/__pycache__) by extension 'python_setup_py'
[2.832s] Level 1:colcon.colcon_core.package_identification:_identify(src/amiga-ros2-bridge/venv/lib/python3.10/site-packages/pip/_vendor/urllib3/contrib/_securetransport) by extensions ['ignore', 'ignore_ament_install']
[2.832s] Level 1:colcon.colcon_core.package_identification:_identify(src/amiga-ros2-bridge/venv/lib/python3.10/site-packages/pip/_vendor/urllib3/contrib/_securetransport) by extension 'ignore'
[2.832s] Level 1:colcon.colcon_core.package_identification:_identify(src/amiga-ros2-bridge/venv/lib/python3.10/site-packages/pip/_vendor/urllib3/contrib/_securetransport) by extension 'ignore_ament_install'
[2.833s] Level 1:colcon.colcon_core.package_identification:_identify(src/amiga-ros2-bridge/venv/lib/python3.10/site-packages/pip/_vendor/urllib3/contrib/_securetransport) by extensions ['colcon_pkg']
[2.833s] Level 1:colcon.colcon_core.package_identification:_identify(src/amiga-ros2-bridge/venv/lib/python3.10/site-packages/pip/_vendor/urllib3/contrib/_securetransport) by extension 'colcon_pkg'
[2.833s] Level 1:colcon.colcon_core.package_identification:_identify(src/amiga-ros2-bridge/venv/lib/python3.10/site-packages/pip/_vendor/urllib3/contrib/_securetransport) by extensions ['colcon_meta']
[2.833s] Level 1:colcon.colcon_core.package_identification:_identify(src/amiga-ros2-bridge/venv/lib/python3.10/site-packages/pip/_vendor/urllib3/contrib/_securetransport) by extension 'colcon_meta'
[2.833s] Level 1:colcon.colcon_core.package_identification:_identify(src/amiga-ros2-bridge/venv/lib/python3.10/site-packages/pip/_vendor/urllib3/contrib/_securetransport) by extensions ['ros']
[2.833s] Level 1:colcon.colcon_core.package_identification:_identify(src/amiga-ros2-bridge/venv/lib/python3.10/site-packages/pip/_vendor/urllib3/contrib/_securetransport) by extension 'ros'
[2.833s] Level 1:colcon.colcon_core.package_identification:_identify(src/amiga-ros2-bridge/venv/lib/python3.10/site-packages/pip/_vendor/urllib3/contrib/_securetransport) by extensions ['cmake', 'python']
[2.833s] Level 1:colcon.colcon_core.package_identification:_identify(src/amiga-ros2-bridge/venv/lib/python3.10/site-packages/pip/_vendor/urllib3/contrib/_securetransport) by extension 'cmake'
[2.833s] Level 1:colcon.colcon_core.package_identification:_identify(src/amiga-ros2-bridge/venv/lib/python3.10/site-packages/pip/_vendor/urllib3/contrib/_securetransport) by extension 'python'
[2.834s] Level 1:colcon.colcon_core.package_identification:_identify(src/amiga-ros2-bridge/venv/lib/python3.10/site-packages/pip/_vendor/urllib3/contrib/_securetransport) by extensions ['python_setup_py']
[2.834s] Level 1:colcon.colcon_core.package_identification:_identify(src/amiga-ros2-bridge/venv/lib/python3.10/site-packages/pip/_vendor/urllib3/contrib/_securetransport) by extension 'python_setup_py'
[2.834s] Level 1:colcon.colcon_core.package_identification:_identify(src/amiga-ros2-bridge/venv/lib/python3.10/site-packages/pip/_vendor/urllib3/contrib/_securetransport/__pycache__) by extensions ['ignore', 'ignore_ament_install']
[2.834s] Level 1:colcon.colcon_core.package_identification:_identify(src/amiga-ros2-bridge/venv/lib/python3.10/site-packages/pip/_vendor/urllib3/contrib/_securetransport/__pycache__) by extension 'ignore'
[2.834s] Level 1:colcon.colcon_core.package_identification:_identify(src/amiga-ros2-bridge/venv/lib/python3.10/site-packages/pip/_vendor/urllib3/contrib/_securetransport/__pycache__) by extension 'ignore_ament_install'
[2.834s] Level 1:colcon.colcon_core.package_identification:_identify(src/amiga-ros2-bridge/venv/lib/python3.10/site-packages/pip/_vendor/urllib3/contrib/_securetransport/__pycache__) by extensions ['colcon_pkg']
[2.835s] Level 1:colcon.colcon_core.package_identification:_identify(src/amiga-ros2-bridge/venv/lib/python3.10/site-packages/pip/_vendor/urllib3/contrib/_securetransport/__pycache__) by extension 'colcon_pkg'
[2.835s] Level 1:colcon.colcon_core.package_identification:_identify(src/amiga-ros2-bridge/venv/lib/python3.10/site-packages/pip/_vendor/urllib3/contrib/_securetransport/__pycache__) by extensions ['colcon_meta']
[2.835s] Level 1:colcon.colcon_core.package_identification:_identify(src/amiga-ros2-bridge/venv/lib/python3.10/site-packages/pip/_vendor/urllib3/contrib/_securetransport/__pycache__) by extension 'colcon_meta'
[2.835s] Level 1:colcon.colcon_core.package_identification:_identify(src/amiga-ros2-bridge/venv/lib/python3.10/site-packages/pip/_vendor/urllib3/contrib/_securetransport/__pycache__) by extensions ['ros']
[2.835s] Level 1:colcon.colcon_core.package_identification:_identify(src/amiga-ros2-bridge/venv/lib/python3.10/site-packages/pip/_vendor/urllib3/contrib/_securetransport/__pycache__) by extension 'ros'
[2.835s] Level 1:colcon.colcon_core.package_identification:_identify(src/amiga-ros2-bridge/venv/lib/python3.10/site-packages/pip/_vendor/urllib3/contrib/_securetransport/__pycache__) by extensions ['cmake', 'python']
[2.835s] Level 1:colcon.colcon_core.package_identification:_identify(src/amiga-ros2-bridge/venv/lib/python3.10/site-packages/pip/_vendor/urllib3/contrib/_securetransport/__pycache__) by extension 'cmake'
[2.835s] Level 1:colcon.colcon_core.package_identification:_identify(src/amiga-ros2-bridge/venv/lib/python3.10/site-packages/pip/_vendor/urllib3/contrib/_securetransport/__pycache__) by extension 'python'
[2.835s] Level 1:colcon.colcon_core.package_identification:_identify(src/amiga-ros2-bridge/venv/lib/python3.10/site-packages/pip/_vendor/urllib3/contrib/_securetransport/__pycache__) by extensions ['python_setup_py']
[2.835s] Level 1:colcon.colcon_core.package_identification:_identify(src/amiga-ros2-bridge/venv/lib/python3.10/site-packages/pip/_vendor/urllib3/contrib/_securetransport/__pycache__) by extension 'python_setup_py'
[2.836s] Level 1:colcon.colcon_core.package_identification:_identify(src/amiga-ros2-bridge/venv/lib/python3.10/site-packages/pip/_vendor/urllib3/packages) by extensions ['ignore', 'ignore_ament_install']
[2.836s] Level 1:colcon.colcon_core.package_identification:_identify(src/amiga-ros2-bridge/venv/lib/python3.10/site-packages/pip/_vendor/urllib3/packages) by extension 'ignore'
[2.836s] Level 1:colcon.colcon_core.package_identification:_identify(src/amiga-ros2-bridge/venv/lib/python3.10/site-packages/pip/_vendor/urllib3/packages) by extension 'ignore_ament_install'
[2.836s] Level 1:colcon.colcon_core.package_identification:_identify(src/amiga-ros2-bridge/venv/lib/python3.10/site-packages/pip/_vendor/urllib3/packages) by extensions ['colcon_pkg']
[2.836s] Level 1:colcon.colcon_core.package_identification:_identify(src/amiga-ros2-bridge/venv/lib/python3.10/site-packages/pip/_vendor/urllib3/packages) by extension 'colcon_pkg'
[2.837s] Level 1:colcon.colcon_core.package_identification:_identify(src/amiga-ros2-bridge/venv/lib/python3.10/site-packages/pip/_vendor/urllib3/packages) by extensions ['colcon_meta']
[2.837s] Level 1:colcon.colcon_core.package_identification:_identify(src/amiga-ros2-bridge/venv/lib/python3.10/site-packages/pip/_vendor/urllib3/packages) by extension 'colcon_meta'
[2.837s] Level 1:colcon.colcon_core.package_identification:_identify(src/amiga-ros2-bridge/venv/lib/python3.10/site-packages/pip/_vendor/urllib3/packages) by extensions ['ros']
[2.837s] Level 1:colcon.colcon_core.package_identification:_identify(src/amiga-ros2-bridge/venv/lib/python3.10/site-packages/pip/_vendor/urllib3/packages) by extension 'ros'
[2.837s] Level 1:colcon.colcon_core.package_identification:_identify(src/amiga-ros2-bridge/venv/lib/python3.10/site-packages/pip/_vendor/urllib3/packages) by extensions ['cmake', 'python']
[2.837s] Level 1:colcon.colcon_core.package_identification:_identify(src/amiga-ros2-bridge/venv/lib/python3.10/site-packages/pip/_vendor/urllib3/packages) by extension 'cmake'
[2.837s] Level 1:colcon.colcon_core.package_identification:_identify(src/amiga-ros2-bridge/venv/lib/python3.10/site-packages/pip/_vendor/urllib3/packages) by extension 'python'
[2.837s] Level 1:colcon.colcon_core.package_identification:_identify(src/amiga-ros2-bridge/venv/lib/python3.10/site-packages/pip/_vendor/urllib3/packages) by extensions ['python_setup_py']
[2.837s] Level 1:colcon.colcon_core.package_identification:_identify(src/amiga-ros2-bridge/venv/lib/python3.10/site-packages/pip/_vendor/urllib3/packages) by extension 'python_setup_py'
[2.838s] Level 1:colcon.colcon_core.package_identification:_identify(src/amiga-ros2-bridge/venv/lib/python3.10/site-packages/pip/_vendor/urllib3/packages/__pycache__) by extensions ['ignore', 'ignore_ament_install']
[2.838s] Level 1:colcon.colcon_core.package_identification:_identify(src/amiga-ros2-bridge/venv/lib/python3.10/site-packages/pip/_vendor/urllib3/packages/__pycache__) by extension 'ignore'
[2.838s] Level 1:colcon.colcon_core.package_identification:_identify(src/amiga-ros2-bridge/venv/lib/python3.10/site-packages/pip/_vendor/urllib3/packages/__pycache__) by extension 'ignore_ament_install'
[2.838s] Level 1:colcon.colcon_core.package_identification:_identify(src/amiga-ros2-bridge/venv/lib/python3.10/site-packages/pip/_vendor/urllib3/packages/__pycache__) by extensions ['colcon_pkg']
[2.838s] Level 1:colcon.colcon_core.package_identification:_identify(src/amiga-ros2-bridge/venv/lib/python3.10/site-packages/pip/_vendor/urllib3/packages/__pycache__) by extension 'colcon_pkg'
[2.838s] Level 1:colcon.colcon_core.package_identification:_identify(src/amiga-ros2-bridge/venv/lib/python3.10/site-packages/pip/_vendor/urllib3/packages/__pycache__) by extensions ['colcon_meta']
[2.838s] Level 1:colcon.colcon_core.package_identification:_identify(src/amiga-ros2-bridge/venv/lib/python3.10/site-packages/pip/_vendor/urllib3/packages/__pycache__) by extension 'colcon_meta'
[2.839s] Level 1:colcon.colcon_core.package_identification:_identify(src/amiga-ros2-bridge/venv/lib/python3.10/site-packages/pip/_vendor/urllib3/packages/__pycache__) by extensions ['ros']
[2.839s] Level 1:colcon.colcon_core.package_identification:_identify(src/amiga-ros2-bridge/venv/lib/python3.10/site-packages/pip/_vendor/urllib3/packages/__pycache__) by extension 'ros'
[2.839s] Level 1:colcon.colcon_core.package_identification:_identify(src/amiga-ros2-bridge/venv/lib/python3.10/site-packages/pip/_vendor/urllib3/packages/__pycache__) by extensions ['cmake', 'python']
[2.839s] Level 1:colcon.colcon_core.package_identification:_identify(src/amiga-ros2-bridge/venv/lib/python3.10/site-packages/pip/_vendor/urllib3/packages/__pycache__) by extension 'cmake'
[2.839s] Level 1:colcon.colcon_core.package_identification:_identify(src/amiga-ros2-bridge/venv/lib/python3.10/site-packages/pip/_vendor/urllib3/packages/__pycache__) by extension 'python'
[2.839s] Level 1:colcon.colcon_core.package_identification:_identify(src/amiga-ros2-bridge/venv/lib/python3.10/site-packages/pip/_vendor/urllib3/packages/__pycache__) by extensions ['python_setup_py']
[2.839s] Level 1:colcon.colcon_core.package_identification:_identify(src/amiga-ros2-bridge/venv/lib/python3.10/site-packages/pip/_vendor/urllib3/packages/__pycache__) by extension 'python_setup_py'
[2.840s] Level 1:colcon.colcon_core.package_identification:_identify(src/amiga-ros2-bridge/venv/lib/python3.10/site-packages/pip/_vendor/urllib3/packages/backports) by extensions ['ignore', 'ignore_ament_install']
[2.840s] Level 1:colcon.colcon_core.package_identification:_identify(src/amiga-ros2-bridge/venv/lib/python3.10/site-packages/pip/_vendor/urllib3/packages/backports) by extension 'ignore'
[2.840s] Level 1:colcon.colcon_core.package_identification:_identify(src/amiga-ros2-bridge/venv/lib/python3.10/site-packages/pip/_vendor/urllib3/packages/backports) by extension 'ignore_ament_install'
[2.840s] Level 1:colcon.colcon_core.package_identification:_identify(src/amiga-ros2-bridge/venv/lib/python3.10/site-packages/pip/_vendor/urllib3/packages/backports) by extensions ['colcon_pkg']
[2.840s] Level 1:colcon.colcon_core.package_identification:_identify(src/amiga-ros2-bridge/venv/lib/python3.10/site-packages/pip/_vendor/urllib3/packages/backports) by extension 'colcon_pkg'
[2.840s] Level 1:colcon.colcon_core.package_identification:_identify(src/amiga-ros2-bridge/venv/lib/python3.10/site-packages/pip/_vendor/urllib3/packages/backports) by extensions ['colcon_meta']
[2.840s] Level 1:colcon.colcon_core.package_identification:_identify(src/amiga-ros2-bridge/venv/lib/python3.10/site-packages/pip/_vendor/urllib3/packages/backports) by extension 'colcon_meta'
[2.840s] Level 1:colcon.colcon_core.package_identification:_identify(src/amiga-ros2-bridge/venv/lib/python3.10/site-packages/pip/_vendor/urllib3/packages/backports) by extensions ['ros']
[2.841s] Level 1:colcon.colcon_core.package_identification:_identify(src/amiga-ros2-bridge/venv/lib/python3.10/site-packages/pip/_vendor/urllib3/packages/backports) by extension 'ros'
[2.841s] Level 1:colcon.colcon_core.package_identification:_identify(src/amiga-ros2-bridge/venv/lib/python3.10/site-packages/pip/_vendor/urllib3/packages/backports) by extensions ['cmake', 'python']
[2.841s] Level 1:colcon.colcon_core.package_identification:_identify(src/amiga-ros2-bridge/venv/lib/python3.10/site-packages/pip/_vendor/urllib3/packages/backports) by extension 'cmake'
[2.841s] Level 1:colcon.colcon_core.package_identification:_identify(src/amiga-ros2-bridge/venv/lib/python3.10/site-packages/pip/_vendor/urllib3/packages/backports) by extension 'python'
[2.841s] Level 1:colcon.colcon_core.package_identification:_identify(src/amiga-ros2-bridge/venv/lib/python3.10/site-packages/pip/_vendor/urllib3/packages/backports) by extensions ['python_setup_py']
[2.841s] Level 1:colcon.colcon_core.package_identification:_identify(src/amiga-ros2-bridge/venv/lib/python3.10/site-packages/pip/_vendor/urllib3/packages/backports) by extension 'python_setup_py'
[2.841s] Level 1:colcon.colcon_core.package_identification:_identify(src/amiga-ros2-bridge/venv/lib/python3.10/site-packages/pip/_vendor/urllib3/packages/backports/__pycache__) by extensions ['ignore', 'ignore_ament_install']
[2.842s] Level 1:colcon.colcon_core.package_identification:_identify(src/amiga-ros2-bridge/venv/lib/python3.10/site-packages/pip/_vendor/urllib3/packages/backports/__pycache__) by extension 'ignore'
[2.842s] Level 1:colcon.colcon_core.package_identification:_identify(src/amiga-ros2-bridge/venv/lib/python3.10/site-packages/pip/_vendor/urllib3/packages/backports/__pycache__) by extension 'ignore_ament_install'
[2.842s] Level 1:colcon.colcon_core.package_identification:_identify(src/amiga-ros2-bridge/venv/lib/python3.10/site-packages/pip/_vendor/urllib3/packages/backports/__pycache__) by extensions ['colcon_pkg']
[2.842s] Level 1:colcon.colcon_core.package_identification:_identify(src/amiga-ros2-bridge/venv/lib/python3.10/site-packages/pip/_vendor/urllib3/packages/backports/__pycache__) by extension 'colcon_pkg'
[2.842s] Level 1:colcon.colcon_core.package_identification:_identify(src/amiga-ros2-bridge/venv/lib/python3.10/site-packages/pip/_vendor/urllib3/packages/backports/__pycache__) by extensions ['colcon_meta']
[2.842s] Level 1:colcon.colcon_core.package_identification:_identify(src/amiga-ros2-bridge/venv/lib/python3.10/site-packages/pip/_vendor/urllib3/packages/backports/__pycache__) by extension 'colcon_meta'
[2.842s] Level 1:colcon.colcon_core.package_identification:_identify(src/amiga-ros2-bridge/venv/lib/python3.10/site-packages/pip/_vendor/urllib3/packages/backports/__pycache__) by extensions ['ros']
[2.842s] Level 1:colcon.colcon_core.package_identification:_identify(src/amiga-ros2-bridge/venv/lib/python3.10/site-packages/pip/_vendor/urllib3/packages/backports/__pycache__) by extension 'ros'
[2.843s] Level 1:colcon.colcon_core.package_identification:_identify(src/amiga-ros2-bridge/venv/lib/python3.10/site-packages/pip/_vendor/urllib3/packages/backports/__pycache__) by extensions ['cmake', 'python']
[2.843s] Level 1:colcon.colcon_core.package_identification:_identify(src/amiga-ros2-bridge/venv/lib/python3.10/site-packages/pip/_vendor/urllib3/packages/backports/__pycache__) by extension 'cmake'
[2.843s] Level 1:colcon.colcon_core.package_identification:_identify(src/amiga-ros2-bridge/venv/lib/python3.10/site-packages/pip/_vendor/urllib3/packages/backports/__pycache__) by extension 'python'
[2.843s] Level 1:colcon.colcon_core.package_identification:_identify(src/amiga-ros2-bridge/venv/lib/python3.10/site-packages/pip/_vendor/urllib3/packages/backports/__pycache__) by extensions ['python_setup_py']
[2.843s] Level 1:colcon.colcon_core.package_identification:_identify(src/amiga-ros2-bridge/venv/lib/python3.10/site-packages/pip/_vendor/urllib3/packages/backports/__pycache__) by extension 'python_setup_py'
[2.843s] Level 1:colcon.colcon_core.package_identification:_identify(src/amiga-ros2-bridge/venv/lib/python3.10/site-packages/pip/_vendor/urllib3/util) by extensions ['ignore', 'ignore_ament_install']
[2.844s] Level 1:colcon.colcon_core.package_identification:_identify(src/amiga-ros2-bridge/venv/lib/python3.10/site-packages/pip/_vendor/urllib3/util) by extension 'ignore'
[2.844s] Level 1:colcon.colcon_core.package_identification:_identify(src/amiga-ros2-bridge/venv/lib/python3.10/site-packages/pip/_vendor/urllib3/util) by extension 'ignore_ament_install'
[2.844s] Level 1:colcon.colcon_core.package_identification:_identify(src/amiga-ros2-bridge/venv/lib/python3.10/site-packages/pip/_vendor/urllib3/util) by extensions ['colcon_pkg']
[2.844s] Level 1:colcon.colcon_core.package_identification:_identify(src/amiga-ros2-bridge/venv/lib/python3.10/site-packages/pip/_vendor/urllib3/util) by extension 'colcon_pkg'
[2.844s] Level 1:colcon.colcon_core.package_identification:_identify(src/amiga-ros2-bridge/venv/lib/python3.10/site-packages/pip/_vendor/urllib3/util) by extensions ['colcon_meta']
[2.844s] Level 1:colcon.colcon_core.package_identification:_identify(src/amiga-ros2-bridge/venv/lib/python3.10/site-packages/pip/_vendor/urllib3/util) by extension 'colcon_meta'
[2.844s] Level 1:colcon.colcon_core.package_identification:_identify(src/amiga-ros2-bridge/venv/lib/python3.10/site-packages/pip/_vendor/urllib3/util) by extensions ['ros']
[2.844s] Level 1:colcon.colcon_core.package_identification:_identify(src/amiga-ros2-bridge/venv/lib/python3.10/site-packages/pip/_vendor/urllib3/util) by extension 'ros'
[2.845s] Level 1:colcon.colcon_core.package_identification:_identify(src/amiga-ros2-bridge/venv/lib/python3.10/site-packages/pip/_vendor/urllib3/util) by extensions ['cmake', 'python']
[2.845s] Level 1:colcon.colcon_core.package_identification:_identify(src/amiga-ros2-bridge/venv/lib/python3.10/site-packages/pip/_vendor/urllib3/util) by extension 'cmake'
[2.845s] Level 1:colcon.colcon_core.package_identification:_identify(src/amiga-ros2-bridge/venv/lib/python3.10/site-packages/pip/_vendor/urllib3/util) by extension 'python'
[2.845s] Level 1:colcon.colcon_core.package_identification:_identify(src/amiga-ros2-bridge/venv/lib/python3.10/site-packages/pip/_vendor/urllib3/util) by extensions ['python_setup_py']
[2.845s] Level 1:colcon.colcon_core.package_identification:_identify(src/amiga-ros2-bridge/venv/lib/python3.10/site-packages/pip/_vendor/urllib3/util) by extension 'python_setup_py'
[2.845s] Level 1:colcon.colcon_core.package_identification:_identify(src/amiga-ros2-bridge/venv/lib/python3.10/site-packages/pip/_vendor/urllib3/util/__pycache__) by extensions ['ignore', 'ignore_ament_install']
[2.845s] Level 1:colcon.colcon_core.package_identification:_identify(src/amiga-ros2-bridge/venv/lib/python3.10/site-packages/pip/_vendor/urllib3/util/__pycache__) by extension 'ignore'
[2.846s] Level 1:colcon.colcon_core.package_identification:_identify(src/amiga-ros2-bridge/venv/lib/python3.10/site-packages/pip/_vendor/urllib3/util/__pycache__) by extension 'ignore_ament_install'
[2.846s] Level 1:colcon.colcon_core.package_identification:_identify(src/amiga-ros2-bridge/venv/lib/python3.10/site-packages/pip/_vendor/urllib3/util/__pycache__) by extensions ['colcon_pkg']
[2.846s] Level 1:colcon.colcon_core.package_identification:_identify(src/amiga-ros2-bridge/venv/lib/python3.10/site-packages/pip/_vendor/urllib3/util/__pycache__) by extension 'colcon_pkg'
[2.846s] Level 1:colcon.colcon_core.package_identification:_identify(src/amiga-ros2-bridge/venv/lib/python3.10/site-packages/pip/_vendor/urllib3/util/__pycache__) by extensions ['colcon_meta']
[2.846s] Level 1:colcon.colcon_core.package_identification:_identify(src/amiga-ros2-bridge/venv/lib/python3.10/site-packages/pip/_vendor/urllib3/util/__pycache__) by extension 'colcon_meta'
[2.846s] Level 1:colcon.colcon_core.package_identification:_identify(src/amiga-ros2-bridge/venv/lib/python3.10/site-packages/pip/_vendor/urllib3/util/__pycache__) by extensions ['ros']
[2.846s] Level 1:colcon.colcon_core.package_identification:_identify(src/amiga-ros2-bridge/venv/lib/python3.10/site-packages/pip/_vendor/urllib3/util/__pycache__) by extension 'ros'
[2.846s] Level 1:colcon.colcon_core.package_identification:_identify(src/amiga-ros2-bridge/venv/lib/python3.10/site-packages/pip/_vendor/urllib3/util/__pycache__) by extensions ['cmake', 'python']
[2.846s] Level 1:colcon.colcon_core.package_identification:_identify(src/amiga-ros2-bridge/venv/lib/python3.10/site-packages/pip/_vendor/urllib3/util/__pycache__) by extension 'cmake'
[2.847s] Level 1:colcon.colcon_core.package_identification:_identify(src/amiga-ros2-bridge/venv/lib/python3.10/site-packages/pip/_vendor/urllib3/util/__pycache__) by extension 'python'
[2.847s] Level 1:colcon.colcon_core.package_identification:_identify(src/amiga-ros2-bridge/venv/lib/python3.10/site-packages/pip/_vendor/urllib3/util/__pycache__) by extensions ['python_setup_py']
[2.847s] Level 1:colcon.colcon_core.package_identification:_identify(src/amiga-ros2-bridge/venv/lib/python3.10/site-packages/pip/_vendor/urllib3/util/__pycache__) by extension 'python_setup_py'
[2.847s] Level 1:colcon.colcon_core.package_identification:_identify(src/amiga-ros2-bridge/venv/lib/python3.10/site-packages/pip-25.0.1.dist-info) by extensions ['ignore', 'ignore_ament_install']
[2.847s] Level 1:colcon.colcon_core.package_identification:_identify(src/amiga-ros2-bridge/venv/lib/python3.10/site-packages/pip-25.0.1.dist-info) by extension 'ignore'
[2.847s] Level 1:colcon.colcon_core.package_identification:_identify(src/amiga-ros2-bridge/venv/lib/python3.10/site-packages/pip-25.0.1.dist-info) by extension 'ignore_ament_install'
[2.848s] Level 1:colcon.colcon_core.package_identification:_identify(src/amiga-ros2-bridge/venv/lib/python3.10/site-packages/pip-25.0.1.dist-info) by extensions ['colcon_pkg']
[2.848s] Level 1:colcon.colcon_core.package_identification:_identify(src/amiga-ros2-bridge/venv/lib/python3.10/site-packages/pip-25.0.1.dist-info) by extension 'colcon_pkg'
[2.848s] Level 1:colcon.colcon_core.package_identification:_identify(src/amiga-ros2-bridge/venv/lib/python3.10/site-packages/pip-25.0.1.dist-info) by extensions ['colcon_meta']
[2.848s] Level 1:colcon.colcon_core.package_identification:_identify(src/amiga-ros2-bridge/venv/lib/python3.10/site-packages/pip-25.0.1.dist-info) by extension 'colcon_meta'
[2.848s] Level 1:colcon.colcon_core.package_identification:_identify(src/amiga-ros2-bridge/venv/lib/python3.10/site-packages/pip-25.0.1.dist-info) by extensions ['ros']
[2.848s] Level 1:colcon.colcon_core.package_identification:_identify(src/amiga-ros2-bridge/venv/lib/python3.10/site-packages/pip-25.0.1.dist-info) by extension 'ros'
[2.848s] Level 1:colcon.colcon_core.package_identification:_identify(src/amiga-ros2-bridge/venv/lib/python3.10/site-packages/pip-25.0.1.dist-info) by extensions ['cmake', 'python']
[2.848s] Level 1:colcon.colcon_core.package_identification:_identify(src/amiga-ros2-bridge/venv/lib/python3.10/site-packages/pip-25.0.1.dist-info) by extension 'cmake'
[2.848s] Level 1:colcon.colcon_core.package_identification:_identify(src/amiga-ros2-bridge/venv/lib/python3.10/site-packages/pip-25.0.1.dist-info) by extension 'python'
[2.849s] Level 1:colcon.colcon_core.package_identification:_identify(src/amiga-ros2-bridge/venv/lib/python3.10/site-packages/pip-25.0.1.dist-info) by extensions ['python_setup_py']
[2.849s] Level 1:colcon.colcon_core.package_identification:_identify(src/amiga-ros2-bridge/venv/lib/python3.10/site-packages/pip-25.0.1.dist-info) by extension 'python_setup_py'
[2.849s] Level 1:colcon.colcon_core.package_identification:_identify(src/amiga-ros2-bridge/venv/lib/python3.10/site-packages/pkg_resources) by extensions ['ignore', 'ignore_ament_install']
[2.849s] Level 1:colcon.colcon_core.package_identification:_identify(src/amiga-ros2-bridge/venv/lib/python3.10/site-packages/pkg_resources) by extension 'ignore'
[2.849s] Level 1:colcon.colcon_core.package_identification:_identify(src/amiga-ros2-bridge/venv/lib/python3.10/site-packages/pkg_resources) by extension 'ignore_ament_install'
[2.849s] Level 1:colcon.colcon_core.package_identification:_identify(src/amiga-ros2-bridge/venv/lib/python3.10/site-packages/pkg_resources) by extensions ['colcon_pkg']
[2.850s] Level 1:colcon.colcon_core.package_identification:_identify(src/amiga-ros2-bridge/venv/lib/python3.10/site-packages/pkg_resources) by extension 'colcon_pkg'
[2.850s] Level 1:colcon.colcon_core.package_identification:_identify(src/amiga-ros2-bridge/venv/lib/python3.10/site-packages/pkg_resources) by extensions ['colcon_meta']
[2.850s] Level 1:colcon.colcon_core.package_identification:_identify(src/amiga-ros2-bridge/venv/lib/python3.10/site-packages/pkg_resources) by extension 'colcon_meta'
[2.850s] Level 1:colcon.colcon_core.package_identification:_identify(src/amiga-ros2-bridge/venv/lib/python3.10/site-packages/pkg_resources) by extensions ['ros']
[2.850s] Level 1:colcon.colcon_core.package_identification:_identify(src/amiga-ros2-bridge/venv/lib/python3.10/site-packages/pkg_resources) by extension 'ros'
[2.850s] Level 1:colcon.colcon_core.package_identification:_identify(src/amiga-ros2-bridge/venv/lib/python3.10/site-packages/pkg_resources) by extensions ['cmake', 'python']
[2.850s] Level 1:colcon.colcon_core.package_identification:_identify(src/amiga-ros2-bridge/venv/lib/python3.10/site-packages/pkg_resources) by extension 'cmake'
[2.850s] Level 1:colcon.colcon_core.package_identification:_identify(src/amiga-ros2-bridge/venv/lib/python3.10/site-packages/pkg_resources) by extension 'python'
[2.850s] Level 1:colcon.colcon_core.package_identification:_identify(src/amiga-ros2-bridge/venv/lib/python3.10/site-packages/pkg_resources) by extensions ['python_setup_py']
[2.850s] Level 1:colcon.colcon_core.package_identification:_identify(src/amiga-ros2-bridge/venv/lib/python3.10/site-packages/pkg_resources) by extension 'python_setup_py'
[2.851s] Level 1:colcon.colcon_core.package_identification:_identify(src/amiga-ros2-bridge/venv/lib/python3.10/site-packages/pkg_resources/__pycache__) by extensions ['ignore', 'ignore_ament_install']
[2.851s] Level 1:colcon.colcon_core.package_identification:_identify(src/amiga-ros2-bridge/venv/lib/python3.10/site-packages/pkg_resources/__pycache__) by extension 'ignore'
[2.851s] Level 1:colcon.colcon_core.package_identification:_identify(src/amiga-ros2-bridge/venv/lib/python3.10/site-packages/pkg_resources/__pycache__) by extension 'ignore_ament_install'
[2.851s] Level 1:colcon.colcon_core.package_identification:_identify(src/amiga-ros2-bridge/venv/lib/python3.10/site-packages/pkg_resources/__pycache__) by extensions ['colcon_pkg']
[2.851s] Level 1:colcon.colcon_core.package_identification:_identify(src/amiga-ros2-bridge/venv/lib/python3.10/site-packages/pkg_resources/__pycache__) by extension 'colcon_pkg'
[2.852s] Level 1:colcon.colcon_core.package_identification:_identify(src/amiga-ros2-bridge/venv/lib/python3.10/site-packages/pkg_resources/__pycache__) by extensions ['colcon_meta']
[2.852s] Level 1:colcon.colcon_core.package_identification:_identify(src/amiga-ros2-bridge/venv/lib/python3.10/site-packages/pkg_resources/__pycache__) by extension 'colcon_meta'
[2.852s] Level 1:colcon.colcon_core.package_identification:_identify(src/amiga-ros2-bridge/venv/lib/python3.10/site-packages/pkg_resources/__pycache__) by extensions ['ros']
[2.852s] Level 1:colcon.colcon_core.package_identification:_identify(src/amiga-ros2-bridge/venv/lib/python3.10/site-packages/pkg_resources/__pycache__) by extension 'ros'
[2.852s] Level 1:colcon.colcon_core.package_identification:_identify(src/amiga-ros2-bridge/venv/lib/python3.10/site-packages/pkg_resources/__pycache__) by extensions ['cmake', 'python']
[2.852s] Level 1:colcon.colcon_core.package_identification:_identify(src/amiga-ros2-bridge/venv/lib/python3.10/site-packages/pkg_resources/__pycache__) by extension 'cmake'
[2.852s] Level 1:colcon.colcon_core.package_identification:_identify(src/amiga-ros2-bridge/venv/lib/python3.10/site-packages/pkg_resources/__pycache__) by extension 'python'
[2.852s] Level 1:colcon.colcon_core.package_identification:_identify(src/amiga-ros2-bridge/venv/lib/python3.10/site-packages/pkg_resources/__pycache__) by extensions ['python_setup_py']
[2.852s] Level 1:colcon.colcon_core.package_identification:_identify(src/amiga-ros2-bridge/venv/lib/python3.10/site-packages/pkg_resources/__pycache__) by extension 'python_setup_py'
[2.853s] Level 1:colcon.colcon_core.package_identification:_identify(src/amiga-ros2-bridge/venv/lib/python3.10/site-packages/pkg_resources/_vendor) by extensions ['ignore', 'ignore_ament_install']
[2.853s] Level 1:colcon.colcon_core.package_identification:_identify(src/amiga-ros2-bridge/venv/lib/python3.10/site-packages/pkg_resources/_vendor) by extension 'ignore'
[2.853s] Level 1:colcon.colcon_core.package_identification:_identify(src/amiga-ros2-bridge/venv/lib/python3.10/site-packages/pkg_resources/_vendor) by extension 'ignore_ament_install'
[2.853s] Level 1:colcon.colcon_core.package_identification:_identify(src/amiga-ros2-bridge/venv/lib/python3.10/site-packages/pkg_resources/_vendor) by extensions ['colcon_pkg']
[2.853s] Level 1:colcon.colcon_core.package_identification:_identify(src/amiga-ros2-bridge/venv/lib/python3.10/site-packages/pkg_resources/_vendor) by extension 'colcon_pkg'
[2.853s] Level 1:colcon.colcon_core.package_identification:_identify(src/amiga-ros2-bridge/venv/lib/python3.10/site-packages/pkg_resources/_vendor) by extensions ['colcon_meta']
[2.853s] Level 1:colcon.colcon_core.package_identification:_identify(src/amiga-ros2-bridge/venv/lib/python3.10/site-packages/pkg_resources/_vendor) by extension 'colcon_meta'
[2.854s] Level 1:colcon.colcon_core.package_identification:_identify(src/amiga-ros2-bridge/venv/lib/python3.10/site-packages/pkg_resources/_vendor) by extensions ['ros']
[2.854s] Level 1:colcon.colcon_core.package_identification:_identify(src/amiga-ros2-bridge/venv/lib/python3.10/site-packages/pkg_resources/_vendor) by extension 'ros'
[2.854s] Level 1:colcon.colcon_core.package_identification:_identify(src/amiga-ros2-bridge/venv/lib/python3.10/site-packages/pkg_resources/_vendor) by extensions ['cmake', 'python']
[2.854s] Level 1:colcon.colcon_core.package_identification:_identify(src/amiga-ros2-bridge/venv/lib/python3.10/site-packages/pkg_resources/_vendor) by extension 'cmake'
[2.854s] Level 1:colcon.colcon_core.package_identification:_identify(src/amiga-ros2-bridge/venv/lib/python3.10/site-packages/pkg_resources/_vendor) by extension 'python'
[2.854s] Level 1:colcon.colcon_core.package_identification:_identify(src/amiga-ros2-bridge/venv/lib/python3.10/site-packages/pkg_resources/_vendor) by extensions ['python_setup_py']
[2.854s] Level 1:colcon.colcon_core.package_identification:_identify(src/amiga-ros2-bridge/venv/lib/python3.10/site-packages/pkg_resources/_vendor) by extension 'python_setup_py'
[2.855s] Level 1:colcon.colcon_core.package_identification:_identify(src/amiga-ros2-bridge/venv/lib/python3.10/site-packages/pkg_resources/_vendor/__pycache__) by extensions ['ignore', 'ignore_ament_install']
[2.855s] Level 1:colcon.colcon_core.package_identification:_identify(src/amiga-ros2-bridge/venv/lib/python3.10/site-packages/pkg_resources/_vendor/__pycache__) by extension 'ignore'
[2.855s] Level 1:colcon.colcon_core.package_identification:_identify(src/amiga-ros2-bridge/venv/lib/python3.10/site-packages/pkg_resources/_vendor/__pycache__) by extension 'ignore_ament_install'
[2.855s] Level 1:colcon.colcon_core.package_identification:_identify(src/amiga-ros2-bridge/venv/lib/python3.10/site-packages/pkg_resources/_vendor/__pycache__) by extensions ['colcon_pkg']
[2.855s] Level 1:colcon.colcon_core.package_identification:_identify(src/amiga-ros2-bridge/venv/lib/python3.10/site-packages/pkg_resources/_vendor/__pycache__) by extension 'colcon_pkg'
[2.855s] Level 1:colcon.colcon_core.package_identification:_identify(src/amiga-ros2-bridge/venv/lib/python3.10/site-packages/pkg_resources/_vendor/__pycache__) by extensions ['colcon_meta']
[2.855s] Level 1:colcon.colcon_core.package_identification:_identify(src/amiga-ros2-bridge/venv/lib/python3.10/site-packages/pkg_resources/_vendor/__pycache__) by extension 'colcon_meta'
[2.855s] Level 1:colcon.colcon_core.package_identification:_identify(src/amiga-ros2-bridge/venv/lib/python3.10/site-packages/pkg_resources/_vendor/__pycache__) by extensions ['ros']
[2.856s] Level 1:colcon.colcon_core.package_identification:_identify(src/amiga-ros2-bridge/venv/lib/python3.10/site-packages/pkg_resources/_vendor/__pycache__) by extension 'ros'
[2.856s] Level 1:colcon.colcon_core.package_identification:_identify(src/amiga-ros2-bridge/venv/lib/python3.10/site-packages/pkg_resources/_vendor/__pycache__) by extensions ['cmake', 'python']
[2.856s] Level 1:colcon.colcon_core.package_identification:_identify(src/amiga-ros2-bridge/venv/lib/python3.10/site-packages/pkg_resources/_vendor/__pycache__) by extension 'cmake'
[2.856s] Level 1:colcon.colcon_core.package_identification:_identify(src/amiga-ros2-bridge/venv/lib/python3.10/site-packages/pkg_resources/_vendor/__pycache__) by extension 'python'
[2.856s] Level 1:colcon.colcon_core.package_identification:_identify(src/amiga-ros2-bridge/venv/lib/python3.10/site-packages/pkg_resources/_vendor/__pycache__) by extensions ['python_setup_py']
[2.856s] Level 1:colcon.colcon_core.package_identification:_identify(src/amiga-ros2-bridge/venv/lib/python3.10/site-packages/pkg_resources/_vendor/__pycache__) by extension 'python_setup_py'
[2.856s] Level 1:colcon.colcon_core.package_identification:_identify(src/amiga-ros2-bridge/venv/lib/python3.10/site-packages/pkg_resources/_vendor/packaging) by extensions ['ignore', 'ignore_ament_install']
[2.857s] Level 1:colcon.colcon_core.package_identification:_identify(src/amiga-ros2-bridge/venv/lib/python3.10/site-packages/pkg_resources/_vendor/packaging) by extension 'ignore'
[2.857s] Level 1:colcon.colcon_core.package_identification:_identify(src/amiga-ros2-bridge/venv/lib/python3.10/site-packages/pkg_resources/_vendor/packaging) by extension 'ignore_ament_install'
[2.857s] Level 1:colcon.colcon_core.package_identification:_identify(src/amiga-ros2-bridge/venv/lib/python3.10/site-packages/pkg_resources/_vendor/packaging) by extensions ['colcon_pkg']
[2.857s] Level 1:colcon.colcon_core.package_identification:_identify(src/amiga-ros2-bridge/venv/lib/python3.10/site-packages/pkg_resources/_vendor/packaging) by extension 'colcon_pkg'
[2.857s] Level 1:colcon.colcon_core.package_identification:_identify(src/amiga-ros2-bridge/venv/lib/python3.10/site-packages/pkg_resources/_vendor/packaging) by extensions ['colcon_meta']
[2.857s] Level 1:colcon.colcon_core.package_identification:_identify(src/amiga-ros2-bridge/venv/lib/python3.10/site-packages/pkg_resources/_vendor/packaging) by extension 'colcon_meta'
[2.857s] Level 1:colcon.colcon_core.package_identification:_identify(src/amiga-ros2-bridge/venv/lib/python3.10/site-packages/pkg_resources/_vendor/packaging) by extensions ['ros']
[2.857s] Level 1:colcon.colcon_core.package_identification:_identify(src/amiga-ros2-bridge/venv/lib/python3.10/site-packages/pkg_resources/_vendor/packaging) by extension 'ros'
[2.858s] Level 1:colcon.colcon_core.package_identification:_identify(src/amiga-ros2-bridge/venv/lib/python3.10/site-packages/pkg_resources/_vendor/packaging) by extensions ['cmake', 'python']
[2.858s] Level 1:colcon.colcon_core.package_identification:_identify(src/amiga-ros2-bridge/venv/lib/python3.10/site-packages/pkg_resources/_vendor/packaging) by extension 'cmake'
[2.858s] Level 1:colcon.colcon_core.package_identification:_identify(src/amiga-ros2-bridge/venv/lib/python3.10/site-packages/pkg_resources/_vendor/packaging) by extension 'python'
[2.858s] Level 1:colcon.colcon_core.package_identification:_identify(src/amiga-ros2-bridge/venv/lib/python3.10/site-packages/pkg_resources/_vendor/packaging) by extensions ['python_setup_py']
[2.858s] Level 1:colcon.colcon_core.package_identification:_identify(src/amiga-ros2-bridge/venv/lib/python3.10/site-packages/pkg_resources/_vendor/packaging) by extension 'python_setup_py'
[2.858s] Level 1:colcon.colcon_core.package_identification:_identify(src/amiga-ros2-bridge/venv/lib/python3.10/site-packages/pkg_resources/_vendor/packaging/__pycache__) by extensions ['ignore', 'ignore_ament_install']
[2.859s] Level 1:colcon.colcon_core.package_identification:_identify(src/amiga-ros2-bridge/venv/lib/python3.10/site-packages/pkg_resources/_vendor/packaging/__pycache__) by extension 'ignore'
[2.859s] Level 1:colcon.colcon_core.package_identification:_identify(src/amiga-ros2-bridge/venv/lib/python3.10/site-packages/pkg_resources/_vendor/packaging/__pycache__) by extension 'ignore_ament_install'
[2.859s] Level 1:colcon.colcon_core.package_identification:_identify(src/amiga-ros2-bridge/venv/lib/python3.10/site-packages/pkg_resources/_vendor/packaging/__pycache__) by extensions ['colcon_pkg']
[2.859s] Level 1:colcon.colcon_core.package_identification:_identify(src/amiga-ros2-bridge/venv/lib/python3.10/site-packages/pkg_resources/_vendor/packaging/__pycache__) by extension 'colcon_pkg'
[2.859s] Level 1:colcon.colcon_core.package_identification:_identify(src/amiga-ros2-bridge/venv/lib/python3.10/site-packages/pkg_resources/_vendor/packaging/__pycache__) by extensions ['colcon_meta']
[2.859s] Level 1:colcon.colcon_core.package_identification:_identify(src/amiga-ros2-bridge/venv/lib/python3.10/site-packages/pkg_resources/_vendor/packaging/__pycache__) by extension 'colcon_meta'
[2.859s] Level 1:colcon.colcon_core.package_identification:_identify(src/amiga-ros2-bridge/venv/lib/python3.10/site-packages/pkg_resources/_vendor/packaging/__pycache__) by extensions ['ros']
[2.859s] Level 1:colcon.colcon_core.package_identification:_identify(src/amiga-ros2-bridge/venv/lib/python3.10/site-packages/pkg_resources/_vendor/packaging/__pycache__) by extension 'ros'
[2.860s] Level 1:colcon.colcon_core.package_identification:_identify(src/amiga-ros2-bridge/venv/lib/python3.10/site-packages/pkg_resources/_vendor/packaging/__pycache__) by extensions ['cmake', 'python']
[2.860s] Level 1:colcon.colcon_core.package_identification:_identify(src/amiga-ros2-bridge/venv/lib/python3.10/site-packages/pkg_resources/_vendor/packaging/__pycache__) by extension 'cmake'
[2.860s] Level 1:colcon.colcon_core.package_identification:_identify(src/amiga-ros2-bridge/venv/lib/python3.10/site-packages/pkg_resources/_vendor/packaging/__pycache__) by extension 'python'
[2.860s] Level 1:colcon.colcon_core.package_identification:_identify(src/amiga-ros2-bridge/venv/lib/python3.10/site-packages/pkg_resources/_vendor/packaging/__pycache__) by extensions ['python_setup_py']
[2.860s] Level 1:colcon.colcon_core.package_identification:_identify(src/amiga-ros2-bridge/venv/lib/python3.10/site-packages/pkg_resources/_vendor/packaging/__pycache__) by extension 'python_setup_py'
[2.860s] Level 1:colcon.colcon_core.package_identification:_identify(src/amiga-ros2-bridge/venv/lib/python3.10/site-packages/pkg_resources/extern) by extensions ['ignore', 'ignore_ament_install']
[2.860s] Level 1:colcon.colcon_core.package_identification:_identify(src/amiga-ros2-bridge/venv/lib/python3.10/site-packages/pkg_resources/extern) by extension 'ignore'
[2.861s] Level 1:colcon.colcon_core.package_identification:_identify(src/amiga-ros2-bridge/venv/lib/python3.10/site-packages/pkg_resources/extern) by extension 'ignore_ament_install'
[2.861s] Level 1:colcon.colcon_core.package_identification:_identify(src/amiga-ros2-bridge/venv/lib/python3.10/site-packages/pkg_resources/extern) by extensions ['colcon_pkg']
[2.861s] Level 1:colcon.colcon_core.package_identification:_identify(src/amiga-ros2-bridge/venv/lib/python3.10/site-packages/pkg_resources/extern) by extension 'colcon_pkg'
[2.861s] Level 1:colcon.colcon_core.package_identification:_identify(src/amiga-ros2-bridge/venv/lib/python3.10/site-packages/pkg_resources/extern) by extensions ['colcon_meta']
[2.861s] Level 1:colcon.colcon_core.package_identification:_identify(src/amiga-ros2-bridge/venv/lib/python3.10/site-packages/pkg_resources/extern) by extension 'colcon_meta'
[2.861s] Level 1:colcon.colcon_core.package_identification:_identify(src/amiga-ros2-bridge/venv/lib/python3.10/site-packages/pkg_resources/extern) by extensions ['ros']
[2.861s] Level 1:colcon.colcon_core.package_identification:_identify(src/amiga-ros2-bridge/venv/lib/python3.10/site-packages/pkg_resources/extern) by extension 'ros'
[2.861s] Level 1:colcon.colcon_core.package_identification:_identify(src/amiga-ros2-bridge/venv/lib/python3.10/site-packages/pkg_resources/extern) by extensions ['cmake', 'python']
[2.861s] Level 1:colcon.colcon_core.package_identification:_identify(src/amiga-ros2-bridge/venv/lib/python3.10/site-packages/pkg_resources/extern) by extension 'cmake'
[2.862s] Level 1:colcon.colcon_core.package_identification:_identify(src/amiga-ros2-bridge/venv/lib/python3.10/site-packages/pkg_resources/extern) by extension 'python'
[2.862s] Level 1:colcon.colcon_core.package_identification:_identify(src/amiga-ros2-bridge/venv/lib/python3.10/site-packages/pkg_resources/extern) by extensions ['python_setup_py']
[2.862s] Level 1:colcon.colcon_core.package_identification:_identify(src/amiga-ros2-bridge/venv/lib/python3.10/site-packages/pkg_resources/extern) by extension 'python_setup_py'
[2.862s] Level 1:colcon.colcon_core.package_identification:_identify(src/amiga-ros2-bridge/venv/lib/python3.10/site-packages/pkg_resources/extern/__pycache__) by extensions ['ignore', 'ignore_ament_install']
[2.862s] Level 1:colcon.colcon_core.package_identification:_identify(src/amiga-ros2-bridge/venv/lib/python3.10/site-packages/pkg_resources/extern/__pycache__) by extension 'ignore'
[2.862s] Level 1:colcon.colcon_core.package_identification:_identify(src/amiga-ros2-bridge/venv/lib/python3.10/site-packages/pkg_resources/extern/__pycache__) by extension 'ignore_ament_install'
[2.863s] Level 1:colcon.colcon_core.package_identification:_identify(src/amiga-ros2-bridge/venv/lib/python3.10/site-packages/pkg_resources/extern/__pycache__) by extensions ['colcon_pkg']
[2.863s] Level 1:colcon.colcon_core.package_identification:_identify(src/amiga-ros2-bridge/venv/lib/python3.10/site-packages/pkg_resources/extern/__pycache__) by extension 'colcon_pkg'
[2.863s] Level 1:colcon.colcon_core.package_identification:_identify(src/amiga-ros2-bridge/venv/lib/python3.10/site-packages/pkg_resources/extern/__pycache__) by extensions ['colcon_meta']
[2.863s] Level 1:colcon.colcon_core.package_identification:_identify(src/amiga-ros2-bridge/venv/lib/python3.10/site-packages/pkg_resources/extern/__pycache__) by extension 'colcon_meta'
[2.863s] Level 1:colcon.colcon_core.package_identification:_identify(src/amiga-ros2-bridge/venv/lib/python3.10/site-packages/pkg_resources/extern/__pycache__) by extensions ['ros']
[2.863s] Level 1:colcon.colcon_core.package_identification:_identify(src/amiga-ros2-bridge/venv/lib/python3.10/site-packages/pkg_resources/extern/__pycache__) by extension 'ros'
[2.863s] Level 1:colcon.colcon_core.package_identification:_identify(src/amiga-ros2-bridge/venv/lib/python3.10/site-packages/pkg_resources/extern/__pycache__) by extensions ['cmake', 'python']
[2.863s] Level 1:colcon.colcon_core.package_identification:_identify(src/amiga-ros2-bridge/venv/lib/python3.10/site-packages/pkg_resources/extern/__pycache__) by extension 'cmake'
[2.863s] Level 1:colcon.colcon_core.package_identification:_identify(src/amiga-ros2-bridge/venv/lib/python3.10/site-packages/pkg_resources/extern/__pycache__) by extension 'python'
[2.863s] Level 1:colcon.colcon_core.package_identification:_identify(src/amiga-ros2-bridge/venv/lib/python3.10/site-packages/pkg_resources/extern/__pycache__) by extensions ['python_setup_py']
[2.864s] Level 1:colcon.colcon_core.package_identification:_identify(src/amiga-ros2-bridge/venv/lib/python3.10/site-packages/pkg_resources/extern/__pycache__) by extension 'python_setup_py'
[2.864s] Level 1:colcon.colcon_core.package_identification:_identify(src/amiga-ros2-bridge/venv/lib/python3.10/site-packages/pkg_resources/tests) by extensions ['ignore', 'ignore_ament_install']
[2.864s] Level 1:colcon.colcon_core.package_identification:_identify(src/amiga-ros2-bridge/venv/lib/python3.10/site-packages/pkg_resources/tests) by extension 'ignore'
[2.864s] Level 1:colcon.colcon_core.package_identification:_identify(src/amiga-ros2-bridge/venv/lib/python3.10/site-packages/pkg_resources/tests) by extension 'ignore_ament_install'
[2.864s] Level 1:colcon.colcon_core.package_identification:_identify(src/amiga-ros2-bridge/venv/lib/python3.10/site-packages/pkg_resources/tests) by extensions ['colcon_pkg']
[2.864s] Level 1:colcon.colcon_core.package_identification:_identify(src/amiga-ros2-bridge/venv/lib/python3.10/site-packages/pkg_resources/tests) by extension 'colcon_pkg'
[2.865s] Level 1:colcon.colcon_core.package_identification:_identify(src/amiga-ros2-bridge/venv/lib/python3.10/site-packages/pkg_resources/tests) by extensions ['colcon_meta']
[2.865s] Level 1:colcon.colcon_core.package_identification:_identify(src/amiga-ros2-bridge/venv/lib/python3.10/site-packages/pkg_resources/tests) by extension 'colcon_meta'
[2.865s] Level 1:colcon.colcon_core.package_identification:_identify(src/amiga-ros2-bridge/venv/lib/python3.10/site-packages/pkg_resources/tests) by extensions ['ros']
[2.865s] Level 1:colcon.colcon_core.package_identification:_identify(src/amiga-ros2-bridge/venv/lib/python3.10/site-packages/pkg_resources/tests) by extension 'ros'
[2.865s] Level 1:colcon.colcon_core.package_identification:_identify(src/amiga-ros2-bridge/venv/lib/python3.10/site-packages/pkg_resources/tests) by extensions ['cmake', 'python']
[2.865s] Level 1:colcon.colcon_core.package_identification:_identify(src/amiga-ros2-bridge/venv/lib/python3.10/site-packages/pkg_resources/tests) by extension 'cmake'
[2.865s] Level 1:colcon.colcon_core.package_identification:_identify(src/amiga-ros2-bridge/venv/lib/python3.10/site-packages/pkg_resources/tests) by extension 'python'
[2.865s] Level 1:colcon.colcon_core.package_identification:_identify(src/amiga-ros2-bridge/venv/lib/python3.10/site-packages/pkg_resources/tests) by extensions ['python_setup_py']
[2.865s] Level 1:colcon.colcon_core.package_identification:_identify(src/amiga-ros2-bridge/venv/lib/python3.10/site-packages/pkg_resources/tests) by extension 'python_setup_py'
[2.866s] Level 1:colcon.colcon_core.package_identification:_identify(src/amiga-ros2-bridge/venv/lib/python3.10/site-packages/pkg_resources/tests/data) by extensions ['ignore', 'ignore_ament_install']
[2.866s] Level 1:colcon.colcon_core.package_identification:_identify(src/amiga-ros2-bridge/venv/lib/python3.10/site-packages/pkg_resources/tests/data) by extension 'ignore'
[2.866s] Level 1:colcon.colcon_core.package_identification:_identify(src/amiga-ros2-bridge/venv/lib/python3.10/site-packages/pkg_resources/tests/data) by extension 'ignore_ament_install'
[2.866s] Level 1:colcon.colcon_core.package_identification:_identify(src/amiga-ros2-bridge/venv/lib/python3.10/site-packages/pkg_resources/tests/data) by extensions ['colcon_pkg']
[2.866s] Level 1:colcon.colcon_core.package_identification:_identify(src/amiga-ros2-bridge/venv/lib/python3.10/site-packages/pkg_resources/tests/data) by extension 'colcon_pkg'
[2.866s] Level 1:colcon.colcon_core.package_identification:_identify(src/amiga-ros2-bridge/venv/lib/python3.10/site-packages/pkg_resources/tests/data) by extensions ['colcon_meta']
[2.866s] Level 1:colcon.colcon_core.package_identification:_identify(src/amiga-ros2-bridge/venv/lib/python3.10/site-packages/pkg_resources/tests/data) by extension 'colcon_meta'
[2.867s] Level 1:colcon.colcon_core.package_identification:_identify(src/amiga-ros2-bridge/venv/lib/python3.10/site-packages/pkg_resources/tests/data) by extensions ['ros']
[2.867s] Level 1:colcon.colcon_core.package_identification:_identify(src/amiga-ros2-bridge/venv/lib/python3.10/site-packages/pkg_resources/tests/data) by extension 'ros'
[2.867s] Level 1:colcon.colcon_core.package_identification:_identify(src/amiga-ros2-bridge/venv/lib/python3.10/site-packages/pkg_resources/tests/data) by extensions ['cmake', 'python']
[2.867s] Level 1:colcon.colcon_core.package_identification:_identify(src/amiga-ros2-bridge/venv/lib/python3.10/site-packages/pkg_resources/tests/data) by extension 'cmake'
[2.867s] Level 1:colcon.colcon_core.package_identification:_identify(src/amiga-ros2-bridge/venv/lib/python3.10/site-packages/pkg_resources/tests/data) by extension 'python'
[2.867s] Level 1:colcon.colcon_core.package_identification:_identify(src/amiga-ros2-bridge/venv/lib/python3.10/site-packages/pkg_resources/tests/data) by extensions ['python_setup_py']
[2.867s] Level 1:colcon.colcon_core.package_identification:_identify(src/amiga-ros2-bridge/venv/lib/python3.10/site-packages/pkg_resources/tests/data) by extension 'python_setup_py'
[2.868s] Level 1:colcon.colcon_core.package_identification:_identify(src/amiga-ros2-bridge/venv/lib/python3.10/site-packages/pkg_resources/tests/data/my-test-package-source) by extensions ['ignore', 'ignore_ament_install']
[2.868s] Level 1:colcon.colcon_core.package_identification:_identify(src/amiga-ros2-bridge/venv/lib/python3.10/site-packages/pkg_resources/tests/data/my-test-package-source) by extension 'ignore'
[2.868s] Level 1:colcon.colcon_core.package_identification:_identify(src/amiga-ros2-bridge/venv/lib/python3.10/site-packages/pkg_resources/tests/data/my-test-package-source) by extension 'ignore_ament_install'
[2.868s] Level 1:colcon.colcon_core.package_identification:_identify(src/amiga-ros2-bridge/venv/lib/python3.10/site-packages/pkg_resources/tests/data/my-test-package-source) by extensions ['colcon_pkg']
[2.868s] Level 1:colcon.colcon_core.package_identification:_identify(src/amiga-ros2-bridge/venv/lib/python3.10/site-packages/pkg_resources/tests/data/my-test-package-source) by extension 'colcon_pkg'
[2.868s] Level 1:colcon.colcon_core.package_identification:_identify(src/amiga-ros2-bridge/venv/lib/python3.10/site-packages/pkg_resources/tests/data/my-test-package-source) by extensions ['colcon_meta']
[2.868s] Level 1:colcon.colcon_core.package_identification:_identify(src/amiga-ros2-bridge/venv/lib/python3.10/site-packages/pkg_resources/tests/data/my-test-package-source) by extension 'colcon_meta'
[2.868s] Level 1:colcon.colcon_core.package_identification:_identify(src/amiga-ros2-bridge/venv/lib/python3.10/site-packages/pkg_resources/tests/data/my-test-package-source) by extensions ['ros']
[2.869s] Level 1:colcon.colcon_core.package_identification:_identify(src/amiga-ros2-bridge/venv/lib/python3.10/site-packages/pkg_resources/tests/data/my-test-package-source) by extension 'ros'
[2.869s] Level 1:colcon.colcon_core.package_identification:_identify(src/amiga-ros2-bridge/venv/lib/python3.10/site-packages/pkg_resources/tests/data/my-test-package-source) by extensions ['cmake', 'python']
[2.869s] Level 1:colcon.colcon_core.package_identification:_identify(src/amiga-ros2-bridge/venv/lib/python3.10/site-packages/pkg_resources/tests/data/my-test-package-source) by extension 'cmake'
[2.869s] Level 1:colcon.colcon_core.package_identification:_identify(src/amiga-ros2-bridge/venv/lib/python3.10/site-packages/pkg_resources/tests/data/my-test-package-source) by extension 'python'
[2.869s] Level 1:colcon.colcon_core.package_identification:_identify(src/amiga-ros2-bridge/venv/lib/python3.10/site-packages/pkg_resources/tests/data/my-test-package-source) by extensions ['python_setup_py']
[2.869s] Level 1:colcon.colcon_core.package_identification:_identify(src/amiga-ros2-bridge/venv/lib/python3.10/site-packages/pkg_resources/tests/data/my-test-package-source) by extension 'python_setup_py'
[3.454s] DEBUG:colcon.colcon_core.package_identification:Package 'src/amiga-ros2-bridge/venv/lib/python3.10/site-packages/pkg_resources/tests/data/my-test-package-source' with type 'python' and name 'my-test-package'
[3.456s] Level 1:colcon.colcon_core.package_identification:_identify(src/amiga-ros2-bridge/venv/lib/python3.10/site-packages/protobuf-5.27.5.dist-info) by extensions ['ignore', 'ignore_ament_install']
[3.456s] Level 1:colcon.colcon_core.package_identification:_identify(src/amiga-ros2-bridge/venv/lib/python3.10/site-packages/protobuf-5.27.5.dist-info) by extension 'ignore'
[3.456s] Level 1:colcon.colcon_core.package_identification:_identify(src/amiga-ros2-bridge/venv/lib/python3.10/site-packages/protobuf-5.27.5.dist-info) by extension 'ignore_ament_install'
[3.457s] Level 1:colcon.colcon_core.package_identification:_identify(src/amiga-ros2-bridge/venv/lib/python3.10/site-packages/protobuf-5.27.5.dist-info) by extensions ['colcon_pkg']
[3.457s] Level 1:colcon.colcon_core.package_identification:_identify(src/amiga-ros2-bridge/venv/lib/python3.10/site-packages/protobuf-5.27.5.dist-info) by extension 'colcon_pkg'
[3.457s] Level 1:colcon.colcon_core.package_identification:_identify(src/amiga-ros2-bridge/venv/lib/python3.10/site-packages/protobuf-5.27.5.dist-info) by extensions ['colcon_meta']
[3.457s] Level 1:colcon.colcon_core.package_identification:_identify(src/amiga-ros2-bridge/venv/lib/python3.10/site-packages/protobuf-5.27.5.dist-info) by extension 'colcon_meta'
[3.458s] Level 1:colcon.colcon_core.package_identification:_identify(src/amiga-ros2-bridge/venv/lib/python3.10/site-packages/protobuf-5.27.5.dist-info) by extensions ['ros']
[3.458s] Level 1:colcon.colcon_core.package_identification:_identify(src/amiga-ros2-bridge/venv/lib/python3.10/site-packages/protobuf-5.27.5.dist-info) by extension 'ros'
[3.458s] Level 1:colcon.colcon_core.package_identification:_identify(src/amiga-ros2-bridge/venv/lib/python3.10/site-packages/protobuf-5.27.5.dist-info) by extensions ['cmake', 'python']
[3.458s] Level 1:colcon.colcon_core.package_identification:_identify(src/amiga-ros2-bridge/venv/lib/python3.10/site-packages/protobuf-5.27.5.dist-info) by extension 'cmake'
[3.458s] Level 1:colcon.colcon_core.package_identification:_identify(src/amiga-ros2-bridge/venv/lib/python3.10/site-packages/protobuf-5.27.5.dist-info) by extension 'python'
[3.459s] Level 1:colcon.colcon_core.package_identification:_identify(src/amiga-ros2-bridge/venv/lib/python3.10/site-packages/protobuf-5.27.5.dist-info) by extensions ['python_setup_py']
[3.459s] Level 1:colcon.colcon_core.package_identification:_identify(src/amiga-ros2-bridge/venv/lib/python3.10/site-packages/protobuf-5.27.5.dist-info) by extension 'python_setup_py'
[3.459s] Level 1:colcon.colcon_core.package_identification:_identify(src/amiga-ros2-bridge/venv/lib/python3.10/site-packages/psutil) by extensions ['ignore', 'ignore_ament_install']
[3.460s] Level 1:colcon.colcon_core.package_identification:_identify(src/amiga-ros2-bridge/venv/lib/python3.10/site-packages/psutil) by extension 'ignore'
[3.460s] Level 1:colcon.colcon_core.package_identification:_identify(src/amiga-ros2-bridge/venv/lib/python3.10/site-packages/psutil) by extension 'ignore_ament_install'
[3.460s] Level 1:colcon.colcon_core.package_identification:_identify(src/amiga-ros2-bridge/venv/lib/python3.10/site-packages/psutil) by extensions ['colcon_pkg']
[3.460s] Level 1:colcon.colcon_core.package_identification:_identify(src/amiga-ros2-bridge/venv/lib/python3.10/site-packages/psutil) by extension 'colcon_pkg'
[3.460s] Level 1:colcon.colcon_core.package_identification:_identify(src/amiga-ros2-bridge/venv/lib/python3.10/site-packages/psutil) by extensions ['colcon_meta']
[3.460s] Level 1:colcon.colcon_core.package_identification:_identify(src/amiga-ros2-bridge/venv/lib/python3.10/site-packages/psutil) by extension 'colcon_meta'
[3.461s] Level 1:colcon.colcon_core.package_identification:_identify(src/amiga-ros2-bridge/venv/lib/python3.10/site-packages/psutil) by extensions ['ros']
[3.461s] Level 1:colcon.colcon_core.package_identification:_identify(src/amiga-ros2-bridge/venv/lib/python3.10/site-packages/psutil) by extension 'ros'
[3.461s] Level 1:colcon.colcon_core.package_identification:_identify(src/amiga-ros2-bridge/venv/lib/python3.10/site-packages/psutil) by extensions ['cmake', 'python']
[3.461s] Level 1:colcon.colcon_core.package_identification:_identify(src/amiga-ros2-bridge/venv/lib/python3.10/site-packages/psutil) by extension 'cmake'
[3.461s] Level 1:colcon.colcon_core.package_identification:_identify(src/amiga-ros2-bridge/venv/lib/python3.10/site-packages/psutil) by extension 'python'
[3.461s] Level 1:colcon.colcon_core.package_identification:_identify(src/amiga-ros2-bridge/venv/lib/python3.10/site-packages/psutil) by extensions ['python_setup_py']
[3.461s] Level 1:colcon.colcon_core.package_identification:_identify(src/amiga-ros2-bridge/venv/lib/python3.10/site-packages/psutil) by extension 'python_setup_py'
[3.462s] Level 1:colcon.colcon_core.package_identification:_identify(src/amiga-ros2-bridge/venv/lib/python3.10/site-packages/psutil/__pycache__) by extensions ['ignore', 'ignore_ament_install']
[3.463s] Level 1:colcon.colcon_core.package_identification:_identify(src/amiga-ros2-bridge/venv/lib/python3.10/site-packages/psutil/__pycache__) by extension 'ignore'
[3.463s] Level 1:colcon.colcon_core.package_identification:_identify(src/amiga-ros2-bridge/venv/lib/python3.10/site-packages/psutil/__pycache__) by extension 'ignore_ament_install'
[3.463s] Level 1:colcon.colcon_core.package_identification:_identify(src/amiga-ros2-bridge/venv/lib/python3.10/site-packages/psutil/__pycache__) by extensions ['colcon_pkg']
[3.463s] Level 1:colcon.colcon_core.package_identification:_identify(src/amiga-ros2-bridge/venv/lib/python3.10/site-packages/psutil/__pycache__) by extension 'colcon_pkg'
[3.463s] Level 1:colcon.colcon_core.package_identification:_identify(src/amiga-ros2-bridge/venv/lib/python3.10/site-packages/psutil/__pycache__) by extensions ['colcon_meta']
[3.463s] Level 1:colcon.colcon_core.package_identification:_identify(src/amiga-ros2-bridge/venv/lib/python3.10/site-packages/psutil/__pycache__) by extension 'colcon_meta'
[3.464s] Level 1:colcon.colcon_core.package_identification:_identify(src/amiga-ros2-bridge/venv/lib/python3.10/site-packages/psutil/__pycache__) by extensions ['ros']
[3.464s] Level 1:colcon.colcon_core.package_identification:_identify(src/amiga-ros2-bridge/venv/lib/python3.10/site-packages/psutil/__pycache__) by extension 'ros'
[3.464s] Level 1:colcon.colcon_core.package_identification:_identify(src/amiga-ros2-bridge/venv/lib/python3.10/site-packages/psutil/__pycache__) by extensions ['cmake', 'python']
[3.464s] Level 1:colcon.colcon_core.package_identification:_identify(src/amiga-ros2-bridge/venv/lib/python3.10/site-packages/psutil/__pycache__) by extension 'cmake'
[3.465s] Level 1:colcon.colcon_core.package_identification:_identify(src/amiga-ros2-bridge/venv/lib/python3.10/site-packages/psutil/__pycache__) by extension 'python'
[3.465s] Level 1:colcon.colcon_core.package_identification:_identify(src/amiga-ros2-bridge/venv/lib/python3.10/site-packages/psutil/__pycache__) by extensions ['python_setup_py']
[3.465s] Level 1:colcon.colcon_core.package_identification:_identify(src/amiga-ros2-bridge/venv/lib/python3.10/site-packages/psutil/__pycache__) by extension 'python_setup_py'
[3.465s] Level 1:colcon.colcon_core.package_identification:_identify(src/amiga-ros2-bridge/venv/lib/python3.10/site-packages/psutil/tests) by extensions ['ignore', 'ignore_ament_install']
[3.466s] Level 1:colcon.colcon_core.package_identification:_identify(src/amiga-ros2-bridge/venv/lib/python3.10/site-packages/psutil/tests) by extension 'ignore'
[3.466s] Level 1:colcon.colcon_core.package_identification:_identify(src/amiga-ros2-bridge/venv/lib/python3.10/site-packages/psutil/tests) by extension 'ignore_ament_install'
[3.466s] Level 1:colcon.colcon_core.package_identification:_identify(src/amiga-ros2-bridge/venv/lib/python3.10/site-packages/psutil/tests) by extensions ['colcon_pkg']
[3.466s] Level 1:colcon.colcon_core.package_identification:_identify(src/amiga-ros2-bridge/venv/lib/python3.10/site-packages/psutil/tests) by extension 'colcon_pkg'
[3.466s] Level 1:colcon.colcon_core.package_identification:_identify(src/amiga-ros2-bridge/venv/lib/python3.10/site-packages/psutil/tests) by extensions ['colcon_meta']
[3.466s] Level 1:colcon.colcon_core.package_identification:_identify(src/amiga-ros2-bridge/venv/lib/python3.10/site-packages/psutil/tests) by extension 'colcon_meta'
[3.467s] Level 1:colcon.colcon_core.package_identification:_identify(src/amiga-ros2-bridge/venv/lib/python3.10/site-packages/psutil/tests) by extensions ['ros']
[3.467s] Level 1:colcon.colcon_core.package_identification:_identify(src/amiga-ros2-bridge/venv/lib/python3.10/site-packages/psutil/tests) by extension 'ros'
[3.467s] Level 1:colcon.colcon_core.package_identification:_identify(src/amiga-ros2-bridge/venv/lib/python3.10/site-packages/psutil/tests) by extensions ['cmake', 'python']
[3.467s] Level 1:colcon.colcon_core.package_identification:_identify(src/amiga-ros2-bridge/venv/lib/python3.10/site-packages/psutil/tests) by extension 'cmake'
[3.467s] Level 1:colcon.colcon_core.package_identification:_identify(src/amiga-ros2-bridge/venv/lib/python3.10/site-packages/psutil/tests) by extension 'python'
[3.467s] Level 1:colcon.colcon_core.package_identification:_identify(src/amiga-ros2-bridge/venv/lib/python3.10/site-packages/psutil/tests) by extensions ['python_setup_py']
[3.467s] Level 1:colcon.colcon_core.package_identification:_identify(src/amiga-ros2-bridge/venv/lib/python3.10/site-packages/psutil/tests) by extension 'python_setup_py'
[3.468s] Level 1:colcon.colcon_core.package_identification:_identify(src/amiga-ros2-bridge/venv/lib/python3.10/site-packages/psutil/tests/__pycache__) by extensions ['ignore', 'ignore_ament_install']
[3.468s] Level 1:colcon.colcon_core.package_identification:_identify(src/amiga-ros2-bridge/venv/lib/python3.10/site-packages/psutil/tests/__pycache__) by extension 'ignore'
[3.469s] Level 1:colcon.colcon_core.package_identification:_identify(src/amiga-ros2-bridge/venv/lib/python3.10/site-packages/psutil/tests/__pycache__) by extension 'ignore_ament_install'
[3.469s] Level 1:colcon.colcon_core.package_identification:_identify(src/amiga-ros2-bridge/venv/lib/python3.10/site-packages/psutil/tests/__pycache__) by extensions ['colcon_pkg']
[3.469s] Level 1:colcon.colcon_core.package_identification:_identify(src/amiga-ros2-bridge/venv/lib/python3.10/site-packages/psutil/tests/__pycache__) by extension 'colcon_pkg'
[3.469s] Level 1:colcon.colcon_core.package_identification:_identify(src/amiga-ros2-bridge/venv/lib/python3.10/site-packages/psutil/tests/__pycache__) by extensions ['colcon_meta']
[3.469s] Level 1:colcon.colcon_core.package_identification:_identify(src/amiga-ros2-bridge/venv/lib/python3.10/site-packages/psutil/tests/__pycache__) by extension 'colcon_meta'
[3.470s] Level 1:colcon.colcon_core.package_identification:_identify(src/amiga-ros2-bridge/venv/lib/python3.10/site-packages/psutil/tests/__pycache__) by extensions ['ros']
[3.470s] Level 1:colcon.colcon_core.package_identification:_identify(src/amiga-ros2-bridge/venv/lib/python3.10/site-packages/psutil/tests/__pycache__) by extension 'ros'
[3.470s] Level 1:colcon.colcon_core.package_identification:_identify(src/amiga-ros2-bridge/venv/lib/python3.10/site-packages/psutil/tests/__pycache__) by extensions ['cmake', 'python']
[3.470s] Level 1:colcon.colcon_core.package_identification:_identify(src/amiga-ros2-bridge/venv/lib/python3.10/site-packages/psutil/tests/__pycache__) by extension 'cmake'
[3.470s] Level 1:colcon.colcon_core.package_identification:_identify(src/amiga-ros2-bridge/venv/lib/python3.10/site-packages/psutil/tests/__pycache__) by extension 'python'
[3.470s] Level 1:colcon.colcon_core.package_identification:_identify(src/amiga-ros2-bridge/venv/lib/python3.10/site-packages/psutil/tests/__pycache__) by extensions ['python_setup_py']
[3.471s] Level 1:colcon.colcon_core.package_identification:_identify(src/amiga-ros2-bridge/venv/lib/python3.10/site-packages/psutil/tests/__pycache__) by extension 'python_setup_py'
[3.471s] Level 1:colcon.colcon_core.package_identification:_identify(src/amiga-ros2-bridge/venv/lib/python3.10/site-packages/psutil-7.0.0.dist-info) by extensions ['ignore', 'ignore_ament_install']
[3.471s] Level 1:colcon.colcon_core.package_identification:_identify(src/amiga-ros2-bridge/venv/lib/python3.10/site-packages/psutil-7.0.0.dist-info) by extension 'ignore'
[3.472s] Level 1:colcon.colcon_core.package_identification:_identify(src/amiga-ros2-bridge/venv/lib/python3.10/site-packages/psutil-7.0.0.dist-info) by extension 'ignore_ament_install'
[3.472s] Level 1:colcon.colcon_core.package_identification:_identify(src/amiga-ros2-bridge/venv/lib/python3.10/site-packages/psutil-7.0.0.dist-info) by extensions ['colcon_pkg']
[3.472s] Level 1:colcon.colcon_core.package_identification:_identify(src/amiga-ros2-bridge/venv/lib/python3.10/site-packages/psutil-7.0.0.dist-info) by extension 'colcon_pkg'
[3.472s] Level 1:colcon.colcon_core.package_identification:_identify(src/amiga-ros2-bridge/venv/lib/python3.10/site-packages/psutil-7.0.0.dist-info) by extensions ['colcon_meta']
[3.472s] Level 1:colcon.colcon_core.package_identification:_identify(src/amiga-ros2-bridge/venv/lib/python3.10/site-packages/psutil-7.0.0.dist-info) by extension 'colcon_meta'
[3.472s] Level 1:colcon.colcon_core.package_identification:_identify(src/amiga-ros2-bridge/venv/lib/python3.10/site-packages/psutil-7.0.0.dist-info) by extensions ['ros']
[3.472s] Level 1:colcon.colcon_core.package_identification:_identify(src/amiga-ros2-bridge/venv/lib/python3.10/site-packages/psutil-7.0.0.dist-info) by extension 'ros'
[3.473s] Level 1:colcon.colcon_core.package_identification:_identify(src/amiga-ros2-bridge/venv/lib/python3.10/site-packages/psutil-7.0.0.dist-info) by extensions ['cmake', 'python']
[3.473s] Level 1:colcon.colcon_core.package_identification:_identify(src/amiga-ros2-bridge/venv/lib/python3.10/site-packages/psutil-7.0.0.dist-info) by extension 'cmake'
[3.473s] Level 1:colcon.colcon_core.package_identification:_identify(src/amiga-ros2-bridge/venv/lib/python3.10/site-packages/psutil-7.0.0.dist-info) by extension 'python'
[3.473s] Level 1:colcon.colcon_core.package_identification:_identify(src/amiga-ros2-bridge/venv/lib/python3.10/site-packages/psutil-7.0.0.dist-info) by extensions ['python_setup_py']
[3.473s] Level 1:colcon.colcon_core.package_identification:_identify(src/amiga-ros2-bridge/venv/lib/python3.10/site-packages/psutil-7.0.0.dist-info) by extension 'python_setup_py'
[3.474s] Level 1:colcon.colcon_core.package_identification:_identify(src/amiga-ros2-bridge/venv/lib/python3.10/site-packages/setuptools) by extensions ['ignore', 'ignore_ament_install']
[3.474s] Level 1:colcon.colcon_core.package_identification:_identify(src/amiga-ros2-bridge/venv/lib/python3.10/site-packages/setuptools) by extension 'ignore'
[3.474s] Level 1:colcon.colcon_core.package_identification:_identify(src/amiga-ros2-bridge/venv/lib/python3.10/site-packages/setuptools) by extension 'ignore_ament_install'
[3.474s] Level 1:colcon.colcon_core.package_identification:_identify(src/amiga-ros2-bridge/venv/lib/python3.10/site-packages/setuptools) by extensions ['colcon_pkg']
[3.474s] Level 1:colcon.colcon_core.package_identification:_identify(src/amiga-ros2-bridge/venv/lib/python3.10/site-packages/setuptools) by extension 'colcon_pkg'
[3.474s] Level 1:colcon.colcon_core.package_identification:_identify(src/amiga-ros2-bridge/venv/lib/python3.10/site-packages/setuptools) by extensions ['colcon_meta']
[3.475s] Level 1:colcon.colcon_core.package_identification:_identify(src/amiga-ros2-bridge/venv/lib/python3.10/site-packages/setuptools) by extension 'colcon_meta'
[3.475s] Level 1:colcon.colcon_core.package_identification:_identify(src/amiga-ros2-bridge/venv/lib/python3.10/site-packages/setuptools) by extensions ['ros']
[3.475s] Level 1:colcon.colcon_core.package_identification:_identify(src/amiga-ros2-bridge/venv/lib/python3.10/site-packages/setuptools) by extension 'ros'
[3.475s] Level 1:colcon.colcon_core.package_identification:_identify(src/amiga-ros2-bridge/venv/lib/python3.10/site-packages/setuptools) by extensions ['cmake', 'python']
[3.475s] Level 1:colcon.colcon_core.package_identification:_identify(src/amiga-ros2-bridge/venv/lib/python3.10/site-packages/setuptools) by extension 'cmake'
[3.476s] Level 1:colcon.colcon_core.package_identification:_identify(src/amiga-ros2-bridge/venv/lib/python3.10/site-packages/setuptools) by extension 'python'
[3.476s] Level 1:colcon.colcon_core.package_identification:_identify(src/amiga-ros2-bridge/venv/lib/python3.10/site-packages/setuptools) by extensions ['python_setup_py']
[3.476s] Level 1:colcon.colcon_core.package_identification:_identify(src/amiga-ros2-bridge/venv/lib/python3.10/site-packages/setuptools) by extension 'python_setup_py'
[3.477s] Level 1:colcon.colcon_core.package_identification:_identify(src/amiga-ros2-bridge/venv/lib/python3.10/site-packages/setuptools/__pycache__) by extensions ['ignore', 'ignore_ament_install']
[3.477s] Level 1:colcon.colcon_core.package_identification:_identify(src/amiga-ros2-bridge/venv/lib/python3.10/site-packages/setuptools/__pycache__) by extension 'ignore'
[3.477s] Level 1:colcon.colcon_core.package_identification:_identify(src/amiga-ros2-bridge/venv/lib/python3.10/site-packages/setuptools/__pycache__) by extension 'ignore_ament_install'
[3.477s] Level 1:colcon.colcon_core.package_identification:_identify(src/amiga-ros2-bridge/venv/lib/python3.10/site-packages/setuptools/__pycache__) by extensions ['colcon_pkg']
[3.477s] Level 1:colcon.colcon_core.package_identification:_identify(src/amiga-ros2-bridge/venv/lib/python3.10/site-packages/setuptools/__pycache__) by extension 'colcon_pkg'
[3.477s] Level 1:colcon.colcon_core.package_identification:_identify(src/amiga-ros2-bridge/venv/lib/python3.10/site-packages/setuptools/__pycache__) by extensions ['colcon_meta']
[3.478s] Level 1:colcon.colcon_core.package_identification:_identify(src/amiga-ros2-bridge/venv/lib/python3.10/site-packages/setuptools/__pycache__) by extension 'colcon_meta'
[3.478s] Level 1:colcon.colcon_core.package_identification:_identify(src/amiga-ros2-bridge/venv/lib/python3.10/site-packages/setuptools/__pycache__) by extensions ['ros']
[3.478s] Level 1:colcon.colcon_core.package_identification:_identify(src/amiga-ros2-bridge/venv/lib/python3.10/site-packages/setuptools/__pycache__) by extension 'ros'
[3.478s] Level 1:colcon.colcon_core.package_identification:_identify(src/amiga-ros2-bridge/venv/lib/python3.10/site-packages/setuptools/__pycache__) by extensions ['cmake', 'python']
[3.478s] Level 1:colcon.colcon_core.package_identification:_identify(src/amiga-ros2-bridge/venv/lib/python3.10/site-packages/setuptools/__pycache__) by extension 'cmake'
[3.478s] Level 1:colcon.colcon_core.package_identification:_identify(src/amiga-ros2-bridge/venv/lib/python3.10/site-packages/setuptools/__pycache__) by extension 'python'
[3.478s] Level 1:colcon.colcon_core.package_identification:_identify(src/amiga-ros2-bridge/venv/lib/python3.10/site-packages/setuptools/__pycache__) by extensions ['python_setup_py']
[3.479s] Level 1:colcon.colcon_core.package_identification:_identify(src/amiga-ros2-bridge/venv/lib/python3.10/site-packages/setuptools/__pycache__) by extension 'python_setup_py'
[3.479s] Level 1:colcon.colcon_core.package_identification:_identify(src/amiga-ros2-bridge/venv/lib/python3.10/site-packages/setuptools/_distutils) by extensions ['ignore', 'ignore_ament_install']
[3.480s] Level 1:colcon.colcon_core.package_identification:_identify(src/amiga-ros2-bridge/venv/lib/python3.10/site-packages/setuptools/_distutils) by extension 'ignore'
[3.480s] Level 1:colcon.colcon_core.package_identification:_identify(src/amiga-ros2-bridge/venv/lib/python3.10/site-packages/setuptools/_distutils) by extension 'ignore_ament_install'
[3.480s] Level 1:colcon.colcon_core.package_identification:_identify(src/amiga-ros2-bridge/venv/lib/python3.10/site-packages/setuptools/_distutils) by extensions ['colcon_pkg']
[3.480s] Level 1:colcon.colcon_core.package_identification:_identify(src/amiga-ros2-bridge/venv/lib/python3.10/site-packages/setuptools/_distutils) by extension 'colcon_pkg'
[3.480s] Level 1:colcon.colcon_core.package_identification:_identify(src/amiga-ros2-bridge/venv/lib/python3.10/site-packages/setuptools/_distutils) by extensions ['colcon_meta']
[3.481s] Level 1:colcon.colcon_core.package_identification:_identify(src/amiga-ros2-bridge/venv/lib/python3.10/site-packages/setuptools/_distutils) by extension 'colcon_meta'
[3.481s] Level 1:colcon.colcon_core.package_identification:_identify(src/amiga-ros2-bridge/venv/lib/python3.10/site-packages/setuptools/_distutils) by extensions ['ros']
[3.481s] Level 1:colcon.colcon_core.package_identification:_identify(src/amiga-ros2-bridge/venv/lib/python3.10/site-packages/setuptools/_distutils) by extension 'ros'
[3.481s] Level 1:colcon.colcon_core.package_identification:_identify(src/amiga-ros2-bridge/venv/lib/python3.10/site-packages/setuptools/_distutils) by extensions ['cmake', 'python']
[3.481s] Level 1:colcon.colcon_core.package_identification:_identify(src/amiga-ros2-bridge/venv/lib/python3.10/site-packages/setuptools/_distutils) by extension 'cmake'
[3.482s] Level 1:colcon.colcon_core.package_identification:_identify(src/amiga-ros2-bridge/venv/lib/python3.10/site-packages/setuptools/_distutils) by extension 'python'
[3.482s] Level 1:colcon.colcon_core.package_identification:_identify(src/amiga-ros2-bridge/venv/lib/python3.10/site-packages/setuptools/_distutils) by extensions ['python_setup_py']
[3.482s] Level 1:colcon.colcon_core.package_identification:_identify(src/amiga-ros2-bridge/venv/lib/python3.10/site-packages/setuptools/_distutils) by extension 'python_setup_py'
[3.483s] Level 1:colcon.colcon_core.package_identification:_identify(src/amiga-ros2-bridge/venv/lib/python3.10/site-packages/setuptools/_distutils/__pycache__) by extensions ['ignore', 'ignore_ament_install']
[3.483s] Level 1:colcon.colcon_core.package_identification:_identify(src/amiga-ros2-bridge/venv/lib/python3.10/site-packages/setuptools/_distutils/__pycache__) by extension 'ignore'
[3.483s] Level 1:colcon.colcon_core.package_identification:_identify(src/amiga-ros2-bridge/venv/lib/python3.10/site-packages/setuptools/_distutils/__pycache__) by extension 'ignore_ament_install'
[3.483s] Level 1:colcon.colcon_core.package_identification:_identify(src/amiga-ros2-bridge/venv/lib/python3.10/site-packages/setuptools/_distutils/__pycache__) by extensions ['colcon_pkg']
[3.483s] Level 1:colcon.colcon_core.package_identification:_identify(src/amiga-ros2-bridge/venv/lib/python3.10/site-packages/setuptools/_distutils/__pycache__) by extension 'colcon_pkg'
[3.483s] Level 1:colcon.colcon_core.package_identification:_identify(src/amiga-ros2-bridge/venv/lib/python3.10/site-packages/setuptools/_distutils/__pycache__) by extensions ['colcon_meta']
[3.484s] Level 1:colcon.colcon_core.package_identification:_identify(src/amiga-ros2-bridge/venv/lib/python3.10/site-packages/setuptools/_distutils/__pycache__) by extension 'colcon_meta'
[3.484s] Level 1:colcon.colcon_core.package_identification:_identify(src/amiga-ros2-bridge/venv/lib/python3.10/site-packages/setuptools/_distutils/__pycache__) by extensions ['ros']
[3.484s] Level 1:colcon.colcon_core.package_identification:_identify(src/amiga-ros2-bridge/venv/lib/python3.10/site-packages/setuptools/_distutils/__pycache__) by extension 'ros'
[3.484s] Level 1:colcon.colcon_core.package_identification:_identify(src/amiga-ros2-bridge/venv/lib/python3.10/site-packages/setuptools/_distutils/__pycache__) by extensions ['cmake', 'python']
[3.484s] Level 1:colcon.colcon_core.package_identification:_identify(src/amiga-ros2-bridge/venv/lib/python3.10/site-packages/setuptools/_distutils/__pycache__) by extension 'cmake'
[3.484s] Level 1:colcon.colcon_core.package_identification:_identify(src/amiga-ros2-bridge/venv/lib/python3.10/site-packages/setuptools/_distutils/__pycache__) by extension 'python'
[3.484s] Level 1:colcon.colcon_core.package_identification:_identify(src/amiga-ros2-bridge/venv/lib/python3.10/site-packages/setuptools/_distutils/__pycache__) by extensions ['python_setup_py']
[3.485s] Level 1:colcon.colcon_core.package_identification:_identify(src/amiga-ros2-bridge/venv/lib/python3.10/site-packages/setuptools/_distutils/__pycache__) by extension 'python_setup_py'
[3.485s] Level 1:colcon.colcon_core.package_identification:_identify(src/amiga-ros2-bridge/venv/lib/python3.10/site-packages/setuptools/_distutils/command) by extensions ['ignore', 'ignore_ament_install']
[3.485s] Level 1:colcon.colcon_core.package_identification:_identify(src/amiga-ros2-bridge/venv/lib/python3.10/site-packages/setuptools/_distutils/command) by extension 'ignore'
[3.485s] Level 1:colcon.colcon_core.package_identification:_identify(src/amiga-ros2-bridge/venv/lib/python3.10/site-packages/setuptools/_distutils/command) by extension 'ignore_ament_install'
[3.486s] Level 1:colcon.colcon_core.package_identification:_identify(src/amiga-ros2-bridge/venv/lib/python3.10/site-packages/setuptools/_distutils/command) by extensions ['colcon_pkg']
[3.486s] Level 1:colcon.colcon_core.package_identification:_identify(src/amiga-ros2-bridge/venv/lib/python3.10/site-packages/setuptools/_distutils/command) by extension 'colcon_pkg'
[3.486s] Level 1:colcon.colcon_core.package_identification:_identify(src/amiga-ros2-bridge/venv/lib/python3.10/site-packages/setuptools/_distutils/command) by extensions ['colcon_meta']
[3.486s] Level 1:colcon.colcon_core.package_identification:_identify(src/amiga-ros2-bridge/venv/lib/python3.10/site-packages/setuptools/_distutils/command) by extension 'colcon_meta'
[3.486s] Level 1:colcon.colcon_core.package_identification:_identify(src/amiga-ros2-bridge/venv/lib/python3.10/site-packages/setuptools/_distutils/command) by extensions ['ros']
[3.486s] Level 1:colcon.colcon_core.package_identification:_identify(src/amiga-ros2-bridge/venv/lib/python3.10/site-packages/setuptools/_distutils/command) by extension 'ros'
[3.486s] Level 1:colcon.colcon_core.package_identification:_identify(src/amiga-ros2-bridge/venv/lib/python3.10/site-packages/setuptools/_distutils/command) by extensions ['cmake', 'python']
[3.486s] Level 1:colcon.colcon_core.package_identification:_identify(src/amiga-ros2-bridge/venv/lib/python3.10/site-packages/setuptools/_distutils/command) by extension 'cmake'
[3.486s] Level 1:colcon.colcon_core.package_identification:_identify(src/amiga-ros2-bridge/venv/lib/python3.10/site-packages/setuptools/_distutils/command) by extension 'python'
[3.487s] Level 1:colcon.colcon_core.package_identification:_identify(src/amiga-ros2-bridge/venv/lib/python3.10/site-packages/setuptools/_distutils/command) by extensions ['python_setup_py']
[3.487s] Level 1:colcon.colcon_core.package_identification:_identify(src/amiga-ros2-bridge/venv/lib/python3.10/site-packages/setuptools/_distutils/command) by extension 'python_setup_py'
[3.487s] Level 1:colcon.colcon_core.package_identification:_identify(src/amiga-ros2-bridge/venv/lib/python3.10/site-packages/setuptools/_distutils/command/__pycache__) by extensions ['ignore', 'ignore_ament_install']
[3.487s] Level 1:colcon.colcon_core.package_identification:_identify(src/amiga-ros2-bridge/venv/lib/python3.10/site-packages/setuptools/_distutils/command/__pycache__) by extension 'ignore'
[3.487s] Level 1:colcon.colcon_core.package_identification:_identify(src/amiga-ros2-bridge/venv/lib/python3.10/site-packages/setuptools/_distutils/command/__pycache__) by extension 'ignore_ament_install'
[3.488s] Level 1:colcon.colcon_core.package_identification:_identify(src/amiga-ros2-bridge/venv/lib/python3.10/site-packages/setuptools/_distutils/command/__pycache__) by extensions ['colcon_pkg']
[3.488s] Level 1:colcon.colcon_core.package_identification:_identify(src/amiga-ros2-bridge/venv/lib/python3.10/site-packages/setuptools/_distutils/command/__pycache__) by extension 'colcon_pkg'
[3.488s] Level 1:colcon.colcon_core.package_identification:_identify(src/amiga-ros2-bridge/venv/lib/python3.10/site-packages/setuptools/_distutils/command/__pycache__) by extensions ['colcon_meta']
[3.488s] Level 1:colcon.colcon_core.package_identification:_identify(src/amiga-ros2-bridge/venv/lib/python3.10/site-packages/setuptools/_distutils/command/__pycache__) by extension 'colcon_meta'
[3.488s] Level 1:colcon.colcon_core.package_identification:_identify(src/amiga-ros2-bridge/venv/lib/python3.10/site-packages/setuptools/_distutils/command/__pycache__) by extensions ['ros']
[3.488s] Level 1:colcon.colcon_core.package_identification:_identify(src/amiga-ros2-bridge/venv/lib/python3.10/site-packages/setuptools/_distutils/command/__pycache__) by extension 'ros'
[3.489s] Level 1:colcon.colcon_core.package_identification:_identify(src/amiga-ros2-bridge/venv/lib/python3.10/site-packages/setuptools/_distutils/command/__pycache__) by extensions ['cmake', 'python']
[3.489s] Level 1:colcon.colcon_core.package_identification:_identify(src/amiga-ros2-bridge/venv/lib/python3.10/site-packages/setuptools/_distutils/command/__pycache__) by extension 'cmake'
[3.489s] Level 1:colcon.colcon_core.package_identification:_identify(src/amiga-ros2-bridge/venv/lib/python3.10/site-packages/setuptools/_distutils/command/__pycache__) by extension 'python'
[3.489s] Level 1:colcon.colcon_core.package_identification:_identify(src/amiga-ros2-bridge/venv/lib/python3.10/site-packages/setuptools/_distutils/command/__pycache__) by extensions ['python_setup_py']
[3.489s] Level 1:colcon.colcon_core.package_identification:_identify(src/amiga-ros2-bridge/venv/lib/python3.10/site-packages/setuptools/_distutils/command/__pycache__) by extension 'python_setup_py'
[3.489s] Level 1:colcon.colcon_core.package_identification:_identify(src/amiga-ros2-bridge/venv/lib/python3.10/site-packages/setuptools/_vendor) by extensions ['ignore', 'ignore_ament_install']
[3.490s] Level 1:colcon.colcon_core.package_identification:_identify(src/amiga-ros2-bridge/venv/lib/python3.10/site-packages/setuptools/_vendor) by extension 'ignore'
[3.490s] Level 1:colcon.colcon_core.package_identification:_identify(src/amiga-ros2-bridge/venv/lib/python3.10/site-packages/setuptools/_vendor) by extension 'ignore_ament_install'
[3.490s] Level 1:colcon.colcon_core.package_identification:_identify(src/amiga-ros2-bridge/venv/lib/python3.10/site-packages/setuptools/_vendor) by extensions ['colcon_pkg']
[3.490s] Level 1:colcon.colcon_core.package_identification:_identify(src/amiga-ros2-bridge/venv/lib/python3.10/site-packages/setuptools/_vendor) by extension 'colcon_pkg'
[3.490s] Level 1:colcon.colcon_core.package_identification:_identify(src/amiga-ros2-bridge/venv/lib/python3.10/site-packages/setuptools/_vendor) by extensions ['colcon_meta']
[3.490s] Level 1:colcon.colcon_core.package_identification:_identify(src/amiga-ros2-bridge/venv/lib/python3.10/site-packages/setuptools/_vendor) by extension 'colcon_meta'
[3.490s] Level 1:colcon.colcon_core.package_identification:_identify(src/amiga-ros2-bridge/venv/lib/python3.10/site-packages/setuptools/_vendor) by extensions ['ros']
[3.491s] Level 1:colcon.colcon_core.package_identification:_identify(src/amiga-ros2-bridge/venv/lib/python3.10/site-packages/setuptools/_vendor) by extension 'ros'
[3.491s] Level 1:colcon.colcon_core.package_identification:_identify(src/amiga-ros2-bridge/venv/lib/python3.10/site-packages/setuptools/_vendor) by extensions ['cmake', 'python']
[3.491s] Level 1:colcon.colcon_core.package_identification:_identify(src/amiga-ros2-bridge/venv/lib/python3.10/site-packages/setuptools/_vendor) by extension 'cmake'
[3.491s] Level 1:colcon.colcon_core.package_identification:_identify(src/amiga-ros2-bridge/venv/lib/python3.10/site-packages/setuptools/_vendor) by extension 'python'
[3.491s] Level 1:colcon.colcon_core.package_identification:_identify(src/amiga-ros2-bridge/venv/lib/python3.10/site-packages/setuptools/_vendor) by extensions ['python_setup_py']
[3.491s] Level 1:colcon.colcon_core.package_identification:_identify(src/amiga-ros2-bridge/venv/lib/python3.10/site-packages/setuptools/_vendor) by extension 'python_setup_py'
[3.491s] Level 1:colcon.colcon_core.package_identification:_identify(src/amiga-ros2-bridge/venv/lib/python3.10/site-packages/setuptools/_vendor/__pycache__) by extensions ['ignore', 'ignore_ament_install']
[3.492s] Level 1:colcon.colcon_core.package_identification:_identify(src/amiga-ros2-bridge/venv/lib/python3.10/site-packages/setuptools/_vendor/__pycache__) by extension 'ignore'
[3.492s] Level 1:colcon.colcon_core.package_identification:_identify(src/amiga-ros2-bridge/venv/lib/python3.10/site-packages/setuptools/_vendor/__pycache__) by extension 'ignore_ament_install'
[3.492s] Level 1:colcon.colcon_core.package_identification:_identify(src/amiga-ros2-bridge/venv/lib/python3.10/site-packages/setuptools/_vendor/__pycache__) by extensions ['colcon_pkg']
[3.492s] Level 1:colcon.colcon_core.package_identification:_identify(src/amiga-ros2-bridge/venv/lib/python3.10/site-packages/setuptools/_vendor/__pycache__) by extension 'colcon_pkg'
[3.492s] Level 1:colcon.colcon_core.package_identification:_identify(src/amiga-ros2-bridge/venv/lib/python3.10/site-packages/setuptools/_vendor/__pycache__) by extensions ['colcon_meta']
[3.492s] Level 1:colcon.colcon_core.package_identification:_identify(src/amiga-ros2-bridge/venv/lib/python3.10/site-packages/setuptools/_vendor/__pycache__) by extension 'colcon_meta'
[3.492s] Level 1:colcon.colcon_core.package_identification:_identify(src/amiga-ros2-bridge/venv/lib/python3.10/site-packages/setuptools/_vendor/__pycache__) by extensions ['ros']
[3.492s] Level 1:colcon.colcon_core.package_identification:_identify(src/amiga-ros2-bridge/venv/lib/python3.10/site-packages/setuptools/_vendor/__pycache__) by extension 'ros'
[3.493s] Level 1:colcon.colcon_core.package_identification:_identify(src/amiga-ros2-bridge/venv/lib/python3.10/site-packages/setuptools/_vendor/__pycache__) by extensions ['cmake', 'python']
[3.493s] Level 1:colcon.colcon_core.package_identification:_identify(src/amiga-ros2-bridge/venv/lib/python3.10/site-packages/setuptools/_vendor/__pycache__) by extension 'cmake'
[3.493s] Level 1:colcon.colcon_core.package_identification:_identify(src/amiga-ros2-bridge/venv/lib/python3.10/site-packages/setuptools/_vendor/__pycache__) by extension 'python'
[3.493s] Level 1:colcon.colcon_core.package_identification:_identify(src/amiga-ros2-bridge/venv/lib/python3.10/site-packages/setuptools/_vendor/__pycache__) by extensions ['python_setup_py']
[3.493s] Level 1:colcon.colcon_core.package_identification:_identify(src/amiga-ros2-bridge/venv/lib/python3.10/site-packages/setuptools/_vendor/__pycache__) by extension 'python_setup_py'
[3.493s] Level 1:colcon.colcon_core.package_identification:_identify(src/amiga-ros2-bridge/venv/lib/python3.10/site-packages/setuptools/_vendor/more_itertools) by extensions ['ignore', 'ignore_ament_install']
[3.494s] Level 1:colcon.colcon_core.package_identification:_identify(src/amiga-ros2-bridge/venv/lib/python3.10/site-packages/setuptools/_vendor/more_itertools) by extension 'ignore'
[3.494s] Level 1:colcon.colcon_core.package_identification:_identify(src/amiga-ros2-bridge/venv/lib/python3.10/site-packages/setuptools/_vendor/more_itertools) by extension 'ignore_ament_install'
[3.494s] Level 1:colcon.colcon_core.package_identification:_identify(src/amiga-ros2-bridge/venv/lib/python3.10/site-packages/setuptools/_vendor/more_itertools) by extensions ['colcon_pkg']
[3.494s] Level 1:colcon.colcon_core.package_identification:_identify(src/amiga-ros2-bridge/venv/lib/python3.10/site-packages/setuptools/_vendor/more_itertools) by extension 'colcon_pkg'
[3.494s] Level 1:colcon.colcon_core.package_identification:_identify(src/amiga-ros2-bridge/venv/lib/python3.10/site-packages/setuptools/_vendor/more_itertools) by extensions ['colcon_meta']
[3.494s] Level 1:colcon.colcon_core.package_identification:_identify(src/amiga-ros2-bridge/venv/lib/python3.10/site-packages/setuptools/_vendor/more_itertools) by extension 'colcon_meta'
[3.494s] Level 1:colcon.colcon_core.package_identification:_identify(src/amiga-ros2-bridge/venv/lib/python3.10/site-packages/setuptools/_vendor/more_itertools) by extensions ['ros']
[3.494s] Level 1:colcon.colcon_core.package_identification:_identify(src/amiga-ros2-bridge/venv/lib/python3.10/site-packages/setuptools/_vendor/more_itertools) by extension 'ros'
[3.495s] Level 1:colcon.colcon_core.package_identification:_identify(src/amiga-ros2-bridge/venv/lib/python3.10/site-packages/setuptools/_vendor/more_itertools) by extensions ['cmake', 'python']
[3.495s] Level 1:colcon.colcon_core.package_identification:_identify(src/amiga-ros2-bridge/venv/lib/python3.10/site-packages/setuptools/_vendor/more_itertools) by extension 'cmake'
[3.495s] Level 1:colcon.colcon_core.package_identification:_identify(src/amiga-ros2-bridge/venv/lib/python3.10/site-packages/setuptools/_vendor/more_itertools) by extension 'python'
[3.495s] Level 1:colcon.colcon_core.package_identification:_identify(src/amiga-ros2-bridge/venv/lib/python3.10/site-packages/setuptools/_vendor/more_itertools) by extensions ['python_setup_py']
[3.495s] Level 1:colcon.colcon_core.package_identification:_identify(src/amiga-ros2-bridge/venv/lib/python3.10/site-packages/setuptools/_vendor/more_itertools) by extension 'python_setup_py'
[3.495s] Level 1:colcon.colcon_core.package_identification:_identify(src/amiga-ros2-bridge/venv/lib/python3.10/site-packages/setuptools/_vendor/more_itertools/__pycache__) by extensions ['ignore', 'ignore_ament_install']
[3.496s] Level 1:colcon.colcon_core.package_identification:_identify(src/amiga-ros2-bridge/venv/lib/python3.10/site-packages/setuptools/_vendor/more_itertools/__pycache__) by extension 'ignore'
[3.496s] Level 1:colcon.colcon_core.package_identification:_identify(src/amiga-ros2-bridge/venv/lib/python3.10/site-packages/setuptools/_vendor/more_itertools/__pycache__) by extension 'ignore_ament_install'
[3.496s] Level 1:colcon.colcon_core.package_identification:_identify(src/amiga-ros2-bridge/venv/lib/python3.10/site-packages/setuptools/_vendor/more_itertools/__pycache__) by extensions ['colcon_pkg']
[3.496s] Level 1:colcon.colcon_core.package_identification:_identify(src/amiga-ros2-bridge/venv/lib/python3.10/site-packages/setuptools/_vendor/more_itertools/__pycache__) by extension 'colcon_pkg'
[3.496s] Level 1:colcon.colcon_core.package_identification:_identify(src/amiga-ros2-bridge/venv/lib/python3.10/site-packages/setuptools/_vendor/more_itertools/__pycache__) by extensions ['colcon_meta']
[3.496s] Level 1:colcon.colcon_core.package_identification:_identify(src/amiga-ros2-bridge/venv/lib/python3.10/site-packages/setuptools/_vendor/more_itertools/__pycache__) by extension 'colcon_meta'
[3.496s] Level 1:colcon.colcon_core.package_identification:_identify(src/amiga-ros2-bridge/venv/lib/python3.10/site-packages/setuptools/_vendor/more_itertools/__pycache__) by extensions ['ros']
[3.497s] Level 1:colcon.colcon_core.package_identification:_identify(src/amiga-ros2-bridge/venv/lib/python3.10/site-packages/setuptools/_vendor/more_itertools/__pycache__) by extension 'ros'
[3.497s] Level 1:colcon.colcon_core.package_identification:_identify(src/amiga-ros2-bridge/venv/lib/python3.10/site-packages/setuptools/_vendor/more_itertools/__pycache__) by extensions ['cmake', 'python']
[3.497s] Level 1:colcon.colcon_core.package_identification:_identify(src/amiga-ros2-bridge/venv/lib/python3.10/site-packages/setuptools/_vendor/more_itertools/__pycache__) by extension 'cmake'
[3.497s] Level 1:colcon.colcon_core.package_identification:_identify(src/amiga-ros2-bridge/venv/lib/python3.10/site-packages/setuptools/_vendor/more_itertools/__pycache__) by extension 'python'
[3.497s] Level 1:colcon.colcon_core.package_identification:_identify(src/amiga-ros2-bridge/venv/lib/python3.10/site-packages/setuptools/_vendor/more_itertools/__pycache__) by extensions ['python_setup_py']
[3.497s] Level 1:colcon.colcon_core.package_identification:_identify(src/amiga-ros2-bridge/venv/lib/python3.10/site-packages/setuptools/_vendor/more_itertools/__pycache__) by extension 'python_setup_py'
[3.498s] Level 1:colcon.colcon_core.package_identification:_identify(src/amiga-ros2-bridge/venv/lib/python3.10/site-packages/setuptools/_vendor/packaging) by extensions ['ignore', 'ignore_ament_install']
[3.498s] Level 1:colcon.colcon_core.package_identification:_identify(src/amiga-ros2-bridge/venv/lib/python3.10/site-packages/setuptools/_vendor/packaging) by extension 'ignore'
[3.498s] Level 1:colcon.colcon_core.package_identification:_identify(src/amiga-ros2-bridge/venv/lib/python3.10/site-packages/setuptools/_vendor/packaging) by extension 'ignore_ament_install'
[3.498s] Level 1:colcon.colcon_core.package_identification:_identify(src/amiga-ros2-bridge/venv/lib/python3.10/site-packages/setuptools/_vendor/packaging) by extensions ['colcon_pkg']
[3.498s] Level 1:colcon.colcon_core.package_identification:_identify(src/amiga-ros2-bridge/venv/lib/python3.10/site-packages/setuptools/_vendor/packaging) by extension 'colcon_pkg'
[3.498s] Level 1:colcon.colcon_core.package_identification:_identify(src/amiga-ros2-bridge/venv/lib/python3.10/site-packages/setuptools/_vendor/packaging) by extensions ['colcon_meta']
[3.498s] Level 1:colcon.colcon_core.package_identification:_identify(src/amiga-ros2-bridge/venv/lib/python3.10/site-packages/setuptools/_vendor/packaging) by extension 'colcon_meta'
[3.499s] Level 1:colcon.colcon_core.package_identification:_identify(src/amiga-ros2-bridge/venv/lib/python3.10/site-packages/setuptools/_vendor/packaging) by extensions ['ros']
[3.499s] Level 1:colcon.colcon_core.package_identification:_identify(src/amiga-ros2-bridge/venv/lib/python3.10/site-packages/setuptools/_vendor/packaging) by extension 'ros'
[3.499s] Level 1:colcon.colcon_core.package_identification:_identify(src/amiga-ros2-bridge/venv/lib/python3.10/site-packages/setuptools/_vendor/packaging) by extensions ['cmake', 'python']
[3.499s] Level 1:colcon.colcon_core.package_identification:_identify(src/amiga-ros2-bridge/venv/lib/python3.10/site-packages/setuptools/_vendor/packaging) by extension 'cmake'
[3.499s] Level 1:colcon.colcon_core.package_identification:_identify(src/amiga-ros2-bridge/venv/lib/python3.10/site-packages/setuptools/_vendor/packaging) by extension 'python'
[3.499s] Level 1:colcon.colcon_core.package_identification:_identify(src/amiga-ros2-bridge/venv/lib/python3.10/site-packages/setuptools/_vendor/packaging) by extensions ['python_setup_py']
[3.499s] Level 1:colcon.colcon_core.package_identification:_identify(src/amiga-ros2-bridge/venv/lib/python3.10/site-packages/setuptools/_vendor/packaging) by extension 'python_setup_py'
[3.500s] Level 1:colcon.colcon_core.package_identification:_identify(src/amiga-ros2-bridge/venv/lib/python3.10/site-packages/setuptools/_vendor/packaging/__pycache__) by extensions ['ignore', 'ignore_ament_install']
[3.500s] Level 1:colcon.colcon_core.package_identification:_identify(src/amiga-ros2-bridge/venv/lib/python3.10/site-packages/setuptools/_vendor/packaging/__pycache__) by extension 'ignore'
[3.500s] Level 1:colcon.colcon_core.package_identification:_identify(src/amiga-ros2-bridge/venv/lib/python3.10/site-packages/setuptools/_vendor/packaging/__pycache__) by extension 'ignore_ament_install'
[3.500s] Level 1:colcon.colcon_core.package_identification:_identify(src/amiga-ros2-bridge/venv/lib/python3.10/site-packages/setuptools/_vendor/packaging/__pycache__) by extensions ['colcon_pkg']
[3.500s] Level 1:colcon.colcon_core.package_identification:_identify(src/amiga-ros2-bridge/venv/lib/python3.10/site-packages/setuptools/_vendor/packaging/__pycache__) by extension 'colcon_pkg'
[3.500s] Level 1:colcon.colcon_core.package_identification:_identify(src/amiga-ros2-bridge/venv/lib/python3.10/site-packages/setuptools/_vendor/packaging/__pycache__) by extensions ['colcon_meta']
[3.501s] Level 1:colcon.colcon_core.package_identification:_identify(src/amiga-ros2-bridge/venv/lib/python3.10/site-packages/setuptools/_vendor/packaging/__pycache__) by extension 'colcon_meta'
[3.501s] Level 1:colcon.colcon_core.package_identification:_identify(src/amiga-ros2-bridge/venv/lib/python3.10/site-packages/setuptools/_vendor/packaging/__pycache__) by extensions ['ros']
[3.501s] Level 1:colcon.colcon_core.package_identification:_identify(src/amiga-ros2-bridge/venv/lib/python3.10/site-packages/setuptools/_vendor/packaging/__pycache__) by extension 'ros'
[3.501s] Level 1:colcon.colcon_core.package_identification:_identify(src/amiga-ros2-bridge/venv/lib/python3.10/site-packages/setuptools/_vendor/packaging/__pycache__) by extensions ['cmake', 'python']
[3.501s] Level 1:colcon.colcon_core.package_identification:_identify(src/amiga-ros2-bridge/venv/lib/python3.10/site-packages/setuptools/_vendor/packaging/__pycache__) by extension 'cmake'
[3.501s] Level 1:colcon.colcon_core.package_identification:_identify(src/amiga-ros2-bridge/venv/lib/python3.10/site-packages/setuptools/_vendor/packaging/__pycache__) by extension 'python'
[3.501s] Level 1:colcon.colcon_core.package_identification:_identify(src/amiga-ros2-bridge/venv/lib/python3.10/site-packages/setuptools/_vendor/packaging/__pycache__) by extensions ['python_setup_py']
[3.502s] Level 1:colcon.colcon_core.package_identification:_identify(src/amiga-ros2-bridge/venv/lib/python3.10/site-packages/setuptools/_vendor/packaging/__pycache__) by extension 'python_setup_py'
[3.502s] Level 1:colcon.colcon_core.package_identification:_identify(src/amiga-ros2-bridge/venv/lib/python3.10/site-packages/setuptools/command) by extensions ['ignore', 'ignore_ament_install']
[3.502s] Level 1:colcon.colcon_core.package_identification:_identify(src/amiga-ros2-bridge/venv/lib/python3.10/site-packages/setuptools/command) by extension 'ignore'
[3.503s] Level 1:colcon.colcon_core.package_identification:_identify(src/amiga-ros2-bridge/venv/lib/python3.10/site-packages/setuptools/command) by extension 'ignore_ament_install'
[3.503s] Level 1:colcon.colcon_core.package_identification:_identify(src/amiga-ros2-bridge/venv/lib/python3.10/site-packages/setuptools/command) by extensions ['colcon_pkg']
[3.503s] Level 1:colcon.colcon_core.package_identification:_identify(src/amiga-ros2-bridge/venv/lib/python3.10/site-packages/setuptools/command) by extension 'colcon_pkg'
[3.503s] Level 1:colcon.colcon_core.package_identification:_identify(src/amiga-ros2-bridge/venv/lib/python3.10/site-packages/setuptools/command) by extensions ['colcon_meta']
[3.503s] Level 1:colcon.colcon_core.package_identification:_identify(src/amiga-ros2-bridge/venv/lib/python3.10/site-packages/setuptools/command) by extension 'colcon_meta'
[3.503s] Level 1:colcon.colcon_core.package_identification:_identify(src/amiga-ros2-bridge/venv/lib/python3.10/site-packages/setuptools/command) by extensions ['ros']
[3.503s] Level 1:colcon.colcon_core.package_identification:_identify(src/amiga-ros2-bridge/venv/lib/python3.10/site-packages/setuptools/command) by extension 'ros'
[3.504s] Level 1:colcon.colcon_core.package_identification:_identify(src/amiga-ros2-bridge/venv/lib/python3.10/site-packages/setuptools/command) by extensions ['cmake', 'python']
[3.504s] Level 1:colcon.colcon_core.package_identification:_identify(src/amiga-ros2-bridge/venv/lib/python3.10/site-packages/setuptools/command) by extension 'cmake'
[3.504s] Level 1:colcon.colcon_core.package_identification:_identify(src/amiga-ros2-bridge/venv/lib/python3.10/site-packages/setuptools/command) by extension 'python'
[3.504s] Level 1:colcon.colcon_core.package_identification:_identify(src/amiga-ros2-bridge/venv/lib/python3.10/site-packages/setuptools/command) by extensions ['python_setup_py']
[3.504s] Level 1:colcon.colcon_core.package_identification:_identify(src/amiga-ros2-bridge/venv/lib/python3.10/site-packages/setuptools/command) by extension 'python_setup_py'
[3.505s] Level 1:colcon.colcon_core.package_identification:_identify(src/amiga-ros2-bridge/venv/lib/python3.10/site-packages/setuptools/command/__pycache__) by extensions ['ignore', 'ignore_ament_install']
[3.505s] Level 1:colcon.colcon_core.package_identification:_identify(src/amiga-ros2-bridge/venv/lib/python3.10/site-packages/setuptools/command/__pycache__) by extension 'ignore'
[3.505s] Level 1:colcon.colcon_core.package_identification:_identify(src/amiga-ros2-bridge/venv/lib/python3.10/site-packages/setuptools/command/__pycache__) by extension 'ignore_ament_install'
[3.505s] Level 1:colcon.colcon_core.package_identification:_identify(src/amiga-ros2-bridge/venv/lib/python3.10/site-packages/setuptools/command/__pycache__) by extensions ['colcon_pkg']
[3.505s] Level 1:colcon.colcon_core.package_identification:_identify(src/amiga-ros2-bridge/venv/lib/python3.10/site-packages/setuptools/command/__pycache__) by extension 'colcon_pkg'
[3.506s] Level 1:colcon.colcon_core.package_identification:_identify(src/amiga-ros2-bridge/venv/lib/python3.10/site-packages/setuptools/command/__pycache__) by extensions ['colcon_meta']
[3.506s] Level 1:colcon.colcon_core.package_identification:_identify(src/amiga-ros2-bridge/venv/lib/python3.10/site-packages/setuptools/command/__pycache__) by extension 'colcon_meta'
[3.506s] Level 1:colcon.colcon_core.package_identification:_identify(src/amiga-ros2-bridge/venv/lib/python3.10/site-packages/setuptools/command/__pycache__) by extensions ['ros']
[3.506s] Level 1:colcon.colcon_core.package_identification:_identify(src/amiga-ros2-bridge/venv/lib/python3.10/site-packages/setuptools/command/__pycache__) by extension 'ros'
[3.506s] Level 1:colcon.colcon_core.package_identification:_identify(src/amiga-ros2-bridge/venv/lib/python3.10/site-packages/setuptools/command/__pycache__) by extensions ['cmake', 'python']
[3.506s] Level 1:colcon.colcon_core.package_identification:_identify(src/amiga-ros2-bridge/venv/lib/python3.10/site-packages/setuptools/command/__pycache__) by extension 'cmake'
[3.506s] Level 1:colcon.colcon_core.package_identification:_identify(src/amiga-ros2-bridge/venv/lib/python3.10/site-packages/setuptools/command/__pycache__) by extension 'python'
[3.507s] Level 1:colcon.colcon_core.package_identification:_identify(src/amiga-ros2-bridge/venv/lib/python3.10/site-packages/setuptools/command/__pycache__) by extensions ['python_setup_py']
[3.507s] Level 1:colcon.colcon_core.package_identification:_identify(src/amiga-ros2-bridge/venv/lib/python3.10/site-packages/setuptools/command/__pycache__) by extension 'python_setup_py'
[3.507s] Level 1:colcon.colcon_core.package_identification:_identify(src/amiga-ros2-bridge/venv/lib/python3.10/site-packages/setuptools/extern) by extensions ['ignore', 'ignore_ament_install']
[3.507s] Level 1:colcon.colcon_core.package_identification:_identify(src/amiga-ros2-bridge/venv/lib/python3.10/site-packages/setuptools/extern) by extension 'ignore'
[3.508s] Level 1:colcon.colcon_core.package_identification:_identify(src/amiga-ros2-bridge/venv/lib/python3.10/site-packages/setuptools/extern) by extension 'ignore_ament_install'
[3.508s] Level 1:colcon.colcon_core.package_identification:_identify(src/amiga-ros2-bridge/venv/lib/python3.10/site-packages/setuptools/extern) by extensions ['colcon_pkg']
[3.508s] Level 1:colcon.colcon_core.package_identification:_identify(src/amiga-ros2-bridge/venv/lib/python3.10/site-packages/setuptools/extern) by extension 'colcon_pkg'
[3.508s] Level 1:colcon.colcon_core.package_identification:_identify(src/amiga-ros2-bridge/venv/lib/python3.10/site-packages/setuptools/extern) by extensions ['colcon_meta']
[3.508s] Level 1:colcon.colcon_core.package_identification:_identify(src/amiga-ros2-bridge/venv/lib/python3.10/site-packages/setuptools/extern) by extension 'colcon_meta'
[3.508s] Level 1:colcon.colcon_core.package_identification:_identify(src/amiga-ros2-bridge/venv/lib/python3.10/site-packages/setuptools/extern) by extensions ['ros']
[3.508s] Level 1:colcon.colcon_core.package_identification:_identify(src/amiga-ros2-bridge/venv/lib/python3.10/site-packages/setuptools/extern) by extension 'ros'
[3.509s] Level 1:colcon.colcon_core.package_identification:_identify(src/amiga-ros2-bridge/venv/lib/python3.10/site-packages/setuptools/extern) by extensions ['cmake', 'python']
[3.509s] Level 1:colcon.colcon_core.package_identification:_identify(src/amiga-ros2-bridge/venv/lib/python3.10/site-packages/setuptools/extern) by extension 'cmake'
[3.509s] Level 1:colcon.colcon_core.package_identification:_identify(src/amiga-ros2-bridge/venv/lib/python3.10/site-packages/setuptools/extern) by extension 'python'
[3.509s] Level 1:colcon.colcon_core.package_identification:_identify(src/amiga-ros2-bridge/venv/lib/python3.10/site-packages/setuptools/extern) by extensions ['python_setup_py']
[3.509s] Level 1:colcon.colcon_core.package_identification:_identify(src/amiga-ros2-bridge/venv/lib/python3.10/site-packages/setuptools/extern) by extension 'python_setup_py'
[3.510s] Level 1:colcon.colcon_core.package_identification:_identify(src/amiga-ros2-bridge/venv/lib/python3.10/site-packages/setuptools/extern/__pycache__) by extensions ['ignore', 'ignore_ament_install']
[3.510s] Level 1:colcon.colcon_core.package_identification:_identify(src/amiga-ros2-bridge/venv/lib/python3.10/site-packages/setuptools/extern/__pycache__) by extension 'ignore'
[3.510s] Level 1:colcon.colcon_core.package_identification:_identify(src/amiga-ros2-bridge/venv/lib/python3.10/site-packages/setuptools/extern/__pycache__) by extension 'ignore_ament_install'
[3.510s] Level 1:colcon.colcon_core.package_identification:_identify(src/amiga-ros2-bridge/venv/lib/python3.10/site-packages/setuptools/extern/__pycache__) by extensions ['colcon_pkg']
[3.510s] Level 1:colcon.colcon_core.package_identification:_identify(src/amiga-ros2-bridge/venv/lib/python3.10/site-packages/setuptools/extern/__pycache__) by extension 'colcon_pkg'
[3.510s] Level 1:colcon.colcon_core.package_identification:_identify(src/amiga-ros2-bridge/venv/lib/python3.10/site-packages/setuptools/extern/__pycache__) by extensions ['colcon_meta']
[3.511s] Level 1:colcon.colcon_core.package_identification:_identify(src/amiga-ros2-bridge/venv/lib/python3.10/site-packages/setuptools/extern/__pycache__) by extension 'colcon_meta'
[3.511s] Level 1:colcon.colcon_core.package_identification:_identify(src/amiga-ros2-bridge/venv/lib/python3.10/site-packages/setuptools/extern/__pycache__) by extensions ['ros']
[3.511s] Level 1:colcon.colcon_core.package_identification:_identify(src/amiga-ros2-bridge/venv/lib/python3.10/site-packages/setuptools/extern/__pycache__) by extension 'ros'
[3.511s] Level 1:colcon.colcon_core.package_identification:_identify(src/amiga-ros2-bridge/venv/lib/python3.10/site-packages/setuptools/extern/__pycache__) by extensions ['cmake', 'python']
[3.511s] Level 1:colcon.colcon_core.package_identification:_identify(src/amiga-ros2-bridge/venv/lib/python3.10/site-packages/setuptools/extern/__pycache__) by extension 'cmake'
[3.511s] Level 1:colcon.colcon_core.package_identification:_identify(src/amiga-ros2-bridge/venv/lib/python3.10/site-packages/setuptools/extern/__pycache__) by extension 'python'
[3.511s] Level 1:colcon.colcon_core.package_identification:_identify(src/amiga-ros2-bridge/venv/lib/python3.10/site-packages/setuptools/extern/__pycache__) by extensions ['python_setup_py']
[3.511s] Level 1:colcon.colcon_core.package_identification:_identify(src/amiga-ros2-bridge/venv/lib/python3.10/site-packages/setuptools/extern/__pycache__) by extension 'python_setup_py'
[3.512s] Level 1:colcon.colcon_core.package_identification:_identify(src/amiga-ros2-bridge/venv/lib/python3.10/site-packages/setuptools-59.6.0.dist-info) by extensions ['ignore', 'ignore_ament_install']
[3.512s] Level 1:colcon.colcon_core.package_identification:_identify(src/amiga-ros2-bridge/venv/lib/python3.10/site-packages/setuptools-59.6.0.dist-info) by extension 'ignore'
[3.512s] Level 1:colcon.colcon_core.package_identification:_identify(src/amiga-ros2-bridge/venv/lib/python3.10/site-packages/setuptools-59.6.0.dist-info) by extension 'ignore_ament_install'
[3.512s] Level 1:colcon.colcon_core.package_identification:_identify(src/amiga-ros2-bridge/venv/lib/python3.10/site-packages/setuptools-59.6.0.dist-info) by extensions ['colcon_pkg']
[3.513s] Level 1:colcon.colcon_core.package_identification:_identify(src/amiga-ros2-bridge/venv/lib/python3.10/site-packages/setuptools-59.6.0.dist-info) by extension 'colcon_pkg'
[3.513s] Level 1:colcon.colcon_core.package_identification:_identify(src/amiga-ros2-bridge/venv/lib/python3.10/site-packages/setuptools-59.6.0.dist-info) by extensions ['colcon_meta']
[3.513s] Level 1:colcon.colcon_core.package_identification:_identify(src/amiga-ros2-bridge/venv/lib/python3.10/site-packages/setuptools-59.6.0.dist-info) by extension 'colcon_meta'
[3.513s] Level 1:colcon.colcon_core.package_identification:_identify(src/amiga-ros2-bridge/venv/lib/python3.10/site-packages/setuptools-59.6.0.dist-info) by extensions ['ros']
[3.513s] Level 1:colcon.colcon_core.package_identification:_identify(src/amiga-ros2-bridge/venv/lib/python3.10/site-packages/setuptools-59.6.0.dist-info) by extension 'ros'
[3.513s] Level 1:colcon.colcon_core.package_identification:_identify(src/amiga-ros2-bridge/venv/lib/python3.10/site-packages/setuptools-59.6.0.dist-info) by extensions ['cmake', 'python']
[3.513s] Level 1:colcon.colcon_core.package_identification:_identify(src/amiga-ros2-bridge/venv/lib/python3.10/site-packages/setuptools-59.6.0.dist-info) by extension 'cmake'
[3.513s] Level 1:colcon.colcon_core.package_identification:_identify(src/amiga-ros2-bridge/venv/lib/python3.10/site-packages/setuptools-59.6.0.dist-info) by extension 'python'
[3.513s] Level 1:colcon.colcon_core.package_identification:_identify(src/amiga-ros2-bridge/venv/lib/python3.10/site-packages/setuptools-59.6.0.dist-info) by extensions ['python_setup_py']
[3.513s] Level 1:colcon.colcon_core.package_identification:_identify(src/amiga-ros2-bridge/venv/lib/python3.10/site-packages/setuptools-59.6.0.dist-info) by extension 'python_setup_py'
[3.514s] Level 1:colcon.colcon_core.package_identification:_identify(src/navigation) by extensions ['ignore', 'ignore_ament_install']
[3.514s] Level 1:colcon.colcon_core.package_identification:_identify(src/navigation) by extension 'ignore'
[3.514s] Level 1:colcon.colcon_core.package_identification:_identify(src/navigation) by extension 'ignore_ament_install'
[3.514s] Level 1:colcon.colcon_core.package_identification:_identify(src/navigation) by extensions ['colcon_pkg']
[3.514s] Level 1:colcon.colcon_core.package_identification:_identify(src/navigation) by extension 'colcon_pkg'
[3.514s] Level 1:colcon.colcon_core.package_identification:_identify(src/navigation) by extensions ['colcon_meta']
[3.515s] Level 1:colcon.colcon_core.package_identification:_identify(src/navigation) by extension 'colcon_meta'
[3.515s] Level 1:colcon.colcon_core.package_identification:_identify(src/navigation) by extensions ['ros']
[3.515s] Level 1:colcon.colcon_core.package_identification:_identify(src/navigation) by extension 'ros'
[3.517s] DEBUG:colcon.colcon_core.package_identification:Package 'src/navigation' with type 'ros.ament_cmake' and name 'navigation'
[3.517s] Level 1:colcon.colcon_core.package_identification:_identify(src/safety) by extensions ['ignore', 'ignore_ament_install']
[3.517s] Level 1:colcon.colcon_core.package_identification:_identify(src/safety) by extension 'ignore'
[3.517s] Level 1:colcon.colcon_core.package_identification:_identify(src/safety) by extension 'ignore_ament_install'
[3.518s] Level 1:colcon.colcon_core.package_identification:_identify(src/safety) by extensions ['colcon_pkg']
[3.518s] Level 1:colcon.colcon_core.package_identification:_identify(src/safety) by extension 'colcon_pkg'
[3.518s] Level 1:colcon.colcon_core.package_identification:_identify(src/safety) by extensions ['colcon_meta']
[3.518s] Level 1:colcon.colcon_core.package_identification:_identify(src/safety) by extension 'colcon_meta'
[3.518s] Level 1:colcon.colcon_core.package_identification:_identify(src/safety) by extensions ['ros']
[3.518s] Level 1:colcon.colcon_core.package_identification:_identify(src/safety) by extension 'ros'
[3.520s] DEBUG:colcon.colcon_core.package_identification:Package 'src/safety' with type 'ros.ament_cmake' and name 'safety'
[3.520s] Level 1:colcon.colcon_core.package_identification:_identify(src/weeding_mechanism) by extensions ['ignore', 'ignore_ament_install']
[3.521s] Level 1:colcon.colcon_core.package_identification:_identify(src/weeding_mechanism) by extension 'ignore'
[3.521s] Level 1:colcon.colcon_core.package_identification:_identify(src/weeding_mechanism) by extension 'ignore_ament_install'
[3.521s] Level 1:colcon.colcon_core.package_identification:_identify(src/weeding_mechanism) by extensions ['colcon_pkg']
[3.521s] Level 1:colcon.colcon_core.package_identification:_identify(src/weeding_mechanism) by extension 'colcon_pkg'
[3.521s] Level 1:colcon.colcon_core.package_identification:_identify(src/weeding_mechanism) by extensions ['colcon_meta']
[3.521s] Level 1:colcon.colcon_core.package_identification:_identify(src/weeding_mechanism) by extension 'colcon_meta'
[3.521s] Level 1:colcon.colcon_core.package_identification:_identify(src/weeding_mechanism) by extensions ['ros']
[3.522s] Level 1:colcon.colcon_core.package_identification:_identify(src/weeding_mechanism) by extension 'ros'
[3.523s] DEBUG:colcon.colcon_core.package_identification:Package 'src/weeding_mechanism' with type 'ros.ament_cmake' and name 'weeding_mechanism'
[3.523s] Level 1:colcon.colcon_core.package_discovery:discover_packages(recursive) using defaults
[3.524s] Level 1:colcon.colcon_core.package_discovery:discover_packages(ignore) discover
[3.524s] Level 1:colcon.colcon_core.package_discovery:discover_packages(ignore) using defaults
[3.524s] Level 1:colcon.colcon_core.package_discovery:discover_packages(path) discover
[3.524s] Level 1:colcon.colcon_core.package_discovery:discover_packages(path) using defaults
[3.603s] Level 1:colcon.colcon_core.package_discovery:discover_packages(prefix_path) check parameters
[3.603s] Level 1:colcon.colcon_core.package_discovery:discover_packages(prefix_path) discover
[3.608s] DEBUG:colcon.colcon_installed_package_information.package_discovery:Found 4 installed packages in /home/jetson-amiga/ros2_ws/install
[3.611s] DEBUG:colcon.colcon_installed_package_information.package_discovery:Found 271 installed packages in /opt/ros/humble
[3.614s] Level 1:colcon.colcon_core.package_discovery:discover_packages(prefix_path) using defaults
[3.699s] Level 5:colcon.colcon_core.verb:set package 'amiga_ros2_bridge' build argument 'cmake_args' from command line to 'None'
[3.699s] Level 5:colcon.colcon_core.verb:set package 'amiga_ros2_bridge' build argument 'cmake_target' from command line to 'None'
[3.699s] Level 5:colcon.colcon_core.verb:set package 'amiga_ros2_bridge' build argument 'cmake_target_skip_unavailable' from command line to 'False'
[3.699s] Level 5:colcon.colcon_core.verb:set package 'amiga_ros2_bridge' build argument 'cmake_clean_cache' from command line to 'False'
[3.699s] Level 5:colcon.colcon_core.verb:set package 'amiga_ros2_bridge' build argument 'cmake_clean_first' from command line to 'False'
[3.699s] Level 5:colcon.colcon_core.verb:set package 'amiga_ros2_bridge' build argument 'cmake_force_configure' from command line to 'False'
[3.699s] Level 5:colcon.colcon_core.verb:set package 'amiga_ros2_bridge' build argument 'ament_cmake_args' from command line to 'None'
[3.699s] Level 5:colcon.colcon_core.verb:set package 'amiga_ros2_bridge' build argument 'catkin_cmake_args' from command line to 'None'
[3.699s] Level 5:colcon.colcon_core.verb:set package 'amiga_ros2_bridge' build argument 'catkin_skip_building_tests' from command line to 'False'
[3.699s] DEBUG:colcon.colcon_core.verb:Building package 'amiga_ros2_bridge' with the following arguments: {'ament_cmake_args': None, 'build_base': '/home/jetson-amiga/ros2_ws/build/amiga_ros2_bridge', 'catkin_cmake_args': None, 'catkin_skip_building_tests': False, 'cmake_args': None, 'cmake_clean_cache': False, 'cmake_clean_first': False, 'cmake_force_configure': False, 'cmake_target': None, 'cmake_target_skip_unavailable': False, 'install_base': '/home/jetson-amiga/ros2_ws/install/amiga_ros2_bridge', 'merge_install': False, 'path': '/home/jetson-amiga/ros2_ws/src/amiga-ros2-bridge/amiga_ros2_bridge', 'symlink_install': False, 'test_result_base': None}
[3.700s] Level 5:colcon.colcon_core.verb:set package 'my-test-package' build argument 'cmake_args' from command line to 'None'
[3.700s] Level 5:colcon.colcon_core.verb:set package 'my-test-package' build argument 'cmake_target' from command line to 'None'
[3.700s] Level 5:colcon.colcon_core.verb:set package 'my-test-package' build argument 'cmake_target_skip_unavailable' from command line to 'False'
[3.700s] Level 5:colcon.colcon_core.verb:set package 'my-test-package' build argument 'cmake_clean_cache' from command line to 'False'
[3.700s] Level 5:colcon.colcon_core.verb:set package 'my-test-package' build argument 'cmake_clean_first' from command line to 'False'
[3.700s] Level 5:colcon.colcon_core.verb:set package 'my-test-package' build argument 'cmake_force_configure' from command line to 'False'
[3.700s] Level 5:colcon.colcon_core.verb:set package 'my-test-package' build argument 'ament_cmake_args' from command line to 'None'
[3.700s] Level 5:colcon.colcon_core.verb:set package 'my-test-package' build argument 'catkin_cmake_args' from command line to 'None'
[3.701s] Level 5:colcon.colcon_core.verb:set package 'my-test-package' build argument 'catkin_skip_building_tests' from command line to 'False'
[3.701s] DEBUG:colcon.colcon_core.verb:Building package 'my-test-package' with the following arguments: {'ament_cmake_args': None, 'build_base': '/home/jetson-amiga/ros2_ws/build/my-test-package', 'catkin_cmake_args': None, 'catkin_skip_building_tests': False, 'cmake_args': None, 'cmake_clean_cache': False, 'cmake_clean_first': False, 'cmake_force_configure': False, 'cmake_target': None, 'cmake_target_skip_unavailable': False, 'install_base': '/home/jetson-amiga/ros2_ws/install/my-test-package', 'merge_install': False, 'path': '/home/jetson-amiga/ros2_ws/src/amiga-ros2-bridge/venv/lib/python3.10/site-packages/pkg_resources/tests/data/my-test-package-source', 'symlink_install': False, 'test_result_base': None}
[3.701s] Level 5:colcon.colcon_core.verb:set package 'navigation' build argument 'cmake_args' from command line to 'None'
[3.701s] Level 5:colcon.colcon_core.verb:set package 'navigation' build argument 'cmake_target' from command line to 'None'
[3.701s] Level 5:colcon.colcon_core.verb:set package 'navigation' build argument 'cmake_target_skip_unavailable' from command line to 'False'
[3.701s] Level 5:colcon.colcon_core.verb:set package 'navigation' build argument 'cmake_clean_cache' from command line to 'False'
[3.702s] Level 5:colcon.colcon_core.verb:set package 'navigation' build argument 'cmake_clean_first' from command line to 'False'
[3.702s] Level 5:colcon.colcon_core.verb:set package 'navigation' build argument 'cmake_force_configure' from command line to 'False'
[3.702s] Level 5:colcon.colcon_core.verb:set package 'navigation' build argument 'ament_cmake_args' from command line to 'None'
[3.702s] Level 5:colcon.colcon_core.verb:set package 'navigation' build argument 'catkin_cmake_args' from command line to 'None'
[3.702s] Level 5:colcon.colcon_core.verb:set package 'navigation' build argument 'catkin_skip_building_tests' from command line to 'False'
[3.702s] DEBUG:colcon.colcon_core.verb:Building package 'navigation' with the following arguments: {'ament_cmake_args': None, 'build_base': '/home/jetson-amiga/ros2_ws/build/navigation', 'catkin_cmake_args': None, 'catkin_skip_building_tests': False, 'cmake_args': None, 'cmake_clean_cache': False, 'cmake_clean_first': False, 'cmake_force_configure': False, 'cmake_target': None, 'cmake_target_skip_unavailable': False, 'install_base': '/home/jetson-amiga/ros2_ws/install/navigation', 'merge_install': False, 'path': '/home/jetson-amiga/ros2_ws/src/navigation', 'symlink_install': False, 'test_result_base': None}
[3.703s] Level 5:colcon.colcon_core.verb:set package 'safety' build argument 'cmake_args' from command line to 'None'
[3.703s] Level 5:colcon.colcon_core.verb:set package 'safety' build argument 'cmake_target' from command line to 'None'
[3.703s] Level 5:colcon.colcon_core.verb:set package 'safety' build argument 'cmake_target_skip_unavailable' from command line to 'False'
[3.703s] Level 5:colcon.colcon_core.verb:set package 'safety' build argument 'cmake_clean_cache' from command line to 'False'
[3.703s] Level 5:colcon.colcon_core.verb:set package 'safety' build argument 'cmake_clean_first' from command line to 'False'
[3.703s] Level 5:colcon.colcon_core.verb:set package 'safety' build argument 'cmake_force_configure' from command line to 'False'
[3.703s] Level 5:colcon.colcon_core.verb:set package 'safety' build argument 'ament_cmake_args' from command line to 'None'
[3.703s] Level 5:colcon.colcon_core.verb:set package 'safety' build argument 'catkin_cmake_args' from command line to 'None'
[3.703s] Level 5:colcon.colcon_core.verb:set package 'safety' build argument 'catkin_skip_building_tests' from command line to 'False'
[3.703s] DEBUG:colcon.colcon_core.verb:Building package 'safety' with the following arguments: {'ament_cmake_args': None, 'build_base': '/home/jetson-amiga/ros2_ws/build/safety', 'catkin_cmake_args': None, 'catkin_skip_building_tests': False, 'cmake_args': None, 'cmake_clean_cache': False, 'cmake_clean_first': False, 'cmake_force_configure': False, 'cmake_target': None, 'cmake_target_skip_unavailable': False, 'install_base': '/home/jetson-amiga/ros2_ws/install/safety', 'merge_install': False, 'path': '/home/jetson-amiga/ros2_ws/src/safety', 'symlink_install': False, 'test_result_base': None}
[3.704s] Level 5:colcon.colcon_core.verb:set package 'weeding_mechanism' build argument 'cmake_args' from command line to 'None'
[3.704s] Level 5:colcon.colcon_core.verb:set package 'weeding_mechanism' build argument 'cmake_target' from command line to 'None'
[3.704s] Level 5:colcon.colcon_core.verb:set package 'weeding_mechanism' build argument 'cmake_target_skip_unavailable' from command line to 'False'
[3.704s] Level 5:colcon.colcon_core.verb:set package 'weeding_mechanism' build argument 'cmake_clean_cache' from command line to 'False'
[3.704s] Level 5:colcon.colcon_core.verb:set package 'weeding_mechanism' build argument 'cmake_clean_first' from command line to 'False'
[3.704s] Level 5:colcon.colcon_core.verb:set package 'weeding_mechanism' build argument 'cmake_force_configure' from command line to 'False'
[3.704s] Level 5:colcon.colcon_core.verb:set package 'weeding_mechanism' build argument 'ament_cmake_args' from command line to 'None'
[3.704s] Level 5:colcon.colcon_core.verb:set package 'weeding_mechanism' build argument 'catkin_cmake_args' from command line to 'None'
[3.704s] Level 5:colcon.colcon_core.verb:set package 'weeding_mechanism' build argument 'catkin_skip_building_tests' from command line to 'False'
[3.704s] DEBUG:colcon.colcon_core.verb:Building package 'weeding_mechanism' with the following arguments: {'ament_cmake_args': None, 'build_base': '/home/jetson-amiga/ros2_ws/build/weeding_mechanism', 'catkin_cmake_args': None, 'catkin_skip_building_tests': False, 'cmake_args': None, 'cmake_clean_cache': False, 'cmake_clean_first': False, 'cmake_force_configure': False, 'cmake_target': None, 'cmake_target_skip_unavailable': False, 'install_base': '/home/jetson-amiga/ros2_ws/install/weeding_mechanism', 'merge_install': False, 'path': '/home/jetson-amiga/ros2_ws/src/weeding_mechanism', 'symlink_install': False, 'test_result_base': None}
[3.705s] INFO:colcon.colcon_core.executor:Executing jobs using 'parallel' executor
[3.707s] DEBUG:colcon.colcon_parallel_executor.executor.parallel:run_until_complete
[3.708s] INFO:colcon.colcon_ros.task.ament_python.build:Building ROS package in '/home/jetson-amiga/ros2_ws/src/amiga-ros2-bridge/amiga_ros2_bridge' with build type 'ament_python'
[3.708s] Level 1:colcon.colcon_core.shell:create_environment_hook('amiga_ros2_bridge', 'ament_prefix_path')
[3.719s] INFO:colcon.colcon_core.plugin_system:Skipping extension 'colcon_core.shell.bat': Not used on non-Windows systems
[3.719s] INFO:colcon.colcon_core.shell:Creating environment hook '/home/jetson-amiga/ros2_ws/install/amiga_ros2_bridge/share/amiga_ros2_bridge/hook/ament_prefix_path.ps1'
[3.722s] INFO:colcon.colcon_core.shell:Creating environment descriptor '/home/jetson-amiga/ros2_ws/install/amiga_ros2_bridge/share/amiga_ros2_bridge/hook/ament_prefix_path.dsv'
[3.723s] INFO:colcon.colcon_core.shell:Creating environment hook '/home/jetson-amiga/ros2_ws/install/amiga_ros2_bridge/share/amiga_ros2_bridge/hook/ament_prefix_path.sh'
[3.725s] INFO:colcon.colcon_core.shell:Skip shell extension 'powershell' for command environment: Not usable outside of PowerShell
[3.725s] DEBUG:colcon.colcon_core.shell:Skip shell extension 'dsv' for command environment
[3.732s] INFO:colcon.colcon_core.task.python.build:Building Python package in '/home/jetson-amiga/ros2_ws/src/amiga-ros2-bridge/venv/lib/python3.10/site-packages/pkg_resources/tests/data/my-test-package-source'
[3.733s] INFO:colcon.colcon_core.shell:Skip shell extension 'powershell' for command environment: Not usable outside of PowerShell
[3.733s] DEBUG:colcon.colcon_core.shell:Skip shell extension 'dsv' for command environment
[3.741s] INFO:colcon.colcon_ros.task.ament_cmake.build:Building ROS package in '/home/jetson-amiga/ros2_ws/src/navigation' with build type 'ament_cmake'
[3.742s] INFO:colcon.colcon_cmake.task.cmake.build:Building CMake package in '/home/jetson-amiga/ros2_ws/src/navigation'
[3.742s] INFO:colcon.colcon_core.shell:Skip shell extension 'powershell' for command environment: Not usable outside of PowerShell
[3.743s] DEBUG:colcon.colcon_core.shell:Skip shell extension 'dsv' for command environment
[3.749s] INFO:colcon.colcon_ros.task.ament_cmake.build:Building ROS package in '/home/jetson-amiga/ros2_ws/src/safety' with build type 'ament_cmake'
[3.750s] INFO:colcon.colcon_cmake.task.cmake.build:Building CMake package in '/home/jetson-amiga/ros2_ws/src/safety'
[3.750s] INFO:colcon.colcon_core.shell:Skip shell extension 'powershell' for command environment: Not usable outside of PowerShell
[3.750s] DEBUG:colcon.colcon_core.shell:Skip shell extension 'dsv' for command environment
[3.757s] INFO:colcon.colcon_ros.task.ament_cmake.build:Building ROS package in '/home/jetson-amiga/ros2_ws/src/weeding_mechanism' with build type 'ament_cmake'
[3.757s] INFO:colcon.colcon_cmake.task.cmake.build:Building CMake package in '/home/jetson-amiga/ros2_ws/src/weeding_mechanism'
[3.757s] INFO:colcon.colcon_core.shell:Skip shell extension 'powershell' for command environment: Not usable outside of PowerShell
[3.758s] DEBUG:colcon.colcon_core.shell:Skip shell extension 'dsv' for command environment
[4.361s] INFO:colcon.colcon_core.task.python.build:Building Python package in '/home/jetson-amiga/ros2_ws/src/amiga-ros2-bridge/amiga_ros2_bridge'
[4.362s] INFO:colcon.colcon_core.shell:Skip shell extension 'powershell' for command environment: Not usable outside of PowerShell
[4.362s] DEBUG:colcon.colcon_core.shell:Skip shell extension 'dsv' for command environment
[4.987s] DEBUG:colcon.colcon_core.event_handler.log_command:Invoking command in '/home/jetson-amiga/ros2_ws/build/navigation': CMAKE_PREFIX_PATH=${CMAKE_PREFIX_PATH}:/home/jetson-amiga/ros2_ws/install/amiga_ros2_bridge:/opt/ros/humble /usr/bin/cmake --build /home/jetson-amiga/ros2_ws/build/navigation -- -j6 -l6
[5.000s] DEBUG:colcon.colcon_core.event_handler.log_command:Invoking command in '/home/jetson-amiga/ros2_ws/build/safety': CMAKE_PREFIX_PATH=${CMAKE_PREFIX_PATH}:/home/jetson-amiga/ros2_ws/install/amiga_ros2_bridge:/opt/ros/humble /usr/bin/cmake --build /home/jetson-amiga/ros2_ws/build/safety -- -j6 -l6
[5.008s] DEBUG:colcon.colcon_core.event_handler.log_command:Invoking command in '/home/jetson-amiga/ros2_ws/build/weeding_mechanism': CMAKE_PREFIX_PATH=${CMAKE_PREFIX_PATH}:/home/jetson-amiga/ros2_ws/install/amiga_ros2_bridge:/opt/ros/humble /usr/bin/cmake --build /home/jetson-amiga/ros2_ws/build/weeding_mechanism -- -j6 -l6
[5.117s] DEBUG:colcon.colcon_core.event_handler.log_command:Invoked command in '/home/jetson-amiga/ros2_ws/build/weeding_mechanism' returned '0': CMAKE_PREFIX_PATH=${CMAKE_PREFIX_PATH}:/home/jetson-amiga/ros2_ws/install/amiga_ros2_bridge:/opt/ros/humble /usr/bin/cmake --build /home/jetson-amiga/ros2_ws/build/weeding_mechanism -- -j6 -l6
[5.142s] DEBUG:colcon.colcon_core.event_handler.log_command:Invoking command in '/home/jetson-amiga/ros2_ws/build/weeding_mechanism': CMAKE_PREFIX_PATH=${CMAKE_PREFIX_PATH}:/home/jetson-amiga/ros2_ws/install/amiga_ros2_bridge:/opt/ros/humble /usr/bin/cmake --install /home/jetson-amiga/ros2_ws/build/weeding_mechanism
[5.143s] DEBUG:colcon.colcon_core.event_handler.log_command:Invoked command in '/home/jetson-amiga/ros2_ws/build/navigation' returned '0': CMAKE_PREFIX_PATH=${CMAKE_PREFIX_PATH}:/home/jetson-amiga/ros2_ws/install/amiga_ros2_bridge:/opt/ros/humble /usr/bin/cmake --build /home/jetson-amiga/ros2_ws/build/navigation -- -j6 -l6
[5.147s] DEBUG:colcon.colcon_core.event_handler.log_command:Invoking command in '/home/jetson-amiga/ros2_ws/build/navigation': CMAKE_PREFIX_PATH=${CMAKE_PREFIX_PATH}:/home/jetson-amiga/ros2_ws/install/amiga_ros2_bridge:/opt/ros/humble /usr/bin/cmake --install /home/jetson-amiga/ros2_ws/build/navigation
[5.151s] DEBUG:colcon.colcon_core.event_handler.log_command:Invoked command in '/home/jetson-amiga/ros2_ws/build/safety' returned '0': CMAKE_PREFIX_PATH=${CMAKE_PREFIX_PATH}:/home/jetson-amiga/ros2_ws/install/amiga_ros2_bridge:/opt/ros/humble /usr/bin/cmake --build /home/jetson-amiga/ros2_ws/build/safety -- -j6 -l6
[5.156s] DEBUG:colcon.colcon_core.event_handler.log_command:Invoking command in '/home/jetson-amiga/ros2_ws/build/safety': CMAKE_PREFIX_PATH=${CMAKE_PREFIX_PATH}:/home/jetson-amiga/ros2_ws/install/amiga_ros2_bridge:/opt/ros/humble /usr/bin/cmake --install /home/jetson-amiga/ros2_ws/build/safety
[5.171s] Level 1:colcon.colcon_core.environment:create_environment_scripts_only(weeding_mechanism)
[5.173s] DEBUG:colcon.colcon_core.event_handler.log_command:Invoked command in '/home/jetson-amiga/ros2_ws/build/weeding_mechanism' returned '0': CMAKE_PREFIX_PATH=${CMAKE_PREFIX_PATH}:/home/jetson-amiga/ros2_ws/install/amiga_ros2_bridge:/opt/ros/humble /usr/bin/cmake --install /home/jetson-amiga/ros2_ws/build/weeding_mechanism
[5.184s] Level 1:colcon.colcon_core.environment:checking '/home/jetson-amiga/ros2_ws/install/weeding_mechanism' for CMake module files
[5.185s] Level 1:colcon.colcon_core.environment:checking '/home/jetson-amiga/ros2_ws/install/weeding_mechanism' for CMake config files
[5.186s] Level 1:colcon.colcon_core.shell:create_environment_hook('weeding_mechanism', 'cmake_prefix_path')
[5.187s] INFO:colcon.colcon_core.shell:Creating environment hook '/home/jetson-amiga/ros2_ws/install/weeding_mechanism/share/weeding_mechanism/hook/cmake_prefix_path.ps1'
[5.188s] INFO:colcon.colcon_core.shell:Creating environment descriptor '/home/jetson-amiga/ros2_ws/install/weeding_mechanism/share/weeding_mechanism/hook/cmake_prefix_path.dsv'
[5.189s] INFO:colcon.colcon_core.shell:Creating environment hook '/home/jetson-amiga/ros2_ws/install/weeding_mechanism/share/weeding_mechanism/hook/cmake_prefix_path.sh'
[5.192s] Level 1:colcon.colcon_core.environment:checking '/home/jetson-amiga/ros2_ws/install/weeding_mechanism/bin'
[5.192s] Level 1:colcon.colcon_core.environment:checking '/home/jetson-amiga/ros2_ws/install/weeding_mechanism/lib/pkgconfig/weeding_mechanism.pc'
[5.192s] Level 1:colcon.colcon_core.environment:checking '/home/jetson-amiga/ros2_ws/install/weeding_mechanism/lib/python3.10/site-packages'
[5.193s] Level 1:colcon.colcon_core.environment:checking '/home/jetson-amiga/ros2_ws/install/weeding_mechanism/bin'
[5.193s] INFO:colcon.colcon_core.shell:Creating package script '/home/jetson-amiga/ros2_ws/install/weeding_mechanism/share/weeding_mechanism/package.ps1'
[5.195s] INFO:colcon.colcon_core.shell:Creating package descriptor '/home/jetson-amiga/ros2_ws/install/weeding_mechanism/share/weeding_mechanism/package.dsv'
[5.197s] INFO:colcon.colcon_core.shell:Creating package script '/home/jetson-amiga/ros2_ws/install/weeding_mechanism/share/weeding_mechanism/package.sh'
[5.199s] INFO:colcon.colcon_core.shell:Creating package script '/home/jetson-amiga/ros2_ws/install/weeding_mechanism/share/weeding_mechanism/package.bash'
[5.201s] INFO:colcon.colcon_core.shell:Creating package script '/home/jetson-amiga/ros2_ws/install/weeding_mechanism/share/weeding_mechanism/package.zsh'
[5.202s] Level 1:colcon.colcon_core.environment:create_file_with_runtime_dependencies(/home/jetson-amiga/ros2_ws/install/weeding_mechanism/share/colcon-core/packages/weeding_mechanism)
[5.204s] Level 1:colcon.colcon_core.environment:create_environment_scripts_only(weeding_mechanism)
[5.205s] Level 1:colcon.colcon_core.environment:checking '/home/jetson-amiga/ros2_ws/install/weeding_mechanism' for CMake module files
[5.206s] Level 1:colcon.colcon_core.environment:checking '/home/jetson-amiga/ros2_ws/install/weeding_mechanism' for CMake config files
[5.206s] Level 1:colcon.colcon_core.shell:create_environment_hook('weeding_mechanism', 'cmake_prefix_path')
[5.207s] INFO:colcon.colcon_core.shell:Creating environment hook '/home/jetson-amiga/ros2_ws/install/weeding_mechanism/share/weeding_mechanism/hook/cmake_prefix_path.ps1'
[5.208s] INFO:colcon.colcon_core.shell:Creating environment descriptor '/home/jetson-amiga/ros2_ws/install/weeding_mechanism/share/weeding_mechanism/hook/cmake_prefix_path.dsv'
[5.209s] INFO:colcon.colcon_core.shell:Creating environment hook '/home/jetson-amiga/ros2_ws/install/weeding_mechanism/share/weeding_mechanism/hook/cmake_prefix_path.sh'
[5.210s] Level 1:colcon.colcon_core.environment:checking '/home/jetson-amiga/ros2_ws/install/weeding_mechanism/bin'
[5.210s] Level 1:colcon.colcon_core.environment:checking '/home/jetson-amiga/ros2_ws/install/weeding_mechanism/lib/pkgconfig/weeding_mechanism.pc'
[5.211s] Level 1:colcon.colcon_core.environment:checking '/home/jetson-amiga/ros2_ws/install/weeding_mechanism/lib/python3.10/site-packages'
[5.211s] Level 1:colcon.colcon_core.environment:checking '/home/jetson-amiga/ros2_ws/install/weeding_mechanism/bin'
[5.212s] INFO:colcon.colcon_core.shell:Creating package script '/home/jetson-amiga/ros2_ws/install/weeding_mechanism/share/weeding_mechanism/package.ps1'
[5.213s] INFO:colcon.colcon_core.shell:Creating package descriptor '/home/jetson-amiga/ros2_ws/install/weeding_mechanism/share/weeding_mechanism/package.dsv'
[5.214s] INFO:colcon.colcon_core.shell:Creating package script '/home/jetson-amiga/ros2_ws/install/weeding_mechanism/share/weeding_mechanism/package.sh'
[5.216s] INFO:colcon.colcon_core.shell:Creating package script '/home/jetson-amiga/ros2_ws/install/weeding_mechanism/share/weeding_mechanism/package.bash'
[5.217s] INFO:colcon.colcon_core.shell:Creating package script '/home/jetson-amiga/ros2_ws/install/weeding_mechanism/share/weeding_mechanism/package.zsh'
[5.218s] Level 1:colcon.colcon_core.environment:create_file_with_runtime_dependencies(/home/jetson-amiga/ros2_ws/install/weeding_mechanism/share/colcon-core/packages/weeding_mechanism)
[5.219s] Level 1:colcon.colcon_core.environment:create_environment_scripts_only(navigation)
[5.220s] Level 1:colcon.colcon_core.environment:checking '/home/jetson-amiga/ros2_ws/install/navigation' for CMake module files
[5.221s] DEBUG:colcon.colcon_core.event_handler.log_command:Invoked command in '/home/jetson-amiga/ros2_ws/build/navigation' returned '0': CMAKE_PREFIX_PATH=${CMAKE_PREFIX_PATH}:/home/jetson-amiga/ros2_ws/install/amiga_ros2_bridge:/opt/ros/humble /usr/bin/cmake --install /home/jetson-amiga/ros2_ws/build/navigation
[5.223s] Level 1:colcon.colcon_core.environment:checking '/home/jetson-amiga/ros2_ws/install/navigation' for CMake config files
[5.223s] Level 1:colcon.colcon_core.shell:create_environment_hook('navigation', 'cmake_prefix_path')
[5.224s] INFO:colcon.colcon_core.shell:Creating environment hook '/home/jetson-amiga/ros2_ws/install/navigation/share/navigation/hook/cmake_prefix_path.ps1'
[5.225s] INFO:colcon.colcon_core.shell:Creating environment descriptor '/home/jetson-amiga/ros2_ws/install/navigation/share/navigation/hook/cmake_prefix_path.dsv'
[5.226s] INFO:colcon.colcon_core.shell:Creating environment hook '/home/jetson-amiga/ros2_ws/install/navigation/share/navigation/hook/cmake_prefix_path.sh'
[5.227s] Level 1:colcon.colcon_core.environment:checking '/home/jetson-amiga/ros2_ws/install/navigation/bin'
[5.228s] Level 1:colcon.colcon_core.environment:checking '/home/jetson-amiga/ros2_ws/install/navigation/lib/pkgconfig/navigation.pc'
[5.228s] Level 1:colcon.colcon_core.environment:checking '/home/jetson-amiga/ros2_ws/install/navigation/lib/python3.10/site-packages'
[5.228s] Level 1:colcon.colcon_core.environment:checking '/home/jetson-amiga/ros2_ws/install/navigation/bin'
[5.229s] INFO:colcon.colcon_core.shell:Creating package script '/home/jetson-amiga/ros2_ws/install/navigation/share/navigation/package.ps1'
[5.231s] INFO:colcon.colcon_core.shell:Creating package descriptor '/home/jetson-amiga/ros2_ws/install/navigation/share/navigation/package.dsv'
[5.233s] INFO:colcon.colcon_core.shell:Creating package script '/home/jetson-amiga/ros2_ws/install/navigation/share/navigation/package.sh'
[5.234s] INFO:colcon.colcon_core.shell:Creating package script '/home/jetson-amiga/ros2_ws/install/navigation/share/navigation/package.bash'
[5.235s] INFO:colcon.colcon_core.shell:Creating package script '/home/jetson-amiga/ros2_ws/install/navigation/share/navigation/package.zsh'
[5.236s] Level 1:colcon.colcon_core.environment:create_file_with_runtime_dependencies(/home/jetson-amiga/ros2_ws/install/navigation/share/colcon-core/packages/navigation)
[5.237s] Level 1:colcon.colcon_core.environment:create_environment_scripts_only(navigation)
[5.237s] Level 1:colcon.colcon_core.environment:checking '/home/jetson-amiga/ros2_ws/install/navigation' for CMake module files
[5.238s] Level 1:colcon.colcon_core.environment:checking '/home/jetson-amiga/ros2_ws/install/navigation' for CMake config files
[5.239s] Level 1:colcon.colcon_core.shell:create_environment_hook('navigation', 'cmake_prefix_path')
[5.239s] INFO:colcon.colcon_core.shell:Creating environment hook '/home/jetson-amiga/ros2_ws/install/navigation/share/navigation/hook/cmake_prefix_path.ps1'
[5.240s] INFO:colcon.colcon_core.shell:Creating environment descriptor '/home/jetson-amiga/ros2_ws/install/navigation/share/navigation/hook/cmake_prefix_path.dsv'
[5.242s] INFO:colcon.colcon_core.shell:Creating environment hook '/home/jetson-amiga/ros2_ws/install/navigation/share/navigation/hook/cmake_prefix_path.sh'
[5.243s] Level 1:colcon.colcon_core.environment:checking '/home/jetson-amiga/ros2_ws/install/navigation/bin'
[5.243s] Level 1:colcon.colcon_core.environment:checking '/home/jetson-amiga/ros2_ws/install/navigation/lib/pkgconfig/navigation.pc'
[5.244s] Level 1:colcon.colcon_core.environment:checking '/home/jetson-amiga/ros2_ws/install/navigation/lib/python3.10/site-packages'
[5.244s] Level 1:colcon.colcon_core.environment:checking '/home/jetson-amiga/ros2_ws/install/navigation/bin'
[5.245s] INFO:colcon.colcon_core.shell:Creating package script '/home/jetson-amiga/ros2_ws/install/navigation/share/navigation/package.ps1'
[5.247s] INFO:colcon.colcon_core.shell:Creating package descriptor '/home/jetson-amiga/ros2_ws/install/navigation/share/navigation/package.dsv'
[5.249s] INFO:colcon.colcon_core.shell:Creating package script '/home/jetson-amiga/ros2_ws/install/navigation/share/navigation/package.sh'
[5.251s] INFO:colcon.colcon_core.shell:Creating package script '/home/jetson-amiga/ros2_ws/install/navigation/share/navigation/package.bash'
[5.253s] INFO:colcon.colcon_core.shell:Creating package script '/home/jetson-amiga/ros2_ws/install/navigation/share/navigation/package.zsh'
[5.254s] Level 1:colcon.colcon_core.environment:create_file_with_runtime_dependencies(/home/jetson-amiga/ros2_ws/install/navigation/share/colcon-core/packages/navigation)
[5.256s] Level 1:colcon.colcon_core.environment:create_environment_scripts_only(safety)
[5.257s] Level 1:colcon.colcon_core.environment:checking '/home/jetson-amiga/ros2_ws/install/safety' for CMake module files
[5.258s] DEBUG:colcon.colcon_core.event_handler.log_command:Invoked command in '/home/jetson-amiga/ros2_ws/build/safety' returned '0': CMAKE_PREFIX_PATH=${CMAKE_PREFIX_PATH}:/home/jetson-amiga/ros2_ws/install/amiga_ros2_bridge:/opt/ros/humble /usr/bin/cmake --install /home/jetson-amiga/ros2_ws/build/safety
[5.259s] Level 1:colcon.colcon_core.environment:checking '/home/jetson-amiga/ros2_ws/install/safety' for CMake config files
[5.259s] Level 1:colcon.colcon_core.shell:create_environment_hook('safety', 'cmake_prefix_path')
[5.260s] INFO:colcon.colcon_core.shell:Creating environment hook '/home/jetson-amiga/ros2_ws/install/safety/share/safety/hook/cmake_prefix_path.ps1'
[5.261s] INFO:colcon.colcon_core.shell:Creating environment descriptor '/home/jetson-amiga/ros2_ws/install/safety/share/safety/hook/cmake_prefix_path.dsv'
[5.262s] INFO:colcon.colcon_core.shell:Creating environment hook '/home/jetson-amiga/ros2_ws/install/safety/share/safety/hook/cmake_prefix_path.sh'
[5.263s] Level 1:colcon.colcon_core.environment:checking '/home/jetson-amiga/ros2_ws/install/safety/bin'
[5.263s] Level 1:colcon.colcon_core.environment:checking '/home/jetson-amiga/ros2_ws/install/safety/lib/pkgconfig/safety.pc'
[5.263s] Level 1:colcon.colcon_core.environment:checking '/home/jetson-amiga/ros2_ws/install/safety/lib/python3.10/site-packages'
[5.264s] Level 1:colcon.colcon_core.environment:checking '/home/jetson-amiga/ros2_ws/install/safety/bin'
[5.265s] INFO:colcon.colcon_core.shell:Creating package script '/home/jetson-amiga/ros2_ws/install/safety/share/safety/package.ps1'
[5.266s] INFO:colcon.colcon_core.shell:Creating package descriptor '/home/jetson-amiga/ros2_ws/install/safety/share/safety/package.dsv'
[5.266s] INFO:colcon.colcon_core.shell:Creating package script '/home/jetson-amiga/ros2_ws/install/safety/share/safety/package.sh'
[5.267s] INFO:colcon.colcon_core.shell:Creating package script '/home/jetson-amiga/ros2_ws/install/safety/share/safety/package.bash'
[5.268s] INFO:colcon.colcon_core.shell:Creating package script '/home/jetson-amiga/ros2_ws/install/safety/share/safety/package.zsh'
[5.269s] Level 1:colcon.colcon_core.environment:create_file_with_runtime_dependencies(/home/jetson-amiga/ros2_ws/install/safety/share/colcon-core/packages/safety)
[5.270s] Level 1:colcon.colcon_core.environment:create_environment_scripts_only(safety)
[5.270s] Level 1:colcon.colcon_core.environment:checking '/home/jetson-amiga/ros2_ws/install/safety' for CMake module files
[5.271s] Level 1:colcon.colcon_core.environment:checking '/home/jetson-amiga/ros2_ws/install/safety' for CMake config files
[5.272s] Level 1:colcon.colcon_core.shell:create_environment_hook('safety', 'cmake_prefix_path')
[5.272s] INFO:colcon.colcon_core.shell:Creating environment hook '/home/jetson-amiga/ros2_ws/install/safety/share/safety/hook/cmake_prefix_path.ps1'
[5.273s] INFO:colcon.colcon_core.shell:Creating environment descriptor '/home/jetson-amiga/ros2_ws/install/safety/share/safety/hook/cmake_prefix_path.dsv'
[5.274s] INFO:colcon.colcon_core.shell:Creating environment hook '/home/jetson-amiga/ros2_ws/install/safety/share/safety/hook/cmake_prefix_path.sh'
[5.276s] Level 1:colcon.colcon_core.environment:checking '/home/jetson-amiga/ros2_ws/install/safety/bin'
[5.276s] Level 1:colcon.colcon_core.environment:checking '/home/jetson-amiga/ros2_ws/install/safety/lib/pkgconfig/safety.pc'
[5.276s] Level 1:colcon.colcon_core.environment:checking '/home/jetson-amiga/ros2_ws/install/safety/lib/python3.10/site-packages'
[5.277s] Level 1:colcon.colcon_core.environment:checking '/home/jetson-amiga/ros2_ws/install/safety/bin'
[5.278s] INFO:colcon.colcon_core.shell:Creating package script '/home/jetson-amiga/ros2_ws/install/safety/share/safety/package.ps1'
[5.279s] INFO:colcon.colcon_core.shell:Creating package descriptor '/home/jetson-amiga/ros2_ws/install/safety/share/safety/package.dsv'
[5.280s] INFO:colcon.colcon_core.shell:Creating package script '/home/jetson-amiga/ros2_ws/install/safety/share/safety/package.sh'
[5.281s] INFO:colcon.colcon_core.shell:Creating package script '/home/jetson-amiga/ros2_ws/install/safety/share/safety/package.bash'
[5.282s] INFO:colcon.colcon_core.shell:Creating package script '/home/jetson-amiga/ros2_ws/install/safety/share/safety/package.zsh'
[5.283s] Level 1:colcon.colcon_core.environment:create_file_with_runtime_dependencies(/home/jetson-amiga/ros2_ws/install/safety/share/colcon-core/packages/safety)
[5.785s] DEBUG:colcon.colcon_core.event_handler.log_command:Invoking command in '/home/jetson-amiga/ros2_ws/src/amiga-ros2-bridge/venv/lib/python3.10/site-packages/pkg_resources/tests/data/my-test-package-source': PYTHONPATH=/home/jetson-amiga/ros2_ws/build/my-test-package/prefix_override:/usr/lib/python3/dist-packages/colcon_core/task/python/colcon_distutils_commands:/home/jetson-amiga/ros2_ws/install/my-test-package/lib/python3.10/site-packages:${PYTHONPATH} /usr/bin/python3 -W ignore:setup.py install is deprecated -W ignore:easy_install command is deprecated setup.py egg_info --egg-base ../../../../../../../../../../build/my-test-package build --build-base /home/jetson-amiga/ros2_ws/build/my-test-package/build install --record /home/jetson-amiga/ros2_ws/build/my-test-package/install.log --single-version-externally-managed
[5.813s] DEBUG:colcon.colcon_core.event_handler.log_command:Invoking command in '/home/jetson-amiga/ros2_ws/src/amiga-ros2-bridge/amiga_ros2_bridge': PYTHONPATH=/home/jetson-amiga/ros2_ws/build/amiga_ros2_bridge/prefix_override:/usr/lib/python3/dist-packages/colcon_core/task/python/colcon_distutils_commands:/home/jetson-amiga/ros2_ws/install/amiga_ros2_bridge/lib/python3.10/site-packages:${PYTHONPATH} /usr/bin/python3 -W ignore:setup.py install is deprecated -W ignore:easy_install command is deprecated setup.py egg_info --egg-base ../../../build/amiga_ros2_bridge build --build-base /home/jetson-amiga/ros2_ws/build/amiga_ros2_bridge/build install --record /home/jetson-amiga/ros2_ws/build/amiga_ros2_bridge/install.log --single-version-externally-managed install_data
[6.466s] Level 1:colcon.colcon_core.environment:checking '/home/jetson-amiga/ros2_ws/install/my-test-package' for CMake module files
[6.468s] DEBUG:colcon.colcon_core.event_handler.log_command:Invoked command in '/home/jetson-amiga/ros2_ws/src/amiga-ros2-bridge/venv/lib/python3.10/site-packages/pkg_resources/tests/data/my-test-package-source' returned '0': PYTHONPATH=/home/jetson-amiga/ros2_ws/build/my-test-package/prefix_override:/usr/lib/python3/dist-packages/colcon_core/task/python/colcon_distutils_commands:/home/jetson-amiga/ros2_ws/install/my-test-package/lib/python3.10/site-packages:${PYTHONPATH} /usr/bin/python3 -W ignore:setup.py install is deprecated -W ignore:easy_install command is deprecated setup.py egg_info --egg-base ../../../../../../../../../../build/my-test-package build --build-base /home/jetson-amiga/ros2_ws/build/my-test-package/build install --record /home/jetson-amiga/ros2_ws/build/my-test-package/install.log --single-version-externally-managed
[6.468s] Level 1:colcon.colcon_core.environment:checking '/home/jetson-amiga/ros2_ws/install/my-test-package' for CMake config files
[6.470s] Level 1:colcon.colcon_core.environment:checking '/home/jetson-amiga/ros2_ws/install/my-test-package/lib'
[6.471s] Level 1:colcon.colcon_core.environment:checking '/home/jetson-amiga/ros2_ws/install/my-test-package/bin'
[6.471s] Level 1:colcon.colcon_core.environment:checking '/home/jetson-amiga/ros2_ws/install/my-test-package/lib/pkgconfig/my-test-package.pc'
[6.472s] Level 1:colcon.colcon_core.environment:checking '/home/jetson-amiga/ros2_ws/install/my-test-package/lib/python3.10/site-packages'
[6.472s] Level 1:colcon.colcon_core.shell:create_environment_hook('my-test-package', 'pythonpath')
[6.473s] INFO:colcon.colcon_core.shell:Creating environment hook '/home/jetson-amiga/ros2_ws/install/my-test-package/share/my-test-package/hook/pythonpath.ps1'
[6.475s] INFO:colcon.colcon_core.shell:Creating environment descriptor '/home/jetson-amiga/ros2_ws/install/my-test-package/share/my-test-package/hook/pythonpath.dsv'
[6.475s] INFO:colcon.colcon_core.shell:Creating environment hook '/home/jetson-amiga/ros2_ws/install/my-test-package/share/my-test-package/hook/pythonpath.sh'
[6.476s] Level 1:colcon.colcon_core.environment:checking '/home/jetson-amiga/ros2_ws/install/my-test-package/bin'
[6.477s] Level 1:colcon.colcon_core.environment:create_environment_scripts_only(my-test-package)
[6.478s] INFO:colcon.colcon_core.shell:Creating package script '/home/jetson-amiga/ros2_ws/install/my-test-package/share/my-test-package/package.ps1'
[6.479s] INFO:colcon.colcon_core.shell:Creating package descriptor '/home/jetson-amiga/ros2_ws/install/my-test-package/share/my-test-package/package.dsv'
[6.481s] INFO:colcon.colcon_core.shell:Creating package script '/home/jetson-amiga/ros2_ws/install/my-test-package/share/my-test-package/package.sh'
[6.482s] INFO:colcon.colcon_core.shell:Creating package script '/home/jetson-amiga/ros2_ws/install/my-test-package/share/my-test-package/package.bash'
[6.483s] INFO:colcon.colcon_core.shell:Creating package script '/home/jetson-amiga/ros2_ws/install/my-test-package/share/my-test-package/package.zsh'
[6.484s] Level 1:colcon.colcon_core.environment:create_file_with_runtime_dependencies(/home/jetson-amiga/ros2_ws/install/my-test-package/share/colcon-core/packages/my-test-package)
[6.510s] Level 1:colcon.colcon_core.environment:checking '/home/jetson-amiga/ros2_ws/install/amiga_ros2_bridge' for CMake module files
[6.512s] DEBUG:colcon.colcon_core.event_handler.log_command:Invoked command in '/home/jetson-amiga/ros2_ws/src/amiga-ros2-bridge/amiga_ros2_bridge' returned '0': PYTHONPATH=/home/jetson-amiga/ros2_ws/build/amiga_ros2_bridge/prefix_override:/usr/lib/python3/dist-packages/colcon_core/task/python/colcon_distutils_commands:/home/jetson-amiga/ros2_ws/install/amiga_ros2_bridge/lib/python3.10/site-packages:${PYTHONPATH} /usr/bin/python3 -W ignore:setup.py install is deprecated -W ignore:easy_install command is deprecated setup.py egg_info --egg-base ../../../build/amiga_ros2_bridge build --build-base /home/jetson-amiga/ros2_ws/build/amiga_ros2_bridge/build install --record /home/jetson-amiga/ros2_ws/build/amiga_ros2_bridge/install.log --single-version-externally-managed install_data
[6.513s] Level 1:colcon.colcon_core.environment:checking '/home/jetson-amiga/ros2_ws/install/amiga_ros2_bridge' for CMake config files
[6.516s] Level 1:colcon.colcon_core.environment:checking '/home/jetson-amiga/ros2_ws/install/amiga_ros2_bridge/lib'
[6.516s] Level 1:colcon.colcon_core.environment:checking '/home/jetson-amiga/ros2_ws/install/amiga_ros2_bridge/bin'
[6.516s] Level 1:colcon.colcon_core.environment:checking '/home/jetson-amiga/ros2_ws/install/amiga_ros2_bridge/lib/pkgconfig/amiga_ros2_bridge.pc'
[6.517s] Level 1:colcon.colcon_core.environment:checking '/home/jetson-amiga/ros2_ws/install/amiga_ros2_bridge/lib/python3.10/site-packages'
[6.517s] Level 1:colcon.colcon_core.shell:create_environment_hook('amiga_ros2_bridge', 'pythonpath')
[6.518s] INFO:colcon.colcon_core.shell:Creating environment hook '/home/jetson-amiga/ros2_ws/install/amiga_ros2_bridge/share/amiga_ros2_bridge/hook/pythonpath.ps1'
[6.520s] INFO:colcon.colcon_core.shell:Creating environment descriptor '/home/jetson-amiga/ros2_ws/install/amiga_ros2_bridge/share/amiga_ros2_bridge/hook/pythonpath.dsv'
[6.522s] INFO:colcon.colcon_core.shell:Creating environment hook '/home/jetson-amiga/ros2_ws/install/amiga_ros2_bridge/share/amiga_ros2_bridge/hook/pythonpath.sh'
[6.524s] Level 1:colcon.colcon_core.environment:checking '/home/jetson-amiga/ros2_ws/install/amiga_ros2_bridge/bin'
[6.524s] Level 1:colcon.colcon_core.environment:create_environment_scripts_only(amiga_ros2_bridge)
[6.525s] INFO:colcon.colcon_core.shell:Creating package script '/home/jetson-amiga/ros2_ws/install/amiga_ros2_bridge/share/amiga_ros2_bridge/package.ps1'
[6.527s] INFO:colcon.colcon_core.shell:Creating package descriptor '/home/jetson-amiga/ros2_ws/install/amiga_ros2_bridge/share/amiga_ros2_bridge/package.dsv'
[6.528s] INFO:colcon.colcon_core.shell:Creating package script '/home/jetson-amiga/ros2_ws/install/amiga_ros2_bridge/share/amiga_ros2_bridge/package.sh'
[6.528s] INFO:colcon.colcon_core.shell:Creating package script '/home/jetson-amiga/ros2_ws/install/amiga_ros2_bridge/share/amiga_ros2_bridge/package.bash'
[6.529s] INFO:colcon.colcon_core.shell:Creating package script '/home/jetson-amiga/ros2_ws/install/amiga_ros2_bridge/share/amiga_ros2_bridge/package.zsh'
[6.531s] Level 1:colcon.colcon_core.environment:create_file_with_runtime_dependencies(/home/jetson-amiga/ros2_ws/install/amiga_ros2_bridge/share/colcon-core/packages/amiga_ros2_bridge)
[6.531s] DEBUG:colcon.colcon_parallel_executor.executor.parallel:closing loop
[6.532s] DEBUG:colcon.colcon_parallel_executor.executor.parallel:loop closed
[6.533s] DEBUG:colcon.colcon_parallel_executor.executor.parallel:run_until_complete finished with '0'
[6.533s] DEBUG:colcon.colcon_core.event_reactor:joining thread
[6.552s] INFO:colcon.colcon_core.plugin_system:Skipping extension 'colcon_notification.desktop_notification.terminal_notifier': Not used on non-Darwin systems
[6.552s] INFO:colcon.colcon_core.plugin_system:Skipping extension 'colcon_notification.desktop_notification.win32': Not used on non-Windows systems
[6.553s] INFO:colcon.colcon_notification.desktop_notification:Sending desktop notification using 'notify2'
[6.626s] DEBUG:colcon.colcon_core.event_reactor:joined thread
[6.627s] INFO:colcon.colcon_core.shell:Creating prefix script '/home/jetson-amiga/ros2_ws/install/local_setup.ps1'
[6.630s] INFO:colcon.colcon_core.shell:Creating prefix util module '/home/jetson-amiga/ros2_ws/install/_local_setup_util_ps1.py'
[6.634s] INFO:colcon.colcon_core.shell:Creating prefix chain script '/home/jetson-amiga/ros2_ws/install/setup.ps1'
[6.638s] INFO:colcon.colcon_core.shell:Creating prefix script '/home/jetson-amiga/ros2_ws/install/local_setup.sh'
[6.639s] INFO:colcon.colcon_core.shell:Creating prefix util module '/home/jetson-amiga/ros2_ws/install/_local_setup_util_sh.py'
[6.642s] INFO:colcon.colcon_core.shell:Creating prefix chain script '/home/jetson-amiga/ros2_ws/install/setup.sh'
[6.645s] INFO:colcon.colcon_core.shell:Creating prefix script '/home/jetson-amiga/ros2_ws/install/local_setup.bash'
[6.646s] INFO:colcon.colcon_core.shell:Creating prefix chain script '/home/jetson-amiga/ros2_ws/install/setup.bash'
[6.649s] INFO:colcon.colcon_core.shell:Creating prefix script '/home/jetson-amiga/ros2_ws/install/local_setup.zsh'
[6.651s] INFO:colcon.colcon_core.shell:Creating prefix chain script '/home/jetson-amiga/ros2_ws/install/setup.zsh'
