[0.251s] DEBUG:colcon:Command line arguments: ['/usr/bin/colcon', 'build']
[0.251s] DEBUG:colcon:Parsed command line arguments: Namespace(log_base=None, log_level=None, verb_name='build', build_base='build', install_base='install', merge_install=False, symlink_install=False, test_result_base=None, continue_on_error=False, executor='parallel', parallel_workers=6, event_handlers=None, ignore_user_meta=False, metas=['./colcon.meta'], base_paths=['.'], packages_ignore=None, packages_ignore_regex=None, paths=None, packages_up_to=None, packages_up_to_regex=None, packages_above=None, packages_above_and_dependencies=None, packages_above_depth=None, packages_select_by_dep=None, packages_skip_by_dep=None, packages_skip_up_to=None, packages_select_build_failed=False, packages_skip_build_finished=False, packages_select_test_failures=False, packages_skip_test_passed=False, packages_select=None, packages_skip=None, packages_select_regex=None, packages_skip_regex=None, packages_start=None, packages_end=None, allow_overriding=[], cmake_args=None, cmake_target=None, cmake_target_skip_unavailable=False, cmake_clean_cache=False, cmake_clean_first=False, cmake_force_configure=False, ament_cmake_args=None, catkin_cmake_args=None, catkin_skip_building_tests=False, mixin_files=None, mixin=None, verb_parser=<colcon_mixin.mixin.mixin_argument.MixinArgumentDecorator object at 0xffffb9f5e3b0>, verb_extension=<colcon_core.verb.build.BuildVerb object at 0xffffb9f5de40>, main=<bound method BuildVerb.main of <colcon_core.verb.build.BuildVerb object at 0xffffb9f5de40>>, mixin_verb=('build',))
[0.645s] Level 1:colcon.colcon_core.package_discovery:discover_packages(colcon_meta) check parameters
[0.646s] Level 1:colcon.colcon_core.package_discovery:discover_packages(recursive) check parameters
[0.646s] Level 1:colcon.colcon_core.package_discovery:discover_packages(ignore) check parameters
[0.646s] Level 1:colcon.colcon_core.package_discovery:discover_packages(path) check parameters
[0.646s] Level 1:colcon.colcon_core.package_discovery:discover_packages(colcon_meta) discover
[0.646s] Level 1:colcon.colcon_core.package_discovery:discover_packages(recursive) discover
[0.646s] INFO:colcon.colcon_core.package_discovery:Crawling recursively for packages in '/home/jetson-amiga/ros2_ws'
[0.646s] Level 1:colcon.colcon_core.package_identification:_identify(.) by extensions ['ignore', 'ignore_ament_install']
[0.647s] Level 1:colcon.colcon_core.package_identification:_identify(.) by extension 'ignore'
[0.647s] Level 1:colcon.colcon_core.package_identification:_identify(.) by extension 'ignore_ament_install'
[0.647s] Level 1:colcon.colcon_core.package_identification:_identify(.) by extensions ['colcon_pkg']
[0.647s] Level 1:colcon.colcon_core.package_identification:_identify(.) by extension 'colcon_pkg'
[0.647s] Level 1:colcon.colcon_core.package_identification:_identify(.) by extensions ['colcon_meta']
[0.647s] Level 1:colcon.colcon_core.package_identification:_identify(.) by extension 'colcon_meta'
[0.647s] Level 1:colcon.colcon_core.package_identification:_identify(.) by extensions ['ros']
[0.647s] Level 1:colcon.colcon_core.package_identification:_identify(.) by extension 'ros'
[0.672s] Level 1:colcon.colcon_core.package_identification:_identify(.) by extensions ['cmake', 'python']
[0.672s] Level 1:colcon.colcon_core.package_identification:_identify(.) by extension 'cmake'
[0.672s] Level 1:colcon.colcon_core.package_identification:_identify(.) by extension 'python'
[0.673s] Level 1:colcon.colcon_core.package_identification:_identify(.) by extensions ['python_setup_py']
[0.673s] Level 1:colcon.colcon_core.package_identification:_identify(.) by extension 'python_setup_py'
[0.673s] Level 1:colcon.colcon_core.package_identification:_identify(build) by extensions ['ignore', 'ignore_ament_install']
[0.673s] Level 1:colcon.colcon_core.package_identification:_identify(build) by extension 'ignore'
[0.673s] Level 1:colcon.colcon_core.package_identification:_identify(build) ignored
[0.674s] Level 1:colcon.colcon_core.package_identification:_identify(install) by extensions ['ignore', 'ignore_ament_install']
[0.674s] Level 1:colcon.colcon_core.package_identification:_identify(install) by extension 'ignore'
[0.674s] Level 1:colcon.colcon_core.package_identification:_identify(install) ignored
[0.674s] Level 1:colcon.colcon_core.package_identification:_identify(log) by extensions ['ignore', 'ignore_ament_install']
[0.675s] Level 1:colcon.colcon_core.package_identification:_identify(log) by extension 'ignore'
[0.675s] Level 1:colcon.colcon_core.package_identification:_identify(log) ignored
[0.675s] Level 1:colcon.colcon_core.package_identification:_identify(src) by extensions ['ignore', 'ignore_ament_install']
[0.675s] Level 1:colcon.colcon_core.package_identification:_identify(src) by extension 'ignore'
[0.675s] Level 1:colcon.colcon_core.package_identification:_identify(src) by extension 'ignore_ament_install'
[0.675s] Level 1:colcon.colcon_core.package_identification:_identify(src) by extensions ['colcon_pkg']
[0.675s] Level 1:colcon.colcon_core.package_identification:_identify(src) by extension 'colcon_pkg'
[0.676s] Level 1:colcon.colcon_core.package_identification:_identify(src) by extensions ['colcon_meta']
[0.676s] Level 1:colcon.colcon_core.package_identification:_identify(src) by extension 'colcon_meta'
[0.676s] Level 1:colcon.colcon_core.package_identification:_identify(src) by extensions ['ros']
[0.676s] Level 1:colcon.colcon_core.package_identification:_identify(src) by extension 'ros'
[0.676s] Level 1:colcon.colcon_core.package_identification:_identify(src) by extensions ['cmake', 'python']
[0.676s] Level 1:colcon.colcon_core.package_identification:_identify(src) by extension 'cmake'
[0.676s] Level 1:colcon.colcon_core.package_identification:_identify(src) by extension 'python'
[0.676s] Level 1:colcon.colcon_core.package_identification:_identify(src) by extensions ['python_setup_py']
[0.676s] Level 1:colcon.colcon_core.package_identification:_identify(src) by extension 'python_setup_py'
[0.677s] Level 1:colcon.colcon_core.package_identification:_identify(src/amiga-ros2-bridge) by extensions ['ignore', 'ignore_ament_install']
[0.677s] Level 1:colcon.colcon_core.package_identification:_identify(src/amiga-ros2-bridge) by extension 'ignore'
[0.677s] Level 1:colcon.colcon_core.package_identification:_identify(src/amiga-ros2-bridge) by extension 'ignore_ament_install'
[0.677s] Level 1:colcon.colcon_core.package_identification:_identify(src/amiga-ros2-bridge) by extensions ['colcon_pkg']
[0.677s] Level 1:colcon.colcon_core.package_identification:_identify(src/amiga-ros2-bridge) by extension 'colcon_pkg'
[0.677s] Level 1:colcon.colcon_core.package_identification:_identify(src/amiga-ros2-bridge) by extensions ['colcon_meta']
[0.677s] Level 1:colcon.colcon_core.package_identification:_identify(src/amiga-ros2-bridge) by extension 'colcon_meta'
[0.677s] Level 1:colcon.colcon_core.package_identification:_identify(src/amiga-ros2-bridge) by extensions ['ros']
[0.677s] Level 1:colcon.colcon_core.package_identification:_identify(src/amiga-ros2-bridge) by extension 'ros'
[0.678s] Level 1:colcon.colcon_core.package_identification:_identify(src/amiga-ros2-bridge) by extensions ['cmake', 'python']
[0.678s] Level 1:colcon.colcon_core.package_identification:_identify(src/amiga-ros2-bridge) by extension 'cmake'
[0.678s] Level 1:colcon.colcon_core.package_identification:_identify(src/amiga-ros2-bridge) by extension 'python'
[0.678s] Level 1:colcon.colcon_core.package_identification:_identify(src/amiga-ros2-bridge) by extensions ['python_setup_py']
[0.678s] Level 1:colcon.colcon_core.package_identification:_identify(src/amiga-ros2-bridge) by extension 'python_setup_py'
[0.678s] Level 1:colcon.colcon_core.package_identification:_identify(src/amiga-ros2-bridge/amiga_ros2_bridge) by extensions ['ignore', 'ignore_ament_install']
[0.678s] Level 1:colcon.colcon_core.package_identification:_identify(src/amiga-ros2-bridge/amiga_ros2_bridge) by extension 'ignore'
[0.678s] Level 1:colcon.colcon_core.package_identification:_identify(src/amiga-ros2-bridge/amiga_ros2_bridge) by extension 'ignore_ament_install'
[0.679s] Level 1:colcon.colcon_core.package_identification:_identify(src/amiga-ros2-bridge/amiga_ros2_bridge) by extensions ['colcon_pkg']
[0.679s] Level 1:colcon.colcon_core.package_identification:_identify(src/amiga-ros2-bridge/amiga_ros2_bridge) by extension 'colcon_pkg'
[0.679s] Level 1:colcon.colcon_core.package_identification:_identify(src/amiga-ros2-bridge/amiga_ros2_bridge) by extensions ['colcon_meta']
[0.679s] Level 1:colcon.colcon_core.package_identification:_identify(src/amiga-ros2-bridge/amiga_ros2_bridge) by extension 'colcon_meta'
[0.679s] Level 1:colcon.colcon_core.package_identification:_identify(src/amiga-ros2-bridge/amiga_ros2_bridge) by extensions ['ros']
[0.679s] Level 1:colcon.colcon_core.package_identification:_identify(src/amiga-ros2-bridge/amiga_ros2_bridge) by extension 'ros'
[0.684s] DEBUG:colcon.colcon_core.package_identification:Package 'src/amiga-ros2-bridge/amiga_ros2_bridge' with type 'ros.ament_python' and name 'amiga_ros2_bridge'
[0.685s] Level 1:colcon.colcon_core.package_identification:_identify(src/amiga-ros2-bridge/venv) by extensions ['ignore', 'ignore_ament_install']
[0.685s] Level 1:colcon.colcon_core.package_identification:_identify(src/amiga-ros2-bridge/venv) by extension 'ignore'
[0.685s] Level 1:colcon.colcon_core.package_identification:_identify(src/amiga-ros2-bridge/venv) by extension 'ignore_ament_install'
[0.685s] Level 1:colcon.colcon_core.package_identification:_identify(src/amiga-ros2-bridge/venv) by extensions ['colcon_pkg']
[0.685s] Level 1:colcon.colcon_core.package_identification:_identify(src/amiga-ros2-bridge/venv) by extension 'colcon_pkg'
[0.686s] Level 1:colcon.colcon_core.package_identification:_identify(src/amiga-ros2-bridge/venv) by extensions ['colcon_meta']
[0.686s] Level 1:colcon.colcon_core.package_identification:_identify(src/amiga-ros2-bridge/venv) by extension 'colcon_meta'
[0.686s] Level 1:colcon.colcon_core.package_identification:_identify(src/amiga-ros2-bridge/venv) by extensions ['ros']
[0.686s] Level 1:colcon.colcon_core.package_identification:_identify(src/amiga-ros2-bridge/venv) by extension 'ros'
[0.686s] Level 1:colcon.colcon_core.package_identification:_identify(src/amiga-ros2-bridge/venv) by extensions ['cmake', 'python']
[0.686s] Level 1:colcon.colcon_core.package_identification:_identify(src/amiga-ros2-bridge/venv) by extension 'cmake'
[0.686s] Level 1:colcon.colcon_core.package_identification:_identify(src/amiga-ros2-bridge/venv) by extension 'python'
[0.686s] Level 1:colcon.colcon_core.package_identification:_identify(src/amiga-ros2-bridge/venv) by extensions ['python_setup_py']
[0.686s] Level 1:colcon.colcon_core.package_identification:_identify(src/amiga-ros2-bridge/venv) by extension 'python_setup_py'
[0.687s] Level 1:colcon.colcon_core.package_identification:_identify(src/amiga-ros2-bridge/venv/bin) by extensions ['ignore', 'ignore_ament_install']
[0.687s] Level 1:colcon.colcon_core.package_identification:_identify(src/amiga-ros2-bridge/venv/bin) by extension 'ignore'
[0.687s] Level 1:colcon.colcon_core.package_identification:_identify(src/amiga-ros2-bridge/venv/bin) by extension 'ignore_ament_install'
[0.687s] Level 1:colcon.colcon_core.package_identification:_identify(src/amiga-ros2-bridge/venv/bin) by extensions ['colcon_pkg']
[0.687s] Level 1:colcon.colcon_core.package_identification:_identify(src/amiga-ros2-bridge/venv/bin) by extension 'colcon_pkg'
[0.687s] Level 1:colcon.colcon_core.package_identification:_identify(src/amiga-ros2-bridge/venv/bin) by extensions ['colcon_meta']
[0.687s] Level 1:colcon.colcon_core.package_identification:_identify(src/amiga-ros2-bridge/venv/bin) by extension 'colcon_meta'
[0.688s] Level 1:colcon.colcon_core.package_identification:_identify(src/amiga-ros2-bridge/venv/bin) by extensions ['ros']
[0.688s] Level 1:colcon.colcon_core.package_identification:_identify(src/amiga-ros2-bridge/venv/bin) by extension 'ros'
[0.688s] Level 1:colcon.colcon_core.package_identification:_identify(src/amiga-ros2-bridge/venv/bin) by extensions ['cmake', 'python']
[0.688s] Level 1:colcon.colcon_core.package_identification:_identify(src/amiga-ros2-bridge/venv/bin) by extension 'cmake'
[0.688s] Level 1:colcon.colcon_core.package_identification:_identify(src/amiga-ros2-bridge/venv/bin) by extension 'python'
[0.688s] Level 1:colcon.colcon_core.package_identification:_identify(src/amiga-ros2-bridge/venv/bin) by extensions ['python_setup_py']
[0.688s] Level 1:colcon.colcon_core.package_identification:_identify(src/amiga-ros2-bridge/venv/bin) by extension 'python_setup_py'
[0.688s] Level 1:colcon.colcon_core.package_identification:_identify(src/amiga-ros2-bridge/venv/include) by extensions ['ignore', 'ignore_ament_install']
[0.689s] Level 1:colcon.colcon_core.package_identification:_identify(src/amiga-ros2-bridge/venv/include) by extension 'ignore'
[0.689s] Level 1:colcon.colcon_core.package_identification:_identify(src/amiga-ros2-bridge/venv/include) by extension 'ignore_ament_install'
[0.689s] Level 1:colcon.colcon_core.package_identification:_identify(src/amiga-ros2-bridge/venv/include) by extensions ['colcon_pkg']
[0.689s] Level 1:colcon.colcon_core.package_identification:_identify(src/amiga-ros2-bridge/venv/include) by extension 'colcon_pkg'
[0.689s] Level 1:colcon.colcon_core.package_identification:_identify(src/amiga-ros2-bridge/venv/include) by extensions ['colcon_meta']
[0.689s] Level 1:colcon.colcon_core.package_identification:_identify(src/amiga-ros2-bridge/venv/include) by extension 'colcon_meta'
[0.689s] Level 1:colcon.colcon_core.package_identification:_identify(src/amiga-ros2-bridge/venv/include) by extensions ['ros']
[0.689s] Level 1:colcon.colcon_core.package_identification:_identify(src/amiga-ros2-bridge/venv/include) by extension 'ros'
[0.689s] Level 1:colcon.colcon_core.package_identification:_identify(src/amiga-ros2-bridge/venv/include) by extensions ['cmake', 'python']
[0.690s] Level 1:colcon.colcon_core.package_identification:_identify(src/amiga-ros2-bridge/venv/include) by extension 'cmake'
[0.690s] Level 1:colcon.colcon_core.package_identification:_identify(src/amiga-ros2-bridge/venv/include) by extension 'python'
[0.690s] Level 1:colcon.colcon_core.package_identification:_identify(src/amiga-ros2-bridge/venv/include) by extensions ['python_setup_py']
[0.690s] Level 1:colcon.colcon_core.package_identification:_identify(src/amiga-ros2-bridge/venv/include) by extension 'python_setup_py'
[0.690s] Level 1:colcon.colcon_core.package_identification:_identify(src/amiga-ros2-bridge/venv/lib) by extensions ['ignore', 'ignore_ament_install']
[0.690s] Level 1:colcon.colcon_core.package_identification:_identify(src/amiga-ros2-bridge/venv/lib) by extension 'ignore'
[0.690s] Level 1:colcon.colcon_core.package_identification:_identify(src/amiga-ros2-bridge/venv/lib) by extension 'ignore_ament_install'
[0.690s] Level 1:colcon.colcon_core.package_identification:_identify(src/amiga-ros2-bridge/venv/lib) by extensions ['colcon_pkg']
[0.690s] Level 1:colcon.colcon_core.package_identification:_identify(src/amiga-ros2-bridge/venv/lib) by extension 'colcon_pkg'
[0.691s] Level 1:colcon.colcon_core.package_identification:_identify(src/amiga-ros2-bridge/venv/lib) by extensions ['colcon_meta']
[0.691s] Level 1:colcon.colcon_core.package_identification:_identify(src/amiga-ros2-bridge/venv/lib) by extension 'colcon_meta'
[0.691s] Level 1:colcon.colcon_core.package_identification:_identify(src/amiga-ros2-bridge/venv/lib) by extensions ['ros']
[0.691s] Level 1:colcon.colcon_core.package_identification:_identify(src/amiga-ros2-bridge/venv/lib) by extension 'ros'
[0.691s] Level 1:colcon.colcon_core.package_identification:_identify(src/amiga-ros2-bridge/venv/lib) by extensions ['cmake', 'python']
[0.691s] Level 1:colcon.colcon_core.package_identification:_identify(src/amiga-ros2-bridge/venv/lib) by extension 'cmake'
[0.691s] Level 1:colcon.colcon_core.package_identification:_identify(src/amiga-ros2-bridge/venv/lib) by extension 'python'
[0.691s] Level 1:colcon.colcon_core.package_identification:_identify(src/amiga-ros2-bridge/venv/lib) by extensions ['python_setup_py']
[0.691s] Level 1:colcon.colcon_core.package_identification:_identify(src/amiga-ros2-bridge/venv/lib) by extension 'python_setup_py'
[0.692s] Level 1:colcon.colcon_core.package_identification:_identify(src/amiga-ros2-bridge/venv/lib/python3.10) by extensions ['ignore', 'ignore_ament_install']
[0.692s] Level 1:colcon.colcon_core.package_identification:_identify(src/amiga-ros2-bridge/venv/lib/python3.10) by extension 'ignore'
[0.692s] Level 1:colcon.colcon_core.package_identification:_identify(src/amiga-ros2-bridge/venv/lib/python3.10) by extension 'ignore_ament_install'
[0.692s] Level 1:colcon.colcon_core.package_identification:_identify(src/amiga-ros2-bridge/venv/lib/python3.10) by extensions ['colcon_pkg']
[0.692s] Level 1:colcon.colcon_core.package_identification:_identify(src/amiga-ros2-bridge/venv/lib/python3.10) by extension 'colcon_pkg'
[0.692s] Level 1:colcon.colcon_core.package_identification:_identify(src/amiga-ros2-bridge/venv/lib/python3.10) by extensions ['colcon_meta']
[0.692s] Level 1:colcon.colcon_core.package_identification:_identify(src/amiga-ros2-bridge/venv/lib/python3.10) by extension 'colcon_meta'
[0.692s] Level 1:colcon.colcon_core.package_identification:_identify(src/amiga-ros2-bridge/venv/lib/python3.10) by extensions ['ros']
[0.693s] Level 1:colcon.colcon_core.package_identification:_identify(src/amiga-ros2-bridge/venv/lib/python3.10) by extension 'ros'
[0.693s] Level 1:colcon.colcon_core.package_identification:_identify(src/amiga-ros2-bridge/venv/lib/python3.10) by extensions ['cmake', 'python']
[0.693s] Level 1:colcon.colcon_core.package_identification:_identify(src/amiga-ros2-bridge/venv/lib/python3.10) by extension 'cmake'
[0.693s] Level 1:colcon.colcon_core.package_identification:_identify(src/amiga-ros2-bridge/venv/lib/python3.10) by extension 'python'
[0.693s] Level 1:colcon.colcon_core.package_identification:_identify(src/amiga-ros2-bridge/venv/lib/python3.10) by extensions ['python_setup_py']
[0.693s] Level 1:colcon.colcon_core.package_identification:_identify(src/amiga-ros2-bridge/venv/lib/python3.10) by extension 'python_setup_py'
[0.693s] Level 1:colcon.colcon_core.package_identification:_identify(src/amiga-ros2-bridge/venv/lib/python3.10/site-packages) by extensions ['ignore', 'ignore_ament_install']
[0.694s] Level 1:colcon.colcon_core.package_identification:_identify(src/amiga-ros2-bridge/venv/lib/python3.10/site-packages) by extension 'ignore'
[0.694s] Level 1:colcon.colcon_core.package_identification:_identify(src/amiga-ros2-bridge/venv/lib/python3.10/site-packages) by extension 'ignore_ament_install'
[0.694s] Level 1:colcon.colcon_core.package_identification:_identify(src/amiga-ros2-bridge/venv/lib/python3.10/site-packages) by extensions ['colcon_pkg']
[0.694s] Level 1:colcon.colcon_core.package_identification:_identify(src/amiga-ros2-bridge/venv/lib/python3.10/site-packages) by extension 'colcon_pkg'
[0.694s] Level 1:colcon.colcon_core.package_identification:_identify(src/amiga-ros2-bridge/venv/lib/python3.10/site-packages) by extensions ['colcon_meta']
[0.694s] Level 1:colcon.colcon_core.package_identification:_identify(src/amiga-ros2-bridge/venv/lib/python3.10/site-packages) by extension 'colcon_meta'
[0.694s] Level 1:colcon.colcon_core.package_identification:_identify(src/amiga-ros2-bridge/venv/lib/python3.10/site-packages) by extensions ['ros']
[0.694s] Level 1:colcon.colcon_core.package_identification:_identify(src/amiga-ros2-bridge/venv/lib/python3.10/site-packages) by extension 'ros'
[0.694s] Level 1:colcon.colcon_core.package_identification:_identify(src/amiga-ros2-bridge/venv/lib/python3.10/site-packages) by extensions ['cmake', 'python']
[0.694s] Level 1:colcon.colcon_core.package_identification:_identify(src/amiga-ros2-bridge/venv/lib/python3.10/site-packages) by extension 'cmake'
[0.695s] Level 1:colcon.colcon_core.package_identification:_identify(src/amiga-ros2-bridge/venv/lib/python3.10/site-packages) by extension 'python'
[0.695s] Level 1:colcon.colcon_core.package_identification:_identify(src/amiga-ros2-bridge/venv/lib/python3.10/site-packages) by extensions ['python_setup_py']
[0.695s] Level 1:colcon.colcon_core.package_identification:_identify(src/amiga-ros2-bridge/venv/lib/python3.10/site-packages) by extension 'python_setup_py'
[0.695s] Level 1:colcon.colcon_core.package_identification:_identify(src/amiga-ros2-bridge/venv/lib/python3.10/site-packages/_distutils_hack) by extensions ['ignore', 'ignore_ament_install']
[0.695s] Level 1:colcon.colcon_core.package_identification:_identify(src/amiga-ros2-bridge/venv/lib/python3.10/site-packages/_distutils_hack) by extension 'ignore'
[0.695s] Level 1:colcon.colcon_core.package_identification:_identify(src/amiga-ros2-bridge/venv/lib/python3.10/site-packages/_distutils_hack) by extension 'ignore_ament_install'
[0.696s] Level 1:colcon.colcon_core.package_identification:_identify(src/amiga-ros2-bridge/venv/lib/python3.10/site-packages/_distutils_hack) by extensions ['colcon_pkg']
[0.696s] Level 1:colcon.colcon_core.package_identification:_identify(src/amiga-ros2-bridge/venv/lib/python3.10/site-packages/_distutils_hack) by extension 'colcon_pkg'
[0.696s] Level 1:colcon.colcon_core.package_identification:_identify(src/amiga-ros2-bridge/venv/lib/python3.10/site-packages/_distutils_hack) by extensions ['colcon_meta']
[0.696s] Level 1:colcon.colcon_core.package_identification:_identify(src/amiga-ros2-bridge/venv/lib/python3.10/site-packages/_distutils_hack) by extension 'colcon_meta'
[0.696s] Level 1:colcon.colcon_core.package_identification:_identify(src/amiga-ros2-bridge/venv/lib/python3.10/site-packages/_distutils_hack) by extensions ['ros']
[0.696s] Level 1:colcon.colcon_core.package_identification:_identify(src/amiga-ros2-bridge/venv/lib/python3.10/site-packages/_distutils_hack) by extension 'ros'
[0.696s] Level 1:colcon.colcon_core.package_identification:_identify(src/amiga-ros2-bridge/venv/lib/python3.10/site-packages/_distutils_hack) by extensions ['cmake', 'python']
[0.696s] Level 1:colcon.colcon_core.package_identification:_identify(src/amiga-ros2-bridge/venv/lib/python3.10/site-packages/_distutils_hack) by extension 'cmake'
[0.696s] Level 1:colcon.colcon_core.package_identification:_identify(src/amiga-ros2-bridge/venv/lib/python3.10/site-packages/_distutils_hack) by extension 'python'
[0.696s] Level 1:colcon.colcon_core.package_identification:_identify(src/amiga-ros2-bridge/venv/lib/python3.10/site-packages/_distutils_hack) by extensions ['python_setup_py']
[0.696s] Level 1:colcon.colcon_core.package_identification:_identify(src/amiga-ros2-bridge/venv/lib/python3.10/site-packages/_distutils_hack) by extension 'python_setup_py'
[0.697s] Level 1:colcon.colcon_core.package_identification:_identify(src/amiga-ros2-bridge/venv/lib/python3.10/site-packages/_distutils_hack/__pycache__) by extensions ['ignore', 'ignore_ament_install']
[0.697s] Level 1:colcon.colcon_core.package_identification:_identify(src/amiga-ros2-bridge/venv/lib/python3.10/site-packages/_distutils_hack/__pycache__) by extension 'ignore'
[0.697s] Level 1:colcon.colcon_core.package_identification:_identify(src/amiga-ros2-bridge/venv/lib/python3.10/site-packages/_distutils_hack/__pycache__) by extension 'ignore_ament_install'
[0.697s] Level 1:colcon.colcon_core.package_identification:_identify(src/amiga-ros2-bridge/venv/lib/python3.10/site-packages/_distutils_hack/__pycache__) by extensions ['colcon_pkg']
[0.697s] Level 1:colcon.colcon_core.package_identification:_identify(src/amiga-ros2-bridge/venv/lib/python3.10/site-packages/_distutils_hack/__pycache__) by extension 'colcon_pkg'
[0.697s] Level 1:colcon.colcon_core.package_identification:_identify(src/amiga-ros2-bridge/venv/lib/python3.10/site-packages/_distutils_hack/__pycache__) by extensions ['colcon_meta']
[0.697s] Level 1:colcon.colcon_core.package_identification:_identify(src/amiga-ros2-bridge/venv/lib/python3.10/site-packages/_distutils_hack/__pycache__) by extension 'colcon_meta'
[0.698s] Level 1:colcon.colcon_core.package_identification:_identify(src/amiga-ros2-bridge/venv/lib/python3.10/site-packages/_distutils_hack/__pycache__) by extensions ['ros']
[0.698s] Level 1:colcon.colcon_core.package_identification:_identify(src/amiga-ros2-bridge/venv/lib/python3.10/site-packages/_distutils_hack/__pycache__) by extension 'ros'
[0.698s] Level 1:colcon.colcon_core.package_identification:_identify(src/amiga-ros2-bridge/venv/lib/python3.10/site-packages/_distutils_hack/__pycache__) by extensions ['cmake', 'python']
[0.698s] Level 1:colcon.colcon_core.package_identification:_identify(src/amiga-ros2-bridge/venv/lib/python3.10/site-packages/_distutils_hack/__pycache__) by extension 'cmake'
[0.698s] Level 1:colcon.colcon_core.package_identification:_identify(src/amiga-ros2-bridge/venv/lib/python3.10/site-packages/_distutils_hack/__pycache__) by extension 'python'
[0.698s] Level 1:colcon.colcon_core.package_identification:_identify(src/amiga-ros2-bridge/venv/lib/python3.10/site-packages/_distutils_hack/__pycache__) by extensions ['python_setup_py']
[0.698s] Level 1:colcon.colcon_core.package_identification:_identify(src/amiga-ros2-bridge/venv/lib/python3.10/site-packages/_distutils_hack/__pycache__) by extension 'python_setup_py'
[0.698s] Level 1:colcon.colcon_core.package_identification:_identify(src/amiga-ros2-bridge/venv/lib/python3.10/site-packages/farm_ng) by extensions ['ignore', 'ignore_ament_install']
[0.699s] Level 1:colcon.colcon_core.package_identification:_identify(src/amiga-ros2-bridge/venv/lib/python3.10/site-packages/farm_ng) by extension 'ignore'
[0.699s] Level 1:colcon.colcon_core.package_identification:_identify(src/amiga-ros2-bridge/venv/lib/python3.10/site-packages/farm_ng) by extension 'ignore_ament_install'
[0.699s] Level 1:colcon.colcon_core.package_identification:_identify(src/amiga-ros2-bridge/venv/lib/python3.10/site-packages/farm_ng) by extensions ['colcon_pkg']
[0.699s] Level 1:colcon.colcon_core.package_identification:_identify(src/amiga-ros2-bridge/venv/lib/python3.10/site-packages/farm_ng) by extension 'colcon_pkg'
[0.699s] Level 1:colcon.colcon_core.package_identification:_identify(src/amiga-ros2-bridge/venv/lib/python3.10/site-packages/farm_ng) by extensions ['colcon_meta']
[0.699s] Level 1:colcon.colcon_core.package_identification:_identify(src/amiga-ros2-bridge/venv/lib/python3.10/site-packages/farm_ng) by extension 'colcon_meta'
[0.699s] Level 1:colcon.colcon_core.package_identification:_identify(src/amiga-ros2-bridge/venv/lib/python3.10/site-packages/farm_ng) by extensions ['ros']
[0.699s] Level 1:colcon.colcon_core.package_identification:_identify(src/amiga-ros2-bridge/venv/lib/python3.10/site-packages/farm_ng) by extension 'ros'
[0.700s] Level 1:colcon.colcon_core.package_identification:_identify(src/amiga-ros2-bridge/venv/lib/python3.10/site-packages/farm_ng) by extensions ['cmake', 'python']
[0.700s] Level 1:colcon.colcon_core.package_identification:_identify(src/amiga-ros2-bridge/venv/lib/python3.10/site-packages/farm_ng) by extension 'cmake'
[0.700s] Level 1:colcon.colcon_core.package_identification:_identify(src/amiga-ros2-bridge/venv/lib/python3.10/site-packages/farm_ng) by extension 'python'
[0.700s] Level 1:colcon.colcon_core.package_identification:_identify(src/amiga-ros2-bridge/venv/lib/python3.10/site-packages/farm_ng) by extensions ['python_setup_py']
[0.700s] Level 1:colcon.colcon_core.package_identification:_identify(src/amiga-ros2-bridge/venv/lib/python3.10/site-packages/farm_ng) by extension 'python_setup_py'
[0.700s] Level 1:colcon.colcon_core.package_identification:_identify(src/amiga-ros2-bridge/venv/lib/python3.10/site-packages/farm_ng/amiga) by extensions ['ignore', 'ignore_ament_install']
[0.700s] Level 1:colcon.colcon_core.package_identification:_identify(src/amiga-ros2-bridge/venv/lib/python3.10/site-packages/farm_ng/amiga) by extension 'ignore'
[0.700s] Level 1:colcon.colcon_core.package_identification:_identify(src/amiga-ros2-bridge/venv/lib/python3.10/site-packages/farm_ng/amiga) by extension 'ignore_ament_install'
[0.701s] Level 1:colcon.colcon_core.package_identification:_identify(src/amiga-ros2-bridge/venv/lib/python3.10/site-packages/farm_ng/amiga) by extensions ['colcon_pkg']
[0.701s] Level 1:colcon.colcon_core.package_identification:_identify(src/amiga-ros2-bridge/venv/lib/python3.10/site-packages/farm_ng/amiga) by extension 'colcon_pkg'
[0.701s] Level 1:colcon.colcon_core.package_identification:_identify(src/amiga-ros2-bridge/venv/lib/python3.10/site-packages/farm_ng/amiga) by extensions ['colcon_meta']
[0.701s] Level 1:colcon.colcon_core.package_identification:_identify(src/amiga-ros2-bridge/venv/lib/python3.10/site-packages/farm_ng/amiga) by extension 'colcon_meta'
[0.701s] Level 1:colcon.colcon_core.package_identification:_identify(src/amiga-ros2-bridge/venv/lib/python3.10/site-packages/farm_ng/amiga) by extensions ['ros']
[0.701s] Level 1:colcon.colcon_core.package_identification:_identify(src/amiga-ros2-bridge/venv/lib/python3.10/site-packages/farm_ng/amiga) by extension 'ros'
[0.701s] Level 1:colcon.colcon_core.package_identification:_identify(src/amiga-ros2-bridge/venv/lib/python3.10/site-packages/farm_ng/amiga) by extensions ['cmake', 'python']
[0.701s] Level 1:colcon.colcon_core.package_identification:_identify(src/amiga-ros2-bridge/venv/lib/python3.10/site-packages/farm_ng/amiga) by extension 'cmake'
[0.701s] Level 1:colcon.colcon_core.package_identification:_identify(src/amiga-ros2-bridge/venv/lib/python3.10/site-packages/farm_ng/amiga) by extension 'python'
[0.701s] Level 1:colcon.colcon_core.package_identification:_identify(src/amiga-ros2-bridge/venv/lib/python3.10/site-packages/farm_ng/amiga) by extensions ['python_setup_py']
[0.702s] Level 1:colcon.colcon_core.package_identification:_identify(src/amiga-ros2-bridge/venv/lib/python3.10/site-packages/farm_ng/amiga) by extension 'python_setup_py'
[0.702s] Level 1:colcon.colcon_core.package_identification:_identify(src/amiga-ros2-bridge/venv/lib/python3.10/site-packages/farm_ng/amiga/__pycache__) by extensions ['ignore', 'ignore_ament_install']
[0.702s] Level 1:colcon.colcon_core.package_identification:_identify(src/amiga-ros2-bridge/venv/lib/python3.10/site-packages/farm_ng/amiga/__pycache__) by extension 'ignore'
[0.702s] Level 1:colcon.colcon_core.package_identification:_identify(src/amiga-ros2-bridge/venv/lib/python3.10/site-packages/farm_ng/amiga/__pycache__) by extension 'ignore_ament_install'
[0.702s] Level 1:colcon.colcon_core.package_identification:_identify(src/amiga-ros2-bridge/venv/lib/python3.10/site-packages/farm_ng/amiga/__pycache__) by extensions ['colcon_pkg']
[0.702s] Level 1:colcon.colcon_core.package_identification:_identify(src/amiga-ros2-bridge/venv/lib/python3.10/site-packages/farm_ng/amiga/__pycache__) by extension 'colcon_pkg'
[0.702s] Level 1:colcon.colcon_core.package_identification:_identify(src/amiga-ros2-bridge/venv/lib/python3.10/site-packages/farm_ng/amiga/__pycache__) by extensions ['colcon_meta']
[0.702s] Level 1:colcon.colcon_core.package_identification:_identify(src/amiga-ros2-bridge/venv/lib/python3.10/site-packages/farm_ng/amiga/__pycache__) by extension 'colcon_meta'
[0.703s] Level 1:colcon.colcon_core.package_identification:_identify(src/amiga-ros2-bridge/venv/lib/python3.10/site-packages/farm_ng/amiga/__pycache__) by extensions ['ros']
[0.703s] Level 1:colcon.colcon_core.package_identification:_identify(src/amiga-ros2-bridge/venv/lib/python3.10/site-packages/farm_ng/amiga/__pycache__) by extension 'ros'
[0.703s] Level 1:colcon.colcon_core.package_identification:_identify(src/amiga-ros2-bridge/venv/lib/python3.10/site-packages/farm_ng/amiga/__pycache__) by extensions ['cmake', 'python']
[0.703s] Level 1:colcon.colcon_core.package_identification:_identify(src/amiga-ros2-bridge/venv/lib/python3.10/site-packages/farm_ng/amiga/__pycache__) by extension 'cmake'
[0.703s] Level 1:colcon.colcon_core.package_identification:_identify(src/amiga-ros2-bridge/venv/lib/python3.10/site-packages/farm_ng/amiga/__pycache__) by extension 'python'
[0.703s] Level 1:colcon.colcon_core.package_identification:_identify(src/amiga-ros2-bridge/venv/lib/python3.10/site-packages/farm_ng/amiga/__pycache__) by extensions ['python_setup_py']
[0.703s] Level 1:colcon.colcon_core.package_identification:_identify(src/amiga-ros2-bridge/venv/lib/python3.10/site-packages/farm_ng/amiga/__pycache__) by extension 'python_setup_py'
[0.704s] Level 1:colcon.colcon_core.package_identification:_identify(src/amiga-ros2-bridge/venv/lib/python3.10/site-packages/farm_ng/canbus) by extensions ['ignore', 'ignore_ament_install']
[0.704s] Level 1:colcon.colcon_core.package_identification:_identify(src/amiga-ros2-bridge/venv/lib/python3.10/site-packages/farm_ng/canbus) by extension 'ignore'
[0.704s] Level 1:colcon.colcon_core.package_identification:_identify(src/amiga-ros2-bridge/venv/lib/python3.10/site-packages/farm_ng/canbus) by extension 'ignore_ament_install'
[0.704s] Level 1:colcon.colcon_core.package_identification:_identify(src/amiga-ros2-bridge/venv/lib/python3.10/site-packages/farm_ng/canbus) by extensions ['colcon_pkg']
[0.704s] Level 1:colcon.colcon_core.package_identification:_identify(src/amiga-ros2-bridge/venv/lib/python3.10/site-packages/farm_ng/canbus) by extension 'colcon_pkg'
[0.704s] Level 1:colcon.colcon_core.package_identification:_identify(src/amiga-ros2-bridge/venv/lib/python3.10/site-packages/farm_ng/canbus) by extensions ['colcon_meta']
[0.704s] Level 1:colcon.colcon_core.package_identification:_identify(src/amiga-ros2-bridge/venv/lib/python3.10/site-packages/farm_ng/canbus) by extension 'colcon_meta'
[0.704s] Level 1:colcon.colcon_core.package_identification:_identify(src/amiga-ros2-bridge/venv/lib/python3.10/site-packages/farm_ng/canbus) by extensions ['ros']
[0.704s] Level 1:colcon.colcon_core.package_identification:_identify(src/amiga-ros2-bridge/venv/lib/python3.10/site-packages/farm_ng/canbus) by extension 'ros'
[0.705s] Level 1:colcon.colcon_core.package_identification:_identify(src/amiga-ros2-bridge/venv/lib/python3.10/site-packages/farm_ng/canbus) by extensions ['cmake', 'python']
[0.705s] Level 1:colcon.colcon_core.package_identification:_identify(src/amiga-ros2-bridge/venv/lib/python3.10/site-packages/farm_ng/canbus) by extension 'cmake'
[0.705s] Level 1:colcon.colcon_core.package_identification:_identify(src/amiga-ros2-bridge/venv/lib/python3.10/site-packages/farm_ng/canbus) by extension 'python'
[0.705s] Level 1:colcon.colcon_core.package_identification:_identify(src/amiga-ros2-bridge/venv/lib/python3.10/site-packages/farm_ng/canbus) by extensions ['python_setup_py']
[0.705s] Level 1:colcon.colcon_core.package_identification:_identify(src/amiga-ros2-bridge/venv/lib/python3.10/site-packages/farm_ng/canbus) by extension 'python_setup_py'
[0.705s] Level 1:colcon.colcon_core.package_identification:_identify(src/amiga-ros2-bridge/venv/lib/python3.10/site-packages/farm_ng/canbus/__pycache__) by extensions ['ignore', 'ignore_ament_install']
[0.705s] Level 1:colcon.colcon_core.package_identification:_identify(src/amiga-ros2-bridge/venv/lib/python3.10/site-packages/farm_ng/canbus/__pycache__) by extension 'ignore'
[0.706s] Level 1:colcon.colcon_core.package_identification:_identify(src/amiga-ros2-bridge/venv/lib/python3.10/site-packages/farm_ng/canbus/__pycache__) by extension 'ignore_ament_install'
[0.706s] Level 1:colcon.colcon_core.package_identification:_identify(src/amiga-ros2-bridge/venv/lib/python3.10/site-packages/farm_ng/canbus/__pycache__) by extensions ['colcon_pkg']
[0.706s] Level 1:colcon.colcon_core.package_identification:_identify(src/amiga-ros2-bridge/venv/lib/python3.10/site-packages/farm_ng/canbus/__pycache__) by extension 'colcon_pkg'
[0.706s] Level 1:colcon.colcon_core.package_identification:_identify(src/amiga-ros2-bridge/venv/lib/python3.10/site-packages/farm_ng/canbus/__pycache__) by extensions ['colcon_meta']
[0.706s] Level 1:colcon.colcon_core.package_identification:_identify(src/amiga-ros2-bridge/venv/lib/python3.10/site-packages/farm_ng/canbus/__pycache__) by extension 'colcon_meta'
[0.706s] Level 1:colcon.colcon_core.package_identification:_identify(src/amiga-ros2-bridge/venv/lib/python3.10/site-packages/farm_ng/canbus/__pycache__) by extensions ['ros']
[0.706s] Level 1:colcon.colcon_core.package_identification:_identify(src/amiga-ros2-bridge/venv/lib/python3.10/site-packages/farm_ng/canbus/__pycache__) by extension 'ros'
[0.706s] Level 1:colcon.colcon_core.package_identification:_identify(src/amiga-ros2-bridge/venv/lib/python3.10/site-packages/farm_ng/canbus/__pycache__) by extensions ['cmake', 'python']
[0.707s] Level 1:colcon.colcon_core.package_identification:_identify(src/amiga-ros2-bridge/venv/lib/python3.10/site-packages/farm_ng/canbus/__pycache__) by extension 'cmake'
[0.707s] Level 1:colcon.colcon_core.package_identification:_identify(src/amiga-ros2-bridge/venv/lib/python3.10/site-packages/farm_ng/canbus/__pycache__) by extension 'python'
[0.707s] Level 1:colcon.colcon_core.package_identification:_identify(src/amiga-ros2-bridge/venv/lib/python3.10/site-packages/farm_ng/canbus/__pycache__) by extensions ['python_setup_py']
[0.707s] Level 1:colcon.colcon_core.package_identification:_identify(src/amiga-ros2-bridge/venv/lib/python3.10/site-packages/farm_ng/canbus/__pycache__) by extension 'python_setup_py'
[0.707s] Level 1:colcon.colcon_core.package_identification:_identify(src/amiga-ros2-bridge/venv/lib/python3.10/site-packages/farm_ng/core) by extensions ['ignore', 'ignore_ament_install']
[0.708s] Level 1:colcon.colcon_core.package_identification:_identify(src/amiga-ros2-bridge/venv/lib/python3.10/site-packages/farm_ng/core) by extension 'ignore'
[0.708s] Level 1:colcon.colcon_core.package_identification:_identify(src/amiga-ros2-bridge/venv/lib/python3.10/site-packages/farm_ng/core) by extension 'ignore_ament_install'
[0.708s] Level 1:colcon.colcon_core.package_identification:_identify(src/amiga-ros2-bridge/venv/lib/python3.10/site-packages/farm_ng/core) by extensions ['colcon_pkg']
[0.708s] Level 1:colcon.colcon_core.package_identification:_identify(src/amiga-ros2-bridge/venv/lib/python3.10/site-packages/farm_ng/core) by extension 'colcon_pkg'
[0.708s] Level 1:colcon.colcon_core.package_identification:_identify(src/amiga-ros2-bridge/venv/lib/python3.10/site-packages/farm_ng/core) by extensions ['colcon_meta']
[0.708s] Level 1:colcon.colcon_core.package_identification:_identify(src/amiga-ros2-bridge/venv/lib/python3.10/site-packages/farm_ng/core) by extension 'colcon_meta'
[0.708s] Level 1:colcon.colcon_core.package_identification:_identify(src/amiga-ros2-bridge/venv/lib/python3.10/site-packages/farm_ng/core) by extensions ['ros']
[0.708s] Level 1:colcon.colcon_core.package_identification:_identify(src/amiga-ros2-bridge/venv/lib/python3.10/site-packages/farm_ng/core) by extension 'ros'
[0.709s] Level 1:colcon.colcon_core.package_identification:_identify(src/amiga-ros2-bridge/venv/lib/python3.10/site-packages/farm_ng/core) by extensions ['cmake', 'python']
[0.709s] Level 1:colcon.colcon_core.package_identification:_identify(src/amiga-ros2-bridge/venv/lib/python3.10/site-packages/farm_ng/core) by extension 'cmake'
[0.709s] Level 1:colcon.colcon_core.package_identification:_identify(src/amiga-ros2-bridge/venv/lib/python3.10/site-packages/farm_ng/core) by extension 'python'
[0.709s] Level 1:colcon.colcon_core.package_identification:_identify(src/amiga-ros2-bridge/venv/lib/python3.10/site-packages/farm_ng/core) by extensions ['python_setup_py']
[0.709s] Level 1:colcon.colcon_core.package_identification:_identify(src/amiga-ros2-bridge/venv/lib/python3.10/site-packages/farm_ng/core) by extension 'python_setup_py'
[0.709s] Level 1:colcon.colcon_core.package_identification:_identify(src/amiga-ros2-bridge/venv/lib/python3.10/site-packages/farm_ng/core/__pycache__) by extensions ['ignore', 'ignore_ament_install']
[0.709s] Level 1:colcon.colcon_core.package_identification:_identify(src/amiga-ros2-bridge/venv/lib/python3.10/site-packages/farm_ng/core/__pycache__) by extension 'ignore'
[0.710s] Level 1:colcon.colcon_core.package_identification:_identify(src/amiga-ros2-bridge/venv/lib/python3.10/site-packages/farm_ng/core/__pycache__) by extension 'ignore_ament_install'
[0.710s] Level 1:colcon.colcon_core.package_identification:_identify(src/amiga-ros2-bridge/venv/lib/python3.10/site-packages/farm_ng/core/__pycache__) by extensions ['colcon_pkg']
[0.710s] Level 1:colcon.colcon_core.package_identification:_identify(src/amiga-ros2-bridge/venv/lib/python3.10/site-packages/farm_ng/core/__pycache__) by extension 'colcon_pkg'
[0.710s] Level 1:colcon.colcon_core.package_identification:_identify(src/amiga-ros2-bridge/venv/lib/python3.10/site-packages/farm_ng/core/__pycache__) by extensions ['colcon_meta']
[0.710s] Level 1:colcon.colcon_core.package_identification:_identify(src/amiga-ros2-bridge/venv/lib/python3.10/site-packages/farm_ng/core/__pycache__) by extension 'colcon_meta'
[0.710s] Level 1:colcon.colcon_core.package_identification:_identify(src/amiga-ros2-bridge/venv/lib/python3.10/site-packages/farm_ng/core/__pycache__) by extensions ['ros']
[0.710s] Level 1:colcon.colcon_core.package_identification:_identify(src/amiga-ros2-bridge/venv/lib/python3.10/site-packages/farm_ng/core/__pycache__) by extension 'ros'
[0.710s] Level 1:colcon.colcon_core.package_identification:_identify(src/amiga-ros2-bridge/venv/lib/python3.10/site-packages/farm_ng/core/__pycache__) by extensions ['cmake', 'python']
[0.710s] Level 1:colcon.colcon_core.package_identification:_identify(src/amiga-ros2-bridge/venv/lib/python3.10/site-packages/farm_ng/core/__pycache__) by extension 'cmake'
[0.711s] Level 1:colcon.colcon_core.package_identification:_identify(src/amiga-ros2-bridge/venv/lib/python3.10/site-packages/farm_ng/core/__pycache__) by extension 'python'
[0.711s] Level 1:colcon.colcon_core.package_identification:_identify(src/amiga-ros2-bridge/venv/lib/python3.10/site-packages/farm_ng/core/__pycache__) by extensions ['python_setup_py']
[0.711s] Level 1:colcon.colcon_core.package_identification:_identify(src/amiga-ros2-bridge/venv/lib/python3.10/site-packages/farm_ng/core/__pycache__) by extension 'python_setup_py'
[0.711s] Level 1:colcon.colcon_core.package_identification:_identify(src/amiga-ros2-bridge/venv/lib/python3.10/site-packages/farm_ng/filter) by extensions ['ignore', 'ignore_ament_install']
[0.711s] Level 1:colcon.colcon_core.package_identification:_identify(src/amiga-ros2-bridge/venv/lib/python3.10/site-packages/farm_ng/filter) by extension 'ignore'
[0.711s] Level 1:colcon.colcon_core.package_identification:_identify(src/amiga-ros2-bridge/venv/lib/python3.10/site-packages/farm_ng/filter) by extension 'ignore_ament_install'
[0.711s] Level 1:colcon.colcon_core.package_identification:_identify(src/amiga-ros2-bridge/venv/lib/python3.10/site-packages/farm_ng/filter) by extensions ['colcon_pkg']
[0.711s] Level 1:colcon.colcon_core.package_identification:_identify(src/amiga-ros2-bridge/venv/lib/python3.10/site-packages/farm_ng/filter) by extension 'colcon_pkg'
[0.712s] Level 1:colcon.colcon_core.package_identification:_identify(src/amiga-ros2-bridge/venv/lib/python3.10/site-packages/farm_ng/filter) by extensions ['colcon_meta']
[0.712s] Level 1:colcon.colcon_core.package_identification:_identify(src/amiga-ros2-bridge/venv/lib/python3.10/site-packages/farm_ng/filter) by extension 'colcon_meta'
[0.712s] Level 1:colcon.colcon_core.package_identification:_identify(src/amiga-ros2-bridge/venv/lib/python3.10/site-packages/farm_ng/filter) by extensions ['ros']
[0.712s] Level 1:colcon.colcon_core.package_identification:_identify(src/amiga-ros2-bridge/venv/lib/python3.10/site-packages/farm_ng/filter) by extension 'ros'
[0.712s] Level 1:colcon.colcon_core.package_identification:_identify(src/amiga-ros2-bridge/venv/lib/python3.10/site-packages/farm_ng/filter) by extensions ['cmake', 'python']
[0.712s] Level 1:colcon.colcon_core.package_identification:_identify(src/amiga-ros2-bridge/venv/lib/python3.10/site-packages/farm_ng/filter) by extension 'cmake'
[0.712s] Level 1:colcon.colcon_core.package_identification:_identify(src/amiga-ros2-bridge/venv/lib/python3.10/site-packages/farm_ng/filter) by extension 'python'
[0.712s] Level 1:colcon.colcon_core.package_identification:_identify(src/amiga-ros2-bridge/venv/lib/python3.10/site-packages/farm_ng/filter) by extensions ['python_setup_py']
[0.712s] Level 1:colcon.colcon_core.package_identification:_identify(src/amiga-ros2-bridge/venv/lib/python3.10/site-packages/farm_ng/filter) by extension 'python_setup_py'
[0.713s] Level 1:colcon.colcon_core.package_identification:_identify(src/amiga-ros2-bridge/venv/lib/python3.10/site-packages/farm_ng/filter/__pycache__) by extensions ['ignore', 'ignore_ament_install']
[0.713s] Level 1:colcon.colcon_core.package_identification:_identify(src/amiga-ros2-bridge/venv/lib/python3.10/site-packages/farm_ng/filter/__pycache__) by extension 'ignore'
[0.713s] Level 1:colcon.colcon_core.package_identification:_identify(src/amiga-ros2-bridge/venv/lib/python3.10/site-packages/farm_ng/filter/__pycache__) by extension 'ignore_ament_install'
[0.713s] Level 1:colcon.colcon_core.package_identification:_identify(src/amiga-ros2-bridge/venv/lib/python3.10/site-packages/farm_ng/filter/__pycache__) by extensions ['colcon_pkg']
[0.713s] Level 1:colcon.colcon_core.package_identification:_identify(src/amiga-ros2-bridge/venv/lib/python3.10/site-packages/farm_ng/filter/__pycache__) by extension 'colcon_pkg'
[0.713s] Level 1:colcon.colcon_core.package_identification:_identify(src/amiga-ros2-bridge/venv/lib/python3.10/site-packages/farm_ng/filter/__pycache__) by extensions ['colcon_meta']
[0.713s] Level 1:colcon.colcon_core.package_identification:_identify(src/amiga-ros2-bridge/venv/lib/python3.10/site-packages/farm_ng/filter/__pycache__) by extension 'colcon_meta'
[0.713s] Level 1:colcon.colcon_core.package_identification:_identify(src/amiga-ros2-bridge/venv/lib/python3.10/site-packages/farm_ng/filter/__pycache__) by extensions ['ros']
[0.714s] Level 1:colcon.colcon_core.package_identification:_identify(src/amiga-ros2-bridge/venv/lib/python3.10/site-packages/farm_ng/filter/__pycache__) by extension 'ros'
[0.714s] Level 1:colcon.colcon_core.package_identification:_identify(src/amiga-ros2-bridge/venv/lib/python3.10/site-packages/farm_ng/filter/__pycache__) by extensions ['cmake', 'python']
[0.714s] Level 1:colcon.colcon_core.package_identification:_identify(src/amiga-ros2-bridge/venv/lib/python3.10/site-packages/farm_ng/filter/__pycache__) by extension 'cmake'
[0.714s] Level 1:colcon.colcon_core.package_identification:_identify(src/amiga-ros2-bridge/venv/lib/python3.10/site-packages/farm_ng/filter/__pycache__) by extension 'python'
[0.714s] Level 1:colcon.colcon_core.package_identification:_identify(src/amiga-ros2-bridge/venv/lib/python3.10/site-packages/farm_ng/filter/__pycache__) by extensions ['python_setup_py']
[0.714s] Level 1:colcon.colcon_core.package_identification:_identify(src/amiga-ros2-bridge/venv/lib/python3.10/site-packages/farm_ng/filter/__pycache__) by extension 'python_setup_py'
[0.714s] Level 1:colcon.colcon_core.package_identification:_identify(src/amiga-ros2-bridge/venv/lib/python3.10/site-packages/farm_ng/gps) by extensions ['ignore', 'ignore_ament_install']
[0.714s] Level 1:colcon.colcon_core.package_identification:_identify(src/amiga-ros2-bridge/venv/lib/python3.10/site-packages/farm_ng/gps) by extension 'ignore'
[0.715s] Level 1:colcon.colcon_core.package_identification:_identify(src/amiga-ros2-bridge/venv/lib/python3.10/site-packages/farm_ng/gps) by extension 'ignore_ament_install'
[0.715s] Level 1:colcon.colcon_core.package_identification:_identify(src/amiga-ros2-bridge/venv/lib/python3.10/site-packages/farm_ng/gps) by extensions ['colcon_pkg']
[0.715s] Level 1:colcon.colcon_core.package_identification:_identify(src/amiga-ros2-bridge/venv/lib/python3.10/site-packages/farm_ng/gps) by extension 'colcon_pkg'
[0.715s] Level 1:colcon.colcon_core.package_identification:_identify(src/amiga-ros2-bridge/venv/lib/python3.10/site-packages/farm_ng/gps) by extensions ['colcon_meta']
[0.715s] Level 1:colcon.colcon_core.package_identification:_identify(src/amiga-ros2-bridge/venv/lib/python3.10/site-packages/farm_ng/gps) by extension 'colcon_meta'
[0.715s] Level 1:colcon.colcon_core.package_identification:_identify(src/amiga-ros2-bridge/venv/lib/python3.10/site-packages/farm_ng/gps) by extensions ['ros']
[0.715s] Level 1:colcon.colcon_core.package_identification:_identify(src/amiga-ros2-bridge/venv/lib/python3.10/site-packages/farm_ng/gps) by extension 'ros'
[0.715s] Level 1:colcon.colcon_core.package_identification:_identify(src/amiga-ros2-bridge/venv/lib/python3.10/site-packages/farm_ng/gps) by extensions ['cmake', 'python']
[0.715s] Level 1:colcon.colcon_core.package_identification:_identify(src/amiga-ros2-bridge/venv/lib/python3.10/site-packages/farm_ng/gps) by extension 'cmake'
[0.716s] Level 1:colcon.colcon_core.package_identification:_identify(src/amiga-ros2-bridge/venv/lib/python3.10/site-packages/farm_ng/gps) by extension 'python'
[0.716s] Level 1:colcon.colcon_core.package_identification:_identify(src/amiga-ros2-bridge/venv/lib/python3.10/site-packages/farm_ng/gps) by extensions ['python_setup_py']
[0.716s] Level 1:colcon.colcon_core.package_identification:_identify(src/amiga-ros2-bridge/venv/lib/python3.10/site-packages/farm_ng/gps) by extension 'python_setup_py'
[0.716s] Level 1:colcon.colcon_core.package_identification:_identify(src/amiga-ros2-bridge/venv/lib/python3.10/site-packages/farm_ng/gps/__pycache__) by extensions ['ignore', 'ignore_ament_install']
[0.716s] Level 1:colcon.colcon_core.package_identification:_identify(src/amiga-ros2-bridge/venv/lib/python3.10/site-packages/farm_ng/gps/__pycache__) by extension 'ignore'
[0.716s] Level 1:colcon.colcon_core.package_identification:_identify(src/amiga-ros2-bridge/venv/lib/python3.10/site-packages/farm_ng/gps/__pycache__) by extension 'ignore_ament_install'
[0.716s] Level 1:colcon.colcon_core.package_identification:_identify(src/amiga-ros2-bridge/venv/lib/python3.10/site-packages/farm_ng/gps/__pycache__) by extensions ['colcon_pkg']
[0.716s] Level 1:colcon.colcon_core.package_identification:_identify(src/amiga-ros2-bridge/venv/lib/python3.10/site-packages/farm_ng/gps/__pycache__) by extension 'colcon_pkg'
[0.717s] Level 1:colcon.colcon_core.package_identification:_identify(src/amiga-ros2-bridge/venv/lib/python3.10/site-packages/farm_ng/gps/__pycache__) by extensions ['colcon_meta']
[0.717s] Level 1:colcon.colcon_core.package_identification:_identify(src/amiga-ros2-bridge/venv/lib/python3.10/site-packages/farm_ng/gps/__pycache__) by extension 'colcon_meta'
[0.717s] Level 1:colcon.colcon_core.package_identification:_identify(src/amiga-ros2-bridge/venv/lib/python3.10/site-packages/farm_ng/gps/__pycache__) by extensions ['ros']
[0.717s] Level 1:colcon.colcon_core.package_identification:_identify(src/amiga-ros2-bridge/venv/lib/python3.10/site-packages/farm_ng/gps/__pycache__) by extension 'ros'
[0.717s] Level 1:colcon.colcon_core.package_identification:_identify(src/amiga-ros2-bridge/venv/lib/python3.10/site-packages/farm_ng/gps/__pycache__) by extensions ['cmake', 'python']
[0.717s] Level 1:colcon.colcon_core.package_identification:_identify(src/amiga-ros2-bridge/venv/lib/python3.10/site-packages/farm_ng/gps/__pycache__) by extension 'cmake'
[0.717s] Level 1:colcon.colcon_core.package_identification:_identify(src/amiga-ros2-bridge/venv/lib/python3.10/site-packages/farm_ng/gps/__pycache__) by extension 'python'
[0.717s] Level 1:colcon.colcon_core.package_identification:_identify(src/amiga-ros2-bridge/venv/lib/python3.10/site-packages/farm_ng/gps/__pycache__) by extensions ['python_setup_py']
[0.717s] Level 1:colcon.colcon_core.package_identification:_identify(src/amiga-ros2-bridge/venv/lib/python3.10/site-packages/farm_ng/gps/__pycache__) by extension 'python_setup_py'
[0.718s] Level 1:colcon.colcon_core.package_identification:_identify(src/amiga-ros2-bridge/venv/lib/python3.10/site-packages/farm_ng/imu) by extensions ['ignore', 'ignore_ament_install']
[0.718s] Level 1:colcon.colcon_core.package_identification:_identify(src/amiga-ros2-bridge/venv/lib/python3.10/site-packages/farm_ng/imu) by extension 'ignore'
[0.718s] Level 1:colcon.colcon_core.package_identification:_identify(src/amiga-ros2-bridge/venv/lib/python3.10/site-packages/farm_ng/imu) by extension 'ignore_ament_install'
[0.718s] Level 1:colcon.colcon_core.package_identification:_identify(src/amiga-ros2-bridge/venv/lib/python3.10/site-packages/farm_ng/imu) by extensions ['colcon_pkg']
[0.718s] Level 1:colcon.colcon_core.package_identification:_identify(src/amiga-ros2-bridge/venv/lib/python3.10/site-packages/farm_ng/imu) by extension 'colcon_pkg'
[0.718s] Level 1:colcon.colcon_core.package_identification:_identify(src/amiga-ros2-bridge/venv/lib/python3.10/site-packages/farm_ng/imu) by extensions ['colcon_meta']
[0.718s] Level 1:colcon.colcon_core.package_identification:_identify(src/amiga-ros2-bridge/venv/lib/python3.10/site-packages/farm_ng/imu) by extension 'colcon_meta'
[0.718s] Level 1:colcon.colcon_core.package_identification:_identify(src/amiga-ros2-bridge/venv/lib/python3.10/site-packages/farm_ng/imu) by extensions ['ros']
[0.719s] Level 1:colcon.colcon_core.package_identification:_identify(src/amiga-ros2-bridge/venv/lib/python3.10/site-packages/farm_ng/imu) by extension 'ros'
[0.719s] Level 1:colcon.colcon_core.package_identification:_identify(src/amiga-ros2-bridge/venv/lib/python3.10/site-packages/farm_ng/imu) by extensions ['cmake', 'python']
[0.719s] Level 1:colcon.colcon_core.package_identification:_identify(src/amiga-ros2-bridge/venv/lib/python3.10/site-packages/farm_ng/imu) by extension 'cmake'
[0.719s] Level 1:colcon.colcon_core.package_identification:_identify(src/amiga-ros2-bridge/venv/lib/python3.10/site-packages/farm_ng/imu) by extension 'python'
[0.719s] Level 1:colcon.colcon_core.package_identification:_identify(src/amiga-ros2-bridge/venv/lib/python3.10/site-packages/farm_ng/imu) by extensions ['python_setup_py']
[0.719s] Level 1:colcon.colcon_core.package_identification:_identify(src/amiga-ros2-bridge/venv/lib/python3.10/site-packages/farm_ng/imu) by extension 'python_setup_py'
[0.719s] Level 1:colcon.colcon_core.package_identification:_identify(src/amiga-ros2-bridge/venv/lib/python3.10/site-packages/farm_ng/imu/__pycache__) by extensions ['ignore', 'ignore_ament_install']
[0.719s] Level 1:colcon.colcon_core.package_identification:_identify(src/amiga-ros2-bridge/venv/lib/python3.10/site-packages/farm_ng/imu/__pycache__) by extension 'ignore'
[0.720s] Level 1:colcon.colcon_core.package_identification:_identify(src/amiga-ros2-bridge/venv/lib/python3.10/site-packages/farm_ng/imu/__pycache__) by extension 'ignore_ament_install'
[0.720s] Level 1:colcon.colcon_core.package_identification:_identify(src/amiga-ros2-bridge/venv/lib/python3.10/site-packages/farm_ng/imu/__pycache__) by extensions ['colcon_pkg']
[0.720s] Level 1:colcon.colcon_core.package_identification:_identify(src/amiga-ros2-bridge/venv/lib/python3.10/site-packages/farm_ng/imu/__pycache__) by extension 'colcon_pkg'
[0.720s] Level 1:colcon.colcon_core.package_identification:_identify(src/amiga-ros2-bridge/venv/lib/python3.10/site-packages/farm_ng/imu/__pycache__) by extensions ['colcon_meta']
[0.720s] Level 1:colcon.colcon_core.package_identification:_identify(src/amiga-ros2-bridge/venv/lib/python3.10/site-packages/farm_ng/imu/__pycache__) by extension 'colcon_meta'
[0.720s] Level 1:colcon.colcon_core.package_identification:_identify(src/amiga-ros2-bridge/venv/lib/python3.10/site-packages/farm_ng/imu/__pycache__) by extensions ['ros']
[0.720s] Level 1:colcon.colcon_core.package_identification:_identify(src/amiga-ros2-bridge/venv/lib/python3.10/site-packages/farm_ng/imu/__pycache__) by extension 'ros'
[0.720s] Level 1:colcon.colcon_core.package_identification:_identify(src/amiga-ros2-bridge/venv/lib/python3.10/site-packages/farm_ng/imu/__pycache__) by extensions ['cmake', 'python']
[0.720s] Level 1:colcon.colcon_core.package_identification:_identify(src/amiga-ros2-bridge/venv/lib/python3.10/site-packages/farm_ng/imu/__pycache__) by extension 'cmake'
[0.721s] Level 1:colcon.colcon_core.package_identification:_identify(src/amiga-ros2-bridge/venv/lib/python3.10/site-packages/farm_ng/imu/__pycache__) by extension 'python'
[0.721s] Level 1:colcon.colcon_core.package_identification:_identify(src/amiga-ros2-bridge/venv/lib/python3.10/site-packages/farm_ng/imu/__pycache__) by extensions ['python_setup_py']
[0.721s] Level 1:colcon.colcon_core.package_identification:_identify(src/amiga-ros2-bridge/venv/lib/python3.10/site-packages/farm_ng/imu/__pycache__) by extension 'python_setup_py'
[0.721s] Level 1:colcon.colcon_core.package_identification:_identify(src/amiga-ros2-bridge/venv/lib/python3.10/site-packages/farm_ng/oak) by extensions ['ignore', 'ignore_ament_install']
[0.721s] Level 1:colcon.colcon_core.package_identification:_identify(src/amiga-ros2-bridge/venv/lib/python3.10/site-packages/farm_ng/oak) by extension 'ignore'
[0.721s] Level 1:colcon.colcon_core.package_identification:_identify(src/amiga-ros2-bridge/venv/lib/python3.10/site-packages/farm_ng/oak) by extension 'ignore_ament_install'
[0.721s] Level 1:colcon.colcon_core.package_identification:_identify(src/amiga-ros2-bridge/venv/lib/python3.10/site-packages/farm_ng/oak) by extensions ['colcon_pkg']
[0.721s] Level 1:colcon.colcon_core.package_identification:_identify(src/amiga-ros2-bridge/venv/lib/python3.10/site-packages/farm_ng/oak) by extension 'colcon_pkg'
[0.722s] Level 1:colcon.colcon_core.package_identification:_identify(src/amiga-ros2-bridge/venv/lib/python3.10/site-packages/farm_ng/oak) by extensions ['colcon_meta']
[0.722s] Level 1:colcon.colcon_core.package_identification:_identify(src/amiga-ros2-bridge/venv/lib/python3.10/site-packages/farm_ng/oak) by extension 'colcon_meta'
[0.722s] Level 1:colcon.colcon_core.package_identification:_identify(src/amiga-ros2-bridge/venv/lib/python3.10/site-packages/farm_ng/oak) by extensions ['ros']
[0.722s] Level 1:colcon.colcon_core.package_identification:_identify(src/amiga-ros2-bridge/venv/lib/python3.10/site-packages/farm_ng/oak) by extension 'ros'
[0.722s] Level 1:colcon.colcon_core.package_identification:_identify(src/amiga-ros2-bridge/venv/lib/python3.10/site-packages/farm_ng/oak) by extensions ['cmake', 'python']
[0.722s] Level 1:colcon.colcon_core.package_identification:_identify(src/amiga-ros2-bridge/venv/lib/python3.10/site-packages/farm_ng/oak) by extension 'cmake'
[0.722s] Level 1:colcon.colcon_core.package_identification:_identify(src/amiga-ros2-bridge/venv/lib/python3.10/site-packages/farm_ng/oak) by extension 'python'
[0.722s] Level 1:colcon.colcon_core.package_identification:_identify(src/amiga-ros2-bridge/venv/lib/python3.10/site-packages/farm_ng/oak) by extensions ['python_setup_py']
[0.722s] Level 1:colcon.colcon_core.package_identification:_identify(src/amiga-ros2-bridge/venv/lib/python3.10/site-packages/farm_ng/oak) by extension 'python_setup_py'
[0.723s] Level 1:colcon.colcon_core.package_identification:_identify(src/amiga-ros2-bridge/venv/lib/python3.10/site-packages/farm_ng/oak/__pycache__) by extensions ['ignore', 'ignore_ament_install']
[0.723s] Level 1:colcon.colcon_core.package_identification:_identify(src/amiga-ros2-bridge/venv/lib/python3.10/site-packages/farm_ng/oak/__pycache__) by extension 'ignore'
[0.723s] Level 1:colcon.colcon_core.package_identification:_identify(src/amiga-ros2-bridge/venv/lib/python3.10/site-packages/farm_ng/oak/__pycache__) by extension 'ignore_ament_install'
[0.723s] Level 1:colcon.colcon_core.package_identification:_identify(src/amiga-ros2-bridge/venv/lib/python3.10/site-packages/farm_ng/oak/__pycache__) by extensions ['colcon_pkg']
[0.723s] Level 1:colcon.colcon_core.package_identification:_identify(src/amiga-ros2-bridge/venv/lib/python3.10/site-packages/farm_ng/oak/__pycache__) by extension 'colcon_pkg'
[0.723s] Level 1:colcon.colcon_core.package_identification:_identify(src/amiga-ros2-bridge/venv/lib/python3.10/site-packages/farm_ng/oak/__pycache__) by extensions ['colcon_meta']
[0.723s] Level 1:colcon.colcon_core.package_identification:_identify(src/amiga-ros2-bridge/venv/lib/python3.10/site-packages/farm_ng/oak/__pycache__) by extension 'colcon_meta'
[0.723s] Level 1:colcon.colcon_core.package_identification:_identify(src/amiga-ros2-bridge/venv/lib/python3.10/site-packages/farm_ng/oak/__pycache__) by extensions ['ros']
[0.723s] Level 1:colcon.colcon_core.package_identification:_identify(src/amiga-ros2-bridge/venv/lib/python3.10/site-packages/farm_ng/oak/__pycache__) by extension 'ros'
[0.724s] Level 1:colcon.colcon_core.package_identification:_identify(src/amiga-ros2-bridge/venv/lib/python3.10/site-packages/farm_ng/oak/__pycache__) by extensions ['cmake', 'python']
[0.724s] Level 1:colcon.colcon_core.package_identification:_identify(src/amiga-ros2-bridge/venv/lib/python3.10/site-packages/farm_ng/oak/__pycache__) by extension 'cmake'
[0.724s] Level 1:colcon.colcon_core.package_identification:_identify(src/amiga-ros2-bridge/venv/lib/python3.10/site-packages/farm_ng/oak/__pycache__) by extension 'python'
[0.724s] Level 1:colcon.colcon_core.package_identification:_identify(src/amiga-ros2-bridge/venv/lib/python3.10/site-packages/farm_ng/oak/__pycache__) by extensions ['python_setup_py']
[0.724s] Level 1:colcon.colcon_core.package_identification:_identify(src/amiga-ros2-bridge/venv/lib/python3.10/site-packages/farm_ng/oak/__pycache__) by extension 'python_setup_py'
[0.724s] Level 1:colcon.colcon_core.package_identification:_identify(src/amiga-ros2-bridge/venv/lib/python3.10/site-packages/farm_ng/package) by extensions ['ignore', 'ignore_ament_install']
[0.724s] Level 1:colcon.colcon_core.package_identification:_identify(src/amiga-ros2-bridge/venv/lib/python3.10/site-packages/farm_ng/package) by extension 'ignore'
[0.725s] Level 1:colcon.colcon_core.package_identification:_identify(src/amiga-ros2-bridge/venv/lib/python3.10/site-packages/farm_ng/package) by extension 'ignore_ament_install'
[0.725s] Level 1:colcon.colcon_core.package_identification:_identify(src/amiga-ros2-bridge/venv/lib/python3.10/site-packages/farm_ng/package) by extensions ['colcon_pkg']
[0.725s] Level 1:colcon.colcon_core.package_identification:_identify(src/amiga-ros2-bridge/venv/lib/python3.10/site-packages/farm_ng/package) by extension 'colcon_pkg'
[0.725s] Level 1:colcon.colcon_core.package_identification:_identify(src/amiga-ros2-bridge/venv/lib/python3.10/site-packages/farm_ng/package) by extensions ['colcon_meta']
[0.725s] Level 1:colcon.colcon_core.package_identification:_identify(src/amiga-ros2-bridge/venv/lib/python3.10/site-packages/farm_ng/package) by extension 'colcon_meta'
[0.725s] Level 1:colcon.colcon_core.package_identification:_identify(src/amiga-ros2-bridge/venv/lib/python3.10/site-packages/farm_ng/package) by extensions ['ros']
[0.725s] Level 1:colcon.colcon_core.package_identification:_identify(src/amiga-ros2-bridge/venv/lib/python3.10/site-packages/farm_ng/package) by extension 'ros'
[0.725s] Level 1:colcon.colcon_core.package_identification:_identify(src/amiga-ros2-bridge/venv/lib/python3.10/site-packages/farm_ng/package) by extensions ['cmake', 'python']
[0.725s] Level 1:colcon.colcon_core.package_identification:_identify(src/amiga-ros2-bridge/venv/lib/python3.10/site-packages/farm_ng/package) by extension 'cmake'
[0.725s] Level 1:colcon.colcon_core.package_identification:_identify(src/amiga-ros2-bridge/venv/lib/python3.10/site-packages/farm_ng/package) by extension 'python'
[0.726s] Level 1:colcon.colcon_core.package_identification:_identify(src/amiga-ros2-bridge/venv/lib/python3.10/site-packages/farm_ng/package) by extensions ['python_setup_py']
[0.726s] Level 1:colcon.colcon_core.package_identification:_identify(src/amiga-ros2-bridge/venv/lib/python3.10/site-packages/farm_ng/package) by extension 'python_setup_py'
[0.726s] Level 1:colcon.colcon_core.package_identification:_identify(src/amiga-ros2-bridge/venv/lib/python3.10/site-packages/farm_ng/package/__pycache__) by extensions ['ignore', 'ignore_ament_install']
[0.726s] Level 1:colcon.colcon_core.package_identification:_identify(src/amiga-ros2-bridge/venv/lib/python3.10/site-packages/farm_ng/package/__pycache__) by extension 'ignore'
[0.726s] Level 1:colcon.colcon_core.package_identification:_identify(src/amiga-ros2-bridge/venv/lib/python3.10/site-packages/farm_ng/package/__pycache__) by extension 'ignore_ament_install'
[0.726s] Level 1:colcon.colcon_core.package_identification:_identify(src/amiga-ros2-bridge/venv/lib/python3.10/site-packages/farm_ng/package/__pycache__) by extensions ['colcon_pkg']
[0.726s] Level 1:colcon.colcon_core.package_identification:_identify(src/amiga-ros2-bridge/venv/lib/python3.10/site-packages/farm_ng/package/__pycache__) by extension 'colcon_pkg'
[0.726s] Level 1:colcon.colcon_core.package_identification:_identify(src/amiga-ros2-bridge/venv/lib/python3.10/site-packages/farm_ng/package/__pycache__) by extensions ['colcon_meta']
[0.727s] Level 1:colcon.colcon_core.package_identification:_identify(src/amiga-ros2-bridge/venv/lib/python3.10/site-packages/farm_ng/package/__pycache__) by extension 'colcon_meta'
[0.727s] Level 1:colcon.colcon_core.package_identification:_identify(src/amiga-ros2-bridge/venv/lib/python3.10/site-packages/farm_ng/package/__pycache__) by extensions ['ros']
[0.727s] Level 1:colcon.colcon_core.package_identification:_identify(src/amiga-ros2-bridge/venv/lib/python3.10/site-packages/farm_ng/package/__pycache__) by extension 'ros'
[0.727s] Level 1:colcon.colcon_core.package_identification:_identify(src/amiga-ros2-bridge/venv/lib/python3.10/site-packages/farm_ng/package/__pycache__) by extensions ['cmake', 'python']
[0.727s] Level 1:colcon.colcon_core.package_identification:_identify(src/amiga-ros2-bridge/venv/lib/python3.10/site-packages/farm_ng/package/__pycache__) by extension 'cmake'
[0.727s] Level 1:colcon.colcon_core.package_identification:_identify(src/amiga-ros2-bridge/venv/lib/python3.10/site-packages/farm_ng/package/__pycache__) by extension 'python'
[0.727s] Level 1:colcon.colcon_core.package_identification:_identify(src/amiga-ros2-bridge/venv/lib/python3.10/site-packages/farm_ng/package/__pycache__) by extensions ['python_setup_py']
[0.727s] Level 1:colcon.colcon_core.package_identification:_identify(src/amiga-ros2-bridge/venv/lib/python3.10/site-packages/farm_ng/package/__pycache__) by extension 'python_setup_py'
[0.728s] Level 1:colcon.colcon_core.package_identification:_identify(src/amiga-ros2-bridge/venv/lib/python3.10/site-packages/farm_ng/track) by extensions ['ignore', 'ignore_ament_install']
[0.728s] Level 1:colcon.colcon_core.package_identification:_identify(src/amiga-ros2-bridge/venv/lib/python3.10/site-packages/farm_ng/track) by extension 'ignore'
[0.728s] Level 1:colcon.colcon_core.package_identification:_identify(src/amiga-ros2-bridge/venv/lib/python3.10/site-packages/farm_ng/track) by extension 'ignore_ament_install'
[0.728s] Level 1:colcon.colcon_core.package_identification:_identify(src/amiga-ros2-bridge/venv/lib/python3.10/site-packages/farm_ng/track) by extensions ['colcon_pkg']
[0.728s] Level 1:colcon.colcon_core.package_identification:_identify(src/amiga-ros2-bridge/venv/lib/python3.10/site-packages/farm_ng/track) by extension 'colcon_pkg'
[0.728s] Level 1:colcon.colcon_core.package_identification:_identify(src/amiga-ros2-bridge/venv/lib/python3.10/site-packages/farm_ng/track) by extensions ['colcon_meta']
[0.728s] Level 1:colcon.colcon_core.package_identification:_identify(src/amiga-ros2-bridge/venv/lib/python3.10/site-packages/farm_ng/track) by extension 'colcon_meta'
[0.728s] Level 1:colcon.colcon_core.package_identification:_identify(src/amiga-ros2-bridge/venv/lib/python3.10/site-packages/farm_ng/track) by extensions ['ros']
[0.728s] Level 1:colcon.colcon_core.package_identification:_identify(src/amiga-ros2-bridge/venv/lib/python3.10/site-packages/farm_ng/track) by extension 'ros'
[0.729s] Level 1:colcon.colcon_core.package_identification:_identify(src/amiga-ros2-bridge/venv/lib/python3.10/site-packages/farm_ng/track) by extensions ['cmake', 'python']
[0.729s] Level 1:colcon.colcon_core.package_identification:_identify(src/amiga-ros2-bridge/venv/lib/python3.10/site-packages/farm_ng/track) by extension 'cmake'
[0.729s] Level 1:colcon.colcon_core.package_identification:_identify(src/amiga-ros2-bridge/venv/lib/python3.10/site-packages/farm_ng/track) by extension 'python'
[0.729s] Level 1:colcon.colcon_core.package_identification:_identify(src/amiga-ros2-bridge/venv/lib/python3.10/site-packages/farm_ng/track) by extensions ['python_setup_py']
[0.729s] Level 1:colcon.colcon_core.package_identification:_identify(src/amiga-ros2-bridge/venv/lib/python3.10/site-packages/farm_ng/track) by extension 'python_setup_py'
[0.729s] Level 1:colcon.colcon_core.package_identification:_identify(src/amiga-ros2-bridge/venv/lib/python3.10/site-packages/farm_ng/track/__pycache__) by extensions ['ignore', 'ignore_ament_install']
[0.729s] Level 1:colcon.colcon_core.package_identification:_identify(src/amiga-ros2-bridge/venv/lib/python3.10/site-packages/farm_ng/track/__pycache__) by extension 'ignore'
[0.730s] Level 1:colcon.colcon_core.package_identification:_identify(src/amiga-ros2-bridge/venv/lib/python3.10/site-packages/farm_ng/track/__pycache__) by extension 'ignore_ament_install'
[0.730s] Level 1:colcon.colcon_core.package_identification:_identify(src/amiga-ros2-bridge/venv/lib/python3.10/site-packages/farm_ng/track/__pycache__) by extensions ['colcon_pkg']
[0.730s] Level 1:colcon.colcon_core.package_identification:_identify(src/amiga-ros2-bridge/venv/lib/python3.10/site-packages/farm_ng/track/__pycache__) by extension 'colcon_pkg'
[0.730s] Level 1:colcon.colcon_core.package_identification:_identify(src/amiga-ros2-bridge/venv/lib/python3.10/site-packages/farm_ng/track/__pycache__) by extensions ['colcon_meta']
[0.730s] Level 1:colcon.colcon_core.package_identification:_identify(src/amiga-ros2-bridge/venv/lib/python3.10/site-packages/farm_ng/track/__pycache__) by extension 'colcon_meta'
[0.730s] Level 1:colcon.colcon_core.package_identification:_identify(src/amiga-ros2-bridge/venv/lib/python3.10/site-packages/farm_ng/track/__pycache__) by extensions ['ros']
[0.730s] Level 1:colcon.colcon_core.package_identification:_identify(src/amiga-ros2-bridge/venv/lib/python3.10/site-packages/farm_ng/track/__pycache__) by extension 'ros'
[0.730s] Level 1:colcon.colcon_core.package_identification:_identify(src/amiga-ros2-bridge/venv/lib/python3.10/site-packages/farm_ng/track/__pycache__) by extensions ['cmake', 'python']
[0.730s] Level 1:colcon.colcon_core.package_identification:_identify(src/amiga-ros2-bridge/venv/lib/python3.10/site-packages/farm_ng/track/__pycache__) by extension 'cmake'
[0.730s] Level 1:colcon.colcon_core.package_identification:_identify(src/amiga-ros2-bridge/venv/lib/python3.10/site-packages/farm_ng/track/__pycache__) by extension 'python'
[0.731s] Level 1:colcon.colcon_core.package_identification:_identify(src/amiga-ros2-bridge/venv/lib/python3.10/site-packages/farm_ng/track/__pycache__) by extensions ['python_setup_py']
[0.731s] Level 1:colcon.colcon_core.package_identification:_identify(src/amiga-ros2-bridge/venv/lib/python3.10/site-packages/farm_ng/track/__pycache__) by extension 'python_setup_py'
[0.731s] Level 1:colcon.colcon_core.package_identification:_identify(src/amiga-ros2-bridge/venv/lib/python3.10/site-packages/farm_ng_amiga-2.3.4.dist-info) by extensions ['ignore', 'ignore_ament_install']
[0.731s] Level 1:colcon.colcon_core.package_identification:_identify(src/amiga-ros2-bridge/venv/lib/python3.10/site-packages/farm_ng_amiga-2.3.4.dist-info) by extension 'ignore'
[0.731s] Level 1:colcon.colcon_core.package_identification:_identify(src/amiga-ros2-bridge/venv/lib/python3.10/site-packages/farm_ng_amiga-2.3.4.dist-info) by extension 'ignore_ament_install'
[0.731s] Level 1:colcon.colcon_core.package_identification:_identify(src/amiga-ros2-bridge/venv/lib/python3.10/site-packages/farm_ng_amiga-2.3.4.dist-info) by extensions ['colcon_pkg']
[0.731s] Level 1:colcon.colcon_core.package_identification:_identify(src/amiga-ros2-bridge/venv/lib/python3.10/site-packages/farm_ng_amiga-2.3.4.dist-info) by extension 'colcon_pkg'
[0.732s] Level 1:colcon.colcon_core.package_identification:_identify(src/amiga-ros2-bridge/venv/lib/python3.10/site-packages/farm_ng_amiga-2.3.4.dist-info) by extensions ['colcon_meta']
[0.732s] Level 1:colcon.colcon_core.package_identification:_identify(src/amiga-ros2-bridge/venv/lib/python3.10/site-packages/farm_ng_amiga-2.3.4.dist-info) by extension 'colcon_meta'
[0.732s] Level 1:colcon.colcon_core.package_identification:_identify(src/amiga-ros2-bridge/venv/lib/python3.10/site-packages/farm_ng_amiga-2.3.4.dist-info) by extensions ['ros']
[0.732s] Level 1:colcon.colcon_core.package_identification:_identify(src/amiga-ros2-bridge/venv/lib/python3.10/site-packages/farm_ng_amiga-2.3.4.dist-info) by extension 'ros'
[0.732s] Level 1:colcon.colcon_core.package_identification:_identify(src/amiga-ros2-bridge/venv/lib/python3.10/site-packages/farm_ng_amiga-2.3.4.dist-info) by extensions ['cmake', 'python']
[0.732s] Level 1:colcon.colcon_core.package_identification:_identify(src/amiga-ros2-bridge/venv/lib/python3.10/site-packages/farm_ng_amiga-2.3.4.dist-info) by extension 'cmake'
[0.732s] Level 1:colcon.colcon_core.package_identification:_identify(src/amiga-ros2-bridge/venv/lib/python3.10/site-packages/farm_ng_amiga-2.3.4.dist-info) by extension 'python'
[0.732s] Level 1:colcon.colcon_core.package_identification:_identify(src/amiga-ros2-bridge/venv/lib/python3.10/site-packages/farm_ng_amiga-2.3.4.dist-info) by extensions ['python_setup_py']
[0.732s] Level 1:colcon.colcon_core.package_identification:_identify(src/amiga-ros2-bridge/venv/lib/python3.10/site-packages/farm_ng_amiga-2.3.4.dist-info) by extension 'python_setup_py'
[0.733s] Level 1:colcon.colcon_core.package_identification:_identify(src/amiga-ros2-bridge/venv/lib/python3.10/site-packages/farm_ng_core-2.3.2.dist-info) by extensions ['ignore', 'ignore_ament_install']
[0.733s] Level 1:colcon.colcon_core.package_identification:_identify(src/amiga-ros2-bridge/venv/lib/python3.10/site-packages/farm_ng_core-2.3.2.dist-info) by extension 'ignore'
[0.733s] Level 1:colcon.colcon_core.package_identification:_identify(src/amiga-ros2-bridge/venv/lib/python3.10/site-packages/farm_ng_core-2.3.2.dist-info) by extension 'ignore_ament_install'
[0.733s] Level 1:colcon.colcon_core.package_identification:_identify(src/amiga-ros2-bridge/venv/lib/python3.10/site-packages/farm_ng_core-2.3.2.dist-info) by extensions ['colcon_pkg']
[0.733s] Level 1:colcon.colcon_core.package_identification:_identify(src/amiga-ros2-bridge/venv/lib/python3.10/site-packages/farm_ng_core-2.3.2.dist-info) by extension 'colcon_pkg'
[0.733s] Level 1:colcon.colcon_core.package_identification:_identify(src/amiga-ros2-bridge/venv/lib/python3.10/site-packages/farm_ng_core-2.3.2.dist-info) by extensions ['colcon_meta']
[0.733s] Level 1:colcon.colcon_core.package_identification:_identify(src/amiga-ros2-bridge/venv/lib/python3.10/site-packages/farm_ng_core-2.3.2.dist-info) by extension 'colcon_meta'
[0.733s] Level 1:colcon.colcon_core.package_identification:_identify(src/amiga-ros2-bridge/venv/lib/python3.10/site-packages/farm_ng_core-2.3.2.dist-info) by extensions ['ros']
[0.733s] Level 1:colcon.colcon_core.package_identification:_identify(src/amiga-ros2-bridge/venv/lib/python3.10/site-packages/farm_ng_core-2.3.2.dist-info) by extension 'ros'
[0.734s] Level 1:colcon.colcon_core.package_identification:_identify(src/amiga-ros2-bridge/venv/lib/python3.10/site-packages/farm_ng_core-2.3.2.dist-info) by extensions ['cmake', 'python']
[0.734s] Level 1:colcon.colcon_core.package_identification:_identify(src/amiga-ros2-bridge/venv/lib/python3.10/site-packages/farm_ng_core-2.3.2.dist-info) by extension 'cmake'
[0.734s] Level 1:colcon.colcon_core.package_identification:_identify(src/amiga-ros2-bridge/venv/lib/python3.10/site-packages/farm_ng_core-2.3.2.dist-info) by extension 'python'
[0.734s] Level 1:colcon.colcon_core.package_identification:_identify(src/amiga-ros2-bridge/venv/lib/python3.10/site-packages/farm_ng_core-2.3.2.dist-info) by extensions ['python_setup_py']
[0.734s] Level 1:colcon.colcon_core.package_identification:_identify(src/amiga-ros2-bridge/venv/lib/python3.10/site-packages/farm_ng_core-2.3.2.dist-info) by extension 'python_setup_py'
[0.734s] Level 1:colcon.colcon_core.package_identification:_identify(src/amiga-ros2-bridge/venv/lib/python3.10/site-packages/farm_ng_package-0.1.5.dist-info) by extensions ['ignore', 'ignore_ament_install']
[0.734s] Level 1:colcon.colcon_core.package_identification:_identify(src/amiga-ros2-bridge/venv/lib/python3.10/site-packages/farm_ng_package-0.1.5.dist-info) by extension 'ignore'
[0.734s] Level 1:colcon.colcon_core.package_identification:_identify(src/amiga-ros2-bridge/venv/lib/python3.10/site-packages/farm_ng_package-0.1.5.dist-info) by extension 'ignore_ament_install'
[0.735s] Level 1:colcon.colcon_core.package_identification:_identify(src/amiga-ros2-bridge/venv/lib/python3.10/site-packages/farm_ng_package-0.1.5.dist-info) by extensions ['colcon_pkg']
[0.735s] Level 1:colcon.colcon_core.package_identification:_identify(src/amiga-ros2-bridge/venv/lib/python3.10/site-packages/farm_ng_package-0.1.5.dist-info) by extension 'colcon_pkg'
[0.735s] Level 1:colcon.colcon_core.package_identification:_identify(src/amiga-ros2-bridge/venv/lib/python3.10/site-packages/farm_ng_package-0.1.5.dist-info) by extensions ['colcon_meta']
[0.735s] Level 1:colcon.colcon_core.package_identification:_identify(src/amiga-ros2-bridge/venv/lib/python3.10/site-packages/farm_ng_package-0.1.5.dist-info) by extension 'colcon_meta'
[0.735s] Level 1:colcon.colcon_core.package_identification:_identify(src/amiga-ros2-bridge/venv/lib/python3.10/site-packages/farm_ng_package-0.1.5.dist-info) by extensions ['ros']
[0.735s] Level 1:colcon.colcon_core.package_identification:_identify(src/amiga-ros2-bridge/venv/lib/python3.10/site-packages/farm_ng_package-0.1.5.dist-info) by extension 'ros'
[0.735s] Level 1:colcon.colcon_core.package_identification:_identify(src/amiga-ros2-bridge/venv/lib/python3.10/site-packages/farm_ng_package-0.1.5.dist-info) by extensions ['cmake', 'python']
[0.735s] Level 1:colcon.colcon_core.package_identification:_identify(src/amiga-ros2-bridge/venv/lib/python3.10/site-packages/farm_ng_package-0.1.5.dist-info) by extension 'cmake'
[0.735s] Level 1:colcon.colcon_core.package_identification:_identify(src/amiga-ros2-bridge/venv/lib/python3.10/site-packages/farm_ng_package-0.1.5.dist-info) by extension 'python'
[0.736s] Level 1:colcon.colcon_core.package_identification:_identify(src/amiga-ros2-bridge/venv/lib/python3.10/site-packages/farm_ng_package-0.1.5.dist-info) by extensions ['python_setup_py']
[0.736s] Level 1:colcon.colcon_core.package_identification:_identify(src/amiga-ros2-bridge/venv/lib/python3.10/site-packages/farm_ng_package-0.1.5.dist-info) by extension 'python_setup_py'
[0.736s] Level 1:colcon.colcon_core.package_identification:_identify(src/amiga-ros2-bridge/venv/lib/python3.10/site-packages/google) by extensions ['ignore', 'ignore_ament_install']
[0.736s] Level 1:colcon.colcon_core.package_identification:_identify(src/amiga-ros2-bridge/venv/lib/python3.10/site-packages/google) by extension 'ignore'
[0.736s] Level 1:colcon.colcon_core.package_identification:_identify(src/amiga-ros2-bridge/venv/lib/python3.10/site-packages/google) by extension 'ignore_ament_install'
[0.736s] Level 1:colcon.colcon_core.package_identification:_identify(src/amiga-ros2-bridge/venv/lib/python3.10/site-packages/google) by extensions ['colcon_pkg']
[0.736s] Level 1:colcon.colcon_core.package_identification:_identify(src/amiga-ros2-bridge/venv/lib/python3.10/site-packages/google) by extension 'colcon_pkg'
[0.736s] Level 1:colcon.colcon_core.package_identification:_identify(src/amiga-ros2-bridge/venv/lib/python3.10/site-packages/google) by extensions ['colcon_meta']
[0.736s] Level 1:colcon.colcon_core.package_identification:_identify(src/amiga-ros2-bridge/venv/lib/python3.10/site-packages/google) by extension 'colcon_meta'
[0.737s] Level 1:colcon.colcon_core.package_identification:_identify(src/amiga-ros2-bridge/venv/lib/python3.10/site-packages/google) by extensions ['ros']
[0.737s] Level 1:colcon.colcon_core.package_identification:_identify(src/amiga-ros2-bridge/venv/lib/python3.10/site-packages/google) by extension 'ros'
[0.737s] Level 1:colcon.colcon_core.package_identification:_identify(src/amiga-ros2-bridge/venv/lib/python3.10/site-packages/google) by extensions ['cmake', 'python']
[0.737s] Level 1:colcon.colcon_core.package_identification:_identify(src/amiga-ros2-bridge/venv/lib/python3.10/site-packages/google) by extension 'cmake'
[0.737s] Level 1:colcon.colcon_core.package_identification:_identify(src/amiga-ros2-bridge/venv/lib/python3.10/site-packages/google) by extension 'python'
[0.737s] Level 1:colcon.colcon_core.package_identification:_identify(src/amiga-ros2-bridge/venv/lib/python3.10/site-packages/google) by extensions ['python_setup_py']
[0.737s] Level 1:colcon.colcon_core.package_identification:_identify(src/amiga-ros2-bridge/venv/lib/python3.10/site-packages/google) by extension 'python_setup_py'
[0.737s] Level 1:colcon.colcon_core.package_identification:_identify(src/amiga-ros2-bridge/venv/lib/python3.10/site-packages/google/_upb) by extensions ['ignore', 'ignore_ament_install']
[0.738s] Level 1:colcon.colcon_core.package_identification:_identify(src/amiga-ros2-bridge/venv/lib/python3.10/site-packages/google/_upb) by extension 'ignore'
[0.738s] Level 1:colcon.colcon_core.package_identification:_identify(src/amiga-ros2-bridge/venv/lib/python3.10/site-packages/google/_upb) by extension 'ignore_ament_install'
[0.738s] Level 1:colcon.colcon_core.package_identification:_identify(src/amiga-ros2-bridge/venv/lib/python3.10/site-packages/google/_upb) by extensions ['colcon_pkg']
[0.738s] Level 1:colcon.colcon_core.package_identification:_identify(src/amiga-ros2-bridge/venv/lib/python3.10/site-packages/google/_upb) by extension 'colcon_pkg'
[0.738s] Level 1:colcon.colcon_core.package_identification:_identify(src/amiga-ros2-bridge/venv/lib/python3.10/site-packages/google/_upb) by extensions ['colcon_meta']
[0.738s] Level 1:colcon.colcon_core.package_identification:_identify(src/amiga-ros2-bridge/venv/lib/python3.10/site-packages/google/_upb) by extension 'colcon_meta'
[0.738s] Level 1:colcon.colcon_core.package_identification:_identify(src/amiga-ros2-bridge/venv/lib/python3.10/site-packages/google/_upb) by extensions ['ros']
[0.738s] Level 1:colcon.colcon_core.package_identification:_identify(src/amiga-ros2-bridge/venv/lib/python3.10/site-packages/google/_upb) by extension 'ros'
[0.738s] Level 1:colcon.colcon_core.package_identification:_identify(src/amiga-ros2-bridge/venv/lib/python3.10/site-packages/google/_upb) by extensions ['cmake', 'python']
[0.739s] Level 1:colcon.colcon_core.package_identification:_identify(src/amiga-ros2-bridge/venv/lib/python3.10/site-packages/google/_upb) by extension 'cmake'
[0.739s] Level 1:colcon.colcon_core.package_identification:_identify(src/amiga-ros2-bridge/venv/lib/python3.10/site-packages/google/_upb) by extension 'python'
[0.739s] Level 1:colcon.colcon_core.package_identification:_identify(src/amiga-ros2-bridge/venv/lib/python3.10/site-packages/google/_upb) by extensions ['python_setup_py']
[0.739s] Level 1:colcon.colcon_core.package_identification:_identify(src/amiga-ros2-bridge/venv/lib/python3.10/site-packages/google/_upb) by extension 'python_setup_py'
[0.739s] Level 1:colcon.colcon_core.package_identification:_identify(src/amiga-ros2-bridge/venv/lib/python3.10/site-packages/google/protobuf) by extensions ['ignore', 'ignore_ament_install']
[0.739s] Level 1:colcon.colcon_core.package_identification:_identify(src/amiga-ros2-bridge/venv/lib/python3.10/site-packages/google/protobuf) by extension 'ignore'
[0.739s] Level 1:colcon.colcon_core.package_identification:_identify(src/amiga-ros2-bridge/venv/lib/python3.10/site-packages/google/protobuf) by extension 'ignore_ament_install'
[0.740s] Level 1:colcon.colcon_core.package_identification:_identify(src/amiga-ros2-bridge/venv/lib/python3.10/site-packages/google/protobuf) by extensions ['colcon_pkg']
[0.740s] Level 1:colcon.colcon_core.package_identification:_identify(src/amiga-ros2-bridge/venv/lib/python3.10/site-packages/google/protobuf) by extension 'colcon_pkg'
[0.740s] Level 1:colcon.colcon_core.package_identification:_identify(src/amiga-ros2-bridge/venv/lib/python3.10/site-packages/google/protobuf) by extensions ['colcon_meta']
[0.740s] Level 1:colcon.colcon_core.package_identification:_identify(src/amiga-ros2-bridge/venv/lib/python3.10/site-packages/google/protobuf) by extension 'colcon_meta'
[0.740s] Level 1:colcon.colcon_core.package_identification:_identify(src/amiga-ros2-bridge/venv/lib/python3.10/site-packages/google/protobuf) by extensions ['ros']
[0.740s] Level 1:colcon.colcon_core.package_identification:_identify(src/amiga-ros2-bridge/venv/lib/python3.10/site-packages/google/protobuf) by extension 'ros'
[0.740s] Level 1:colcon.colcon_core.package_identification:_identify(src/amiga-ros2-bridge/venv/lib/python3.10/site-packages/google/protobuf) by extensions ['cmake', 'python']
[0.740s] Level 1:colcon.colcon_core.package_identification:_identify(src/amiga-ros2-bridge/venv/lib/python3.10/site-packages/google/protobuf) by extension 'cmake'
[0.740s] Level 1:colcon.colcon_core.package_identification:_identify(src/amiga-ros2-bridge/venv/lib/python3.10/site-packages/google/protobuf) by extension 'python'
[0.741s] Level 1:colcon.colcon_core.package_identification:_identify(src/amiga-ros2-bridge/venv/lib/python3.10/site-packages/google/protobuf) by extensions ['python_setup_py']
[0.741s] Level 1:colcon.colcon_core.package_identification:_identify(src/amiga-ros2-bridge/venv/lib/python3.10/site-packages/google/protobuf) by extension 'python_setup_py'
[0.741s] Level 1:colcon.colcon_core.package_identification:_identify(src/amiga-ros2-bridge/venv/lib/python3.10/site-packages/google/protobuf/__pycache__) by extensions ['ignore', 'ignore_ament_install']
[0.741s] Level 1:colcon.colcon_core.package_identification:_identify(src/amiga-ros2-bridge/venv/lib/python3.10/site-packages/google/protobuf/__pycache__) by extension 'ignore'
[0.741s] Level 1:colcon.colcon_core.package_identification:_identify(src/amiga-ros2-bridge/venv/lib/python3.10/site-packages/google/protobuf/__pycache__) by extension 'ignore_ament_install'
[0.741s] Level 1:colcon.colcon_core.package_identification:_identify(src/amiga-ros2-bridge/venv/lib/python3.10/site-packages/google/protobuf/__pycache__) by extensions ['colcon_pkg']
[0.741s] Level 1:colcon.colcon_core.package_identification:_identify(src/amiga-ros2-bridge/venv/lib/python3.10/site-packages/google/protobuf/__pycache__) by extension 'colcon_pkg'
[0.742s] Level 1:colcon.colcon_core.package_identification:_identify(src/amiga-ros2-bridge/venv/lib/python3.10/site-packages/google/protobuf/__pycache__) by extensions ['colcon_meta']
[0.742s] Level 1:colcon.colcon_core.package_identification:_identify(src/amiga-ros2-bridge/venv/lib/python3.10/site-packages/google/protobuf/__pycache__) by extension 'colcon_meta'
[0.742s] Level 1:colcon.colcon_core.package_identification:_identify(src/amiga-ros2-bridge/venv/lib/python3.10/site-packages/google/protobuf/__pycache__) by extensions ['ros']
[0.742s] Level 1:colcon.colcon_core.package_identification:_identify(src/amiga-ros2-bridge/venv/lib/python3.10/site-packages/google/protobuf/__pycache__) by extension 'ros'
[0.742s] Level 1:colcon.colcon_core.package_identification:_identify(src/amiga-ros2-bridge/venv/lib/python3.10/site-packages/google/protobuf/__pycache__) by extensions ['cmake', 'python']
[0.742s] Level 1:colcon.colcon_core.package_identification:_identify(src/amiga-ros2-bridge/venv/lib/python3.10/site-packages/google/protobuf/__pycache__) by extension 'cmake'
[0.742s] Level 1:colcon.colcon_core.package_identification:_identify(src/amiga-ros2-bridge/venv/lib/python3.10/site-packages/google/protobuf/__pycache__) by extension 'python'
[0.742s] Level 1:colcon.colcon_core.package_identification:_identify(src/amiga-ros2-bridge/venv/lib/python3.10/site-packages/google/protobuf/__pycache__) by extensions ['python_setup_py']
[0.742s] Level 1:colcon.colcon_core.package_identification:_identify(src/amiga-ros2-bridge/venv/lib/python3.10/site-packages/google/protobuf/__pycache__) by extension 'python_setup_py'
[0.743s] Level 1:colcon.colcon_core.package_identification:_identify(src/amiga-ros2-bridge/venv/lib/python3.10/site-packages/google/protobuf/compiler) by extensions ['ignore', 'ignore_ament_install']
[0.743s] Level 1:colcon.colcon_core.package_identification:_identify(src/amiga-ros2-bridge/venv/lib/python3.10/site-packages/google/protobuf/compiler) by extension 'ignore'
[0.743s] Level 1:colcon.colcon_core.package_identification:_identify(src/amiga-ros2-bridge/venv/lib/python3.10/site-packages/google/protobuf/compiler) by extension 'ignore_ament_install'
[0.743s] Level 1:colcon.colcon_core.package_identification:_identify(src/amiga-ros2-bridge/venv/lib/python3.10/site-packages/google/protobuf/compiler) by extensions ['colcon_pkg']
[0.743s] Level 1:colcon.colcon_core.package_identification:_identify(src/amiga-ros2-bridge/venv/lib/python3.10/site-packages/google/protobuf/compiler) by extension 'colcon_pkg'
[0.743s] Level 1:colcon.colcon_core.package_identification:_identify(src/amiga-ros2-bridge/venv/lib/python3.10/site-packages/google/protobuf/compiler) by extensions ['colcon_meta']
[0.743s] Level 1:colcon.colcon_core.package_identification:_identify(src/amiga-ros2-bridge/venv/lib/python3.10/site-packages/google/protobuf/compiler) by extension 'colcon_meta'
[0.743s] Level 1:colcon.colcon_core.package_identification:_identify(src/amiga-ros2-bridge/venv/lib/python3.10/site-packages/google/protobuf/compiler) by extensions ['ros']
[0.743s] Level 1:colcon.colcon_core.package_identification:_identify(src/amiga-ros2-bridge/venv/lib/python3.10/site-packages/google/protobuf/compiler) by extension 'ros'
[0.744s] Level 1:colcon.colcon_core.package_identification:_identify(src/amiga-ros2-bridge/venv/lib/python3.10/site-packages/google/protobuf/compiler) by extensions ['cmake', 'python']
[0.744s] Level 1:colcon.colcon_core.package_identification:_identify(src/amiga-ros2-bridge/venv/lib/python3.10/site-packages/google/protobuf/compiler) by extension 'cmake'
[0.744s] Level 1:colcon.colcon_core.package_identification:_identify(src/amiga-ros2-bridge/venv/lib/python3.10/site-packages/google/protobuf/compiler) by extension 'python'
[0.744s] Level 1:colcon.colcon_core.package_identification:_identify(src/amiga-ros2-bridge/venv/lib/python3.10/site-packages/google/protobuf/compiler) by extensions ['python_setup_py']
[0.744s] Level 1:colcon.colcon_core.package_identification:_identify(src/amiga-ros2-bridge/venv/lib/python3.10/site-packages/google/protobuf/compiler) by extension 'python_setup_py'
[0.744s] Level 1:colcon.colcon_core.package_identification:_identify(src/amiga-ros2-bridge/venv/lib/python3.10/site-packages/google/protobuf/compiler/__pycache__) by extensions ['ignore', 'ignore_ament_install']
[0.744s] Level 1:colcon.colcon_core.package_identification:_identify(src/amiga-ros2-bridge/venv/lib/python3.10/site-packages/google/protobuf/compiler/__pycache__) by extension 'ignore'
[0.745s] Level 1:colcon.colcon_core.package_identification:_identify(src/amiga-ros2-bridge/venv/lib/python3.10/site-packages/google/protobuf/compiler/__pycache__) by extension 'ignore_ament_install'
[0.745s] Level 1:colcon.colcon_core.package_identification:_identify(src/amiga-ros2-bridge/venv/lib/python3.10/site-packages/google/protobuf/compiler/__pycache__) by extensions ['colcon_pkg']
[0.745s] Level 1:colcon.colcon_core.package_identification:_identify(src/amiga-ros2-bridge/venv/lib/python3.10/site-packages/google/protobuf/compiler/__pycache__) by extension 'colcon_pkg'
[0.745s] Level 1:colcon.colcon_core.package_identification:_identify(src/amiga-ros2-bridge/venv/lib/python3.10/site-packages/google/protobuf/compiler/__pycache__) by extensions ['colcon_meta']
[0.745s] Level 1:colcon.colcon_core.package_identification:_identify(src/amiga-ros2-bridge/venv/lib/python3.10/site-packages/google/protobuf/compiler/__pycache__) by extension 'colcon_meta'
[0.745s] Level 1:colcon.colcon_core.package_identification:_identify(src/amiga-ros2-bridge/venv/lib/python3.10/site-packages/google/protobuf/compiler/__pycache__) by extensions ['ros']
[0.745s] Level 1:colcon.colcon_core.package_identification:_identify(src/amiga-ros2-bridge/venv/lib/python3.10/site-packages/google/protobuf/compiler/__pycache__) by extension 'ros'
[0.745s] Level 1:colcon.colcon_core.package_identification:_identify(src/amiga-ros2-bridge/venv/lib/python3.10/site-packages/google/protobuf/compiler/__pycache__) by extensions ['cmake', 'python']
[0.745s] Level 1:colcon.colcon_core.package_identification:_identify(src/amiga-ros2-bridge/venv/lib/python3.10/site-packages/google/protobuf/compiler/__pycache__) by extension 'cmake'
[0.745s] Level 1:colcon.colcon_core.package_identification:_identify(src/amiga-ros2-bridge/venv/lib/python3.10/site-packages/google/protobuf/compiler/__pycache__) by extension 'python'
[0.746s] Level 1:colcon.colcon_core.package_identification:_identify(src/amiga-ros2-bridge/venv/lib/python3.10/site-packages/google/protobuf/compiler/__pycache__) by extensions ['python_setup_py']
[0.746s] Level 1:colcon.colcon_core.package_identification:_identify(src/amiga-ros2-bridge/venv/lib/python3.10/site-packages/google/protobuf/compiler/__pycache__) by extension 'python_setup_py'
[0.746s] Level 1:colcon.colcon_core.package_identification:_identify(src/amiga-ros2-bridge/venv/lib/python3.10/site-packages/google/protobuf/internal) by extensions ['ignore', 'ignore_ament_install']
[0.746s] Level 1:colcon.colcon_core.package_identification:_identify(src/amiga-ros2-bridge/venv/lib/python3.10/site-packages/google/protobuf/internal) by extension 'ignore'
[0.746s] Level 1:colcon.colcon_core.package_identification:_identify(src/amiga-ros2-bridge/venv/lib/python3.10/site-packages/google/protobuf/internal) by extension 'ignore_ament_install'
[0.746s] Level 1:colcon.colcon_core.package_identification:_identify(src/amiga-ros2-bridge/venv/lib/python3.10/site-packages/google/protobuf/internal) by extensions ['colcon_pkg']
[0.746s] Level 1:colcon.colcon_core.package_identification:_identify(src/amiga-ros2-bridge/venv/lib/python3.10/site-packages/google/protobuf/internal) by extension 'colcon_pkg'
[0.747s] Level 1:colcon.colcon_core.package_identification:_identify(src/amiga-ros2-bridge/venv/lib/python3.10/site-packages/google/protobuf/internal) by extensions ['colcon_meta']
[0.747s] Level 1:colcon.colcon_core.package_identification:_identify(src/amiga-ros2-bridge/venv/lib/python3.10/site-packages/google/protobuf/internal) by extension 'colcon_meta'
[0.747s] Level 1:colcon.colcon_core.package_identification:_identify(src/amiga-ros2-bridge/venv/lib/python3.10/site-packages/google/protobuf/internal) by extensions ['ros']
[0.747s] Level 1:colcon.colcon_core.package_identification:_identify(src/amiga-ros2-bridge/venv/lib/python3.10/site-packages/google/protobuf/internal) by extension 'ros'
[0.747s] Level 1:colcon.colcon_core.package_identification:_identify(src/amiga-ros2-bridge/venv/lib/python3.10/site-packages/google/protobuf/internal) by extensions ['cmake', 'python']
[0.747s] Level 1:colcon.colcon_core.package_identification:_identify(src/amiga-ros2-bridge/venv/lib/python3.10/site-packages/google/protobuf/internal) by extension 'cmake'
[0.747s] Level 1:colcon.colcon_core.package_identification:_identify(src/amiga-ros2-bridge/venv/lib/python3.10/site-packages/google/protobuf/internal) by extension 'python'
[0.747s] Level 1:colcon.colcon_core.package_identification:_identify(src/amiga-ros2-bridge/venv/lib/python3.10/site-packages/google/protobuf/internal) by extensions ['python_setup_py']
[0.747s] Level 1:colcon.colcon_core.package_identification:_identify(src/amiga-ros2-bridge/venv/lib/python3.10/site-packages/google/protobuf/internal) by extension 'python_setup_py'
[0.748s] Level 1:colcon.colcon_core.package_identification:_identify(src/amiga-ros2-bridge/venv/lib/python3.10/site-packages/google/protobuf/internal/__pycache__) by extensions ['ignore', 'ignore_ament_install']
[0.748s] Level 1:colcon.colcon_core.package_identification:_identify(src/amiga-ros2-bridge/venv/lib/python3.10/site-packages/google/protobuf/internal/__pycache__) by extension 'ignore'
[0.748s] Level 1:colcon.colcon_core.package_identification:_identify(src/amiga-ros2-bridge/venv/lib/python3.10/site-packages/google/protobuf/internal/__pycache__) by extension 'ignore_ament_install'
[0.748s] Level 1:colcon.colcon_core.package_identification:_identify(src/amiga-ros2-bridge/venv/lib/python3.10/site-packages/google/protobuf/internal/__pycache__) by extensions ['colcon_pkg']
[0.748s] Level 1:colcon.colcon_core.package_identification:_identify(src/amiga-ros2-bridge/venv/lib/python3.10/site-packages/google/protobuf/internal/__pycache__) by extension 'colcon_pkg'
[0.748s] Level 1:colcon.colcon_core.package_identification:_identify(src/amiga-ros2-bridge/venv/lib/python3.10/site-packages/google/protobuf/internal/__pycache__) by extensions ['colcon_meta']
[0.748s] Level 1:colcon.colcon_core.package_identification:_identify(src/amiga-ros2-bridge/venv/lib/python3.10/site-packages/google/protobuf/internal/__pycache__) by extension 'colcon_meta'
[0.748s] Level 1:colcon.colcon_core.package_identification:_identify(src/amiga-ros2-bridge/venv/lib/python3.10/site-packages/google/protobuf/internal/__pycache__) by extensions ['ros']
[0.749s] Level 1:colcon.colcon_core.package_identification:_identify(src/amiga-ros2-bridge/venv/lib/python3.10/site-packages/google/protobuf/internal/__pycache__) by extension 'ros'
[0.749s] Level 1:colcon.colcon_core.package_identification:_identify(src/amiga-ros2-bridge/venv/lib/python3.10/site-packages/google/protobuf/internal/__pycache__) by extensions ['cmake', 'python']
[0.749s] Level 1:colcon.colcon_core.package_identification:_identify(src/amiga-ros2-bridge/venv/lib/python3.10/site-packages/google/protobuf/internal/__pycache__) by extension 'cmake'
[0.749s] Level 1:colcon.colcon_core.package_identification:_identify(src/amiga-ros2-bridge/venv/lib/python3.10/site-packages/google/protobuf/internal/__pycache__) by extension 'python'
[0.749s] Level 1:colcon.colcon_core.package_identification:_identify(src/amiga-ros2-bridge/venv/lib/python3.10/site-packages/google/protobuf/internal/__pycache__) by extensions ['python_setup_py']
[0.749s] Level 1:colcon.colcon_core.package_identification:_identify(src/amiga-ros2-bridge/venv/lib/python3.10/site-packages/google/protobuf/internal/__pycache__) by extension 'python_setup_py'
[0.749s] Level 1:colcon.colcon_core.package_identification:_identify(src/amiga-ros2-bridge/venv/lib/python3.10/site-packages/google/protobuf/pyext) by extensions ['ignore', 'ignore_ament_install']
[0.749s] Level 1:colcon.colcon_core.package_identification:_identify(src/amiga-ros2-bridge/venv/lib/python3.10/site-packages/google/protobuf/pyext) by extension 'ignore'
[0.750s] Level 1:colcon.colcon_core.package_identification:_identify(src/amiga-ros2-bridge/venv/lib/python3.10/site-packages/google/protobuf/pyext) by extension 'ignore_ament_install'
[0.750s] Level 1:colcon.colcon_core.package_identification:_identify(src/amiga-ros2-bridge/venv/lib/python3.10/site-packages/google/protobuf/pyext) by extensions ['colcon_pkg']
[0.750s] Level 1:colcon.colcon_core.package_identification:_identify(src/amiga-ros2-bridge/venv/lib/python3.10/site-packages/google/protobuf/pyext) by extension 'colcon_pkg'
[0.750s] Level 1:colcon.colcon_core.package_identification:_identify(src/amiga-ros2-bridge/venv/lib/python3.10/site-packages/google/protobuf/pyext) by extensions ['colcon_meta']
[0.750s] Level 1:colcon.colcon_core.package_identification:_identify(src/amiga-ros2-bridge/venv/lib/python3.10/site-packages/google/protobuf/pyext) by extension 'colcon_meta'
[0.750s] Level 1:colcon.colcon_core.package_identification:_identify(src/amiga-ros2-bridge/venv/lib/python3.10/site-packages/google/protobuf/pyext) by extensions ['ros']
[0.750s] Level 1:colcon.colcon_core.package_identification:_identify(src/amiga-ros2-bridge/venv/lib/python3.10/site-packages/google/protobuf/pyext) by extension 'ros'
[0.750s] Level 1:colcon.colcon_core.package_identification:_identify(src/amiga-ros2-bridge/venv/lib/python3.10/site-packages/google/protobuf/pyext) by extensions ['cmake', 'python']
[0.750s] Level 1:colcon.colcon_core.package_identification:_identify(src/amiga-ros2-bridge/venv/lib/python3.10/site-packages/google/protobuf/pyext) by extension 'cmake'
[0.751s] Level 1:colcon.colcon_core.package_identification:_identify(src/amiga-ros2-bridge/venv/lib/python3.10/site-packages/google/protobuf/pyext) by extension 'python'
[0.751s] Level 1:colcon.colcon_core.package_identification:_identify(src/amiga-ros2-bridge/venv/lib/python3.10/site-packages/google/protobuf/pyext) by extensions ['python_setup_py']
[0.751s] Level 1:colcon.colcon_core.package_identification:_identify(src/amiga-ros2-bridge/venv/lib/python3.10/site-packages/google/protobuf/pyext) by extension 'python_setup_py'
[0.751s] Level 1:colcon.colcon_core.package_identification:_identify(src/amiga-ros2-bridge/venv/lib/python3.10/site-packages/google/protobuf/pyext/__pycache__) by extensions ['ignore', 'ignore_ament_install']
[0.751s] Level 1:colcon.colcon_core.package_identification:_identify(src/amiga-ros2-bridge/venv/lib/python3.10/site-packages/google/protobuf/pyext/__pycache__) by extension 'ignore'
[0.751s] Level 1:colcon.colcon_core.package_identification:_identify(src/amiga-ros2-bridge/venv/lib/python3.10/site-packages/google/protobuf/pyext/__pycache__) by extension 'ignore_ament_install'
[0.751s] Level 1:colcon.colcon_core.package_identification:_identify(src/amiga-ros2-bridge/venv/lib/python3.10/site-packages/google/protobuf/pyext/__pycache__) by extensions ['colcon_pkg']
[0.752s] Level 1:colcon.colcon_core.package_identification:_identify(src/amiga-ros2-bridge/venv/lib/python3.10/site-packages/google/protobuf/pyext/__pycache__) by extension 'colcon_pkg'
[0.752s] Level 1:colcon.colcon_core.package_identification:_identify(src/amiga-ros2-bridge/venv/lib/python3.10/site-packages/google/protobuf/pyext/__pycache__) by extensions ['colcon_meta']
[0.752s] Level 1:colcon.colcon_core.package_identification:_identify(src/amiga-ros2-bridge/venv/lib/python3.10/site-packages/google/protobuf/pyext/__pycache__) by extension 'colcon_meta'
[0.752s] Level 1:colcon.colcon_core.package_identification:_identify(src/amiga-ros2-bridge/venv/lib/python3.10/site-packages/google/protobuf/pyext/__pycache__) by extensions ['ros']
[0.752s] Level 1:colcon.colcon_core.package_identification:_identify(src/amiga-ros2-bridge/venv/lib/python3.10/site-packages/google/protobuf/pyext/__pycache__) by extension 'ros'
[0.752s] Level 1:colcon.colcon_core.package_identification:_identify(src/amiga-ros2-bridge/venv/lib/python3.10/site-packages/google/protobuf/pyext/__pycache__) by extensions ['cmake', 'python']
[0.752s] Level 1:colcon.colcon_core.package_identification:_identify(src/amiga-ros2-bridge/venv/lib/python3.10/site-packages/google/protobuf/pyext/__pycache__) by extension 'cmake'
[0.752s] Level 1:colcon.colcon_core.package_identification:_identify(src/amiga-ros2-bridge/venv/lib/python3.10/site-packages/google/protobuf/pyext/__pycache__) by extension 'python'
[0.752s] Level 1:colcon.colcon_core.package_identification:_identify(src/amiga-ros2-bridge/venv/lib/python3.10/site-packages/google/protobuf/pyext/__pycache__) by extensions ['python_setup_py']
[0.752s] Level 1:colcon.colcon_core.package_identification:_identify(src/amiga-ros2-bridge/venv/lib/python3.10/site-packages/google/protobuf/pyext/__pycache__) by extension 'python_setup_py'
[0.753s] Level 1:colcon.colcon_core.package_identification:_identify(src/amiga-ros2-bridge/venv/lib/python3.10/site-packages/google/protobuf/testdata) by extensions ['ignore', 'ignore_ament_install']
[0.753s] Level 1:colcon.colcon_core.package_identification:_identify(src/amiga-ros2-bridge/venv/lib/python3.10/site-packages/google/protobuf/testdata) by extension 'ignore'
[0.753s] Level 1:colcon.colcon_core.package_identification:_identify(src/amiga-ros2-bridge/venv/lib/python3.10/site-packages/google/protobuf/testdata) by extension 'ignore_ament_install'
[0.753s] Level 1:colcon.colcon_core.package_identification:_identify(src/amiga-ros2-bridge/venv/lib/python3.10/site-packages/google/protobuf/testdata) by extensions ['colcon_pkg']
[0.753s] Level 1:colcon.colcon_core.package_identification:_identify(src/amiga-ros2-bridge/venv/lib/python3.10/site-packages/google/protobuf/testdata) by extension 'colcon_pkg'
[0.753s] Level 1:colcon.colcon_core.package_identification:_identify(src/amiga-ros2-bridge/venv/lib/python3.10/site-packages/google/protobuf/testdata) by extensions ['colcon_meta']
[0.753s] Level 1:colcon.colcon_core.package_identification:_identify(src/amiga-ros2-bridge/venv/lib/python3.10/site-packages/google/protobuf/testdata) by extension 'colcon_meta'
[0.753s] Level 1:colcon.colcon_core.package_identification:_identify(src/amiga-ros2-bridge/venv/lib/python3.10/site-packages/google/protobuf/testdata) by extensions ['ros']
[0.754s] Level 1:colcon.colcon_core.package_identification:_identify(src/amiga-ros2-bridge/venv/lib/python3.10/site-packages/google/protobuf/testdata) by extension 'ros'
[0.754s] Level 1:colcon.colcon_core.package_identification:_identify(src/amiga-ros2-bridge/venv/lib/python3.10/site-packages/google/protobuf/testdata) by extensions ['cmake', 'python']
[0.754s] Level 1:colcon.colcon_core.package_identification:_identify(src/amiga-ros2-bridge/venv/lib/python3.10/site-packages/google/protobuf/testdata) by extension 'cmake'
[0.754s] Level 1:colcon.colcon_core.package_identification:_identify(src/amiga-ros2-bridge/venv/lib/python3.10/site-packages/google/protobuf/testdata) by extension 'python'
[0.754s] Level 1:colcon.colcon_core.package_identification:_identify(src/amiga-ros2-bridge/venv/lib/python3.10/site-packages/google/protobuf/testdata) by extensions ['python_setup_py']
[0.754s] Level 1:colcon.colcon_core.package_identification:_identify(src/amiga-ros2-bridge/venv/lib/python3.10/site-packages/google/protobuf/testdata) by extension 'python_setup_py'
[0.754s] Level 1:colcon.colcon_core.package_identification:_identify(src/amiga-ros2-bridge/venv/lib/python3.10/site-packages/google/protobuf/testdata/__pycache__) by extensions ['ignore', 'ignore_ament_install']
[0.755s] Level 1:colcon.colcon_core.package_identification:_identify(src/amiga-ros2-bridge/venv/lib/python3.10/site-packages/google/protobuf/testdata/__pycache__) by extension 'ignore'
[0.755s] Level 1:colcon.colcon_core.package_identification:_identify(src/amiga-ros2-bridge/venv/lib/python3.10/site-packages/google/protobuf/testdata/__pycache__) by extension 'ignore_ament_install'
[0.755s] Level 1:colcon.colcon_core.package_identification:_identify(src/amiga-ros2-bridge/venv/lib/python3.10/site-packages/google/protobuf/testdata/__pycache__) by extensions ['colcon_pkg']
[0.755s] Level 1:colcon.colcon_core.package_identification:_identify(src/amiga-ros2-bridge/venv/lib/python3.10/site-packages/google/protobuf/testdata/__pycache__) by extension 'colcon_pkg'
[0.755s] Level 1:colcon.colcon_core.package_identification:_identify(src/amiga-ros2-bridge/venv/lib/python3.10/site-packages/google/protobuf/testdata/__pycache__) by extensions ['colcon_meta']
[0.755s] Level 1:colcon.colcon_core.package_identification:_identify(src/amiga-ros2-bridge/venv/lib/python3.10/site-packages/google/protobuf/testdata/__pycache__) by extension 'colcon_meta'
[0.755s] Level 1:colcon.colcon_core.package_identification:_identify(src/amiga-ros2-bridge/venv/lib/python3.10/site-packages/google/protobuf/testdata/__pycache__) by extensions ['ros']
[0.755s] Level 1:colcon.colcon_core.package_identification:_identify(src/amiga-ros2-bridge/venv/lib/python3.10/site-packages/google/protobuf/testdata/__pycache__) by extension 'ros'
[0.755s] Level 1:colcon.colcon_core.package_identification:_identify(src/amiga-ros2-bridge/venv/lib/python3.10/site-packages/google/protobuf/testdata/__pycache__) by extensions ['cmake', 'python']
[0.755s] Level 1:colcon.colcon_core.package_identification:_identify(src/amiga-ros2-bridge/venv/lib/python3.10/site-packages/google/protobuf/testdata/__pycache__) by extension 'cmake'
[0.756s] Level 1:colcon.colcon_core.package_identification:_identify(src/amiga-ros2-bridge/venv/lib/python3.10/site-packages/google/protobuf/testdata/__pycache__) by extension 'python'
[0.756s] Level 1:colcon.colcon_core.package_identification:_identify(src/amiga-ros2-bridge/venv/lib/python3.10/site-packages/google/protobuf/testdata/__pycache__) by extensions ['python_setup_py']
[0.756s] Level 1:colcon.colcon_core.package_identification:_identify(src/amiga-ros2-bridge/venv/lib/python3.10/site-packages/google/protobuf/testdata/__pycache__) by extension 'python_setup_py'
[0.756s] Level 1:colcon.colcon_core.package_identification:_identify(src/amiga-ros2-bridge/venv/lib/python3.10/site-packages/google/protobuf/util) by extensions ['ignore', 'ignore_ament_install']
[0.756s] Level 1:colcon.colcon_core.package_identification:_identify(src/amiga-ros2-bridge/venv/lib/python3.10/site-packages/google/protobuf/util) by extension 'ignore'
[0.756s] Level 1:colcon.colcon_core.package_identification:_identify(src/amiga-ros2-bridge/venv/lib/python3.10/site-packages/google/protobuf/util) by extension 'ignore_ament_install'
[0.756s] Level 1:colcon.colcon_core.package_identification:_identify(src/amiga-ros2-bridge/venv/lib/python3.10/site-packages/google/protobuf/util) by extensions ['colcon_pkg']
[0.756s] Level 1:colcon.colcon_core.package_identification:_identify(src/amiga-ros2-bridge/venv/lib/python3.10/site-packages/google/protobuf/util) by extension 'colcon_pkg'
[0.757s] Level 1:colcon.colcon_core.package_identification:_identify(src/amiga-ros2-bridge/venv/lib/python3.10/site-packages/google/protobuf/util) by extensions ['colcon_meta']
[0.757s] Level 1:colcon.colcon_core.package_identification:_identify(src/amiga-ros2-bridge/venv/lib/python3.10/site-packages/google/protobuf/util) by extension 'colcon_meta'
[0.757s] Level 1:colcon.colcon_core.package_identification:_identify(src/amiga-ros2-bridge/venv/lib/python3.10/site-packages/google/protobuf/util) by extensions ['ros']
[0.757s] Level 1:colcon.colcon_core.package_identification:_identify(src/amiga-ros2-bridge/venv/lib/python3.10/site-packages/google/protobuf/util) by extension 'ros'
[0.757s] Level 1:colcon.colcon_core.package_identification:_identify(src/amiga-ros2-bridge/venv/lib/python3.10/site-packages/google/protobuf/util) by extensions ['cmake', 'python']
[0.757s] Level 1:colcon.colcon_core.package_identification:_identify(src/amiga-ros2-bridge/venv/lib/python3.10/site-packages/google/protobuf/util) by extension 'cmake'
[0.757s] Level 1:colcon.colcon_core.package_identification:_identify(src/amiga-ros2-bridge/venv/lib/python3.10/site-packages/google/protobuf/util) by extension 'python'
[0.757s] Level 1:colcon.colcon_core.package_identification:_identify(src/amiga-ros2-bridge/venv/lib/python3.10/site-packages/google/protobuf/util) by extensions ['python_setup_py']
[0.757s] Level 1:colcon.colcon_core.package_identification:_identify(src/amiga-ros2-bridge/venv/lib/python3.10/site-packages/google/protobuf/util) by extension 'python_setup_py'
[0.758s] Level 1:colcon.colcon_core.package_identification:_identify(src/amiga-ros2-bridge/venv/lib/python3.10/site-packages/google/protobuf/util/__pycache__) by extensions ['ignore', 'ignore_ament_install']
[0.758s] Level 1:colcon.colcon_core.package_identification:_identify(src/amiga-ros2-bridge/venv/lib/python3.10/site-packages/google/protobuf/util/__pycache__) by extension 'ignore'
[0.758s] Level 1:colcon.colcon_core.package_identification:_identify(src/amiga-ros2-bridge/venv/lib/python3.10/site-packages/google/protobuf/util/__pycache__) by extension 'ignore_ament_install'
[0.758s] Level 1:colcon.colcon_core.package_identification:_identify(src/amiga-ros2-bridge/venv/lib/python3.10/site-packages/google/protobuf/util/__pycache__) by extensions ['colcon_pkg']
[0.758s] Level 1:colcon.colcon_core.package_identification:_identify(src/amiga-ros2-bridge/venv/lib/python3.10/site-packages/google/protobuf/util/__pycache__) by extension 'colcon_pkg'
[0.758s] Level 1:colcon.colcon_core.package_identification:_identify(src/amiga-ros2-bridge/venv/lib/python3.10/site-packages/google/protobuf/util/__pycache__) by extensions ['colcon_meta']
[0.758s] Level 1:colcon.colcon_core.package_identification:_identify(src/amiga-ros2-bridge/venv/lib/python3.10/site-packages/google/protobuf/util/__pycache__) by extension 'colcon_meta'
[0.758s] Level 1:colcon.colcon_core.package_identification:_identify(src/amiga-ros2-bridge/venv/lib/python3.10/site-packages/google/protobuf/util/__pycache__) by extensions ['ros']
[0.759s] Level 1:colcon.colcon_core.package_identification:_identify(src/amiga-ros2-bridge/venv/lib/python3.10/site-packages/google/protobuf/util/__pycache__) by extension 'ros'
[0.759s] Level 1:colcon.colcon_core.package_identification:_identify(src/amiga-ros2-bridge/venv/lib/python3.10/site-packages/google/protobuf/util/__pycache__) by extensions ['cmake', 'python']
[0.759s] Level 1:colcon.colcon_core.package_identification:_identify(src/amiga-ros2-bridge/venv/lib/python3.10/site-packages/google/protobuf/util/__pycache__) by extension 'cmake'
[0.759s] Level 1:colcon.colcon_core.package_identification:_identify(src/amiga-ros2-bridge/venv/lib/python3.10/site-packages/google/protobuf/util/__pycache__) by extension 'python'
[0.759s] Level 1:colcon.colcon_core.package_identification:_identify(src/amiga-ros2-bridge/venv/lib/python3.10/site-packages/google/protobuf/util/__pycache__) by extensions ['python_setup_py']
[0.759s] Level 1:colcon.colcon_core.package_identification:_identify(src/amiga-ros2-bridge/venv/lib/python3.10/site-packages/google/protobuf/util/__pycache__) by extension 'python_setup_py'
[0.759s] Level 1:colcon.colcon_core.package_identification:_identify(src/amiga-ros2-bridge/venv/lib/python3.10/site-packages/grpc) by extensions ['ignore', 'ignore_ament_install']
[0.760s] Level 1:colcon.colcon_core.package_identification:_identify(src/amiga-ros2-bridge/venv/lib/python3.10/site-packages/grpc) by extension 'ignore'
[0.760s] Level 1:colcon.colcon_core.package_identification:_identify(src/amiga-ros2-bridge/venv/lib/python3.10/site-packages/grpc) by extension 'ignore_ament_install'
[0.760s] Level 1:colcon.colcon_core.package_identification:_identify(src/amiga-ros2-bridge/venv/lib/python3.10/site-packages/grpc) by extensions ['colcon_pkg']
[0.760s] Level 1:colcon.colcon_core.package_identification:_identify(src/amiga-ros2-bridge/venv/lib/python3.10/site-packages/grpc) by extension 'colcon_pkg'
[0.760s] Level 1:colcon.colcon_core.package_identification:_identify(src/amiga-ros2-bridge/venv/lib/python3.10/site-packages/grpc) by extensions ['colcon_meta']
[0.760s] Level 1:colcon.colcon_core.package_identification:_identify(src/amiga-ros2-bridge/venv/lib/python3.10/site-packages/grpc) by extension 'colcon_meta'
[0.760s] Level 1:colcon.colcon_core.package_identification:_identify(src/amiga-ros2-bridge/venv/lib/python3.10/site-packages/grpc) by extensions ['ros']
[0.760s] Level 1:colcon.colcon_core.package_identification:_identify(src/amiga-ros2-bridge/venv/lib/python3.10/site-packages/grpc) by extension 'ros'
[0.760s] Level 1:colcon.colcon_core.package_identification:_identify(src/amiga-ros2-bridge/venv/lib/python3.10/site-packages/grpc) by extensions ['cmake', 'python']
[0.760s] Level 1:colcon.colcon_core.package_identification:_identify(src/amiga-ros2-bridge/venv/lib/python3.10/site-packages/grpc) by extension 'cmake'
[0.761s] Level 1:colcon.colcon_core.package_identification:_identify(src/amiga-ros2-bridge/venv/lib/python3.10/site-packages/grpc) by extension 'python'
[0.761s] Level 1:colcon.colcon_core.package_identification:_identify(src/amiga-ros2-bridge/venv/lib/python3.10/site-packages/grpc) by extensions ['python_setup_py']
[0.761s] Level 1:colcon.colcon_core.package_identification:_identify(src/amiga-ros2-bridge/venv/lib/python3.10/site-packages/grpc) by extension 'python_setup_py'
[0.761s] Level 1:colcon.colcon_core.package_identification:_identify(src/amiga-ros2-bridge/venv/lib/python3.10/site-packages/grpc/__pycache__) by extensions ['ignore', 'ignore_ament_install']
[0.761s] Level 1:colcon.colcon_core.package_identification:_identify(src/amiga-ros2-bridge/venv/lib/python3.10/site-packages/grpc/__pycache__) by extension 'ignore'
[0.761s] Level 1:colcon.colcon_core.package_identification:_identify(src/amiga-ros2-bridge/venv/lib/python3.10/site-packages/grpc/__pycache__) by extension 'ignore_ament_install'
[0.761s] Level 1:colcon.colcon_core.package_identification:_identify(src/amiga-ros2-bridge/venv/lib/python3.10/site-packages/grpc/__pycache__) by extensions ['colcon_pkg']
[0.761s] Level 1:colcon.colcon_core.package_identification:_identify(src/amiga-ros2-bridge/venv/lib/python3.10/site-packages/grpc/__pycache__) by extension 'colcon_pkg'
[0.762s] Level 1:colcon.colcon_core.package_identification:_identify(src/amiga-ros2-bridge/venv/lib/python3.10/site-packages/grpc/__pycache__) by extensions ['colcon_meta']
[0.762s] Level 1:colcon.colcon_core.package_identification:_identify(src/amiga-ros2-bridge/venv/lib/python3.10/site-packages/grpc/__pycache__) by extension 'colcon_meta'
[0.762s] Level 1:colcon.colcon_core.package_identification:_identify(src/amiga-ros2-bridge/venv/lib/python3.10/site-packages/grpc/__pycache__) by extensions ['ros']
[0.762s] Level 1:colcon.colcon_core.package_identification:_identify(src/amiga-ros2-bridge/venv/lib/python3.10/site-packages/grpc/__pycache__) by extension 'ros'
[0.762s] Level 1:colcon.colcon_core.package_identification:_identify(src/amiga-ros2-bridge/venv/lib/python3.10/site-packages/grpc/__pycache__) by extensions ['cmake', 'python']
[0.762s] Level 1:colcon.colcon_core.package_identification:_identify(src/amiga-ros2-bridge/venv/lib/python3.10/site-packages/grpc/__pycache__) by extension 'cmake'
[0.762s] Level 1:colcon.colcon_core.package_identification:_identify(src/amiga-ros2-bridge/venv/lib/python3.10/site-packages/grpc/__pycache__) by extension 'python'
[0.762s] Level 1:colcon.colcon_core.package_identification:_identify(src/amiga-ros2-bridge/venv/lib/python3.10/site-packages/grpc/__pycache__) by extensions ['python_setup_py']
[0.762s] Level 1:colcon.colcon_core.package_identification:_identify(src/amiga-ros2-bridge/venv/lib/python3.10/site-packages/grpc/__pycache__) by extension 'python_setup_py'
[0.763s] Level 1:colcon.colcon_core.package_identification:_identify(src/amiga-ros2-bridge/venv/lib/python3.10/site-packages/grpc/_cython) by extensions ['ignore', 'ignore_ament_install']
[0.763s] Level 1:colcon.colcon_core.package_identification:_identify(src/amiga-ros2-bridge/venv/lib/python3.10/site-packages/grpc/_cython) by extension 'ignore'
[0.763s] Level 1:colcon.colcon_core.package_identification:_identify(src/amiga-ros2-bridge/venv/lib/python3.10/site-packages/grpc/_cython) by extension 'ignore_ament_install'
[0.763s] Level 1:colcon.colcon_core.package_identification:_identify(src/amiga-ros2-bridge/venv/lib/python3.10/site-packages/grpc/_cython) by extensions ['colcon_pkg']
[0.763s] Level 1:colcon.colcon_core.package_identification:_identify(src/amiga-ros2-bridge/venv/lib/python3.10/site-packages/grpc/_cython) by extension 'colcon_pkg'
[0.763s] Level 1:colcon.colcon_core.package_identification:_identify(src/amiga-ros2-bridge/venv/lib/python3.10/site-packages/grpc/_cython) by extensions ['colcon_meta']
[0.763s] Level 1:colcon.colcon_core.package_identification:_identify(src/amiga-ros2-bridge/venv/lib/python3.10/site-packages/grpc/_cython) by extension 'colcon_meta'
[0.763s] Level 1:colcon.colcon_core.package_identification:_identify(src/amiga-ros2-bridge/venv/lib/python3.10/site-packages/grpc/_cython) by extensions ['ros']
[0.763s] Level 1:colcon.colcon_core.package_identification:_identify(src/amiga-ros2-bridge/venv/lib/python3.10/site-packages/grpc/_cython) by extension 'ros'
[0.764s] Level 1:colcon.colcon_core.package_identification:_identify(src/amiga-ros2-bridge/venv/lib/python3.10/site-packages/grpc/_cython) by extensions ['cmake', 'python']
[0.764s] Level 1:colcon.colcon_core.package_identification:_identify(src/amiga-ros2-bridge/venv/lib/python3.10/site-packages/grpc/_cython) by extension 'cmake'
[0.764s] Level 1:colcon.colcon_core.package_identification:_identify(src/amiga-ros2-bridge/venv/lib/python3.10/site-packages/grpc/_cython) by extension 'python'
[0.764s] Level 1:colcon.colcon_core.package_identification:_identify(src/amiga-ros2-bridge/venv/lib/python3.10/site-packages/grpc/_cython) by extensions ['python_setup_py']
[0.764s] Level 1:colcon.colcon_core.package_identification:_identify(src/amiga-ros2-bridge/venv/lib/python3.10/site-packages/grpc/_cython) by extension 'python_setup_py'
[0.764s] Level 1:colcon.colcon_core.package_identification:_identify(src/amiga-ros2-bridge/venv/lib/python3.10/site-packages/grpc/_cython/__pycache__) by extensions ['ignore', 'ignore_ament_install']
[0.764s] Level 1:colcon.colcon_core.package_identification:_identify(src/amiga-ros2-bridge/venv/lib/python3.10/site-packages/grpc/_cython/__pycache__) by extension 'ignore'
[0.765s] Level 1:colcon.colcon_core.package_identification:_identify(src/amiga-ros2-bridge/venv/lib/python3.10/site-packages/grpc/_cython/__pycache__) by extension 'ignore_ament_install'
[0.765s] Level 1:colcon.colcon_core.package_identification:_identify(src/amiga-ros2-bridge/venv/lib/python3.10/site-packages/grpc/_cython/__pycache__) by extensions ['colcon_pkg']
[0.765s] Level 1:colcon.colcon_core.package_identification:_identify(src/amiga-ros2-bridge/venv/lib/python3.10/site-packages/grpc/_cython/__pycache__) by extension 'colcon_pkg'
[0.765s] Level 1:colcon.colcon_core.package_identification:_identify(src/amiga-ros2-bridge/venv/lib/python3.10/site-packages/grpc/_cython/__pycache__) by extensions ['colcon_meta']
[0.765s] Level 1:colcon.colcon_core.package_identification:_identify(src/amiga-ros2-bridge/venv/lib/python3.10/site-packages/grpc/_cython/__pycache__) by extension 'colcon_meta'
[0.765s] Level 1:colcon.colcon_core.package_identification:_identify(src/amiga-ros2-bridge/venv/lib/python3.10/site-packages/grpc/_cython/__pycache__) by extensions ['ros']
[0.765s] Level 1:colcon.colcon_core.package_identification:_identify(src/amiga-ros2-bridge/venv/lib/python3.10/site-packages/grpc/_cython/__pycache__) by extension 'ros'
[0.765s] Level 1:colcon.colcon_core.package_identification:_identify(src/amiga-ros2-bridge/venv/lib/python3.10/site-packages/grpc/_cython/__pycache__) by extensions ['cmake', 'python']
[0.765s] Level 1:colcon.colcon_core.package_identification:_identify(src/amiga-ros2-bridge/venv/lib/python3.10/site-packages/grpc/_cython/__pycache__) by extension 'cmake'
[0.765s] Level 1:colcon.colcon_core.package_identification:_identify(src/amiga-ros2-bridge/venv/lib/python3.10/site-packages/grpc/_cython/__pycache__) by extension 'python'
[0.766s] Level 1:colcon.colcon_core.package_identification:_identify(src/amiga-ros2-bridge/venv/lib/python3.10/site-packages/grpc/_cython/__pycache__) by extensions ['python_setup_py']
[0.766s] Level 1:colcon.colcon_core.package_identification:_identify(src/amiga-ros2-bridge/venv/lib/python3.10/site-packages/grpc/_cython/__pycache__) by extension 'python_setup_py'
[0.766s] Level 1:colcon.colcon_core.package_identification:_identify(src/amiga-ros2-bridge/venv/lib/python3.10/site-packages/grpc/_cython/_credentials) by extensions ['ignore', 'ignore_ament_install']
[0.766s] Level 1:colcon.colcon_core.package_identification:_identify(src/amiga-ros2-bridge/venv/lib/python3.10/site-packages/grpc/_cython/_credentials) by extension 'ignore'
[0.766s] Level 1:colcon.colcon_core.package_identification:_identify(src/amiga-ros2-bridge/venv/lib/python3.10/site-packages/grpc/_cython/_credentials) by extension 'ignore_ament_install'
[0.766s] Level 1:colcon.colcon_core.package_identification:_identify(src/amiga-ros2-bridge/venv/lib/python3.10/site-packages/grpc/_cython/_credentials) by extensions ['colcon_pkg']
[0.766s] Level 1:colcon.colcon_core.package_identification:_identify(src/amiga-ros2-bridge/venv/lib/python3.10/site-packages/grpc/_cython/_credentials) by extension 'colcon_pkg'
[0.766s] Level 1:colcon.colcon_core.package_identification:_identify(src/amiga-ros2-bridge/venv/lib/python3.10/site-packages/grpc/_cython/_credentials) by extensions ['colcon_meta']
[0.767s] Level 1:colcon.colcon_core.package_identification:_identify(src/amiga-ros2-bridge/venv/lib/python3.10/site-packages/grpc/_cython/_credentials) by extension 'colcon_meta'
[0.767s] Level 1:colcon.colcon_core.package_identification:_identify(src/amiga-ros2-bridge/venv/lib/python3.10/site-packages/grpc/_cython/_credentials) by extensions ['ros']
[0.767s] Level 1:colcon.colcon_core.package_identification:_identify(src/amiga-ros2-bridge/venv/lib/python3.10/site-packages/grpc/_cython/_credentials) by extension 'ros'
[0.767s] Level 1:colcon.colcon_core.package_identification:_identify(src/amiga-ros2-bridge/venv/lib/python3.10/site-packages/grpc/_cython/_credentials) by extensions ['cmake', 'python']
[0.767s] Level 1:colcon.colcon_core.package_identification:_identify(src/amiga-ros2-bridge/venv/lib/python3.10/site-packages/grpc/_cython/_credentials) by extension 'cmake'
[0.767s] Level 1:colcon.colcon_core.package_identification:_identify(src/amiga-ros2-bridge/venv/lib/python3.10/site-packages/grpc/_cython/_credentials) by extension 'python'
[0.767s] Level 1:colcon.colcon_core.package_identification:_identify(src/amiga-ros2-bridge/venv/lib/python3.10/site-packages/grpc/_cython/_credentials) by extensions ['python_setup_py']
[0.767s] Level 1:colcon.colcon_core.package_identification:_identify(src/amiga-ros2-bridge/venv/lib/python3.10/site-packages/grpc/_cython/_credentials) by extension 'python_setup_py'
[0.768s] Level 1:colcon.colcon_core.package_identification:_identify(src/amiga-ros2-bridge/venv/lib/python3.10/site-packages/grpc/_cython/_cygrpc) by extensions ['ignore', 'ignore_ament_install']
[0.768s] Level 1:colcon.colcon_core.package_identification:_identify(src/amiga-ros2-bridge/venv/lib/python3.10/site-packages/grpc/_cython/_cygrpc) by extension 'ignore'
[0.768s] Level 1:colcon.colcon_core.package_identification:_identify(src/amiga-ros2-bridge/venv/lib/python3.10/site-packages/grpc/_cython/_cygrpc) by extension 'ignore_ament_install'
[0.768s] Level 1:colcon.colcon_core.package_identification:_identify(src/amiga-ros2-bridge/venv/lib/python3.10/site-packages/grpc/_cython/_cygrpc) by extensions ['colcon_pkg']
[0.768s] Level 1:colcon.colcon_core.package_identification:_identify(src/amiga-ros2-bridge/venv/lib/python3.10/site-packages/grpc/_cython/_cygrpc) by extension 'colcon_pkg'
[0.768s] Level 1:colcon.colcon_core.package_identification:_identify(src/amiga-ros2-bridge/venv/lib/python3.10/site-packages/grpc/_cython/_cygrpc) by extensions ['colcon_meta']
[0.768s] Level 1:colcon.colcon_core.package_identification:_identify(src/amiga-ros2-bridge/venv/lib/python3.10/site-packages/grpc/_cython/_cygrpc) by extension 'colcon_meta'
[0.768s] Level 1:colcon.colcon_core.package_identification:_identify(src/amiga-ros2-bridge/venv/lib/python3.10/site-packages/grpc/_cython/_cygrpc) by extensions ['ros']
[0.768s] Level 1:colcon.colcon_core.package_identification:_identify(src/amiga-ros2-bridge/venv/lib/python3.10/site-packages/grpc/_cython/_cygrpc) by extension 'ros'
[0.769s] Level 1:colcon.colcon_core.package_identification:_identify(src/amiga-ros2-bridge/venv/lib/python3.10/site-packages/grpc/_cython/_cygrpc) by extensions ['cmake', 'python']
[0.769s] Level 1:colcon.colcon_core.package_identification:_identify(src/amiga-ros2-bridge/venv/lib/python3.10/site-packages/grpc/_cython/_cygrpc) by extension 'cmake'
[0.769s] Level 1:colcon.colcon_core.package_identification:_identify(src/amiga-ros2-bridge/venv/lib/python3.10/site-packages/grpc/_cython/_cygrpc) by extension 'python'
[0.769s] Level 1:colcon.colcon_core.package_identification:_identify(src/amiga-ros2-bridge/venv/lib/python3.10/site-packages/grpc/_cython/_cygrpc) by extensions ['python_setup_py']
[0.769s] Level 1:colcon.colcon_core.package_identification:_identify(src/amiga-ros2-bridge/venv/lib/python3.10/site-packages/grpc/_cython/_cygrpc) by extension 'python_setup_py'
[0.769s] Level 1:colcon.colcon_core.package_identification:_identify(src/amiga-ros2-bridge/venv/lib/python3.10/site-packages/grpc/_cython/_cygrpc/__pycache__) by extensions ['ignore', 'ignore_ament_install']
[0.769s] Level 1:colcon.colcon_core.package_identification:_identify(src/amiga-ros2-bridge/venv/lib/python3.10/site-packages/grpc/_cython/_cygrpc/__pycache__) by extension 'ignore'
[0.770s] Level 1:colcon.colcon_core.package_identification:_identify(src/amiga-ros2-bridge/venv/lib/python3.10/site-packages/grpc/_cython/_cygrpc/__pycache__) by extension 'ignore_ament_install'
[0.770s] Level 1:colcon.colcon_core.package_identification:_identify(src/amiga-ros2-bridge/venv/lib/python3.10/site-packages/grpc/_cython/_cygrpc/__pycache__) by extensions ['colcon_pkg']
[0.770s] Level 1:colcon.colcon_core.package_identification:_identify(src/amiga-ros2-bridge/venv/lib/python3.10/site-packages/grpc/_cython/_cygrpc/__pycache__) by extension 'colcon_pkg'
[0.770s] Level 1:colcon.colcon_core.package_identification:_identify(src/amiga-ros2-bridge/venv/lib/python3.10/site-packages/grpc/_cython/_cygrpc/__pycache__) by extensions ['colcon_meta']
[0.770s] Level 1:colcon.colcon_core.package_identification:_identify(src/amiga-ros2-bridge/venv/lib/python3.10/site-packages/grpc/_cython/_cygrpc/__pycache__) by extension 'colcon_meta'
[0.770s] Level 1:colcon.colcon_core.package_identification:_identify(src/amiga-ros2-bridge/venv/lib/python3.10/site-packages/grpc/_cython/_cygrpc/__pycache__) by extensions ['ros']
[0.770s] Level 1:colcon.colcon_core.package_identification:_identify(src/amiga-ros2-bridge/venv/lib/python3.10/site-packages/grpc/_cython/_cygrpc/__pycache__) by extension 'ros'
[0.770s] Level 1:colcon.colcon_core.package_identification:_identify(src/amiga-ros2-bridge/venv/lib/python3.10/site-packages/grpc/_cython/_cygrpc/__pycache__) by extensions ['cmake', 'python']
[0.770s] Level 1:colcon.colcon_core.package_identification:_identify(src/amiga-ros2-bridge/venv/lib/python3.10/site-packages/grpc/_cython/_cygrpc/__pycache__) by extension 'cmake'
[0.770s] Level 1:colcon.colcon_core.package_identification:_identify(src/amiga-ros2-bridge/venv/lib/python3.10/site-packages/grpc/_cython/_cygrpc/__pycache__) by extension 'python'
[0.771s] Level 1:colcon.colcon_core.package_identification:_identify(src/amiga-ros2-bridge/venv/lib/python3.10/site-packages/grpc/_cython/_cygrpc/__pycache__) by extensions ['python_setup_py']
[0.771s] Level 1:colcon.colcon_core.package_identification:_identify(src/amiga-ros2-bridge/venv/lib/python3.10/site-packages/grpc/_cython/_cygrpc/__pycache__) by extension 'python_setup_py'
[0.771s] Level 1:colcon.colcon_core.package_identification:_identify(src/amiga-ros2-bridge/venv/lib/python3.10/site-packages/grpc/aio) by extensions ['ignore', 'ignore_ament_install']
[0.771s] Level 1:colcon.colcon_core.package_identification:_identify(src/amiga-ros2-bridge/venv/lib/python3.10/site-packages/grpc/aio) by extension 'ignore'
[0.771s] Level 1:colcon.colcon_core.package_identification:_identify(src/amiga-ros2-bridge/venv/lib/python3.10/site-packages/grpc/aio) by extension 'ignore_ament_install'
[0.771s] Level 1:colcon.colcon_core.package_identification:_identify(src/amiga-ros2-bridge/venv/lib/python3.10/site-packages/grpc/aio) by extensions ['colcon_pkg']
[0.771s] Level 1:colcon.colcon_core.package_identification:_identify(src/amiga-ros2-bridge/venv/lib/python3.10/site-packages/grpc/aio) by extension 'colcon_pkg'
[0.772s] Level 1:colcon.colcon_core.package_identification:_identify(src/amiga-ros2-bridge/venv/lib/python3.10/site-packages/grpc/aio) by extensions ['colcon_meta']
[0.772s] Level 1:colcon.colcon_core.package_identification:_identify(src/amiga-ros2-bridge/venv/lib/python3.10/site-packages/grpc/aio) by extension 'colcon_meta'
[0.772s] Level 1:colcon.colcon_core.package_identification:_identify(src/amiga-ros2-bridge/venv/lib/python3.10/site-packages/grpc/aio) by extensions ['ros']
[0.772s] Level 1:colcon.colcon_core.package_identification:_identify(src/amiga-ros2-bridge/venv/lib/python3.10/site-packages/grpc/aio) by extension 'ros'
[0.772s] Level 1:colcon.colcon_core.package_identification:_identify(src/amiga-ros2-bridge/venv/lib/python3.10/site-packages/grpc/aio) by extensions ['cmake', 'python']
[0.772s] Level 1:colcon.colcon_core.package_identification:_identify(src/amiga-ros2-bridge/venv/lib/python3.10/site-packages/grpc/aio) by extension 'cmake'
[0.772s] Level 1:colcon.colcon_core.package_identification:_identify(src/amiga-ros2-bridge/venv/lib/python3.10/site-packages/grpc/aio) by extension 'python'
[0.772s] Level 1:colcon.colcon_core.package_identification:_identify(src/amiga-ros2-bridge/venv/lib/python3.10/site-packages/grpc/aio) by extensions ['python_setup_py']
[0.772s] Level 1:colcon.colcon_core.package_identification:_identify(src/amiga-ros2-bridge/venv/lib/python3.10/site-packages/grpc/aio) by extension 'python_setup_py'
[0.773s] Level 1:colcon.colcon_core.package_identification:_identify(src/amiga-ros2-bridge/venv/lib/python3.10/site-packages/grpc/aio/__pycache__) by extensions ['ignore', 'ignore_ament_install']
[0.773s] Level 1:colcon.colcon_core.package_identification:_identify(src/amiga-ros2-bridge/venv/lib/python3.10/site-packages/grpc/aio/__pycache__) by extension 'ignore'
[0.773s] Level 1:colcon.colcon_core.package_identification:_identify(src/amiga-ros2-bridge/venv/lib/python3.10/site-packages/grpc/aio/__pycache__) by extension 'ignore_ament_install'
[0.773s] Level 1:colcon.colcon_core.package_identification:_identify(src/amiga-ros2-bridge/venv/lib/python3.10/site-packages/grpc/aio/__pycache__) by extensions ['colcon_pkg']
[0.773s] Level 1:colcon.colcon_core.package_identification:_identify(src/amiga-ros2-bridge/venv/lib/python3.10/site-packages/grpc/aio/__pycache__) by extension 'colcon_pkg'
[0.773s] Level 1:colcon.colcon_core.package_identification:_identify(src/amiga-ros2-bridge/venv/lib/python3.10/site-packages/grpc/aio/__pycache__) by extensions ['colcon_meta']
[0.773s] Level 1:colcon.colcon_core.package_identification:_identify(src/amiga-ros2-bridge/venv/lib/python3.10/site-packages/grpc/aio/__pycache__) by extension 'colcon_meta'
[0.773s] Level 1:colcon.colcon_core.package_identification:_identify(src/amiga-ros2-bridge/venv/lib/python3.10/site-packages/grpc/aio/__pycache__) by extensions ['ros']
[0.773s] Level 1:colcon.colcon_core.package_identification:_identify(src/amiga-ros2-bridge/venv/lib/python3.10/site-packages/grpc/aio/__pycache__) by extension 'ros'
[0.774s] Level 1:colcon.colcon_core.package_identification:_identify(src/amiga-ros2-bridge/venv/lib/python3.10/site-packages/grpc/aio/__pycache__) by extensions ['cmake', 'python']
[0.774s] Level 1:colcon.colcon_core.package_identification:_identify(src/amiga-ros2-bridge/venv/lib/python3.10/site-packages/grpc/aio/__pycache__) by extension 'cmake'
[0.774s] Level 1:colcon.colcon_core.package_identification:_identify(src/amiga-ros2-bridge/venv/lib/python3.10/site-packages/grpc/aio/__pycache__) by extension 'python'
[0.774s] Level 1:colcon.colcon_core.package_identification:_identify(src/amiga-ros2-bridge/venv/lib/python3.10/site-packages/grpc/aio/__pycache__) by extensions ['python_setup_py']
[0.774s] Level 1:colcon.colcon_core.package_identification:_identify(src/amiga-ros2-bridge/venv/lib/python3.10/site-packages/grpc/aio/__pycache__) by extension 'python_setup_py'
[0.774s] Level 1:colcon.colcon_core.package_identification:_identify(src/amiga-ros2-bridge/venv/lib/python3.10/site-packages/grpc/beta) by extensions ['ignore', 'ignore_ament_install']
[0.774s] Level 1:colcon.colcon_core.package_identification:_identify(src/amiga-ros2-bridge/venv/lib/python3.10/site-packages/grpc/beta) by extension 'ignore'
[0.775s] Level 1:colcon.colcon_core.package_identification:_identify(src/amiga-ros2-bridge/venv/lib/python3.10/site-packages/grpc/beta) by extension 'ignore_ament_install'
[0.775s] Level 1:colcon.colcon_core.package_identification:_identify(src/amiga-ros2-bridge/venv/lib/python3.10/site-packages/grpc/beta) by extensions ['colcon_pkg']
[0.775s] Level 1:colcon.colcon_core.package_identification:_identify(src/amiga-ros2-bridge/venv/lib/python3.10/site-packages/grpc/beta) by extension 'colcon_pkg'
[0.775s] Level 1:colcon.colcon_core.package_identification:_identify(src/amiga-ros2-bridge/venv/lib/python3.10/site-packages/grpc/beta) by extensions ['colcon_meta']
[0.775s] Level 1:colcon.colcon_core.package_identification:_identify(src/amiga-ros2-bridge/venv/lib/python3.10/site-packages/grpc/beta) by extension 'colcon_meta'
[0.775s] Level 1:colcon.colcon_core.package_identification:_identify(src/amiga-ros2-bridge/venv/lib/python3.10/site-packages/grpc/beta) by extensions ['ros']
[0.775s] Level 1:colcon.colcon_core.package_identification:_identify(src/amiga-ros2-bridge/venv/lib/python3.10/site-packages/grpc/beta) by extension 'ros'
[0.775s] Level 1:colcon.colcon_core.package_identification:_identify(src/amiga-ros2-bridge/venv/lib/python3.10/site-packages/grpc/beta) by extensions ['cmake', 'python']
[0.775s] Level 1:colcon.colcon_core.package_identification:_identify(src/amiga-ros2-bridge/venv/lib/python3.10/site-packages/grpc/beta) by extension 'cmake'
[0.775s] Level 1:colcon.colcon_core.package_identification:_identify(src/amiga-ros2-bridge/venv/lib/python3.10/site-packages/grpc/beta) by extension 'python'
[0.776s] Level 1:colcon.colcon_core.package_identification:_identify(src/amiga-ros2-bridge/venv/lib/python3.10/site-packages/grpc/beta) by extensions ['python_setup_py']
[0.776s] Level 1:colcon.colcon_core.package_identification:_identify(src/amiga-ros2-bridge/venv/lib/python3.10/site-packages/grpc/beta) by extension 'python_setup_py'
[0.776s] Level 1:colcon.colcon_core.package_identification:_identify(src/amiga-ros2-bridge/venv/lib/python3.10/site-packages/grpc/beta/__pycache__) by extensions ['ignore', 'ignore_ament_install']
[0.776s] Level 1:colcon.colcon_core.package_identification:_identify(src/amiga-ros2-bridge/venv/lib/python3.10/site-packages/grpc/beta/__pycache__) by extension 'ignore'
[0.776s] Level 1:colcon.colcon_core.package_identification:_identify(src/amiga-ros2-bridge/venv/lib/python3.10/site-packages/grpc/beta/__pycache__) by extension 'ignore_ament_install'
[0.776s] Level 1:colcon.colcon_core.package_identification:_identify(src/amiga-ros2-bridge/venv/lib/python3.10/site-packages/grpc/beta/__pycache__) by extensions ['colcon_pkg']
[0.776s] Level 1:colcon.colcon_core.package_identification:_identify(src/amiga-ros2-bridge/venv/lib/python3.10/site-packages/grpc/beta/__pycache__) by extension 'colcon_pkg'
[0.777s] Level 1:colcon.colcon_core.package_identification:_identify(src/amiga-ros2-bridge/venv/lib/python3.10/site-packages/grpc/beta/__pycache__) by extensions ['colcon_meta']
[0.777s] Level 1:colcon.colcon_core.package_identification:_identify(src/amiga-ros2-bridge/venv/lib/python3.10/site-packages/grpc/beta/__pycache__) by extension 'colcon_meta'
[0.777s] Level 1:colcon.colcon_core.package_identification:_identify(src/amiga-ros2-bridge/venv/lib/python3.10/site-packages/grpc/beta/__pycache__) by extensions ['ros']
[0.777s] Level 1:colcon.colcon_core.package_identification:_identify(src/amiga-ros2-bridge/venv/lib/python3.10/site-packages/grpc/beta/__pycache__) by extension 'ros'
[0.777s] Level 1:colcon.colcon_core.package_identification:_identify(src/amiga-ros2-bridge/venv/lib/python3.10/site-packages/grpc/beta/__pycache__) by extensions ['cmake', 'python']
[0.777s] Level 1:colcon.colcon_core.package_identification:_identify(src/amiga-ros2-bridge/venv/lib/python3.10/site-packages/grpc/beta/__pycache__) by extension 'cmake'
[0.777s] Level 1:colcon.colcon_core.package_identification:_identify(src/amiga-ros2-bridge/venv/lib/python3.10/site-packages/grpc/beta/__pycache__) by extension 'python'
[0.777s] Level 1:colcon.colcon_core.package_identification:_identify(src/amiga-ros2-bridge/venv/lib/python3.10/site-packages/grpc/beta/__pycache__) by extensions ['python_setup_py']
[0.777s] Level 1:colcon.colcon_core.package_identification:_identify(src/amiga-ros2-bridge/venv/lib/python3.10/site-packages/grpc/beta/__pycache__) by extension 'python_setup_py'
[0.778s] Level 1:colcon.colcon_core.package_identification:_identify(src/amiga-ros2-bridge/venv/lib/python3.10/site-packages/grpc/experimental) by extensions ['ignore', 'ignore_ament_install']
[0.778s] Level 1:colcon.colcon_core.package_identification:_identify(src/amiga-ros2-bridge/venv/lib/python3.10/site-packages/grpc/experimental) by extension 'ignore'
[0.778s] Level 1:colcon.colcon_core.package_identification:_identify(src/amiga-ros2-bridge/venv/lib/python3.10/site-packages/grpc/experimental) by extension 'ignore_ament_install'
[0.778s] Level 1:colcon.colcon_core.package_identification:_identify(src/amiga-ros2-bridge/venv/lib/python3.10/site-packages/grpc/experimental) by extensions ['colcon_pkg']
[0.778s] Level 1:colcon.colcon_core.package_identification:_identify(src/amiga-ros2-bridge/venv/lib/python3.10/site-packages/grpc/experimental) by extension 'colcon_pkg'
[0.778s] Level 1:colcon.colcon_core.package_identification:_identify(src/amiga-ros2-bridge/venv/lib/python3.10/site-packages/grpc/experimental) by extensions ['colcon_meta']
[0.778s] Level 1:colcon.colcon_core.package_identification:_identify(src/amiga-ros2-bridge/venv/lib/python3.10/site-packages/grpc/experimental) by extension 'colcon_meta'
[0.778s] Level 1:colcon.colcon_core.package_identification:_identify(src/amiga-ros2-bridge/venv/lib/python3.10/site-packages/grpc/experimental) by extensions ['ros']
[0.778s] Level 1:colcon.colcon_core.package_identification:_identify(src/amiga-ros2-bridge/venv/lib/python3.10/site-packages/grpc/experimental) by extension 'ros'
[0.779s] Level 1:colcon.colcon_core.package_identification:_identify(src/amiga-ros2-bridge/venv/lib/python3.10/site-packages/grpc/experimental) by extensions ['cmake', 'python']
[0.779s] Level 1:colcon.colcon_core.package_identification:_identify(src/amiga-ros2-bridge/venv/lib/python3.10/site-packages/grpc/experimental) by extension 'cmake'
[0.779s] Level 1:colcon.colcon_core.package_identification:_identify(src/amiga-ros2-bridge/venv/lib/python3.10/site-packages/grpc/experimental) by extension 'python'
[0.779s] Level 1:colcon.colcon_core.package_identification:_identify(src/amiga-ros2-bridge/venv/lib/python3.10/site-packages/grpc/experimental) by extensions ['python_setup_py']
[0.779s] Level 1:colcon.colcon_core.package_identification:_identify(src/amiga-ros2-bridge/venv/lib/python3.10/site-packages/grpc/experimental) by extension 'python_setup_py'
[0.779s] Level 1:colcon.colcon_core.package_identification:_identify(src/amiga-ros2-bridge/venv/lib/python3.10/site-packages/grpc/experimental/__pycache__) by extensions ['ignore', 'ignore_ament_install']
[0.779s] Level 1:colcon.colcon_core.package_identification:_identify(src/amiga-ros2-bridge/venv/lib/python3.10/site-packages/grpc/experimental/__pycache__) by extension 'ignore'
[0.780s] Level 1:colcon.colcon_core.package_identification:_identify(src/amiga-ros2-bridge/venv/lib/python3.10/site-packages/grpc/experimental/__pycache__) by extension 'ignore_ament_install'
[0.780s] Level 1:colcon.colcon_core.package_identification:_identify(src/amiga-ros2-bridge/venv/lib/python3.10/site-packages/grpc/experimental/__pycache__) by extensions ['colcon_pkg']
[0.780s] Level 1:colcon.colcon_core.package_identification:_identify(src/amiga-ros2-bridge/venv/lib/python3.10/site-packages/grpc/experimental/__pycache__) by extension 'colcon_pkg'
[0.780s] Level 1:colcon.colcon_core.package_identification:_identify(src/amiga-ros2-bridge/venv/lib/python3.10/site-packages/grpc/experimental/__pycache__) by extensions ['colcon_meta']
[0.780s] Level 1:colcon.colcon_core.package_identification:_identify(src/amiga-ros2-bridge/venv/lib/python3.10/site-packages/grpc/experimental/__pycache__) by extension 'colcon_meta'
[0.780s] Level 1:colcon.colcon_core.package_identification:_identify(src/amiga-ros2-bridge/venv/lib/python3.10/site-packages/grpc/experimental/__pycache__) by extensions ['ros']
[0.780s] Level 1:colcon.colcon_core.package_identification:_identify(src/amiga-ros2-bridge/venv/lib/python3.10/site-packages/grpc/experimental/__pycache__) by extension 'ros'
[0.780s] Level 1:colcon.colcon_core.package_identification:_identify(src/amiga-ros2-bridge/venv/lib/python3.10/site-packages/grpc/experimental/__pycache__) by extensions ['cmake', 'python']
[0.780s] Level 1:colcon.colcon_core.package_identification:_identify(src/amiga-ros2-bridge/venv/lib/python3.10/site-packages/grpc/experimental/__pycache__) by extension 'cmake'
[0.780s] Level 1:colcon.colcon_core.package_identification:_identify(src/amiga-ros2-bridge/venv/lib/python3.10/site-packages/grpc/experimental/__pycache__) by extension 'python'
[0.781s] Level 1:colcon.colcon_core.package_identification:_identify(src/amiga-ros2-bridge/venv/lib/python3.10/site-packages/grpc/experimental/__pycache__) by extensions ['python_setup_py']
[0.781s] Level 1:colcon.colcon_core.package_identification:_identify(src/amiga-ros2-bridge/venv/lib/python3.10/site-packages/grpc/experimental/__pycache__) by extension 'python_setup_py'
[0.781s] Level 1:colcon.colcon_core.package_identification:_identify(src/amiga-ros2-bridge/venv/lib/python3.10/site-packages/grpc/experimental/aio) by extensions ['ignore', 'ignore_ament_install']
[0.781s] Level 1:colcon.colcon_core.package_identification:_identify(src/amiga-ros2-bridge/venv/lib/python3.10/site-packages/grpc/experimental/aio) by extension 'ignore'
[0.781s] Level 1:colcon.colcon_core.package_identification:_identify(src/amiga-ros2-bridge/venv/lib/python3.10/site-packages/grpc/experimental/aio) by extension 'ignore_ament_install'
[0.781s] Level 1:colcon.colcon_core.package_identification:_identify(src/amiga-ros2-bridge/venv/lib/python3.10/site-packages/grpc/experimental/aio) by extensions ['colcon_pkg']
[0.781s] Level 1:colcon.colcon_core.package_identification:_identify(src/amiga-ros2-bridge/venv/lib/python3.10/site-packages/grpc/experimental/aio) by extension 'colcon_pkg'
[0.781s] Level 1:colcon.colcon_core.package_identification:_identify(src/amiga-ros2-bridge/venv/lib/python3.10/site-packages/grpc/experimental/aio) by extensions ['colcon_meta']
[0.782s] Level 1:colcon.colcon_core.package_identification:_identify(src/amiga-ros2-bridge/venv/lib/python3.10/site-packages/grpc/experimental/aio) by extension 'colcon_meta'
[0.782s] Level 1:colcon.colcon_core.package_identification:_identify(src/amiga-ros2-bridge/venv/lib/python3.10/site-packages/grpc/experimental/aio) by extensions ['ros']
[0.782s] Level 1:colcon.colcon_core.package_identification:_identify(src/amiga-ros2-bridge/venv/lib/python3.10/site-packages/grpc/experimental/aio) by extension 'ros'
[0.782s] Level 1:colcon.colcon_core.package_identification:_identify(src/amiga-ros2-bridge/venv/lib/python3.10/site-packages/grpc/experimental/aio) by extensions ['cmake', 'python']
[0.782s] Level 1:colcon.colcon_core.package_identification:_identify(src/amiga-ros2-bridge/venv/lib/python3.10/site-packages/grpc/experimental/aio) by extension 'cmake'
[0.782s] Level 1:colcon.colcon_core.package_identification:_identify(src/amiga-ros2-bridge/venv/lib/python3.10/site-packages/grpc/experimental/aio) by extension 'python'
[0.782s] Level 1:colcon.colcon_core.package_identification:_identify(src/amiga-ros2-bridge/venv/lib/python3.10/site-packages/grpc/experimental/aio) by extensions ['python_setup_py']
[0.782s] Level 1:colcon.colcon_core.package_identification:_identify(src/amiga-ros2-bridge/venv/lib/python3.10/site-packages/grpc/experimental/aio) by extension 'python_setup_py'
[0.783s] Level 1:colcon.colcon_core.package_identification:_identify(src/amiga-ros2-bridge/venv/lib/python3.10/site-packages/grpc/experimental/aio/__pycache__) by extensions ['ignore', 'ignore_ament_install']
[0.783s] Level 1:colcon.colcon_core.package_identification:_identify(src/amiga-ros2-bridge/venv/lib/python3.10/site-packages/grpc/experimental/aio/__pycache__) by extension 'ignore'
[0.783s] Level 1:colcon.colcon_core.package_identification:_identify(src/amiga-ros2-bridge/venv/lib/python3.10/site-packages/grpc/experimental/aio/__pycache__) by extension 'ignore_ament_install'
[0.783s] Level 1:colcon.colcon_core.package_identification:_identify(src/amiga-ros2-bridge/venv/lib/python3.10/site-packages/grpc/experimental/aio/__pycache__) by extensions ['colcon_pkg']
[0.783s] Level 1:colcon.colcon_core.package_identification:_identify(src/amiga-ros2-bridge/venv/lib/python3.10/site-packages/grpc/experimental/aio/__pycache__) by extension 'colcon_pkg'
[0.783s] Level 1:colcon.colcon_core.package_identification:_identify(src/amiga-ros2-bridge/venv/lib/python3.10/site-packages/grpc/experimental/aio/__pycache__) by extensions ['colcon_meta']
[0.783s] Level 1:colcon.colcon_core.package_identification:_identify(src/amiga-ros2-bridge/venv/lib/python3.10/site-packages/grpc/experimental/aio/__pycache__) by extension 'colcon_meta'
[0.783s] Level 1:colcon.colcon_core.package_identification:_identify(src/amiga-ros2-bridge/venv/lib/python3.10/site-packages/grpc/experimental/aio/__pycache__) by extensions ['ros']
[0.783s] Level 1:colcon.colcon_core.package_identification:_identify(src/amiga-ros2-bridge/venv/lib/python3.10/site-packages/grpc/experimental/aio/__pycache__) by extension 'ros'
[0.784s] Level 1:colcon.colcon_core.package_identification:_identify(src/amiga-ros2-bridge/venv/lib/python3.10/site-packages/grpc/experimental/aio/__pycache__) by extensions ['cmake', 'python']
[0.784s] Level 1:colcon.colcon_core.package_identification:_identify(src/amiga-ros2-bridge/venv/lib/python3.10/site-packages/grpc/experimental/aio/__pycache__) by extension 'cmake'
[0.784s] Level 1:colcon.colcon_core.package_identification:_identify(src/amiga-ros2-bridge/venv/lib/python3.10/site-packages/grpc/experimental/aio/__pycache__) by extension 'python'
[0.784s] Level 1:colcon.colcon_core.package_identification:_identify(src/amiga-ros2-bridge/venv/lib/python3.10/site-packages/grpc/experimental/aio/__pycache__) by extensions ['python_setup_py']
[0.784s] Level 1:colcon.colcon_core.package_identification:_identify(src/amiga-ros2-bridge/venv/lib/python3.10/site-packages/grpc/experimental/aio/__pycache__) by extension 'python_setup_py'
[0.784s] Level 1:colcon.colcon_core.package_identification:_identify(src/amiga-ros2-bridge/venv/lib/python3.10/site-packages/grpc/framework) by extensions ['ignore', 'ignore_ament_install']
[0.784s] Level 1:colcon.colcon_core.package_identification:_identify(src/amiga-ros2-bridge/venv/lib/python3.10/site-packages/grpc/framework) by extension 'ignore'
[0.784s] Level 1:colcon.colcon_core.package_identification:_identify(src/amiga-ros2-bridge/venv/lib/python3.10/site-packages/grpc/framework) by extension 'ignore_ament_install'
[0.785s] Level 1:colcon.colcon_core.package_identification:_identify(src/amiga-ros2-bridge/venv/lib/python3.10/site-packages/grpc/framework) by extensions ['colcon_pkg']
[0.785s] Level 1:colcon.colcon_core.package_identification:_identify(src/amiga-ros2-bridge/venv/lib/python3.10/site-packages/grpc/framework) by extension 'colcon_pkg'
[0.785s] Level 1:colcon.colcon_core.package_identification:_identify(src/amiga-ros2-bridge/venv/lib/python3.10/site-packages/grpc/framework) by extensions ['colcon_meta']
[0.785s] Level 1:colcon.colcon_core.package_identification:_identify(src/amiga-ros2-bridge/venv/lib/python3.10/site-packages/grpc/framework) by extension 'colcon_meta'
[0.785s] Level 1:colcon.colcon_core.package_identification:_identify(src/amiga-ros2-bridge/venv/lib/python3.10/site-packages/grpc/framework) by extensions ['ros']
[0.785s] Level 1:colcon.colcon_core.package_identification:_identify(src/amiga-ros2-bridge/venv/lib/python3.10/site-packages/grpc/framework) by extension 'ros'
[0.785s] Level 1:colcon.colcon_core.package_identification:_identify(src/amiga-ros2-bridge/venv/lib/python3.10/site-packages/grpc/framework) by extensions ['cmake', 'python']
[0.785s] Level 1:colcon.colcon_core.package_identification:_identify(src/amiga-ros2-bridge/venv/lib/python3.10/site-packages/grpc/framework) by extension 'cmake'
[0.785s] Level 1:colcon.colcon_core.package_identification:_identify(src/amiga-ros2-bridge/venv/lib/python3.10/site-packages/grpc/framework) by extension 'python'
[0.785s] Level 1:colcon.colcon_core.package_identification:_identify(src/amiga-ros2-bridge/venv/lib/python3.10/site-packages/grpc/framework) by extensions ['python_setup_py']
[0.786s] Level 1:colcon.colcon_core.package_identification:_identify(src/amiga-ros2-bridge/venv/lib/python3.10/site-packages/grpc/framework) by extension 'python_setup_py'
[0.786s] Level 1:colcon.colcon_core.package_identification:_identify(src/amiga-ros2-bridge/venv/lib/python3.10/site-packages/grpc/framework/__pycache__) by extensions ['ignore', 'ignore_ament_install']
[0.786s] Level 1:colcon.colcon_core.package_identification:_identify(src/amiga-ros2-bridge/venv/lib/python3.10/site-packages/grpc/framework/__pycache__) by extension 'ignore'
[0.786s] Level 1:colcon.colcon_core.package_identification:_identify(src/amiga-ros2-bridge/venv/lib/python3.10/site-packages/grpc/framework/__pycache__) by extension 'ignore_ament_install'
[0.786s] Level 1:colcon.colcon_core.package_identification:_identify(src/amiga-ros2-bridge/venv/lib/python3.10/site-packages/grpc/framework/__pycache__) by extensions ['colcon_pkg']
[0.786s] Level 1:colcon.colcon_core.package_identification:_identify(src/amiga-ros2-bridge/venv/lib/python3.10/site-packages/grpc/framework/__pycache__) by extension 'colcon_pkg'
[0.786s] Level 1:colcon.colcon_core.package_identification:_identify(src/amiga-ros2-bridge/venv/lib/python3.10/site-packages/grpc/framework/__pycache__) by extensions ['colcon_meta']
[0.786s] Level 1:colcon.colcon_core.package_identification:_identify(src/amiga-ros2-bridge/venv/lib/python3.10/site-packages/grpc/framework/__pycache__) by extension 'colcon_meta'
[0.787s] Level 1:colcon.colcon_core.package_identification:_identify(src/amiga-ros2-bridge/venv/lib/python3.10/site-packages/grpc/framework/__pycache__) by extensions ['ros']
[0.787s] Level 1:colcon.colcon_core.package_identification:_identify(src/amiga-ros2-bridge/venv/lib/python3.10/site-packages/grpc/framework/__pycache__) by extension 'ros'
[0.787s] Level 1:colcon.colcon_core.package_identification:_identify(src/amiga-ros2-bridge/venv/lib/python3.10/site-packages/grpc/framework/__pycache__) by extensions ['cmake', 'python']
[0.787s] Level 1:colcon.colcon_core.package_identification:_identify(src/amiga-ros2-bridge/venv/lib/python3.10/site-packages/grpc/framework/__pycache__) by extension 'cmake'
[0.787s] Level 1:colcon.colcon_core.package_identification:_identify(src/amiga-ros2-bridge/venv/lib/python3.10/site-packages/grpc/framework/__pycache__) by extension 'python'
[0.787s] Level 1:colcon.colcon_core.package_identification:_identify(src/amiga-ros2-bridge/venv/lib/python3.10/site-packages/grpc/framework/__pycache__) by extensions ['python_setup_py']
[0.787s] Level 1:colcon.colcon_core.package_identification:_identify(src/amiga-ros2-bridge/venv/lib/python3.10/site-packages/grpc/framework/__pycache__) by extension 'python_setup_py'
[0.787s] Level 1:colcon.colcon_core.package_identification:_identify(src/amiga-ros2-bridge/venv/lib/python3.10/site-packages/grpc/framework/common) by extensions ['ignore', 'ignore_ament_install']
[0.788s] Level 1:colcon.colcon_core.package_identification:_identify(src/amiga-ros2-bridge/venv/lib/python3.10/site-packages/grpc/framework/common) by extension 'ignore'
[0.788s] Level 1:colcon.colcon_core.package_identification:_identify(src/amiga-ros2-bridge/venv/lib/python3.10/site-packages/grpc/framework/common) by extension 'ignore_ament_install'
[0.788s] Level 1:colcon.colcon_core.package_identification:_identify(src/amiga-ros2-bridge/venv/lib/python3.10/site-packages/grpc/framework/common) by extensions ['colcon_pkg']
[0.788s] Level 1:colcon.colcon_core.package_identification:_identify(src/amiga-ros2-bridge/venv/lib/python3.10/site-packages/grpc/framework/common) by extension 'colcon_pkg'
[0.788s] Level 1:colcon.colcon_core.package_identification:_identify(src/amiga-ros2-bridge/venv/lib/python3.10/site-packages/grpc/framework/common) by extensions ['colcon_meta']
[0.788s] Level 1:colcon.colcon_core.package_identification:_identify(src/amiga-ros2-bridge/venv/lib/python3.10/site-packages/grpc/framework/common) by extension 'colcon_meta'
[0.788s] Level 1:colcon.colcon_core.package_identification:_identify(src/amiga-ros2-bridge/venv/lib/python3.10/site-packages/grpc/framework/common) by extensions ['ros']
[0.788s] Level 1:colcon.colcon_core.package_identification:_identify(src/amiga-ros2-bridge/venv/lib/python3.10/site-packages/grpc/framework/common) by extension 'ros'
[0.789s] Level 1:colcon.colcon_core.package_identification:_identify(src/amiga-ros2-bridge/venv/lib/python3.10/site-packages/grpc/framework/common) by extensions ['cmake', 'python']
[0.789s] Level 1:colcon.colcon_core.package_identification:_identify(src/amiga-ros2-bridge/venv/lib/python3.10/site-packages/grpc/framework/common) by extension 'cmake'
[0.789s] Level 1:colcon.colcon_core.package_identification:_identify(src/amiga-ros2-bridge/venv/lib/python3.10/site-packages/grpc/framework/common) by extension 'python'
[0.789s] Level 1:colcon.colcon_core.package_identification:_identify(src/amiga-ros2-bridge/venv/lib/python3.10/site-packages/grpc/framework/common) by extensions ['python_setup_py']
[0.789s] Level 1:colcon.colcon_core.package_identification:_identify(src/amiga-ros2-bridge/venv/lib/python3.10/site-packages/grpc/framework/common) by extension 'python_setup_py'
[0.789s] Level 1:colcon.colcon_core.package_identification:_identify(src/amiga-ros2-bridge/venv/lib/python3.10/site-packages/grpc/framework/common/__pycache__) by extensions ['ignore', 'ignore_ament_install']
[0.789s] Level 1:colcon.colcon_core.package_identification:_identify(src/amiga-ros2-bridge/venv/lib/python3.10/site-packages/grpc/framework/common/__pycache__) by extension 'ignore'
[0.789s] Level 1:colcon.colcon_core.package_identification:_identify(src/amiga-ros2-bridge/venv/lib/python3.10/site-packages/grpc/framework/common/__pycache__) by extension 'ignore_ament_install'
[0.790s] Level 1:colcon.colcon_core.package_identification:_identify(src/amiga-ros2-bridge/venv/lib/python3.10/site-packages/grpc/framework/common/__pycache__) by extensions ['colcon_pkg']
[0.790s] Level 1:colcon.colcon_core.package_identification:_identify(src/amiga-ros2-bridge/venv/lib/python3.10/site-packages/grpc/framework/common/__pycache__) by extension 'colcon_pkg'
[0.790s] Level 1:colcon.colcon_core.package_identification:_identify(src/amiga-ros2-bridge/venv/lib/python3.10/site-packages/grpc/framework/common/__pycache__) by extensions ['colcon_meta']
[0.790s] Level 1:colcon.colcon_core.package_identification:_identify(src/amiga-ros2-bridge/venv/lib/python3.10/site-packages/grpc/framework/common/__pycache__) by extension 'colcon_meta'
[0.790s] Level 1:colcon.colcon_core.package_identification:_identify(src/amiga-ros2-bridge/venv/lib/python3.10/site-packages/grpc/framework/common/__pycache__) by extensions ['ros']
[0.790s] Level 1:colcon.colcon_core.package_identification:_identify(src/amiga-ros2-bridge/venv/lib/python3.10/site-packages/grpc/framework/common/__pycache__) by extension 'ros'
[0.790s] Level 1:colcon.colcon_core.package_identification:_identify(src/amiga-ros2-bridge/venv/lib/python3.10/site-packages/grpc/framework/common/__pycache__) by extensions ['cmake', 'python']
[0.790s] Level 1:colcon.colcon_core.package_identification:_identify(src/amiga-ros2-bridge/venv/lib/python3.10/site-packages/grpc/framework/common/__pycache__) by extension 'cmake'
[0.790s] Level 1:colcon.colcon_core.package_identification:_identify(src/amiga-ros2-bridge/venv/lib/python3.10/site-packages/grpc/framework/common/__pycache__) by extension 'python'
[0.790s] Level 1:colcon.colcon_core.package_identification:_identify(src/amiga-ros2-bridge/venv/lib/python3.10/site-packages/grpc/framework/common/__pycache__) by extensions ['python_setup_py']
[0.790s] Level 1:colcon.colcon_core.package_identification:_identify(src/amiga-ros2-bridge/venv/lib/python3.10/site-packages/grpc/framework/common/__pycache__) by extension 'python_setup_py'
[0.791s] Level 1:colcon.colcon_core.package_identification:_identify(src/amiga-ros2-bridge/venv/lib/python3.10/site-packages/grpc/framework/foundation) by extensions ['ignore', 'ignore_ament_install']
[0.791s] Level 1:colcon.colcon_core.package_identification:_identify(src/amiga-ros2-bridge/venv/lib/python3.10/site-packages/grpc/framework/foundation) by extension 'ignore'
[0.791s] Level 1:colcon.colcon_core.package_identification:_identify(src/amiga-ros2-bridge/venv/lib/python3.10/site-packages/grpc/framework/foundation) by extension 'ignore_ament_install'
[0.791s] Level 1:colcon.colcon_core.package_identification:_identify(src/amiga-ros2-bridge/venv/lib/python3.10/site-packages/grpc/framework/foundation) by extensions ['colcon_pkg']
[0.791s] Level 1:colcon.colcon_core.package_identification:_identify(src/amiga-ros2-bridge/venv/lib/python3.10/site-packages/grpc/framework/foundation) by extension 'colcon_pkg'
[0.791s] Level 1:colcon.colcon_core.package_identification:_identify(src/amiga-ros2-bridge/venv/lib/python3.10/site-packages/grpc/framework/foundation) by extensions ['colcon_meta']
[0.791s] Level 1:colcon.colcon_core.package_identification:_identify(src/amiga-ros2-bridge/venv/lib/python3.10/site-packages/grpc/framework/foundation) by extension 'colcon_meta'
[0.792s] Level 1:colcon.colcon_core.package_identification:_identify(src/amiga-ros2-bridge/venv/lib/python3.10/site-packages/grpc/framework/foundation) by extensions ['ros']
[0.792s] Level 1:colcon.colcon_core.package_identification:_identify(src/amiga-ros2-bridge/venv/lib/python3.10/site-packages/grpc/framework/foundation) by extension 'ros'
[0.792s] Level 1:colcon.colcon_core.package_identification:_identify(src/amiga-ros2-bridge/venv/lib/python3.10/site-packages/grpc/framework/foundation) by extensions ['cmake', 'python']
[0.792s] Level 1:colcon.colcon_core.package_identification:_identify(src/amiga-ros2-bridge/venv/lib/python3.10/site-packages/grpc/framework/foundation) by extension 'cmake'
[0.792s] Level 1:colcon.colcon_core.package_identification:_identify(src/amiga-ros2-bridge/venv/lib/python3.10/site-packages/grpc/framework/foundation) by extension 'python'
[0.792s] Level 1:colcon.colcon_core.package_identification:_identify(src/amiga-ros2-bridge/venv/lib/python3.10/site-packages/grpc/framework/foundation) by extensions ['python_setup_py']
[0.792s] Level 1:colcon.colcon_core.package_identification:_identify(src/amiga-ros2-bridge/venv/lib/python3.10/site-packages/grpc/framework/foundation) by extension 'python_setup_py'
[0.792s] Level 1:colcon.colcon_core.package_identification:_identify(src/amiga-ros2-bridge/venv/lib/python3.10/site-packages/grpc/framework/foundation/__pycache__) by extensions ['ignore', 'ignore_ament_install']
[0.793s] Level 1:colcon.colcon_core.package_identification:_identify(src/amiga-ros2-bridge/venv/lib/python3.10/site-packages/grpc/framework/foundation/__pycache__) by extension 'ignore'
[0.793s] Level 1:colcon.colcon_core.package_identification:_identify(src/amiga-ros2-bridge/venv/lib/python3.10/site-packages/grpc/framework/foundation/__pycache__) by extension 'ignore_ament_install'
[0.793s] Level 1:colcon.colcon_core.package_identification:_identify(src/amiga-ros2-bridge/venv/lib/python3.10/site-packages/grpc/framework/foundation/__pycache__) by extensions ['colcon_pkg']
[0.793s] Level 1:colcon.colcon_core.package_identification:_identify(src/amiga-ros2-bridge/venv/lib/python3.10/site-packages/grpc/framework/foundation/__pycache__) by extension 'colcon_pkg'
[0.793s] Level 1:colcon.colcon_core.package_identification:_identify(src/amiga-ros2-bridge/venv/lib/python3.10/site-packages/grpc/framework/foundation/__pycache__) by extensions ['colcon_meta']
[0.793s] Level 1:colcon.colcon_core.package_identification:_identify(src/amiga-ros2-bridge/venv/lib/python3.10/site-packages/grpc/framework/foundation/__pycache__) by extension 'colcon_meta'
[0.793s] Level 1:colcon.colcon_core.package_identification:_identify(src/amiga-ros2-bridge/venv/lib/python3.10/site-packages/grpc/framework/foundation/__pycache__) by extensions ['ros']
[0.793s] Level 1:colcon.colcon_core.package_identification:_identify(src/amiga-ros2-bridge/venv/lib/python3.10/site-packages/grpc/framework/foundation/__pycache__) by extension 'ros'
[0.793s] Level 1:colcon.colcon_core.package_identification:_identify(src/amiga-ros2-bridge/venv/lib/python3.10/site-packages/grpc/framework/foundation/__pycache__) by extensions ['cmake', 'python']
[0.794s] Level 1:colcon.colcon_core.package_identification:_identify(src/amiga-ros2-bridge/venv/lib/python3.10/site-packages/grpc/framework/foundation/__pycache__) by extension 'cmake'
[0.794s] Level 1:colcon.colcon_core.package_identification:_identify(src/amiga-ros2-bridge/venv/lib/python3.10/site-packages/grpc/framework/foundation/__pycache__) by extension 'python'
[0.794s] Level 1:colcon.colcon_core.package_identification:_identify(src/amiga-ros2-bridge/venv/lib/python3.10/site-packages/grpc/framework/foundation/__pycache__) by extensions ['python_setup_py']
[0.794s] Level 1:colcon.colcon_core.package_identification:_identify(src/amiga-ros2-bridge/venv/lib/python3.10/site-packages/grpc/framework/foundation/__pycache__) by extension 'python_setup_py'
[0.794s] Level 1:colcon.colcon_core.package_identification:_identify(src/amiga-ros2-bridge/venv/lib/python3.10/site-packages/grpc/framework/interfaces) by extensions ['ignore', 'ignore_ament_install']
[0.794s] Level 1:colcon.colcon_core.package_identification:_identify(src/amiga-ros2-bridge/venv/lib/python3.10/site-packages/grpc/framework/interfaces) by extension 'ignore'
[0.794s] Level 1:colcon.colcon_core.package_identification:_identify(src/amiga-ros2-bridge/venv/lib/python3.10/site-packages/grpc/framework/interfaces) by extension 'ignore_ament_install'
[0.794s] Level 1:colcon.colcon_core.package_identification:_identify(src/amiga-ros2-bridge/venv/lib/python3.10/site-packages/grpc/framework/interfaces) by extensions ['colcon_pkg']
[0.795s] Level 1:colcon.colcon_core.package_identification:_identify(src/amiga-ros2-bridge/venv/lib/python3.10/site-packages/grpc/framework/interfaces) by extension 'colcon_pkg'
[0.795s] Level 1:colcon.colcon_core.package_identification:_identify(src/amiga-ros2-bridge/venv/lib/python3.10/site-packages/grpc/framework/interfaces) by extensions ['colcon_meta']
[0.795s] Level 1:colcon.colcon_core.package_identification:_identify(src/amiga-ros2-bridge/venv/lib/python3.10/site-packages/grpc/framework/interfaces) by extension 'colcon_meta'
[0.795s] Level 1:colcon.colcon_core.package_identification:_identify(src/amiga-ros2-bridge/venv/lib/python3.10/site-packages/grpc/framework/interfaces) by extensions ['ros']
[0.795s] Level 1:colcon.colcon_core.package_identification:_identify(src/amiga-ros2-bridge/venv/lib/python3.10/site-packages/grpc/framework/interfaces) by extension 'ros'
[0.795s] Level 1:colcon.colcon_core.package_identification:_identify(src/amiga-ros2-bridge/venv/lib/python3.10/site-packages/grpc/framework/interfaces) by extensions ['cmake', 'python']
[0.795s] Level 1:colcon.colcon_core.package_identification:_identify(src/amiga-ros2-bridge/venv/lib/python3.10/site-packages/grpc/framework/interfaces) by extension 'cmake'
[0.795s] Level 1:colcon.colcon_core.package_identification:_identify(src/amiga-ros2-bridge/venv/lib/python3.10/site-packages/grpc/framework/interfaces) by extension 'python'
[0.795s] Level 1:colcon.colcon_core.package_identification:_identify(src/amiga-ros2-bridge/venv/lib/python3.10/site-packages/grpc/framework/interfaces) by extensions ['python_setup_py']
[0.795s] Level 1:colcon.colcon_core.package_identification:_identify(src/amiga-ros2-bridge/venv/lib/python3.10/site-packages/grpc/framework/interfaces) by extension 'python_setup_py'
[0.796s] Level 1:colcon.colcon_core.package_identification:_identify(src/amiga-ros2-bridge/venv/lib/python3.10/site-packages/grpc/framework/interfaces/__pycache__) by extensions ['ignore', 'ignore_ament_install']
[0.796s] Level 1:colcon.colcon_core.package_identification:_identify(src/amiga-ros2-bridge/venv/lib/python3.10/site-packages/grpc/framework/interfaces/__pycache__) by extension 'ignore'
[0.796s] Level 1:colcon.colcon_core.package_identification:_identify(src/amiga-ros2-bridge/venv/lib/python3.10/site-packages/grpc/framework/interfaces/__pycache__) by extension 'ignore_ament_install'
[0.796s] Level 1:colcon.colcon_core.package_identification:_identify(src/amiga-ros2-bridge/venv/lib/python3.10/site-packages/grpc/framework/interfaces/__pycache__) by extensions ['colcon_pkg']
[0.796s] Level 1:colcon.colcon_core.package_identification:_identify(src/amiga-ros2-bridge/venv/lib/python3.10/site-packages/grpc/framework/interfaces/__pycache__) by extension 'colcon_pkg'
[0.796s] Level 1:colcon.colcon_core.package_identification:_identify(src/amiga-ros2-bridge/venv/lib/python3.10/site-packages/grpc/framework/interfaces/__pycache__) by extensions ['colcon_meta']
[0.796s] Level 1:colcon.colcon_core.package_identification:_identify(src/amiga-ros2-bridge/venv/lib/python3.10/site-packages/grpc/framework/interfaces/__pycache__) by extension 'colcon_meta'
[0.797s] Level 1:colcon.colcon_core.package_identification:_identify(src/amiga-ros2-bridge/venv/lib/python3.10/site-packages/grpc/framework/interfaces/__pycache__) by extensions ['ros']
[0.797s] Level 1:colcon.colcon_core.package_identification:_identify(src/amiga-ros2-bridge/venv/lib/python3.10/site-packages/grpc/framework/interfaces/__pycache__) by extension 'ros'
[0.797s] Level 1:colcon.colcon_core.package_identification:_identify(src/amiga-ros2-bridge/venv/lib/python3.10/site-packages/grpc/framework/interfaces/__pycache__) by extensions ['cmake', 'python']
[0.797s] Level 1:colcon.colcon_core.package_identification:_identify(src/amiga-ros2-bridge/venv/lib/python3.10/site-packages/grpc/framework/interfaces/__pycache__) by extension 'cmake'
[0.797s] Level 1:colcon.colcon_core.package_identification:_identify(src/amiga-ros2-bridge/venv/lib/python3.10/site-packages/grpc/framework/interfaces/__pycache__) by extension 'python'
[0.797s] Level 1:colcon.colcon_core.package_identification:_identify(src/amiga-ros2-bridge/venv/lib/python3.10/site-packages/grpc/framework/interfaces/__pycache__) by extensions ['python_setup_py']
[0.797s] Level 1:colcon.colcon_core.package_identification:_identify(src/amiga-ros2-bridge/venv/lib/python3.10/site-packages/grpc/framework/interfaces/__pycache__) by extension 'python_setup_py'
[0.797s] Level 1:colcon.colcon_core.package_identification:_identify(src/amiga-ros2-bridge/venv/lib/python3.10/site-packages/grpc/framework/interfaces/base) by extensions ['ignore', 'ignore_ament_install']
[0.798s] Level 1:colcon.colcon_core.package_identification:_identify(src/amiga-ros2-bridge/venv/lib/python3.10/site-packages/grpc/framework/interfaces/base) by extension 'ignore'
[0.798s] Level 1:colcon.colcon_core.package_identification:_identify(src/amiga-ros2-bridge/venv/lib/python3.10/site-packages/grpc/framework/interfaces/base) by extension 'ignore_ament_install'
[0.798s] Level 1:colcon.colcon_core.package_identification:_identify(src/amiga-ros2-bridge/venv/lib/python3.10/site-packages/grpc/framework/interfaces/base) by extensions ['colcon_pkg']
[0.798s] Level 1:colcon.colcon_core.package_identification:_identify(src/amiga-ros2-bridge/venv/lib/python3.10/site-packages/grpc/framework/interfaces/base) by extension 'colcon_pkg'
[0.798s] Level 1:colcon.colcon_core.package_identification:_identify(src/amiga-ros2-bridge/venv/lib/python3.10/site-packages/grpc/framework/interfaces/base) by extensions ['colcon_meta']
[0.798s] Level 1:colcon.colcon_core.package_identification:_identify(src/amiga-ros2-bridge/venv/lib/python3.10/site-packages/grpc/framework/interfaces/base) by extension 'colcon_meta'
[0.798s] Level 1:colcon.colcon_core.package_identification:_identify(src/amiga-ros2-bridge/venv/lib/python3.10/site-packages/grpc/framework/interfaces/base) by extensions ['ros']
[0.798s] Level 1:colcon.colcon_core.package_identification:_identify(src/amiga-ros2-bridge/venv/lib/python3.10/site-packages/grpc/framework/interfaces/base) by extension 'ros'
[0.798s] Level 1:colcon.colcon_core.package_identification:_identify(src/amiga-ros2-bridge/venv/lib/python3.10/site-packages/grpc/framework/interfaces/base) by extensions ['cmake', 'python']
[0.798s] Level 1:colcon.colcon_core.package_identification:_identify(src/amiga-ros2-bridge/venv/lib/python3.10/site-packages/grpc/framework/interfaces/base) by extension 'cmake'
[0.799s] Level 1:colcon.colcon_core.package_identification:_identify(src/amiga-ros2-bridge/venv/lib/python3.10/site-packages/grpc/framework/interfaces/base) by extension 'python'
[0.799s] Level 1:colcon.colcon_core.package_identification:_identify(src/amiga-ros2-bridge/venv/lib/python3.10/site-packages/grpc/framework/interfaces/base) by extensions ['python_setup_py']
[0.799s] Level 1:colcon.colcon_core.package_identification:_identify(src/amiga-ros2-bridge/venv/lib/python3.10/site-packages/grpc/framework/interfaces/base) by extension 'python_setup_py'
[0.799s] Level 1:colcon.colcon_core.package_identification:_identify(src/amiga-ros2-bridge/venv/lib/python3.10/site-packages/grpc/framework/interfaces/base/__pycache__) by extensions ['ignore', 'ignore_ament_install']
[0.799s] Level 1:colcon.colcon_core.package_identification:_identify(src/amiga-ros2-bridge/venv/lib/python3.10/site-packages/grpc/framework/interfaces/base/__pycache__) by extension 'ignore'
[0.799s] Level 1:colcon.colcon_core.package_identification:_identify(src/amiga-ros2-bridge/venv/lib/python3.10/site-packages/grpc/framework/interfaces/base/__pycache__) by extension 'ignore_ament_install'
[0.799s] Level 1:colcon.colcon_core.package_identification:_identify(src/amiga-ros2-bridge/venv/lib/python3.10/site-packages/grpc/framework/interfaces/base/__pycache__) by extensions ['colcon_pkg']
[0.800s] Level 1:colcon.colcon_core.package_identification:_identify(src/amiga-ros2-bridge/venv/lib/python3.10/site-packages/grpc/framework/interfaces/base/__pycache__) by extension 'colcon_pkg'
[0.800s] Level 1:colcon.colcon_core.package_identification:_identify(src/amiga-ros2-bridge/venv/lib/python3.10/site-packages/grpc/framework/interfaces/base/__pycache__) by extensions ['colcon_meta']
[0.800s] Level 1:colcon.colcon_core.package_identification:_identify(src/amiga-ros2-bridge/venv/lib/python3.10/site-packages/grpc/framework/interfaces/base/__pycache__) by extension 'colcon_meta'
[0.800s] Level 1:colcon.colcon_core.package_identification:_identify(src/amiga-ros2-bridge/venv/lib/python3.10/site-packages/grpc/framework/interfaces/base/__pycache__) by extensions ['ros']
[0.800s] Level 1:colcon.colcon_core.package_identification:_identify(src/amiga-ros2-bridge/venv/lib/python3.10/site-packages/grpc/framework/interfaces/base/__pycache__) by extension 'ros'
[0.800s] Level 1:colcon.colcon_core.package_identification:_identify(src/amiga-ros2-bridge/venv/lib/python3.10/site-packages/grpc/framework/interfaces/base/__pycache__) by extensions ['cmake', 'python']
[0.800s] Level 1:colcon.colcon_core.package_identification:_identify(src/amiga-ros2-bridge/venv/lib/python3.10/site-packages/grpc/framework/interfaces/base/__pycache__) by extension 'cmake'
[0.800s] Level 1:colcon.colcon_core.package_identification:_identify(src/amiga-ros2-bridge/venv/lib/python3.10/site-packages/grpc/framework/interfaces/base/__pycache__) by extension 'python'
[0.800s] Level 1:colcon.colcon_core.package_identification:_identify(src/amiga-ros2-bridge/venv/lib/python3.10/site-packages/grpc/framework/interfaces/base/__pycache__) by extensions ['python_setup_py']
[0.801s] Level 1:colcon.colcon_core.package_identification:_identify(src/amiga-ros2-bridge/venv/lib/python3.10/site-packages/grpc/framework/interfaces/base/__pycache__) by extension 'python_setup_py'
[0.801s] Level 1:colcon.colcon_core.package_identification:_identify(src/amiga-ros2-bridge/venv/lib/python3.10/site-packages/grpc/framework/interfaces/face) by extensions ['ignore', 'ignore_ament_install']
[0.801s] Level 1:colcon.colcon_core.package_identification:_identify(src/amiga-ros2-bridge/venv/lib/python3.10/site-packages/grpc/framework/interfaces/face) by extension 'ignore'
[0.801s] Level 1:colcon.colcon_core.package_identification:_identify(src/amiga-ros2-bridge/venv/lib/python3.10/site-packages/grpc/framework/interfaces/face) by extension 'ignore_ament_install'
[0.801s] Level 1:colcon.colcon_core.package_identification:_identify(src/amiga-ros2-bridge/venv/lib/python3.10/site-packages/grpc/framework/interfaces/face) by extensions ['colcon_pkg']
[0.801s] Level 1:colcon.colcon_core.package_identification:_identify(src/amiga-ros2-bridge/venv/lib/python3.10/site-packages/grpc/framework/interfaces/face) by extension 'colcon_pkg'
[0.801s] Level 1:colcon.colcon_core.package_identification:_identify(src/amiga-ros2-bridge/venv/lib/python3.10/site-packages/grpc/framework/interfaces/face) by extensions ['colcon_meta']
[0.801s] Level 1:colcon.colcon_core.package_identification:_identify(src/amiga-ros2-bridge/venv/lib/python3.10/site-packages/grpc/framework/interfaces/face) by extension 'colcon_meta'
[0.802s] Level 1:colcon.colcon_core.package_identification:_identify(src/amiga-ros2-bridge/venv/lib/python3.10/site-packages/grpc/framework/interfaces/face) by extensions ['ros']
[0.802s] Level 1:colcon.colcon_core.package_identification:_identify(src/amiga-ros2-bridge/venv/lib/python3.10/site-packages/grpc/framework/interfaces/face) by extension 'ros'
[0.802s] Level 1:colcon.colcon_core.package_identification:_identify(src/amiga-ros2-bridge/venv/lib/python3.10/site-packages/grpc/framework/interfaces/face) by extensions ['cmake', 'python']
[0.802s] Level 1:colcon.colcon_core.package_identification:_identify(src/amiga-ros2-bridge/venv/lib/python3.10/site-packages/grpc/framework/interfaces/face) by extension 'cmake'
[0.802s] Level 1:colcon.colcon_core.package_identification:_identify(src/amiga-ros2-bridge/venv/lib/python3.10/site-packages/grpc/framework/interfaces/face) by extension 'python'
[0.802s] Level 1:colcon.colcon_core.package_identification:_identify(src/amiga-ros2-bridge/venv/lib/python3.10/site-packages/grpc/framework/interfaces/face) by extensions ['python_setup_py']
[0.802s] Level 1:colcon.colcon_core.package_identification:_identify(src/amiga-ros2-bridge/venv/lib/python3.10/site-packages/grpc/framework/interfaces/face) by extension 'python_setup_py'
[0.802s] Level 1:colcon.colcon_core.package_identification:_identify(src/amiga-ros2-bridge/venv/lib/python3.10/site-packages/grpc/framework/interfaces/face/__pycache__) by extensions ['ignore', 'ignore_ament_install']
[0.803s] Level 1:colcon.colcon_core.package_identification:_identify(src/amiga-ros2-bridge/venv/lib/python3.10/site-packages/grpc/framework/interfaces/face/__pycache__) by extension 'ignore'
[0.803s] Level 1:colcon.colcon_core.package_identification:_identify(src/amiga-ros2-bridge/venv/lib/python3.10/site-packages/grpc/framework/interfaces/face/__pycache__) by extension 'ignore_ament_install'
[0.803s] Level 1:colcon.colcon_core.package_identification:_identify(src/amiga-ros2-bridge/venv/lib/python3.10/site-packages/grpc/framework/interfaces/face/__pycache__) by extensions ['colcon_pkg']
[0.803s] Level 1:colcon.colcon_core.package_identification:_identify(src/amiga-ros2-bridge/venv/lib/python3.10/site-packages/grpc/framework/interfaces/face/__pycache__) by extension 'colcon_pkg'
[0.803s] Level 1:colcon.colcon_core.package_identification:_identify(src/amiga-ros2-bridge/venv/lib/python3.10/site-packages/grpc/framework/interfaces/face/__pycache__) by extensions ['colcon_meta']
[0.803s] Level 1:colcon.colcon_core.package_identification:_identify(src/amiga-ros2-bridge/venv/lib/python3.10/site-packages/grpc/framework/interfaces/face/__pycache__) by extension 'colcon_meta'
[0.803s] Level 1:colcon.colcon_core.package_identification:_identify(src/amiga-ros2-bridge/venv/lib/python3.10/site-packages/grpc/framework/interfaces/face/__pycache__) by extensions ['ros']
[0.803s] Level 1:colcon.colcon_core.package_identification:_identify(src/amiga-ros2-bridge/venv/lib/python3.10/site-packages/grpc/framework/interfaces/face/__pycache__) by extension 'ros'
[0.804s] Level 1:colcon.colcon_core.package_identification:_identify(src/amiga-ros2-bridge/venv/lib/python3.10/site-packages/grpc/framework/interfaces/face/__pycache__) by extensions ['cmake', 'python']
[0.804s] Level 1:colcon.colcon_core.package_identification:_identify(src/amiga-ros2-bridge/venv/lib/python3.10/site-packages/grpc/framework/interfaces/face/__pycache__) by extension 'cmake'
[0.804s] Level 1:colcon.colcon_core.package_identification:_identify(src/amiga-ros2-bridge/venv/lib/python3.10/site-packages/grpc/framework/interfaces/face/__pycache__) by extension 'python'
[0.804s] Level 1:colcon.colcon_core.package_identification:_identify(src/amiga-ros2-bridge/venv/lib/python3.10/site-packages/grpc/framework/interfaces/face/__pycache__) by extensions ['python_setup_py']
[0.804s] Level 1:colcon.colcon_core.package_identification:_identify(src/amiga-ros2-bridge/venv/lib/python3.10/site-packages/grpc/framework/interfaces/face/__pycache__) by extension 'python_setup_py'
[0.804s] Level 1:colcon.colcon_core.package_identification:_identify(src/amiga-ros2-bridge/venv/lib/python3.10/site-packages/grpc_tools) by extensions ['ignore', 'ignore_ament_install']
[0.804s] Level 1:colcon.colcon_core.package_identification:_identify(src/amiga-ros2-bridge/venv/lib/python3.10/site-packages/grpc_tools) by extension 'ignore'
[0.804s] Level 1:colcon.colcon_core.package_identification:_identify(src/amiga-ros2-bridge/venv/lib/python3.10/site-packages/grpc_tools) by extension 'ignore_ament_install'
[0.805s] Level 1:colcon.colcon_core.package_identification:_identify(src/amiga-ros2-bridge/venv/lib/python3.10/site-packages/grpc_tools) by extensions ['colcon_pkg']
[0.805s] Level 1:colcon.colcon_core.package_identification:_identify(src/amiga-ros2-bridge/venv/lib/python3.10/site-packages/grpc_tools) by extension 'colcon_pkg'
[0.805s] Level 1:colcon.colcon_core.package_identification:_identify(src/amiga-ros2-bridge/venv/lib/python3.10/site-packages/grpc_tools) by extensions ['colcon_meta']
[0.805s] Level 1:colcon.colcon_core.package_identification:_identify(src/amiga-ros2-bridge/venv/lib/python3.10/site-packages/grpc_tools) by extension 'colcon_meta'
[0.805s] Level 1:colcon.colcon_core.package_identification:_identify(src/amiga-ros2-bridge/venv/lib/python3.10/site-packages/grpc_tools) by extensions ['ros']
[0.805s] Level 1:colcon.colcon_core.package_identification:_identify(src/amiga-ros2-bridge/venv/lib/python3.10/site-packages/grpc_tools) by extension 'ros'
[0.805s] Level 1:colcon.colcon_core.package_identification:_identify(src/amiga-ros2-bridge/venv/lib/python3.10/site-packages/grpc_tools) by extensions ['cmake', 'python']
[0.805s] Level 1:colcon.colcon_core.package_identification:_identify(src/amiga-ros2-bridge/venv/lib/python3.10/site-packages/grpc_tools) by extension 'cmake'
[0.805s] Level 1:colcon.colcon_core.package_identification:_identify(src/amiga-ros2-bridge/venv/lib/python3.10/site-packages/grpc_tools) by extension 'python'
[0.805s] Level 1:colcon.colcon_core.package_identification:_identify(src/amiga-ros2-bridge/venv/lib/python3.10/site-packages/grpc_tools) by extensions ['python_setup_py']
[0.806s] Level 1:colcon.colcon_core.package_identification:_identify(src/amiga-ros2-bridge/venv/lib/python3.10/site-packages/grpc_tools) by extension 'python_setup_py'
[0.806s] Level 1:colcon.colcon_core.package_identification:_identify(src/amiga-ros2-bridge/venv/lib/python3.10/site-packages/grpc_tools/__pycache__) by extensions ['ignore', 'ignore_ament_install']
[0.806s] Level 1:colcon.colcon_core.package_identification:_identify(src/amiga-ros2-bridge/venv/lib/python3.10/site-packages/grpc_tools/__pycache__) by extension 'ignore'
[0.806s] Level 1:colcon.colcon_core.package_identification:_identify(src/amiga-ros2-bridge/venv/lib/python3.10/site-packages/grpc_tools/__pycache__) by extension 'ignore_ament_install'
[0.806s] Level 1:colcon.colcon_core.package_identification:_identify(src/amiga-ros2-bridge/venv/lib/python3.10/site-packages/grpc_tools/__pycache__) by extensions ['colcon_pkg']
[0.806s] Level 1:colcon.colcon_core.package_identification:_identify(src/amiga-ros2-bridge/venv/lib/python3.10/site-packages/grpc_tools/__pycache__) by extension 'colcon_pkg'
[0.806s] Level 1:colcon.colcon_core.package_identification:_identify(src/amiga-ros2-bridge/venv/lib/python3.10/site-packages/grpc_tools/__pycache__) by extensions ['colcon_meta']
[0.806s] Level 1:colcon.colcon_core.package_identification:_identify(src/amiga-ros2-bridge/venv/lib/python3.10/site-packages/grpc_tools/__pycache__) by extension 'colcon_meta'
[0.807s] Level 1:colcon.colcon_core.package_identification:_identify(src/amiga-ros2-bridge/venv/lib/python3.10/site-packages/grpc_tools/__pycache__) by extensions ['ros']
[0.807s] Level 1:colcon.colcon_core.package_identification:_identify(src/amiga-ros2-bridge/venv/lib/python3.10/site-packages/grpc_tools/__pycache__) by extension 'ros'
[0.807s] Level 1:colcon.colcon_core.package_identification:_identify(src/amiga-ros2-bridge/venv/lib/python3.10/site-packages/grpc_tools/__pycache__) by extensions ['cmake', 'python']
[0.807s] Level 1:colcon.colcon_core.package_identification:_identify(src/amiga-ros2-bridge/venv/lib/python3.10/site-packages/grpc_tools/__pycache__) by extension 'cmake'
[0.807s] Level 1:colcon.colcon_core.package_identification:_identify(src/amiga-ros2-bridge/venv/lib/python3.10/site-packages/grpc_tools/__pycache__) by extension 'python'
[0.807s] Level 1:colcon.colcon_core.package_identification:_identify(src/amiga-ros2-bridge/venv/lib/python3.10/site-packages/grpc_tools/__pycache__) by extensions ['python_setup_py']
[0.807s] Level 1:colcon.colcon_core.package_identification:_identify(src/amiga-ros2-bridge/venv/lib/python3.10/site-packages/grpc_tools/__pycache__) by extension 'python_setup_py'
[0.807s] Level 1:colcon.colcon_core.package_identification:_identify(src/amiga-ros2-bridge/venv/lib/python3.10/site-packages/grpc_tools/_proto) by extensions ['ignore', 'ignore_ament_install']
[0.808s] Level 1:colcon.colcon_core.package_identification:_identify(src/amiga-ros2-bridge/venv/lib/python3.10/site-packages/grpc_tools/_proto) by extension 'ignore'
[0.808s] Level 1:colcon.colcon_core.package_identification:_identify(src/amiga-ros2-bridge/venv/lib/python3.10/site-packages/grpc_tools/_proto) by extension 'ignore_ament_install'
[0.808s] Level 1:colcon.colcon_core.package_identification:_identify(src/amiga-ros2-bridge/venv/lib/python3.10/site-packages/grpc_tools/_proto) by extensions ['colcon_pkg']
[0.808s] Level 1:colcon.colcon_core.package_identification:_identify(src/amiga-ros2-bridge/venv/lib/python3.10/site-packages/grpc_tools/_proto) by extension 'colcon_pkg'
[0.808s] Level 1:colcon.colcon_core.package_identification:_identify(src/amiga-ros2-bridge/venv/lib/python3.10/site-packages/grpc_tools/_proto) by extensions ['colcon_meta']
[0.808s] Level 1:colcon.colcon_core.package_identification:_identify(src/amiga-ros2-bridge/venv/lib/python3.10/site-packages/grpc_tools/_proto) by extension 'colcon_meta'
[0.808s] Level 1:colcon.colcon_core.package_identification:_identify(src/amiga-ros2-bridge/venv/lib/python3.10/site-packages/grpc_tools/_proto) by extensions ['ros']
[0.808s] Level 1:colcon.colcon_core.package_identification:_identify(src/amiga-ros2-bridge/venv/lib/python3.10/site-packages/grpc_tools/_proto) by extension 'ros'
[0.808s] Level 1:colcon.colcon_core.package_identification:_identify(src/amiga-ros2-bridge/venv/lib/python3.10/site-packages/grpc_tools/_proto) by extensions ['cmake', 'python']
[0.808s] Level 1:colcon.colcon_core.package_identification:_identify(src/amiga-ros2-bridge/venv/lib/python3.10/site-packages/grpc_tools/_proto) by extension 'cmake'
[0.809s] Level 1:colcon.colcon_core.package_identification:_identify(src/amiga-ros2-bridge/venv/lib/python3.10/site-packages/grpc_tools/_proto) by extension 'python'
[0.809s] Level 1:colcon.colcon_core.package_identification:_identify(src/amiga-ros2-bridge/venv/lib/python3.10/site-packages/grpc_tools/_proto) by extensions ['python_setup_py']
[0.809s] Level 1:colcon.colcon_core.package_identification:_identify(src/amiga-ros2-bridge/venv/lib/python3.10/site-packages/grpc_tools/_proto) by extension 'python_setup_py'
[0.809s] Level 1:colcon.colcon_core.package_identification:_identify(src/amiga-ros2-bridge/venv/lib/python3.10/site-packages/grpc_tools/_proto/google) by extensions ['ignore', 'ignore_ament_install']
[0.809s] Level 1:colcon.colcon_core.package_identification:_identify(src/amiga-ros2-bridge/venv/lib/python3.10/site-packages/grpc_tools/_proto/google) by extension 'ignore'
[0.809s] Level 1:colcon.colcon_core.package_identification:_identify(src/amiga-ros2-bridge/venv/lib/python3.10/site-packages/grpc_tools/_proto/google) by extension 'ignore_ament_install'
[0.809s] Level 1:colcon.colcon_core.package_identification:_identify(src/amiga-ros2-bridge/venv/lib/python3.10/site-packages/grpc_tools/_proto/google) by extensions ['colcon_pkg']
[0.809s] Level 1:colcon.colcon_core.package_identification:_identify(src/amiga-ros2-bridge/venv/lib/python3.10/site-packages/grpc_tools/_proto/google) by extension 'colcon_pkg'
[0.810s] Level 1:colcon.colcon_core.package_identification:_identify(src/amiga-ros2-bridge/venv/lib/python3.10/site-packages/grpc_tools/_proto/google) by extensions ['colcon_meta']
[0.810s] Level 1:colcon.colcon_core.package_identification:_identify(src/amiga-ros2-bridge/venv/lib/python3.10/site-packages/grpc_tools/_proto/google) by extension 'colcon_meta'
[0.810s] Level 1:colcon.colcon_core.package_identification:_identify(src/amiga-ros2-bridge/venv/lib/python3.10/site-packages/grpc_tools/_proto/google) by extensions ['ros']
[0.810s] Level 1:colcon.colcon_core.package_identification:_identify(src/amiga-ros2-bridge/venv/lib/python3.10/site-packages/grpc_tools/_proto/google) by extension 'ros'
[0.810s] Level 1:colcon.colcon_core.package_identification:_identify(src/amiga-ros2-bridge/venv/lib/python3.10/site-packages/grpc_tools/_proto/google) by extensions ['cmake', 'python']
[0.810s] Level 1:colcon.colcon_core.package_identification:_identify(src/amiga-ros2-bridge/venv/lib/python3.10/site-packages/grpc_tools/_proto/google) by extension 'cmake'
[0.810s] Level 1:colcon.colcon_core.package_identification:_identify(src/amiga-ros2-bridge/venv/lib/python3.10/site-packages/grpc_tools/_proto/google) by extension 'python'
[0.810s] Level 1:colcon.colcon_core.package_identification:_identify(src/amiga-ros2-bridge/venv/lib/python3.10/site-packages/grpc_tools/_proto/google) by extensions ['python_setup_py']
[0.810s] Level 1:colcon.colcon_core.package_identification:_identify(src/amiga-ros2-bridge/venv/lib/python3.10/site-packages/grpc_tools/_proto/google) by extension 'python_setup_py'
[0.811s] Level 1:colcon.colcon_core.package_identification:_identify(src/amiga-ros2-bridge/venv/lib/python3.10/site-packages/grpc_tools/_proto/google/protobuf) by extensions ['ignore', 'ignore_ament_install']
[0.811s] Level 1:colcon.colcon_core.package_identification:_identify(src/amiga-ros2-bridge/venv/lib/python3.10/site-packages/grpc_tools/_proto/google/protobuf) by extension 'ignore'
[0.811s] Level 1:colcon.colcon_core.package_identification:_identify(src/amiga-ros2-bridge/venv/lib/python3.10/site-packages/grpc_tools/_proto/google/protobuf) by extension 'ignore_ament_install'
[0.811s] Level 1:colcon.colcon_core.package_identification:_identify(src/amiga-ros2-bridge/venv/lib/python3.10/site-packages/grpc_tools/_proto/google/protobuf) by extensions ['colcon_pkg']
[0.811s] Level 1:colcon.colcon_core.package_identification:_identify(src/amiga-ros2-bridge/venv/lib/python3.10/site-packages/grpc_tools/_proto/google/protobuf) by extension 'colcon_pkg'
[0.811s] Level 1:colcon.colcon_core.package_identification:_identify(src/amiga-ros2-bridge/venv/lib/python3.10/site-packages/grpc_tools/_proto/google/protobuf) by extensions ['colcon_meta']
[0.811s] Level 1:colcon.colcon_core.package_identification:_identify(src/amiga-ros2-bridge/venv/lib/python3.10/site-packages/grpc_tools/_proto/google/protobuf) by extension 'colcon_meta'
[0.811s] Level 1:colcon.colcon_core.package_identification:_identify(src/amiga-ros2-bridge/venv/lib/python3.10/site-packages/grpc_tools/_proto/google/protobuf) by extensions ['ros']
[0.812s] Level 1:colcon.colcon_core.package_identification:_identify(src/amiga-ros2-bridge/venv/lib/python3.10/site-packages/grpc_tools/_proto/google/protobuf) by extension 'ros'
[0.812s] Level 1:colcon.colcon_core.package_identification:_identify(src/amiga-ros2-bridge/venv/lib/python3.10/site-packages/grpc_tools/_proto/google/protobuf) by extensions ['cmake', 'python']
[0.812s] Level 1:colcon.colcon_core.package_identification:_identify(src/amiga-ros2-bridge/venv/lib/python3.10/site-packages/grpc_tools/_proto/google/protobuf) by extension 'cmake'
[0.812s] Level 1:colcon.colcon_core.package_identification:_identify(src/amiga-ros2-bridge/venv/lib/python3.10/site-packages/grpc_tools/_proto/google/protobuf) by extension 'python'
[0.812s] Level 1:colcon.colcon_core.package_identification:_identify(src/amiga-ros2-bridge/venv/lib/python3.10/site-packages/grpc_tools/_proto/google/protobuf) by extensions ['python_setup_py']
[0.812s] Level 1:colcon.colcon_core.package_identification:_identify(src/amiga-ros2-bridge/venv/lib/python3.10/site-packages/grpc_tools/_proto/google/protobuf) by extension 'python_setup_py'
[0.812s] Level 1:colcon.colcon_core.package_identification:_identify(src/amiga-ros2-bridge/venv/lib/python3.10/site-packages/grpc_tools/_proto/google/protobuf/compiler) by extensions ['ignore', 'ignore_ament_install']
[0.812s] Level 1:colcon.colcon_core.package_identification:_identify(src/amiga-ros2-bridge/venv/lib/python3.10/site-packages/grpc_tools/_proto/google/protobuf/compiler) by extension 'ignore'
[0.813s] Level 1:colcon.colcon_core.package_identification:_identify(src/amiga-ros2-bridge/venv/lib/python3.10/site-packages/grpc_tools/_proto/google/protobuf/compiler) by extension 'ignore_ament_install'
[0.813s] Level 1:colcon.colcon_core.package_identification:_identify(src/amiga-ros2-bridge/venv/lib/python3.10/site-packages/grpc_tools/_proto/google/protobuf/compiler) by extensions ['colcon_pkg']
[0.813s] Level 1:colcon.colcon_core.package_identification:_identify(src/amiga-ros2-bridge/venv/lib/python3.10/site-packages/grpc_tools/_proto/google/protobuf/compiler) by extension 'colcon_pkg'
[0.813s] Level 1:colcon.colcon_core.package_identification:_identify(src/amiga-ros2-bridge/venv/lib/python3.10/site-packages/grpc_tools/_proto/google/protobuf/compiler) by extensions ['colcon_meta']
[0.813s] Level 1:colcon.colcon_core.package_identification:_identify(src/amiga-ros2-bridge/venv/lib/python3.10/site-packages/grpc_tools/_proto/google/protobuf/compiler) by extension 'colcon_meta'
[0.813s] Level 1:colcon.colcon_core.package_identification:_identify(src/amiga-ros2-bridge/venv/lib/python3.10/site-packages/grpc_tools/_proto/google/protobuf/compiler) by extensions ['ros']
[0.813s] Level 1:colcon.colcon_core.package_identification:_identify(src/amiga-ros2-bridge/venv/lib/python3.10/site-packages/grpc_tools/_proto/google/protobuf/compiler) by extension 'ros'
[0.813s] Level 1:colcon.colcon_core.package_identification:_identify(src/amiga-ros2-bridge/venv/lib/python3.10/site-packages/grpc_tools/_proto/google/protobuf/compiler) by extensions ['cmake', 'python']
[0.813s] Level 1:colcon.colcon_core.package_identification:_identify(src/amiga-ros2-bridge/venv/lib/python3.10/site-packages/grpc_tools/_proto/google/protobuf/compiler) by extension 'cmake'
[0.814s] Level 1:colcon.colcon_core.package_identification:_identify(src/amiga-ros2-bridge/venv/lib/python3.10/site-packages/grpc_tools/_proto/google/protobuf/compiler) by extension 'python'
[0.814s] Level 1:colcon.colcon_core.package_identification:_identify(src/amiga-ros2-bridge/venv/lib/python3.10/site-packages/grpc_tools/_proto/google/protobuf/compiler) by extensions ['python_setup_py']
[0.814s] Level 1:colcon.colcon_core.package_identification:_identify(src/amiga-ros2-bridge/venv/lib/python3.10/site-packages/grpc_tools/_proto/google/protobuf/compiler) by extension 'python_setup_py'
[0.814s] Level 1:colcon.colcon_core.package_identification:_identify(src/amiga-ros2-bridge/venv/lib/python3.10/site-packages/grpcio-1.71.0.dist-info) by extensions ['ignore', 'ignore_ament_install']
[0.814s] Level 1:colcon.colcon_core.package_identification:_identify(src/amiga-ros2-bridge/venv/lib/python3.10/site-packages/grpcio-1.71.0.dist-info) by extension 'ignore'
[0.814s] Level 1:colcon.colcon_core.package_identification:_identify(src/amiga-ros2-bridge/venv/lib/python3.10/site-packages/grpcio-1.71.0.dist-info) by extension 'ignore_ament_install'
[0.814s] Level 1:colcon.colcon_core.package_identification:_identify(src/amiga-ros2-bridge/venv/lib/python3.10/site-packages/grpcio-1.71.0.dist-info) by extensions ['colcon_pkg']
[0.814s] Level 1:colcon.colcon_core.package_identification:_identify(src/amiga-ros2-bridge/venv/lib/python3.10/site-packages/grpcio-1.71.0.dist-info) by extension 'colcon_pkg'
[0.815s] Level 1:colcon.colcon_core.package_identification:_identify(src/amiga-ros2-bridge/venv/lib/python3.10/site-packages/grpcio-1.71.0.dist-info) by extensions ['colcon_meta']
[0.815s] Level 1:colcon.colcon_core.package_identification:_identify(src/amiga-ros2-bridge/venv/lib/python3.10/site-packages/grpcio-1.71.0.dist-info) by extension 'colcon_meta'
[0.815s] Level 1:colcon.colcon_core.package_identification:_identify(src/amiga-ros2-bridge/venv/lib/python3.10/site-packages/grpcio-1.71.0.dist-info) by extensions ['ros']
[0.815s] Level 1:colcon.colcon_core.package_identification:_identify(src/amiga-ros2-bridge/venv/lib/python3.10/site-packages/grpcio-1.71.0.dist-info) by extension 'ros'
[0.815s] Level 1:colcon.colcon_core.package_identification:_identify(src/amiga-ros2-bridge/venv/lib/python3.10/site-packages/grpcio-1.71.0.dist-info) by extensions ['cmake', 'python']
[0.815s] Level 1:colcon.colcon_core.package_identification:_identify(src/amiga-ros2-bridge/venv/lib/python3.10/site-packages/grpcio-1.71.0.dist-info) by extension 'cmake'
[0.815s] Level 1:colcon.colcon_core.package_identification:_identify(src/amiga-ros2-bridge/venv/lib/python3.10/site-packages/grpcio-1.71.0.dist-info) by extension 'python'
[0.815s] Level 1:colcon.colcon_core.package_identification:_identify(src/amiga-ros2-bridge/venv/lib/python3.10/site-packages/grpcio-1.71.0.dist-info) by extensions ['python_setup_py']
[0.815s] Level 1:colcon.colcon_core.package_identification:_identify(src/amiga-ros2-bridge/venv/lib/python3.10/site-packages/grpcio-1.71.0.dist-info) by extension 'python_setup_py'
[0.816s] Level 1:colcon.colcon_core.package_identification:_identify(src/amiga-ros2-bridge/venv/lib/python3.10/site-packages/grpcio_tools-1.64.1.dist-info) by extensions ['ignore', 'ignore_ament_install']
[0.816s] Level 1:colcon.colcon_core.package_identification:_identify(src/amiga-ros2-bridge/venv/lib/python3.10/site-packages/grpcio_tools-1.64.1.dist-info) by extension 'ignore'
[0.816s] Level 1:colcon.colcon_core.package_identification:_identify(src/amiga-ros2-bridge/venv/lib/python3.10/site-packages/grpcio_tools-1.64.1.dist-info) by extension 'ignore_ament_install'
[0.816s] Level 1:colcon.colcon_core.package_identification:_identify(src/amiga-ros2-bridge/venv/lib/python3.10/site-packages/grpcio_tools-1.64.1.dist-info) by extensions ['colcon_pkg']
[0.816s] Level 1:colcon.colcon_core.package_identification:_identify(src/amiga-ros2-bridge/venv/lib/python3.10/site-packages/grpcio_tools-1.64.1.dist-info) by extension 'colcon_pkg'
[0.816s] Level 1:colcon.colcon_core.package_identification:_identify(src/amiga-ros2-bridge/venv/lib/python3.10/site-packages/grpcio_tools-1.64.1.dist-info) by extensions ['colcon_meta']
[0.816s] Level 1:colcon.colcon_core.package_identification:_identify(src/amiga-ros2-bridge/venv/lib/python3.10/site-packages/grpcio_tools-1.64.1.dist-info) by extension 'colcon_meta'
[0.816s] Level 1:colcon.colcon_core.package_identification:_identify(src/amiga-ros2-bridge/venv/lib/python3.10/site-packages/grpcio_tools-1.64.1.dist-info) by extensions ['ros']
[0.816s] Level 1:colcon.colcon_core.package_identification:_identify(src/amiga-ros2-bridge/venv/lib/python3.10/site-packages/grpcio_tools-1.64.1.dist-info) by extension 'ros'
[0.817s] Level 1:colcon.colcon_core.package_identification:_identify(src/amiga-ros2-bridge/venv/lib/python3.10/site-packages/grpcio_tools-1.64.1.dist-info) by extensions ['cmake', 'python']
[0.817s] Level 1:colcon.colcon_core.package_identification:_identify(src/amiga-ros2-bridge/venv/lib/python3.10/site-packages/grpcio_tools-1.64.1.dist-info) by extension 'cmake'
[0.817s] Level 1:colcon.colcon_core.package_identification:_identify(src/amiga-ros2-bridge/venv/lib/python3.10/site-packages/grpcio_tools-1.64.1.dist-info) by extension 'python'
[0.817s] Level 1:colcon.colcon_core.package_identification:_identify(src/amiga-ros2-bridge/venv/lib/python3.10/site-packages/grpcio_tools-1.64.1.dist-info) by extensions ['python_setup_py']
[0.817s] Level 1:colcon.colcon_core.package_identification:_identify(src/amiga-ros2-bridge/venv/lib/python3.10/site-packages/grpcio_tools-1.64.1.dist-info) by extension 'python_setup_py'
[0.817s] Level 1:colcon.colcon_core.package_identification:_identify(src/amiga-ros2-bridge/venv/lib/python3.10/site-packages/numpy) by extensions ['ignore', 'ignore_ament_install']
[0.817s] Level 1:colcon.colcon_core.package_identification:_identify(src/amiga-ros2-bridge/venv/lib/python3.10/site-packages/numpy) by extension 'ignore'
[0.818s] Level 1:colcon.colcon_core.package_identification:_identify(src/amiga-ros2-bridge/venv/lib/python3.10/site-packages/numpy) by extension 'ignore_ament_install'
[0.818s] Level 1:colcon.colcon_core.package_identification:_identify(src/amiga-ros2-bridge/venv/lib/python3.10/site-packages/numpy) by extensions ['colcon_pkg']
[0.818s] Level 1:colcon.colcon_core.package_identification:_identify(src/amiga-ros2-bridge/venv/lib/python3.10/site-packages/numpy) by extension 'colcon_pkg'
[0.818s] Level 1:colcon.colcon_core.package_identification:_identify(src/amiga-ros2-bridge/venv/lib/python3.10/site-packages/numpy) by extensions ['colcon_meta']
[0.818s] Level 1:colcon.colcon_core.package_identification:_identify(src/amiga-ros2-bridge/venv/lib/python3.10/site-packages/numpy) by extension 'colcon_meta'
[0.818s] Level 1:colcon.colcon_core.package_identification:_identify(src/amiga-ros2-bridge/venv/lib/python3.10/site-packages/numpy) by extensions ['ros']
[0.818s] Level 1:colcon.colcon_core.package_identification:_identify(src/amiga-ros2-bridge/venv/lib/python3.10/site-packages/numpy) by extension 'ros'
[0.818s] Level 1:colcon.colcon_core.package_identification:_identify(src/amiga-ros2-bridge/venv/lib/python3.10/site-packages/numpy) by extensions ['cmake', 'python']
[0.818s] Level 1:colcon.colcon_core.package_identification:_identify(src/amiga-ros2-bridge/venv/lib/python3.10/site-packages/numpy) by extension 'cmake'
[0.818s] Level 1:colcon.colcon_core.package_identification:_identify(src/amiga-ros2-bridge/venv/lib/python3.10/site-packages/numpy) by extension 'python'
[0.819s] Level 1:colcon.colcon_core.package_identification:_identify(src/amiga-ros2-bridge/venv/lib/python3.10/site-packages/numpy) by extensions ['python_setup_py']
[0.819s] Level 1:colcon.colcon_core.package_identification:_identify(src/amiga-ros2-bridge/venv/lib/python3.10/site-packages/numpy) by extension 'python_setup_py'
[0.819s] Level 1:colcon.colcon_core.package_identification:_identify(src/amiga-ros2-bridge/venv/lib/python3.10/site-packages/numpy/__pycache__) by extensions ['ignore', 'ignore_ament_install']
[0.819s] Level 1:colcon.colcon_core.package_identification:_identify(src/amiga-ros2-bridge/venv/lib/python3.10/site-packages/numpy/__pycache__) by extension 'ignore'
[0.819s] Level 1:colcon.colcon_core.package_identification:_identify(src/amiga-ros2-bridge/venv/lib/python3.10/site-packages/numpy/__pycache__) by extension 'ignore_ament_install'
[0.819s] Level 1:colcon.colcon_core.package_identification:_identify(src/amiga-ros2-bridge/venv/lib/python3.10/site-packages/numpy/__pycache__) by extensions ['colcon_pkg']
[0.819s] Level 1:colcon.colcon_core.package_identification:_identify(src/amiga-ros2-bridge/venv/lib/python3.10/site-packages/numpy/__pycache__) by extension 'colcon_pkg'
[0.819s] Level 1:colcon.colcon_core.package_identification:_identify(src/amiga-ros2-bridge/venv/lib/python3.10/site-packages/numpy/__pycache__) by extensions ['colcon_meta']
[0.820s] Level 1:colcon.colcon_core.package_identification:_identify(src/amiga-ros2-bridge/venv/lib/python3.10/site-packages/numpy/__pycache__) by extension 'colcon_meta'
[0.820s] Level 1:colcon.colcon_core.package_identification:_identify(src/amiga-ros2-bridge/venv/lib/python3.10/site-packages/numpy/__pycache__) by extensions ['ros']
[0.820s] Level 1:colcon.colcon_core.package_identification:_identify(src/amiga-ros2-bridge/venv/lib/python3.10/site-packages/numpy/__pycache__) by extension 'ros'
[0.820s] Level 1:colcon.colcon_core.package_identification:_identify(src/amiga-ros2-bridge/venv/lib/python3.10/site-packages/numpy/__pycache__) by extensions ['cmake', 'python']
[0.820s] Level 1:colcon.colcon_core.package_identification:_identify(src/amiga-ros2-bridge/venv/lib/python3.10/site-packages/numpy/__pycache__) by extension 'cmake'
[0.820s] Level 1:colcon.colcon_core.package_identification:_identify(src/amiga-ros2-bridge/venv/lib/python3.10/site-packages/numpy/__pycache__) by extension 'python'
[0.820s] Level 1:colcon.colcon_core.package_identification:_identify(src/amiga-ros2-bridge/venv/lib/python3.10/site-packages/numpy/__pycache__) by extensions ['python_setup_py']
[0.820s] Level 1:colcon.colcon_core.package_identification:_identify(src/amiga-ros2-bridge/venv/lib/python3.10/site-packages/numpy/__pycache__) by extension 'python_setup_py'
[0.821s] Level 1:colcon.colcon_core.package_identification:_identify(src/amiga-ros2-bridge/venv/lib/python3.10/site-packages/numpy/_core) by extensions ['ignore', 'ignore_ament_install']
[0.821s] Level 1:colcon.colcon_core.package_identification:_identify(src/amiga-ros2-bridge/venv/lib/python3.10/site-packages/numpy/_core) by extension 'ignore'
[0.821s] Level 1:colcon.colcon_core.package_identification:_identify(src/amiga-ros2-bridge/venv/lib/python3.10/site-packages/numpy/_core) by extension 'ignore_ament_install'
[0.821s] Level 1:colcon.colcon_core.package_identification:_identify(src/amiga-ros2-bridge/venv/lib/python3.10/site-packages/numpy/_core) by extensions ['colcon_pkg']
[0.821s] Level 1:colcon.colcon_core.package_identification:_identify(src/amiga-ros2-bridge/venv/lib/python3.10/site-packages/numpy/_core) by extension 'colcon_pkg'
[0.821s] Level 1:colcon.colcon_core.package_identification:_identify(src/amiga-ros2-bridge/venv/lib/python3.10/site-packages/numpy/_core) by extensions ['colcon_meta']
[0.821s] Level 1:colcon.colcon_core.package_identification:_identify(src/amiga-ros2-bridge/venv/lib/python3.10/site-packages/numpy/_core) by extension 'colcon_meta'
[0.821s] Level 1:colcon.colcon_core.package_identification:_identify(src/amiga-ros2-bridge/venv/lib/python3.10/site-packages/numpy/_core) by extensions ['ros']
[0.822s] Level 1:colcon.colcon_core.package_identification:_identify(src/amiga-ros2-bridge/venv/lib/python3.10/site-packages/numpy/_core) by extension 'ros'
[0.822s] Level 1:colcon.colcon_core.package_identification:_identify(src/amiga-ros2-bridge/venv/lib/python3.10/site-packages/numpy/_core) by extensions ['cmake', 'python']
[0.822s] Level 1:colcon.colcon_core.package_identification:_identify(src/amiga-ros2-bridge/venv/lib/python3.10/site-packages/numpy/_core) by extension 'cmake'
[0.822s] Level 1:colcon.colcon_core.package_identification:_identify(src/amiga-ros2-bridge/venv/lib/python3.10/site-packages/numpy/_core) by extension 'python'
[0.822s] Level 1:colcon.colcon_core.package_identification:_identify(src/amiga-ros2-bridge/venv/lib/python3.10/site-packages/numpy/_core) by extensions ['python_setup_py']
[0.822s] Level 1:colcon.colcon_core.package_identification:_identify(src/amiga-ros2-bridge/venv/lib/python3.10/site-packages/numpy/_core) by extension 'python_setup_py'
[0.822s] Level 1:colcon.colcon_core.package_identification:_identify(src/amiga-ros2-bridge/venv/lib/python3.10/site-packages/numpy/_core/__pycache__) by extensions ['ignore', 'ignore_ament_install']
[0.823s] Level 1:colcon.colcon_core.package_identification:_identify(src/amiga-ros2-bridge/venv/lib/python3.10/site-packages/numpy/_core/__pycache__) by extension 'ignore'
[0.823s] Level 1:colcon.colcon_core.package_identification:_identify(src/amiga-ros2-bridge/venv/lib/python3.10/site-packages/numpy/_core/__pycache__) by extension 'ignore_ament_install'
[0.823s] Level 1:colcon.colcon_core.package_identification:_identify(src/amiga-ros2-bridge/venv/lib/python3.10/site-packages/numpy/_core/__pycache__) by extensions ['colcon_pkg']
[0.823s] Level 1:colcon.colcon_core.package_identification:_identify(src/amiga-ros2-bridge/venv/lib/python3.10/site-packages/numpy/_core/__pycache__) by extension 'colcon_pkg'
[0.823s] Level 1:colcon.colcon_core.package_identification:_identify(src/amiga-ros2-bridge/venv/lib/python3.10/site-packages/numpy/_core/__pycache__) by extensions ['colcon_meta']
[0.823s] Level 1:colcon.colcon_core.package_identification:_identify(src/amiga-ros2-bridge/venv/lib/python3.10/site-packages/numpy/_core/__pycache__) by extension 'colcon_meta'
[0.823s] Level 1:colcon.colcon_core.package_identification:_identify(src/amiga-ros2-bridge/venv/lib/python3.10/site-packages/numpy/_core/__pycache__) by extensions ['ros']
[0.823s] Level 1:colcon.colcon_core.package_identification:_identify(src/amiga-ros2-bridge/venv/lib/python3.10/site-packages/numpy/_core/__pycache__) by extension 'ros'
[0.823s] Level 1:colcon.colcon_core.package_identification:_identify(src/amiga-ros2-bridge/venv/lib/python3.10/site-packages/numpy/_core/__pycache__) by extensions ['cmake', 'python']
[0.823s] Level 1:colcon.colcon_core.package_identification:_identify(src/amiga-ros2-bridge/venv/lib/python3.10/site-packages/numpy/_core/__pycache__) by extension 'cmake'
[0.824s] Level 1:colcon.colcon_core.package_identification:_identify(src/amiga-ros2-bridge/venv/lib/python3.10/site-packages/numpy/_core/__pycache__) by extension 'python'
[0.824s] Level 1:colcon.colcon_core.package_identification:_identify(src/amiga-ros2-bridge/venv/lib/python3.10/site-packages/numpy/_core/__pycache__) by extensions ['python_setup_py']
[0.824s] Level 1:colcon.colcon_core.package_identification:_identify(src/amiga-ros2-bridge/venv/lib/python3.10/site-packages/numpy/_core/__pycache__) by extension 'python_setup_py'
[0.824s] Level 1:colcon.colcon_core.package_identification:_identify(src/amiga-ros2-bridge/venv/lib/python3.10/site-packages/numpy/_core/include) by extensions ['ignore', 'ignore_ament_install']
[0.824s] Level 1:colcon.colcon_core.package_identification:_identify(src/amiga-ros2-bridge/venv/lib/python3.10/site-packages/numpy/_core/include) by extension 'ignore'
[0.824s] Level 1:colcon.colcon_core.package_identification:_identify(src/amiga-ros2-bridge/venv/lib/python3.10/site-packages/numpy/_core/include) by extension 'ignore_ament_install'
[0.824s] Level 1:colcon.colcon_core.package_identification:_identify(src/amiga-ros2-bridge/venv/lib/python3.10/site-packages/numpy/_core/include) by extensions ['colcon_pkg']
[0.824s] Level 1:colcon.colcon_core.package_identification:_identify(src/amiga-ros2-bridge/venv/lib/python3.10/site-packages/numpy/_core/include) by extension 'colcon_pkg'
[0.825s] Level 1:colcon.colcon_core.package_identification:_identify(src/amiga-ros2-bridge/venv/lib/python3.10/site-packages/numpy/_core/include) by extensions ['colcon_meta']
[0.825s] Level 1:colcon.colcon_core.package_identification:_identify(src/amiga-ros2-bridge/venv/lib/python3.10/site-packages/numpy/_core/include) by extension 'colcon_meta'
[0.825s] Level 1:colcon.colcon_core.package_identification:_identify(src/amiga-ros2-bridge/venv/lib/python3.10/site-packages/numpy/_core/include) by extensions ['ros']
[0.825s] Level 1:colcon.colcon_core.package_identification:_identify(src/amiga-ros2-bridge/venv/lib/python3.10/site-packages/numpy/_core/include) by extension 'ros'
[0.825s] Level 1:colcon.colcon_core.package_identification:_identify(src/amiga-ros2-bridge/venv/lib/python3.10/site-packages/numpy/_core/include) by extensions ['cmake', 'python']
[0.825s] Level 1:colcon.colcon_core.package_identification:_identify(src/amiga-ros2-bridge/venv/lib/python3.10/site-packages/numpy/_core/include) by extension 'cmake'
[0.825s] Level 1:colcon.colcon_core.package_identification:_identify(src/amiga-ros2-bridge/venv/lib/python3.10/site-packages/numpy/_core/include) by extension 'python'
[0.825s] Level 1:colcon.colcon_core.package_identification:_identify(src/amiga-ros2-bridge/venv/lib/python3.10/site-packages/numpy/_core/include) by extensions ['python_setup_py']
[0.825s] Level 1:colcon.colcon_core.package_identification:_identify(src/amiga-ros2-bridge/venv/lib/python3.10/site-packages/numpy/_core/include) by extension 'python_setup_py'
[0.826s] Level 1:colcon.colcon_core.package_identification:_identify(src/amiga-ros2-bridge/venv/lib/python3.10/site-packages/numpy/_core/include/numpy) by extensions ['ignore', 'ignore_ament_install']
[0.826s] Level 1:colcon.colcon_core.package_identification:_identify(src/amiga-ros2-bridge/venv/lib/python3.10/site-packages/numpy/_core/include/numpy) by extension 'ignore'
[0.826s] Level 1:colcon.colcon_core.package_identification:_identify(src/amiga-ros2-bridge/venv/lib/python3.10/site-packages/numpy/_core/include/numpy) by extension 'ignore_ament_install'
[0.826s] Level 1:colcon.colcon_core.package_identification:_identify(src/amiga-ros2-bridge/venv/lib/python3.10/site-packages/numpy/_core/include/numpy) by extensions ['colcon_pkg']
[0.826s] Level 1:colcon.colcon_core.package_identification:_identify(src/amiga-ros2-bridge/venv/lib/python3.10/site-packages/numpy/_core/include/numpy) by extension 'colcon_pkg'
[0.826s] Level 1:colcon.colcon_core.package_identification:_identify(src/amiga-ros2-bridge/venv/lib/python3.10/site-packages/numpy/_core/include/numpy) by extensions ['colcon_meta']
[0.826s] Level 1:colcon.colcon_core.package_identification:_identify(src/amiga-ros2-bridge/venv/lib/python3.10/site-packages/numpy/_core/include/numpy) by extension 'colcon_meta'
[0.826s] Level 1:colcon.colcon_core.package_identification:_identify(src/amiga-ros2-bridge/venv/lib/python3.10/site-packages/numpy/_core/include/numpy) by extensions ['ros']
[0.827s] Level 1:colcon.colcon_core.package_identification:_identify(src/amiga-ros2-bridge/venv/lib/python3.10/site-packages/numpy/_core/include/numpy) by extension 'ros'
[0.827s] Level 1:colcon.colcon_core.package_identification:_identify(src/amiga-ros2-bridge/venv/lib/python3.10/site-packages/numpy/_core/include/numpy) by extensions ['cmake', 'python']
[0.827s] Level 1:colcon.colcon_core.package_identification:_identify(src/amiga-ros2-bridge/venv/lib/python3.10/site-packages/numpy/_core/include/numpy) by extension 'cmake'
[0.827s] Level 1:colcon.colcon_core.package_identification:_identify(src/amiga-ros2-bridge/venv/lib/python3.10/site-packages/numpy/_core/include/numpy) by extension 'python'
[0.827s] Level 1:colcon.colcon_core.package_identification:_identify(src/amiga-ros2-bridge/venv/lib/python3.10/site-packages/numpy/_core/include/numpy) by extensions ['python_setup_py']
[0.827s] Level 1:colcon.colcon_core.package_identification:_identify(src/amiga-ros2-bridge/venv/lib/python3.10/site-packages/numpy/_core/include/numpy) by extension 'python_setup_py'
[0.827s] Level 1:colcon.colcon_core.package_identification:_identify(src/amiga-ros2-bridge/venv/lib/python3.10/site-packages/numpy/_core/include/numpy/random) by extensions ['ignore', 'ignore_ament_install']
[0.828s] Level 1:colcon.colcon_core.package_identification:_identify(src/amiga-ros2-bridge/venv/lib/python3.10/site-packages/numpy/_core/include/numpy/random) by extension 'ignore'
[0.828s] Level 1:colcon.colcon_core.package_identification:_identify(src/amiga-ros2-bridge/venv/lib/python3.10/site-packages/numpy/_core/include/numpy/random) by extension 'ignore_ament_install'
[0.828s] Level 1:colcon.colcon_core.package_identification:_identify(src/amiga-ros2-bridge/venv/lib/python3.10/site-packages/numpy/_core/include/numpy/random) by extensions ['colcon_pkg']
[0.828s] Level 1:colcon.colcon_core.package_identification:_identify(src/amiga-ros2-bridge/venv/lib/python3.10/site-packages/numpy/_core/include/numpy/random) by extension 'colcon_pkg'
[0.828s] Level 1:colcon.colcon_core.package_identification:_identify(src/amiga-ros2-bridge/venv/lib/python3.10/site-packages/numpy/_core/include/numpy/random) by extensions ['colcon_meta']
[0.828s] Level 1:colcon.colcon_core.package_identification:_identify(src/amiga-ros2-bridge/venv/lib/python3.10/site-packages/numpy/_core/include/numpy/random) by extension 'colcon_meta'
[0.828s] Level 1:colcon.colcon_core.package_identification:_identify(src/amiga-ros2-bridge/venv/lib/python3.10/site-packages/numpy/_core/include/numpy/random) by extensions ['ros']
[0.828s] Level 1:colcon.colcon_core.package_identification:_identify(src/amiga-ros2-bridge/venv/lib/python3.10/site-packages/numpy/_core/include/numpy/random) by extension 'ros'
[0.828s] Level 1:colcon.colcon_core.package_identification:_identify(src/amiga-ros2-bridge/venv/lib/python3.10/site-packages/numpy/_core/include/numpy/random) by extensions ['cmake', 'python']
[0.828s] Level 1:colcon.colcon_core.package_identification:_identify(src/amiga-ros2-bridge/venv/lib/python3.10/site-packages/numpy/_core/include/numpy/random) by extension 'cmake'
[0.829s] Level 1:colcon.colcon_core.package_identification:_identify(src/amiga-ros2-bridge/venv/lib/python3.10/site-packages/numpy/_core/include/numpy/random) by extension 'python'
[0.829s] Level 1:colcon.colcon_core.package_identification:_identify(src/amiga-ros2-bridge/venv/lib/python3.10/site-packages/numpy/_core/include/numpy/random) by extensions ['python_setup_py']
[0.829s] Level 1:colcon.colcon_core.package_identification:_identify(src/amiga-ros2-bridge/venv/lib/python3.10/site-packages/numpy/_core/include/numpy/random) by extension 'python_setup_py'
[0.829s] Level 1:colcon.colcon_core.package_identification:_identify(src/amiga-ros2-bridge/venv/lib/python3.10/site-packages/numpy/_core/lib) by extensions ['ignore', 'ignore_ament_install']
[0.829s] Level 1:colcon.colcon_core.package_identification:_identify(src/amiga-ros2-bridge/venv/lib/python3.10/site-packages/numpy/_core/lib) by extension 'ignore'
[0.829s] Level 1:colcon.colcon_core.package_identification:_identify(src/amiga-ros2-bridge/venv/lib/python3.10/site-packages/numpy/_core/lib) by extension 'ignore_ament_install'
[0.829s] Level 1:colcon.colcon_core.package_identification:_identify(src/amiga-ros2-bridge/venv/lib/python3.10/site-packages/numpy/_core/lib) by extensions ['colcon_pkg']
[0.829s] Level 1:colcon.colcon_core.package_identification:_identify(src/amiga-ros2-bridge/venv/lib/python3.10/site-packages/numpy/_core/lib) by extension 'colcon_pkg'
[0.830s] Level 1:colcon.colcon_core.package_identification:_identify(src/amiga-ros2-bridge/venv/lib/python3.10/site-packages/numpy/_core/lib) by extensions ['colcon_meta']
[0.830s] Level 1:colcon.colcon_core.package_identification:_identify(src/amiga-ros2-bridge/venv/lib/python3.10/site-packages/numpy/_core/lib) by extension 'colcon_meta'
[0.830s] Level 1:colcon.colcon_core.package_identification:_identify(src/amiga-ros2-bridge/venv/lib/python3.10/site-packages/numpy/_core/lib) by extensions ['ros']
[0.830s] Level 1:colcon.colcon_core.package_identification:_identify(src/amiga-ros2-bridge/venv/lib/python3.10/site-packages/numpy/_core/lib) by extension 'ros'
[0.830s] Level 1:colcon.colcon_core.package_identification:_identify(src/amiga-ros2-bridge/venv/lib/python3.10/site-packages/numpy/_core/lib) by extensions ['cmake', 'python']
[0.830s] Level 1:colcon.colcon_core.package_identification:_identify(src/amiga-ros2-bridge/venv/lib/python3.10/site-packages/numpy/_core/lib) by extension 'cmake'
[0.830s] Level 1:colcon.colcon_core.package_identification:_identify(src/amiga-ros2-bridge/venv/lib/python3.10/site-packages/numpy/_core/lib) by extension 'python'
[0.830s] Level 1:colcon.colcon_core.package_identification:_identify(src/amiga-ros2-bridge/venv/lib/python3.10/site-packages/numpy/_core/lib) by extensions ['python_setup_py']
[0.830s] Level 1:colcon.colcon_core.package_identification:_identify(src/amiga-ros2-bridge/venv/lib/python3.10/site-packages/numpy/_core/lib) by extension 'python_setup_py'
[0.831s] Level 1:colcon.colcon_core.package_identification:_identify(src/amiga-ros2-bridge/venv/lib/python3.10/site-packages/numpy/_core/lib/npy-pkg-config) by extensions ['ignore', 'ignore_ament_install']
[0.831s] Level 1:colcon.colcon_core.package_identification:_identify(src/amiga-ros2-bridge/venv/lib/python3.10/site-packages/numpy/_core/lib/npy-pkg-config) by extension 'ignore'
[0.831s] Level 1:colcon.colcon_core.package_identification:_identify(src/amiga-ros2-bridge/venv/lib/python3.10/site-packages/numpy/_core/lib/npy-pkg-config) by extension 'ignore_ament_install'
[0.831s] Level 1:colcon.colcon_core.package_identification:_identify(src/amiga-ros2-bridge/venv/lib/python3.10/site-packages/numpy/_core/lib/npy-pkg-config) by extensions ['colcon_pkg']
[0.831s] Level 1:colcon.colcon_core.package_identification:_identify(src/amiga-ros2-bridge/venv/lib/python3.10/site-packages/numpy/_core/lib/npy-pkg-config) by extension 'colcon_pkg'
[0.831s] Level 1:colcon.colcon_core.package_identification:_identify(src/amiga-ros2-bridge/venv/lib/python3.10/site-packages/numpy/_core/lib/npy-pkg-config) by extensions ['colcon_meta']
[0.831s] Level 1:colcon.colcon_core.package_identification:_identify(src/amiga-ros2-bridge/venv/lib/python3.10/site-packages/numpy/_core/lib/npy-pkg-config) by extension 'colcon_meta'
[0.831s] Level 1:colcon.colcon_core.package_identification:_identify(src/amiga-ros2-bridge/venv/lib/python3.10/site-packages/numpy/_core/lib/npy-pkg-config) by extensions ['ros']
[0.832s] Level 1:colcon.colcon_core.package_identification:_identify(src/amiga-ros2-bridge/venv/lib/python3.10/site-packages/numpy/_core/lib/npy-pkg-config) by extension 'ros'
[0.832s] Level 1:colcon.colcon_core.package_identification:_identify(src/amiga-ros2-bridge/venv/lib/python3.10/site-packages/numpy/_core/lib/npy-pkg-config) by extensions ['cmake', 'python']
[0.832s] Level 1:colcon.colcon_core.package_identification:_identify(src/amiga-ros2-bridge/venv/lib/python3.10/site-packages/numpy/_core/lib/npy-pkg-config) by extension 'cmake'
[0.832s] Level 1:colcon.colcon_core.package_identification:_identify(src/amiga-ros2-bridge/venv/lib/python3.10/site-packages/numpy/_core/lib/npy-pkg-config) by extension 'python'
[0.832s] Level 1:colcon.colcon_core.package_identification:_identify(src/amiga-ros2-bridge/venv/lib/python3.10/site-packages/numpy/_core/lib/npy-pkg-config) by extensions ['python_setup_py']
[0.832s] Level 1:colcon.colcon_core.package_identification:_identify(src/amiga-ros2-bridge/venv/lib/python3.10/site-packages/numpy/_core/lib/npy-pkg-config) by extension 'python_setup_py'
[0.832s] Level 1:colcon.colcon_core.package_identification:_identify(src/amiga-ros2-bridge/venv/lib/python3.10/site-packages/numpy/_core/lib/pkgconfig) by extensions ['ignore', 'ignore_ament_install']
[0.832s] Level 1:colcon.colcon_core.package_identification:_identify(src/amiga-ros2-bridge/venv/lib/python3.10/site-packages/numpy/_core/lib/pkgconfig) by extension 'ignore'
[0.833s] Level 1:colcon.colcon_core.package_identification:_identify(src/amiga-ros2-bridge/venv/lib/python3.10/site-packages/numpy/_core/lib/pkgconfig) by extension 'ignore_ament_install'
[0.833s] Level 1:colcon.colcon_core.package_identification:_identify(src/amiga-ros2-bridge/venv/lib/python3.10/site-packages/numpy/_core/lib/pkgconfig) by extensions ['colcon_pkg']
[0.833s] Level 1:colcon.colcon_core.package_identification:_identify(src/amiga-ros2-bridge/venv/lib/python3.10/site-packages/numpy/_core/lib/pkgconfig) by extension 'colcon_pkg'
[0.833s] Level 1:colcon.colcon_core.package_identification:_identify(src/amiga-ros2-bridge/venv/lib/python3.10/site-packages/numpy/_core/lib/pkgconfig) by extensions ['colcon_meta']
[0.833s] Level 1:colcon.colcon_core.package_identification:_identify(src/amiga-ros2-bridge/venv/lib/python3.10/site-packages/numpy/_core/lib/pkgconfig) by extension 'colcon_meta'
[0.833s] Level 1:colcon.colcon_core.package_identification:_identify(src/amiga-ros2-bridge/venv/lib/python3.10/site-packages/numpy/_core/lib/pkgconfig) by extensions ['ros']
[0.833s] Level 1:colcon.colcon_core.package_identification:_identify(src/amiga-ros2-bridge/venv/lib/python3.10/site-packages/numpy/_core/lib/pkgconfig) by extension 'ros'
[0.833s] Level 1:colcon.colcon_core.package_identification:_identify(src/amiga-ros2-bridge/venv/lib/python3.10/site-packages/numpy/_core/lib/pkgconfig) by extensions ['cmake', 'python']
[0.833s] Level 1:colcon.colcon_core.package_identification:_identify(src/amiga-ros2-bridge/venv/lib/python3.10/site-packages/numpy/_core/lib/pkgconfig) by extension 'cmake'
[0.833s] Level 1:colcon.colcon_core.package_identification:_identify(src/amiga-ros2-bridge/venv/lib/python3.10/site-packages/numpy/_core/lib/pkgconfig) by extension 'python'
[0.834s] Level 1:colcon.colcon_core.package_identification:_identify(src/amiga-ros2-bridge/venv/lib/python3.10/site-packages/numpy/_core/lib/pkgconfig) by extensions ['python_setup_py']
[0.834s] Level 1:colcon.colcon_core.package_identification:_identify(src/amiga-ros2-bridge/venv/lib/python3.10/site-packages/numpy/_core/lib/pkgconfig) by extension 'python_setup_py'
[0.834s] Level 1:colcon.colcon_core.package_identification:_identify(src/amiga-ros2-bridge/venv/lib/python3.10/site-packages/numpy/_core/tests) by extensions ['ignore', 'ignore_ament_install']
[0.834s] Level 1:colcon.colcon_core.package_identification:_identify(src/amiga-ros2-bridge/venv/lib/python3.10/site-packages/numpy/_core/tests) by extension 'ignore'
[0.834s] Level 1:colcon.colcon_core.package_identification:_identify(src/amiga-ros2-bridge/venv/lib/python3.10/site-packages/numpy/_core/tests) by extension 'ignore_ament_install'
[0.834s] Level 1:colcon.colcon_core.package_identification:_identify(src/amiga-ros2-bridge/venv/lib/python3.10/site-packages/numpy/_core/tests) by extensions ['colcon_pkg']
[0.834s] Level 1:colcon.colcon_core.package_identification:_identify(src/amiga-ros2-bridge/venv/lib/python3.10/site-packages/numpy/_core/tests) by extension 'colcon_pkg'
[0.835s] Level 1:colcon.colcon_core.package_identification:_identify(src/amiga-ros2-bridge/venv/lib/python3.10/site-packages/numpy/_core/tests) by extensions ['colcon_meta']
[0.835s] Level 1:colcon.colcon_core.package_identification:_identify(src/amiga-ros2-bridge/venv/lib/python3.10/site-packages/numpy/_core/tests) by extension 'colcon_meta'
[0.835s] Level 1:colcon.colcon_core.package_identification:_identify(src/amiga-ros2-bridge/venv/lib/python3.10/site-packages/numpy/_core/tests) by extensions ['ros']
[0.835s] Level 1:colcon.colcon_core.package_identification:_identify(src/amiga-ros2-bridge/venv/lib/python3.10/site-packages/numpy/_core/tests) by extension 'ros'
[0.835s] Level 1:colcon.colcon_core.package_identification:_identify(src/amiga-ros2-bridge/venv/lib/python3.10/site-packages/numpy/_core/tests) by extensions ['cmake', 'python']
[0.835s] Level 1:colcon.colcon_core.package_identification:_identify(src/amiga-ros2-bridge/venv/lib/python3.10/site-packages/numpy/_core/tests) by extension 'cmake'
[0.835s] Level 1:colcon.colcon_core.package_identification:_identify(src/amiga-ros2-bridge/venv/lib/python3.10/site-packages/numpy/_core/tests) by extension 'python'
[0.835s] Level 1:colcon.colcon_core.package_identification:_identify(src/amiga-ros2-bridge/venv/lib/python3.10/site-packages/numpy/_core/tests) by extensions ['python_setup_py']
[0.835s] Level 1:colcon.colcon_core.package_identification:_identify(src/amiga-ros2-bridge/venv/lib/python3.10/site-packages/numpy/_core/tests) by extension 'python_setup_py'
[0.836s] Level 1:colcon.colcon_core.package_identification:_identify(src/amiga-ros2-bridge/venv/lib/python3.10/site-packages/numpy/_core/tests/__pycache__) by extensions ['ignore', 'ignore_ament_install']
[0.836s] Level 1:colcon.colcon_core.package_identification:_identify(src/amiga-ros2-bridge/venv/lib/python3.10/site-packages/numpy/_core/tests/__pycache__) by extension 'ignore'
[0.836s] Level 1:colcon.colcon_core.package_identification:_identify(src/amiga-ros2-bridge/venv/lib/python3.10/site-packages/numpy/_core/tests/__pycache__) by extension 'ignore_ament_install'
[0.836s] Level 1:colcon.colcon_core.package_identification:_identify(src/amiga-ros2-bridge/venv/lib/python3.10/site-packages/numpy/_core/tests/__pycache__) by extensions ['colcon_pkg']
[0.836s] Level 1:colcon.colcon_core.package_identification:_identify(src/amiga-ros2-bridge/venv/lib/python3.10/site-packages/numpy/_core/tests/__pycache__) by extension 'colcon_pkg'
[0.837s] Level 1:colcon.colcon_core.package_identification:_identify(src/amiga-ros2-bridge/venv/lib/python3.10/site-packages/numpy/_core/tests/__pycache__) by extensions ['colcon_meta']
[0.837s] Level 1:colcon.colcon_core.package_identification:_identify(src/amiga-ros2-bridge/venv/lib/python3.10/site-packages/numpy/_core/tests/__pycache__) by extension 'colcon_meta'
[0.837s] Level 1:colcon.colcon_core.package_identification:_identify(src/amiga-ros2-bridge/venv/lib/python3.10/site-packages/numpy/_core/tests/__pycache__) by extensions ['ros']
[0.837s] Level 1:colcon.colcon_core.package_identification:_identify(src/amiga-ros2-bridge/venv/lib/python3.10/site-packages/numpy/_core/tests/__pycache__) by extension 'ros'
[0.837s] Level 1:colcon.colcon_core.package_identification:_identify(src/amiga-ros2-bridge/venv/lib/python3.10/site-packages/numpy/_core/tests/__pycache__) by extensions ['cmake', 'python']
[0.837s] Level 1:colcon.colcon_core.package_identification:_identify(src/amiga-ros2-bridge/venv/lib/python3.10/site-packages/numpy/_core/tests/__pycache__) by extension 'cmake'
[0.837s] Level 1:colcon.colcon_core.package_identification:_identify(src/amiga-ros2-bridge/venv/lib/python3.10/site-packages/numpy/_core/tests/__pycache__) by extension 'python'
[0.837s] Level 1:colcon.colcon_core.package_identification:_identify(src/amiga-ros2-bridge/venv/lib/python3.10/site-packages/numpy/_core/tests/__pycache__) by extensions ['python_setup_py']
[0.837s] Level 1:colcon.colcon_core.package_identification:_identify(src/amiga-ros2-bridge/venv/lib/python3.10/site-packages/numpy/_core/tests/__pycache__) by extension 'python_setup_py'
[0.838s] Level 1:colcon.colcon_core.package_identification:_identify(src/amiga-ros2-bridge/venv/lib/python3.10/site-packages/numpy/_core/tests/data) by extensions ['ignore', 'ignore_ament_install']
[0.838s] Level 1:colcon.colcon_core.package_identification:_identify(src/amiga-ros2-bridge/venv/lib/python3.10/site-packages/numpy/_core/tests/data) by extension 'ignore'
[0.838s] Level 1:colcon.colcon_core.package_identification:_identify(src/amiga-ros2-bridge/venv/lib/python3.10/site-packages/numpy/_core/tests/data) by extension 'ignore_ament_install'
[0.838s] Level 1:colcon.colcon_core.package_identification:_identify(src/amiga-ros2-bridge/venv/lib/python3.10/site-packages/numpy/_core/tests/data) by extensions ['colcon_pkg']
[0.838s] Level 1:colcon.colcon_core.package_identification:_identify(src/amiga-ros2-bridge/venv/lib/python3.10/site-packages/numpy/_core/tests/data) by extension 'colcon_pkg'
[0.838s] Level 1:colcon.colcon_core.package_identification:_identify(src/amiga-ros2-bridge/venv/lib/python3.10/site-packages/numpy/_core/tests/data) by extensions ['colcon_meta']
[0.838s] Level 1:colcon.colcon_core.package_identification:_identify(src/amiga-ros2-bridge/venv/lib/python3.10/site-packages/numpy/_core/tests/data) by extension 'colcon_meta'
[0.839s] Level 1:colcon.colcon_core.package_identification:_identify(src/amiga-ros2-bridge/venv/lib/python3.10/site-packages/numpy/_core/tests/data) by extensions ['ros']
[0.839s] Level 1:colcon.colcon_core.package_identification:_identify(src/amiga-ros2-bridge/venv/lib/python3.10/site-packages/numpy/_core/tests/data) by extension 'ros'
[0.839s] Level 1:colcon.colcon_core.package_identification:_identify(src/amiga-ros2-bridge/venv/lib/python3.10/site-packages/numpy/_core/tests/data) by extensions ['cmake', 'python']
[0.839s] Level 1:colcon.colcon_core.package_identification:_identify(src/amiga-ros2-bridge/venv/lib/python3.10/site-packages/numpy/_core/tests/data) by extension 'cmake'
[0.839s] Level 1:colcon.colcon_core.package_identification:_identify(src/amiga-ros2-bridge/venv/lib/python3.10/site-packages/numpy/_core/tests/data) by extension 'python'
[0.839s] Level 1:colcon.colcon_core.package_identification:_identify(src/amiga-ros2-bridge/venv/lib/python3.10/site-packages/numpy/_core/tests/data) by extensions ['python_setup_py']
[0.839s] Level 1:colcon.colcon_core.package_identification:_identify(src/amiga-ros2-bridge/venv/lib/python3.10/site-packages/numpy/_core/tests/data) by extension 'python_setup_py'
[0.839s] Level 1:colcon.colcon_core.package_identification:_identify(src/amiga-ros2-bridge/venv/lib/python3.10/site-packages/numpy/_core/tests/examples) by extensions ['ignore', 'ignore_ament_install']
[0.840s] Level 1:colcon.colcon_core.package_identification:_identify(src/amiga-ros2-bridge/venv/lib/python3.10/site-packages/numpy/_core/tests/examples) by extension 'ignore'
[0.840s] Level 1:colcon.colcon_core.package_identification:_identify(src/amiga-ros2-bridge/venv/lib/python3.10/site-packages/numpy/_core/tests/examples) by extension 'ignore_ament_install'
[0.840s] Level 1:colcon.colcon_core.package_identification:_identify(src/amiga-ros2-bridge/venv/lib/python3.10/site-packages/numpy/_core/tests/examples) by extensions ['colcon_pkg']
[0.840s] Level 1:colcon.colcon_core.package_identification:_identify(src/amiga-ros2-bridge/venv/lib/python3.10/site-packages/numpy/_core/tests/examples) by extension 'colcon_pkg'
[0.840s] Level 1:colcon.colcon_core.package_identification:_identify(src/amiga-ros2-bridge/venv/lib/python3.10/site-packages/numpy/_core/tests/examples) by extensions ['colcon_meta']
[0.840s] Level 1:colcon.colcon_core.package_identification:_identify(src/amiga-ros2-bridge/venv/lib/python3.10/site-packages/numpy/_core/tests/examples) by extension 'colcon_meta'
[0.840s] Level 1:colcon.colcon_core.package_identification:_identify(src/amiga-ros2-bridge/venv/lib/python3.10/site-packages/numpy/_core/tests/examples) by extensions ['ros']
[0.840s] Level 1:colcon.colcon_core.package_identification:_identify(src/amiga-ros2-bridge/venv/lib/python3.10/site-packages/numpy/_core/tests/examples) by extension 'ros'
[0.840s] Level 1:colcon.colcon_core.package_identification:_identify(src/amiga-ros2-bridge/venv/lib/python3.10/site-packages/numpy/_core/tests/examples) by extensions ['cmake', 'python']
[0.840s] Level 1:colcon.colcon_core.package_identification:_identify(src/amiga-ros2-bridge/venv/lib/python3.10/site-packages/numpy/_core/tests/examples) by extension 'cmake'
[0.841s] Level 1:colcon.colcon_core.package_identification:_identify(src/amiga-ros2-bridge/venv/lib/python3.10/site-packages/numpy/_core/tests/examples) by extension 'python'
[0.841s] Level 1:colcon.colcon_core.package_identification:_identify(src/amiga-ros2-bridge/venv/lib/python3.10/site-packages/numpy/_core/tests/examples) by extensions ['python_setup_py']
[0.841s] Level 1:colcon.colcon_core.package_identification:_identify(src/amiga-ros2-bridge/venv/lib/python3.10/site-packages/numpy/_core/tests/examples) by extension 'python_setup_py'
[0.841s] Level 1:colcon.colcon_core.package_identification:_identify(src/amiga-ros2-bridge/venv/lib/python3.10/site-packages/numpy/_core/tests/examples/cython) by extensions ['ignore', 'ignore_ament_install']
[0.841s] Level 1:colcon.colcon_core.package_identification:_identify(src/amiga-ros2-bridge/venv/lib/python3.10/site-packages/numpy/_core/tests/examples/cython) by extension 'ignore'
[0.841s] Level 1:colcon.colcon_core.package_identification:_identify(src/amiga-ros2-bridge/venv/lib/python3.10/site-packages/numpy/_core/tests/examples/cython) by extension 'ignore_ament_install'
[0.841s] Level 1:colcon.colcon_core.package_identification:_identify(src/amiga-ros2-bridge/venv/lib/python3.10/site-packages/numpy/_core/tests/examples/cython) by extensions ['colcon_pkg']
[0.842s] Level 1:colcon.colcon_core.package_identification:_identify(src/amiga-ros2-bridge/venv/lib/python3.10/site-packages/numpy/_core/tests/examples/cython) by extension 'colcon_pkg'
[0.842s] Level 1:colcon.colcon_core.package_identification:_identify(src/amiga-ros2-bridge/venv/lib/python3.10/site-packages/numpy/_core/tests/examples/cython) by extensions ['colcon_meta']
[0.842s] Level 1:colcon.colcon_core.package_identification:_identify(src/amiga-ros2-bridge/venv/lib/python3.10/site-packages/numpy/_core/tests/examples/cython) by extension 'colcon_meta'
[0.842s] Level 1:colcon.colcon_core.package_identification:_identify(src/amiga-ros2-bridge/venv/lib/python3.10/site-packages/numpy/_core/tests/examples/cython) by extensions ['ros']
[0.842s] Level 1:colcon.colcon_core.package_identification:_identify(src/amiga-ros2-bridge/venv/lib/python3.10/site-packages/numpy/_core/tests/examples/cython) by extension 'ros'
[0.842s] Level 1:colcon.colcon_core.package_identification:_identify(src/amiga-ros2-bridge/venv/lib/python3.10/site-packages/numpy/_core/tests/examples/cython) by extensions ['cmake', 'python']
[0.842s] Level 1:colcon.colcon_core.package_identification:_identify(src/amiga-ros2-bridge/venv/lib/python3.10/site-packages/numpy/_core/tests/examples/cython) by extension 'cmake'
[0.842s] Level 1:colcon.colcon_core.package_identification:_identify(src/amiga-ros2-bridge/venv/lib/python3.10/site-packages/numpy/_core/tests/examples/cython) by extension 'python'
[0.842s] Level 1:colcon.colcon_core.package_identification:_identify(src/amiga-ros2-bridge/venv/lib/python3.10/site-packages/numpy/_core/tests/examples/cython) by extensions ['python_setup_py']
[0.842s] Level 1:colcon.colcon_core.package_identification:_identify(src/amiga-ros2-bridge/venv/lib/python3.10/site-packages/numpy/_core/tests/examples/cython) by extension 'python_setup_py'
[1.466s] ERROR:colcon.colcon_core.package_identification:Exception in package identification extension 'python_setup_py' in 'src/amiga-ros2-bridge/venv/lib/python3.10/site-packages/numpy/_core/tests/examples/cython': Command '['/usr/bin/python3', '-c', 'import sys;from contextlib import suppress;exec("with suppress(ImportError):    from setuptools.extern.packaging.specifiers    import SpecifierSet");exec("with suppress(ImportError):    from packaging.specifiers import SpecifierSet");from distutils.core import run_setup;dist = run_setup(    \'setup.py\', script_args=(\'--dry-run\',), stop_after=\'config\');skip_keys = (\'cmdclass\', \'distclass\', \'ext_modules\', \'metadata\');data = {    key: value for key, value in dist.__dict__.items()     if (        not key.startswith(\'_\') and         not callable(value) and         key not in skip_keys and         key not in dist.display_option_names    )};data[\'metadata\'] = {    k: v for k, v in dist.metadata.__dict__.items()     if k not in (\'license_files\', \'provides_extras\')};sys.stdout.buffer.write(repr(data).encode(\'utf-8\'))']' returned non-zero exit status 1.
Traceback (most recent call last):
  File "/usr/lib/python3/dist-packages/colcon_core/package_identification/__init__.py", line 144, in _identify
    retval = extension.identify(_reused_descriptor_instance)
  File "/usr/lib/python3/dist-packages/colcon_python_setup_py/package_identification/python_setup_py.py", line 48, in identify
    config = get_setup_information(setup_py)
  File "/usr/lib/python3/dist-packages/colcon_python_setup_py/package_identification/python_setup_py.py", line 249, in get_setup_information
    _setup_information_cache[hashable_env] = _get_setup_information(
  File "/usr/lib/python3/dist-packages/colcon_python_setup_py/package_identification/python_setup_py.py", line 296, in _get_setup_information
    result = subprocess.run(
  File "/usr/lib/python3.10/subprocess.py", line 526, in run
    raise CalledProcessError(retcode, process.args,
subprocess.CalledProcessError: Command '['/usr/bin/python3', '-c', 'import sys;from contextlib import suppress;exec("with suppress(ImportError):    from setuptools.extern.packaging.specifiers    import SpecifierSet");exec("with suppress(ImportError):    from packaging.specifiers import SpecifierSet");from distutils.core import run_setup;dist = run_setup(    \'setup.py\', script_args=(\'--dry-run\',), stop_after=\'config\');skip_keys = (\'cmdclass\', \'distclass\', \'ext_modules\', \'metadata\');data = {    key: value for key, value in dist.__dict__.items()     if (        not key.startswith(\'_\') and         not callable(value) and         key not in skip_keys and         key not in dist.display_option_names    )};data[\'metadata\'] = {    k: v for k, v in dist.metadata.__dict__.items()     if k not in (\'license_files\', \'provides_extras\')};sys.stdout.buffer.write(repr(data).encode(\'utf-8\'))']' returned non-zero exit status 1.

[1.467s] Level 1:colcon.colcon_core.package_identification:_identify(src/amiga-ros2-bridge/venv/lib/python3.10/site-packages/numpy/_core/tests/examples/cython/__pycache__) by extensions ['ignore', 'ignore_ament_install']
[1.467s] Level 1:colcon.colcon_core.package_identification:_identify(src/amiga-ros2-bridge/venv/lib/python3.10/site-packages/numpy/_core/tests/examples/cython/__pycache__) by extension 'ignore'
[1.467s] Level 1:colcon.colcon_core.package_identification:_identify(src/amiga-ros2-bridge/venv/lib/python3.10/site-packages/numpy/_core/tests/examples/cython/__pycache__) by extension 'ignore_ament_install'
[1.468s] Level 1:colcon.colcon_core.package_identification:_identify(src/amiga-ros2-bridge/venv/lib/python3.10/site-packages/numpy/_core/tests/examples/cython/__pycache__) by extensions ['colcon_pkg']
[1.468s] Level 1:colcon.colcon_core.package_identification:_identify(src/amiga-ros2-bridge/venv/lib/python3.10/site-packages/numpy/_core/tests/examples/cython/__pycache__) by extension 'colcon_pkg'
[1.468s] Level 1:colcon.colcon_core.package_identification:_identify(src/amiga-ros2-bridge/venv/lib/python3.10/site-packages/numpy/_core/tests/examples/cython/__pycache__) by extensions ['colcon_meta']
[1.468s] Level 1:colcon.colcon_core.package_identification:_identify(src/amiga-ros2-bridge/venv/lib/python3.10/site-packages/numpy/_core/tests/examples/cython/__pycache__) by extension 'colcon_meta'
[1.468s] Level 1:colcon.colcon_core.package_identification:_identify(src/amiga-ros2-bridge/venv/lib/python3.10/site-packages/numpy/_core/tests/examples/cython/__pycache__) by extensions ['ros']
[1.468s] Level 1:colcon.colcon_core.package_identification:_identify(src/amiga-ros2-bridge/venv/lib/python3.10/site-packages/numpy/_core/tests/examples/cython/__pycache__) by extension 'ros'
[1.468s] Level 1:colcon.colcon_core.package_identification:_identify(src/amiga-ros2-bridge/venv/lib/python3.10/site-packages/numpy/_core/tests/examples/cython/__pycache__) by extensions ['cmake', 'python']
[1.468s] Level 1:colcon.colcon_core.package_identification:_identify(src/amiga-ros2-bridge/venv/lib/python3.10/site-packages/numpy/_core/tests/examples/cython/__pycache__) by extension 'cmake'
[1.469s] Level 1:colcon.colcon_core.package_identification:_identify(src/amiga-ros2-bridge/venv/lib/python3.10/site-packages/numpy/_core/tests/examples/cython/__pycache__) by extension 'python'
[1.469s] Level 1:colcon.colcon_core.package_identification:_identify(src/amiga-ros2-bridge/venv/lib/python3.10/site-packages/numpy/_core/tests/examples/cython/__pycache__) by extensions ['python_setup_py']
[1.469s] Level 1:colcon.colcon_core.package_identification:_identify(src/amiga-ros2-bridge/venv/lib/python3.10/site-packages/numpy/_core/tests/examples/cython/__pycache__) by extension 'python_setup_py'
[1.469s] Level 1:colcon.colcon_core.package_identification:_identify(src/amiga-ros2-bridge/venv/lib/python3.10/site-packages/numpy/_core/tests/examples/limited_api) by extensions ['ignore', 'ignore_ament_install']
[1.469s] Level 1:colcon.colcon_core.package_identification:_identify(src/amiga-ros2-bridge/venv/lib/python3.10/site-packages/numpy/_core/tests/examples/limited_api) by extension 'ignore'
[1.469s] Level 1:colcon.colcon_core.package_identification:_identify(src/amiga-ros2-bridge/venv/lib/python3.10/site-packages/numpy/_core/tests/examples/limited_api) by extension 'ignore_ament_install'
[1.469s] Level 1:colcon.colcon_core.package_identification:_identify(src/amiga-ros2-bridge/venv/lib/python3.10/site-packages/numpy/_core/tests/examples/limited_api) by extensions ['colcon_pkg']
[1.470s] Level 1:colcon.colcon_core.package_identification:_identify(src/amiga-ros2-bridge/venv/lib/python3.10/site-packages/numpy/_core/tests/examples/limited_api) by extension 'colcon_pkg'
[1.470s] Level 1:colcon.colcon_core.package_identification:_identify(src/amiga-ros2-bridge/venv/lib/python3.10/site-packages/numpy/_core/tests/examples/limited_api) by extensions ['colcon_meta']
[1.470s] Level 1:colcon.colcon_core.package_identification:_identify(src/amiga-ros2-bridge/venv/lib/python3.10/site-packages/numpy/_core/tests/examples/limited_api) by extension 'colcon_meta'
[1.470s] Level 1:colcon.colcon_core.package_identification:_identify(src/amiga-ros2-bridge/venv/lib/python3.10/site-packages/numpy/_core/tests/examples/limited_api) by extensions ['ros']
[1.470s] Level 1:colcon.colcon_core.package_identification:_identify(src/amiga-ros2-bridge/venv/lib/python3.10/site-packages/numpy/_core/tests/examples/limited_api) by extension 'ros'
[1.470s] Level 1:colcon.colcon_core.package_identification:_identify(src/amiga-ros2-bridge/venv/lib/python3.10/site-packages/numpy/_core/tests/examples/limited_api) by extensions ['cmake', 'python']
[1.470s] Level 1:colcon.colcon_core.package_identification:_identify(src/amiga-ros2-bridge/venv/lib/python3.10/site-packages/numpy/_core/tests/examples/limited_api) by extension 'cmake'
[1.470s] Level 1:colcon.colcon_core.package_identification:_identify(src/amiga-ros2-bridge/venv/lib/python3.10/site-packages/numpy/_core/tests/examples/limited_api) by extension 'python'
[1.470s] Level 1:colcon.colcon_core.package_identification:_identify(src/amiga-ros2-bridge/venv/lib/python3.10/site-packages/numpy/_core/tests/examples/limited_api) by extensions ['python_setup_py']
[1.470s] Level 1:colcon.colcon_core.package_identification:_identify(src/amiga-ros2-bridge/venv/lib/python3.10/site-packages/numpy/_core/tests/examples/limited_api) by extension 'python_setup_py'
[2.188s] ERROR:colcon.colcon_core.package_identification:Failed to determine Python package name in 'src/amiga-ros2-bridge/venv/lib/python3.10/site-packages/numpy/_core/tests/examples/limited_api'
[2.189s] ERROR:colcon.colcon_core.package_identification:Exception in package identification extension 'python_setup_py' in 'src/amiga-ros2-bridge/venv/lib/python3.10/site-packages/numpy/_core/tests/examples/limited_api': Failed to determine Python package name in 'src/amiga-ros2-bridge/venv/lib/python3.10/site-packages/numpy/_core/tests/examples/limited_api'
Traceback (most recent call last):
  File "/usr/lib/python3/dist-packages/colcon_core/package_identification/__init__.py", line 144, in _identify
    retval = extension.identify(_reused_descriptor_instance)
  File "/usr/lib/python3/dist-packages/colcon_python_setup_py/package_identification/python_setup_py.py", line 57, in identify
    raise RuntimeError(
RuntimeError: Failed to determine Python package name in 'src/amiga-ros2-bridge/venv/lib/python3.10/site-packages/numpy/_core/tests/examples/limited_api'

[2.190s] Level 1:colcon.colcon_core.package_identification:_identify(src/amiga-ros2-bridge/venv/lib/python3.10/site-packages/numpy/_core/tests/examples/limited_api/__pycache__) by extensions ['ignore', 'ignore_ament_install']
[2.190s] Level 1:colcon.colcon_core.package_identification:_identify(src/amiga-ros2-bridge/venv/lib/python3.10/site-packages/numpy/_core/tests/examples/limited_api/__pycache__) by extension 'ignore'
[2.190s] Level 1:colcon.colcon_core.package_identification:_identify(src/amiga-ros2-bridge/venv/lib/python3.10/site-packages/numpy/_core/tests/examples/limited_api/__pycache__) by extension 'ignore_ament_install'
[2.190s] Level 1:colcon.colcon_core.package_identification:_identify(src/amiga-ros2-bridge/venv/lib/python3.10/site-packages/numpy/_core/tests/examples/limited_api/__pycache__) by extensions ['colcon_pkg']
[2.190s] Level 1:colcon.colcon_core.package_identification:_identify(src/amiga-ros2-bridge/venv/lib/python3.10/site-packages/numpy/_core/tests/examples/limited_api/__pycache__) by extension 'colcon_pkg'
[2.190s] Level 1:colcon.colcon_core.package_identification:_identify(src/amiga-ros2-bridge/venv/lib/python3.10/site-packages/numpy/_core/tests/examples/limited_api/__pycache__) by extensions ['colcon_meta']
[2.190s] Level 1:colcon.colcon_core.package_identification:_identify(src/amiga-ros2-bridge/venv/lib/python3.10/site-packages/numpy/_core/tests/examples/limited_api/__pycache__) by extension 'colcon_meta'
[2.191s] Level 1:colcon.colcon_core.package_identification:_identify(src/amiga-ros2-bridge/venv/lib/python3.10/site-packages/numpy/_core/tests/examples/limited_api/__pycache__) by extensions ['ros']
[2.191s] Level 1:colcon.colcon_core.package_identification:_identify(src/amiga-ros2-bridge/venv/lib/python3.10/site-packages/numpy/_core/tests/examples/limited_api/__pycache__) by extension 'ros'
[2.191s] Level 1:colcon.colcon_core.package_identification:_identify(src/amiga-ros2-bridge/venv/lib/python3.10/site-packages/numpy/_core/tests/examples/limited_api/__pycache__) by extensions ['cmake', 'python']
[2.191s] Level 1:colcon.colcon_core.package_identification:_identify(src/amiga-ros2-bridge/venv/lib/python3.10/site-packages/numpy/_core/tests/examples/limited_api/__pycache__) by extension 'cmake'
[2.191s] Level 1:colcon.colcon_core.package_identification:_identify(src/amiga-ros2-bridge/venv/lib/python3.10/site-packages/numpy/_core/tests/examples/limited_api/__pycache__) by extension 'python'
[2.191s] Level 1:colcon.colcon_core.package_identification:_identify(src/amiga-ros2-bridge/venv/lib/python3.10/site-packages/numpy/_core/tests/examples/limited_api/__pycache__) by extensions ['python_setup_py']
[2.191s] Level 1:colcon.colcon_core.package_identification:_identify(src/amiga-ros2-bridge/venv/lib/python3.10/site-packages/numpy/_core/tests/examples/limited_api/__pycache__) by extension 'python_setup_py'
[2.192s] Level 1:colcon.colcon_core.package_identification:_identify(src/amiga-ros2-bridge/venv/lib/python3.10/site-packages/numpy/_pyinstaller) by extensions ['ignore', 'ignore_ament_install']
[2.192s] Level 1:colcon.colcon_core.package_identification:_identify(src/amiga-ros2-bridge/venv/lib/python3.10/site-packages/numpy/_pyinstaller) by extension 'ignore'
[2.192s] Level 1:colcon.colcon_core.package_identification:_identify(src/amiga-ros2-bridge/venv/lib/python3.10/site-packages/numpy/_pyinstaller) by extension 'ignore_ament_install'
[2.192s] Level 1:colcon.colcon_core.package_identification:_identify(src/amiga-ros2-bridge/venv/lib/python3.10/site-packages/numpy/_pyinstaller) by extensions ['colcon_pkg']
[2.193s] Level 1:colcon.colcon_core.package_identification:_identify(src/amiga-ros2-bridge/venv/lib/python3.10/site-packages/numpy/_pyinstaller) by extension 'colcon_pkg'
[2.193s] Level 1:colcon.colcon_core.package_identification:_identify(src/amiga-ros2-bridge/venv/lib/python3.10/site-packages/numpy/_pyinstaller) by extensions ['colcon_meta']
[2.193s] Level 1:colcon.colcon_core.package_identification:_identify(src/amiga-ros2-bridge/venv/lib/python3.10/site-packages/numpy/_pyinstaller) by extension 'colcon_meta'
[2.193s] Level 1:colcon.colcon_core.package_identification:_identify(src/amiga-ros2-bridge/venv/lib/python3.10/site-packages/numpy/_pyinstaller) by extensions ['ros']
[2.193s] Level 1:colcon.colcon_core.package_identification:_identify(src/amiga-ros2-bridge/venv/lib/python3.10/site-packages/numpy/_pyinstaller) by extension 'ros'
[2.193s] Level 1:colcon.colcon_core.package_identification:_identify(src/amiga-ros2-bridge/venv/lib/python3.10/site-packages/numpy/_pyinstaller) by extensions ['cmake', 'python']
[2.193s] Level 1:colcon.colcon_core.package_identification:_identify(src/amiga-ros2-bridge/venv/lib/python3.10/site-packages/numpy/_pyinstaller) by extension 'cmake'
[2.194s] Level 1:colcon.colcon_core.package_identification:_identify(src/amiga-ros2-bridge/venv/lib/python3.10/site-packages/numpy/_pyinstaller) by extension 'python'
[2.194s] Level 1:colcon.colcon_core.package_identification:_identify(src/amiga-ros2-bridge/venv/lib/python3.10/site-packages/numpy/_pyinstaller) by extensions ['python_setup_py']
[2.194s] Level 1:colcon.colcon_core.package_identification:_identify(src/amiga-ros2-bridge/venv/lib/python3.10/site-packages/numpy/_pyinstaller) by extension 'python_setup_py'
[2.194s] Level 1:colcon.colcon_core.package_identification:_identify(src/amiga-ros2-bridge/venv/lib/python3.10/site-packages/numpy/_pyinstaller/__pycache__) by extensions ['ignore', 'ignore_ament_install']
[2.194s] Level 1:colcon.colcon_core.package_identification:_identify(src/amiga-ros2-bridge/venv/lib/python3.10/site-packages/numpy/_pyinstaller/__pycache__) by extension 'ignore'
[2.194s] Level 1:colcon.colcon_core.package_identification:_identify(src/amiga-ros2-bridge/venv/lib/python3.10/site-packages/numpy/_pyinstaller/__pycache__) by extension 'ignore_ament_install'
[2.195s] Level 1:colcon.colcon_core.package_identification:_identify(src/amiga-ros2-bridge/venv/lib/python3.10/site-packages/numpy/_pyinstaller/__pycache__) by extensions ['colcon_pkg']
[2.195s] Level 1:colcon.colcon_core.package_identification:_identify(src/amiga-ros2-bridge/venv/lib/python3.10/site-packages/numpy/_pyinstaller/__pycache__) by extension 'colcon_pkg'
[2.195s] Level 1:colcon.colcon_core.package_identification:_identify(src/amiga-ros2-bridge/venv/lib/python3.10/site-packages/numpy/_pyinstaller/__pycache__) by extensions ['colcon_meta']
[2.195s] Level 1:colcon.colcon_core.package_identification:_identify(src/amiga-ros2-bridge/venv/lib/python3.10/site-packages/numpy/_pyinstaller/__pycache__) by extension 'colcon_meta'
[2.195s] Level 1:colcon.colcon_core.package_identification:_identify(src/amiga-ros2-bridge/venv/lib/python3.10/site-packages/numpy/_pyinstaller/__pycache__) by extensions ['ros']
[2.195s] Level 1:colcon.colcon_core.package_identification:_identify(src/amiga-ros2-bridge/venv/lib/python3.10/site-packages/numpy/_pyinstaller/__pycache__) by extension 'ros'
[2.195s] Level 1:colcon.colcon_core.package_identification:_identify(src/amiga-ros2-bridge/venv/lib/python3.10/site-packages/numpy/_pyinstaller/__pycache__) by extensions ['cmake', 'python']
[2.195s] Level 1:colcon.colcon_core.package_identification:_identify(src/amiga-ros2-bridge/venv/lib/python3.10/site-packages/numpy/_pyinstaller/__pycache__) by extension 'cmake'
[2.195s] Level 1:colcon.colcon_core.package_identification:_identify(src/amiga-ros2-bridge/venv/lib/python3.10/site-packages/numpy/_pyinstaller/__pycache__) by extension 'python'
[2.196s] Level 1:colcon.colcon_core.package_identification:_identify(src/amiga-ros2-bridge/venv/lib/python3.10/site-packages/numpy/_pyinstaller/__pycache__) by extensions ['python_setup_py']
[2.196s] Level 1:colcon.colcon_core.package_identification:_identify(src/amiga-ros2-bridge/venv/lib/python3.10/site-packages/numpy/_pyinstaller/__pycache__) by extension 'python_setup_py'
[2.196s] Level 1:colcon.colcon_core.package_identification:_identify(src/amiga-ros2-bridge/venv/lib/python3.10/site-packages/numpy/_pyinstaller/tests) by extensions ['ignore', 'ignore_ament_install']
[2.196s] Level 1:colcon.colcon_core.package_identification:_identify(src/amiga-ros2-bridge/venv/lib/python3.10/site-packages/numpy/_pyinstaller/tests) by extension 'ignore'
[2.196s] Level 1:colcon.colcon_core.package_identification:_identify(src/amiga-ros2-bridge/venv/lib/python3.10/site-packages/numpy/_pyinstaller/tests) by extension 'ignore_ament_install'
[2.196s] Level 1:colcon.colcon_core.package_identification:_identify(src/amiga-ros2-bridge/venv/lib/python3.10/site-packages/numpy/_pyinstaller/tests) by extensions ['colcon_pkg']
[2.197s] Level 1:colcon.colcon_core.package_identification:_identify(src/amiga-ros2-bridge/venv/lib/python3.10/site-packages/numpy/_pyinstaller/tests) by extension 'colcon_pkg'
[2.197s] Level 1:colcon.colcon_core.package_identification:_identify(src/amiga-ros2-bridge/venv/lib/python3.10/site-packages/numpy/_pyinstaller/tests) by extensions ['colcon_meta']
[2.197s] Level 1:colcon.colcon_core.package_identification:_identify(src/amiga-ros2-bridge/venv/lib/python3.10/site-packages/numpy/_pyinstaller/tests) by extension 'colcon_meta'
[2.197s] Level 1:colcon.colcon_core.package_identification:_identify(src/amiga-ros2-bridge/venv/lib/python3.10/site-packages/numpy/_pyinstaller/tests) by extensions ['ros']
[2.197s] Level 1:colcon.colcon_core.package_identification:_identify(src/amiga-ros2-bridge/venv/lib/python3.10/site-packages/numpy/_pyinstaller/tests) by extension 'ros'
[2.197s] Level 1:colcon.colcon_core.package_identification:_identify(src/amiga-ros2-bridge/venv/lib/python3.10/site-packages/numpy/_pyinstaller/tests) by extensions ['cmake', 'python']
[2.197s] Level 1:colcon.colcon_core.package_identification:_identify(src/amiga-ros2-bridge/venv/lib/python3.10/site-packages/numpy/_pyinstaller/tests) by extension 'cmake'
[2.197s] Level 1:colcon.colcon_core.package_identification:_identify(src/amiga-ros2-bridge/venv/lib/python3.10/site-packages/numpy/_pyinstaller/tests) by extension 'python'
[2.198s] Level 1:colcon.colcon_core.package_identification:_identify(src/amiga-ros2-bridge/venv/lib/python3.10/site-packages/numpy/_pyinstaller/tests) by extensions ['python_setup_py']
[2.198s] Level 1:colcon.colcon_core.package_identification:_identify(src/amiga-ros2-bridge/venv/lib/python3.10/site-packages/numpy/_pyinstaller/tests) by extension 'python_setup_py'
[2.198s] Level 1:colcon.colcon_core.package_identification:_identify(src/amiga-ros2-bridge/venv/lib/python3.10/site-packages/numpy/_pyinstaller/tests/__pycache__) by extensions ['ignore', 'ignore_ament_install']
[2.198s] Level 1:colcon.colcon_core.package_identification:_identify(src/amiga-ros2-bridge/venv/lib/python3.10/site-packages/numpy/_pyinstaller/tests/__pycache__) by extension 'ignore'
[2.198s] Level 1:colcon.colcon_core.package_identification:_identify(src/amiga-ros2-bridge/venv/lib/python3.10/site-packages/numpy/_pyinstaller/tests/__pycache__) by extension 'ignore_ament_install'
[2.199s] Level 1:colcon.colcon_core.package_identification:_identify(src/amiga-ros2-bridge/venv/lib/python3.10/site-packages/numpy/_pyinstaller/tests/__pycache__) by extensions ['colcon_pkg']
[2.199s] Level 1:colcon.colcon_core.package_identification:_identify(src/amiga-ros2-bridge/venv/lib/python3.10/site-packages/numpy/_pyinstaller/tests/__pycache__) by extension 'colcon_pkg'
[2.199s] Level 1:colcon.colcon_core.package_identification:_identify(src/amiga-ros2-bridge/venv/lib/python3.10/site-packages/numpy/_pyinstaller/tests/__pycache__) by extensions ['colcon_meta']
[2.199s] Level 1:colcon.colcon_core.package_identification:_identify(src/amiga-ros2-bridge/venv/lib/python3.10/site-packages/numpy/_pyinstaller/tests/__pycache__) by extension 'colcon_meta'
[2.199s] Level 1:colcon.colcon_core.package_identification:_identify(src/amiga-ros2-bridge/venv/lib/python3.10/site-packages/numpy/_pyinstaller/tests/__pycache__) by extensions ['ros']
[2.199s] Level 1:colcon.colcon_core.package_identification:_identify(src/amiga-ros2-bridge/venv/lib/python3.10/site-packages/numpy/_pyinstaller/tests/__pycache__) by extension 'ros'
[2.199s] Level 1:colcon.colcon_core.package_identification:_identify(src/amiga-ros2-bridge/venv/lib/python3.10/site-packages/numpy/_pyinstaller/tests/__pycache__) by extensions ['cmake', 'python']
[2.200s] Level 1:colcon.colcon_core.package_identification:_identify(src/amiga-ros2-bridge/venv/lib/python3.10/site-packages/numpy/_pyinstaller/tests/__pycache__) by extension 'cmake'
[2.200s] Level 1:colcon.colcon_core.package_identification:_identify(src/amiga-ros2-bridge/venv/lib/python3.10/site-packages/numpy/_pyinstaller/tests/__pycache__) by extension 'python'
[2.200s] Level 1:colcon.colcon_core.package_identification:_identify(src/amiga-ros2-bridge/venv/lib/python3.10/site-packages/numpy/_pyinstaller/tests/__pycache__) by extensions ['python_setup_py']
[2.200s] Level 1:colcon.colcon_core.package_identification:_identify(src/amiga-ros2-bridge/venv/lib/python3.10/site-packages/numpy/_pyinstaller/tests/__pycache__) by extension 'python_setup_py'
[2.200s] Level 1:colcon.colcon_core.package_identification:_identify(src/amiga-ros2-bridge/venv/lib/python3.10/site-packages/numpy/_typing) by extensions ['ignore', 'ignore_ament_install']
[2.201s] Level 1:colcon.colcon_core.package_identification:_identify(src/amiga-ros2-bridge/venv/lib/python3.10/site-packages/numpy/_typing) by extension 'ignore'
[2.201s] Level 1:colcon.colcon_core.package_identification:_identify(src/amiga-ros2-bridge/venv/lib/python3.10/site-packages/numpy/_typing) by extension 'ignore_ament_install'
[2.201s] Level 1:colcon.colcon_core.package_identification:_identify(src/amiga-ros2-bridge/venv/lib/python3.10/site-packages/numpy/_typing) by extensions ['colcon_pkg']
[2.201s] Level 1:colcon.colcon_core.package_identification:_identify(src/amiga-ros2-bridge/venv/lib/python3.10/site-packages/numpy/_typing) by extension 'colcon_pkg'
[2.201s] Level 1:colcon.colcon_core.package_identification:_identify(src/amiga-ros2-bridge/venv/lib/python3.10/site-packages/numpy/_typing) by extensions ['colcon_meta']
[2.201s] Level 1:colcon.colcon_core.package_identification:_identify(src/amiga-ros2-bridge/venv/lib/python3.10/site-packages/numpy/_typing) by extension 'colcon_meta'
[2.201s] Level 1:colcon.colcon_core.package_identification:_identify(src/amiga-ros2-bridge/venv/lib/python3.10/site-packages/numpy/_typing) by extensions ['ros']
[2.201s] Level 1:colcon.colcon_core.package_identification:_identify(src/amiga-ros2-bridge/venv/lib/python3.10/site-packages/numpy/_typing) by extension 'ros'
[2.202s] Level 1:colcon.colcon_core.package_identification:_identify(src/amiga-ros2-bridge/venv/lib/python3.10/site-packages/numpy/_typing) by extensions ['cmake', 'python']
[2.202s] Level 1:colcon.colcon_core.package_identification:_identify(src/amiga-ros2-bridge/venv/lib/python3.10/site-packages/numpy/_typing) by extension 'cmake'
[2.202s] Level 1:colcon.colcon_core.package_identification:_identify(src/amiga-ros2-bridge/venv/lib/python3.10/site-packages/numpy/_typing) by extension 'python'
[2.202s] Level 1:colcon.colcon_core.package_identification:_identify(src/amiga-ros2-bridge/venv/lib/python3.10/site-packages/numpy/_typing) by extensions ['python_setup_py']
[2.202s] Level 1:colcon.colcon_core.package_identification:_identify(src/amiga-ros2-bridge/venv/lib/python3.10/site-packages/numpy/_typing) by extension 'python_setup_py'
[2.202s] Level 1:colcon.colcon_core.package_identification:_identify(src/amiga-ros2-bridge/venv/lib/python3.10/site-packages/numpy/_typing/__pycache__) by extensions ['ignore', 'ignore_ament_install']
[2.203s] Level 1:colcon.colcon_core.package_identification:_identify(src/amiga-ros2-bridge/venv/lib/python3.10/site-packages/numpy/_typing/__pycache__) by extension 'ignore'
[2.203s] Level 1:colcon.colcon_core.package_identification:_identify(src/amiga-ros2-bridge/venv/lib/python3.10/site-packages/numpy/_typing/__pycache__) by extension 'ignore_ament_install'
[2.203s] Level 1:colcon.colcon_core.package_identification:_identify(src/amiga-ros2-bridge/venv/lib/python3.10/site-packages/numpy/_typing/__pycache__) by extensions ['colcon_pkg']
[2.203s] Level 1:colcon.colcon_core.package_identification:_identify(src/amiga-ros2-bridge/venv/lib/python3.10/site-packages/numpy/_typing/__pycache__) by extension 'colcon_pkg'
[2.203s] Level 1:colcon.colcon_core.package_identification:_identify(src/amiga-ros2-bridge/venv/lib/python3.10/site-packages/numpy/_typing/__pycache__) by extensions ['colcon_meta']
[2.203s] Level 1:colcon.colcon_core.package_identification:_identify(src/amiga-ros2-bridge/venv/lib/python3.10/site-packages/numpy/_typing/__pycache__) by extension 'colcon_meta'
[2.203s] Level 1:colcon.colcon_core.package_identification:_identify(src/amiga-ros2-bridge/venv/lib/python3.10/site-packages/numpy/_typing/__pycache__) by extensions ['ros']
[2.204s] Level 1:colcon.colcon_core.package_identification:_identify(src/amiga-ros2-bridge/venv/lib/python3.10/site-packages/numpy/_typing/__pycache__) by extension 'ros'
[2.204s] Level 1:colcon.colcon_core.package_identification:_identify(src/amiga-ros2-bridge/venv/lib/python3.10/site-packages/numpy/_typing/__pycache__) by extensions ['cmake', 'python']
[2.204s] Level 1:colcon.colcon_core.package_identification:_identify(src/amiga-ros2-bridge/venv/lib/python3.10/site-packages/numpy/_typing/__pycache__) by extension 'cmake'
[2.204s] Level 1:colcon.colcon_core.package_identification:_identify(src/amiga-ros2-bridge/venv/lib/python3.10/site-packages/numpy/_typing/__pycache__) by extension 'python'
[2.204s] Level 1:colcon.colcon_core.package_identification:_identify(src/amiga-ros2-bridge/venv/lib/python3.10/site-packages/numpy/_typing/__pycache__) by extensions ['python_setup_py']
[2.204s] Level 1:colcon.colcon_core.package_identification:_identify(src/amiga-ros2-bridge/venv/lib/python3.10/site-packages/numpy/_typing/__pycache__) by extension 'python_setup_py'
[2.205s] Level 1:colcon.colcon_core.package_identification:_identify(src/amiga-ros2-bridge/venv/lib/python3.10/site-packages/numpy/_utils) by extensions ['ignore', 'ignore_ament_install']
[2.205s] Level 1:colcon.colcon_core.package_identification:_identify(src/amiga-ros2-bridge/venv/lib/python3.10/site-packages/numpy/_utils) by extension 'ignore'
[2.205s] Level 1:colcon.colcon_core.package_identification:_identify(src/amiga-ros2-bridge/venv/lib/python3.10/site-packages/numpy/_utils) by extension 'ignore_ament_install'
[2.205s] Level 1:colcon.colcon_core.package_identification:_identify(src/amiga-ros2-bridge/venv/lib/python3.10/site-packages/numpy/_utils) by extensions ['colcon_pkg']
[2.205s] Level 1:colcon.colcon_core.package_identification:_identify(src/amiga-ros2-bridge/venv/lib/python3.10/site-packages/numpy/_utils) by extension 'colcon_pkg'
[2.205s] Level 1:colcon.colcon_core.package_identification:_identify(src/amiga-ros2-bridge/venv/lib/python3.10/site-packages/numpy/_utils) by extensions ['colcon_meta']
[2.205s] Level 1:colcon.colcon_core.package_identification:_identify(src/amiga-ros2-bridge/venv/lib/python3.10/site-packages/numpy/_utils) by extension 'colcon_meta'
[2.205s] Level 1:colcon.colcon_core.package_identification:_identify(src/amiga-ros2-bridge/venv/lib/python3.10/site-packages/numpy/_utils) by extensions ['ros']
[2.205s] Level 1:colcon.colcon_core.package_identification:_identify(src/amiga-ros2-bridge/venv/lib/python3.10/site-packages/numpy/_utils) by extension 'ros'
[2.206s] Level 1:colcon.colcon_core.package_identification:_identify(src/amiga-ros2-bridge/venv/lib/python3.10/site-packages/numpy/_utils) by extensions ['cmake', 'python']
[2.206s] Level 1:colcon.colcon_core.package_identification:_identify(src/amiga-ros2-bridge/venv/lib/python3.10/site-packages/numpy/_utils) by extension 'cmake'
[2.206s] Level 1:colcon.colcon_core.package_identification:_identify(src/amiga-ros2-bridge/venv/lib/python3.10/site-packages/numpy/_utils) by extension 'python'
[2.206s] Level 1:colcon.colcon_core.package_identification:_identify(src/amiga-ros2-bridge/venv/lib/python3.10/site-packages/numpy/_utils) by extensions ['python_setup_py']
[2.206s] Level 1:colcon.colcon_core.package_identification:_identify(src/amiga-ros2-bridge/venv/lib/python3.10/site-packages/numpy/_utils) by extension 'python_setup_py'
[2.206s] Level 1:colcon.colcon_core.package_identification:_identify(src/amiga-ros2-bridge/venv/lib/python3.10/site-packages/numpy/_utils/__pycache__) by extensions ['ignore', 'ignore_ament_install']
[2.206s] Level 1:colcon.colcon_core.package_identification:_identify(src/amiga-ros2-bridge/venv/lib/python3.10/site-packages/numpy/_utils/__pycache__) by extension 'ignore'
[2.207s] Level 1:colcon.colcon_core.package_identification:_identify(src/amiga-ros2-bridge/venv/lib/python3.10/site-packages/numpy/_utils/__pycache__) by extension 'ignore_ament_install'
[2.207s] Level 1:colcon.colcon_core.package_identification:_identify(src/amiga-ros2-bridge/venv/lib/python3.10/site-packages/numpy/_utils/__pycache__) by extensions ['colcon_pkg']
[2.207s] Level 1:colcon.colcon_core.package_identification:_identify(src/amiga-ros2-bridge/venv/lib/python3.10/site-packages/numpy/_utils/__pycache__) by extension 'colcon_pkg'
[2.207s] Level 1:colcon.colcon_core.package_identification:_identify(src/amiga-ros2-bridge/venv/lib/python3.10/site-packages/numpy/_utils/__pycache__) by extensions ['colcon_meta']
[2.207s] Level 1:colcon.colcon_core.package_identification:_identify(src/amiga-ros2-bridge/venv/lib/python3.10/site-packages/numpy/_utils/__pycache__) by extension 'colcon_meta'
[2.207s] Level 1:colcon.colcon_core.package_identification:_identify(src/amiga-ros2-bridge/venv/lib/python3.10/site-packages/numpy/_utils/__pycache__) by extensions ['ros']
[2.207s] Level 1:colcon.colcon_core.package_identification:_identify(src/amiga-ros2-bridge/venv/lib/python3.10/site-packages/numpy/_utils/__pycache__) by extension 'ros'
[2.208s] Level 1:colcon.colcon_core.package_identification:_identify(src/amiga-ros2-bridge/venv/lib/python3.10/site-packages/numpy/_utils/__pycache__) by extensions ['cmake', 'python']
[2.208s] Level 1:colcon.colcon_core.package_identification:_identify(src/amiga-ros2-bridge/venv/lib/python3.10/site-packages/numpy/_utils/__pycache__) by extension 'cmake'
[2.208s] Level 1:colcon.colcon_core.package_identification:_identify(src/amiga-ros2-bridge/venv/lib/python3.10/site-packages/numpy/_utils/__pycache__) by extension 'python'
[2.208s] Level 1:colcon.colcon_core.package_identification:_identify(src/amiga-ros2-bridge/venv/lib/python3.10/site-packages/numpy/_utils/__pycache__) by extensions ['python_setup_py']
[2.208s] Level 1:colcon.colcon_core.package_identification:_identify(src/amiga-ros2-bridge/venv/lib/python3.10/site-packages/numpy/_utils/__pycache__) by extension 'python_setup_py'
[2.208s] Level 1:colcon.colcon_core.package_identification:_identify(src/amiga-ros2-bridge/venv/lib/python3.10/site-packages/numpy/char) by extensions ['ignore', 'ignore_ament_install']
[2.208s] Level 1:colcon.colcon_core.package_identification:_identify(src/amiga-ros2-bridge/venv/lib/python3.10/site-packages/numpy/char) by extension 'ignore'
[2.209s] Level 1:colcon.colcon_core.package_identification:_identify(src/amiga-ros2-bridge/venv/lib/python3.10/site-packages/numpy/char) by extension 'ignore_ament_install'
[2.209s] Level 1:colcon.colcon_core.package_identification:_identify(src/amiga-ros2-bridge/venv/lib/python3.10/site-packages/numpy/char) by extensions ['colcon_pkg']
[2.209s] Level 1:colcon.colcon_core.package_identification:_identify(src/amiga-ros2-bridge/venv/lib/python3.10/site-packages/numpy/char) by extension 'colcon_pkg'
[2.209s] Level 1:colcon.colcon_core.package_identification:_identify(src/amiga-ros2-bridge/venv/lib/python3.10/site-packages/numpy/char) by extensions ['colcon_meta']
[2.209s] Level 1:colcon.colcon_core.package_identification:_identify(src/amiga-ros2-bridge/venv/lib/python3.10/site-packages/numpy/char) by extension 'colcon_meta'
[2.209s] Level 1:colcon.colcon_core.package_identification:_identify(src/amiga-ros2-bridge/venv/lib/python3.10/site-packages/numpy/char) by extensions ['ros']
[2.209s] Level 1:colcon.colcon_core.package_identification:_identify(src/amiga-ros2-bridge/venv/lib/python3.10/site-packages/numpy/char) by extension 'ros'
[2.210s] Level 1:colcon.colcon_core.package_identification:_identify(src/amiga-ros2-bridge/venv/lib/python3.10/site-packages/numpy/char) by extensions ['cmake', 'python']
[2.210s] Level 1:colcon.colcon_core.package_identification:_identify(src/amiga-ros2-bridge/venv/lib/python3.10/site-packages/numpy/char) by extension 'cmake'
[2.210s] Level 1:colcon.colcon_core.package_identification:_identify(src/amiga-ros2-bridge/venv/lib/python3.10/site-packages/numpy/char) by extension 'python'
[2.210s] Level 1:colcon.colcon_core.package_identification:_identify(src/amiga-ros2-bridge/venv/lib/python3.10/site-packages/numpy/char) by extensions ['python_setup_py']
[2.210s] Level 1:colcon.colcon_core.package_identification:_identify(src/amiga-ros2-bridge/venv/lib/python3.10/site-packages/numpy/char) by extension 'python_setup_py'
[2.210s] Level 1:colcon.colcon_core.package_identification:_identify(src/amiga-ros2-bridge/venv/lib/python3.10/site-packages/numpy/char/__pycache__) by extensions ['ignore', 'ignore_ament_install']
[2.211s] Level 1:colcon.colcon_core.package_identification:_identify(src/amiga-ros2-bridge/venv/lib/python3.10/site-packages/numpy/char/__pycache__) by extension 'ignore'
[2.211s] Level 1:colcon.colcon_core.package_identification:_identify(src/amiga-ros2-bridge/venv/lib/python3.10/site-packages/numpy/char/__pycache__) by extension 'ignore_ament_install'
[2.211s] Level 1:colcon.colcon_core.package_identification:_identify(src/amiga-ros2-bridge/venv/lib/python3.10/site-packages/numpy/char/__pycache__) by extensions ['colcon_pkg']
[2.211s] Level 1:colcon.colcon_core.package_identification:_identify(src/amiga-ros2-bridge/venv/lib/python3.10/site-packages/numpy/char/__pycache__) by extension 'colcon_pkg'
[2.211s] Level 1:colcon.colcon_core.package_identification:_identify(src/amiga-ros2-bridge/venv/lib/python3.10/site-packages/numpy/char/__pycache__) by extensions ['colcon_meta']
[2.211s] Level 1:colcon.colcon_core.package_identification:_identify(src/amiga-ros2-bridge/venv/lib/python3.10/site-packages/numpy/char/__pycache__) by extension 'colcon_meta'
[2.211s] Level 1:colcon.colcon_core.package_identification:_identify(src/amiga-ros2-bridge/venv/lib/python3.10/site-packages/numpy/char/__pycache__) by extensions ['ros']
[2.211s] Level 1:colcon.colcon_core.package_identification:_identify(src/amiga-ros2-bridge/venv/lib/python3.10/site-packages/numpy/char/__pycache__) by extension 'ros'
[2.212s] Level 1:colcon.colcon_core.package_identification:_identify(src/amiga-ros2-bridge/venv/lib/python3.10/site-packages/numpy/char/__pycache__) by extensions ['cmake', 'python']
[2.212s] Level 1:colcon.colcon_core.package_identification:_identify(src/amiga-ros2-bridge/venv/lib/python3.10/site-packages/numpy/char/__pycache__) by extension 'cmake'
[2.212s] Level 1:colcon.colcon_core.package_identification:_identify(src/amiga-ros2-bridge/venv/lib/python3.10/site-packages/numpy/char/__pycache__) by extension 'python'
[2.212s] Level 1:colcon.colcon_core.package_identification:_identify(src/amiga-ros2-bridge/venv/lib/python3.10/site-packages/numpy/char/__pycache__) by extensions ['python_setup_py']
[2.212s] Level 1:colcon.colcon_core.package_identification:_identify(src/amiga-ros2-bridge/venv/lib/python3.10/site-packages/numpy/char/__pycache__) by extension 'python_setup_py'
[2.212s] Level 1:colcon.colcon_core.package_identification:_identify(src/amiga-ros2-bridge/venv/lib/python3.10/site-packages/numpy/compat) by extensions ['ignore', 'ignore_ament_install']
[2.212s] Level 1:colcon.colcon_core.package_identification:_identify(src/amiga-ros2-bridge/venv/lib/python3.10/site-packages/numpy/compat) by extension 'ignore'
[2.212s] Level 1:colcon.colcon_core.package_identification:_identify(src/amiga-ros2-bridge/venv/lib/python3.10/site-packages/numpy/compat) by extension 'ignore_ament_install'
[2.213s] Level 1:colcon.colcon_core.package_identification:_identify(src/amiga-ros2-bridge/venv/lib/python3.10/site-packages/numpy/compat) by extensions ['colcon_pkg']
[2.213s] Level 1:colcon.colcon_core.package_identification:_identify(src/amiga-ros2-bridge/venv/lib/python3.10/site-packages/numpy/compat) by extension 'colcon_pkg'
[2.213s] Level 1:colcon.colcon_core.package_identification:_identify(src/amiga-ros2-bridge/venv/lib/python3.10/site-packages/numpy/compat) by extensions ['colcon_meta']
[2.213s] Level 1:colcon.colcon_core.package_identification:_identify(src/amiga-ros2-bridge/venv/lib/python3.10/site-packages/numpy/compat) by extension 'colcon_meta'
[2.213s] Level 1:colcon.colcon_core.package_identification:_identify(src/amiga-ros2-bridge/venv/lib/python3.10/site-packages/numpy/compat) by extensions ['ros']
[2.213s] Level 1:colcon.colcon_core.package_identification:_identify(src/amiga-ros2-bridge/venv/lib/python3.10/site-packages/numpy/compat) by extension 'ros'
[2.213s] Level 1:colcon.colcon_core.package_identification:_identify(src/amiga-ros2-bridge/venv/lib/python3.10/site-packages/numpy/compat) by extensions ['cmake', 'python']
[2.213s] Level 1:colcon.colcon_core.package_identification:_identify(src/amiga-ros2-bridge/venv/lib/python3.10/site-packages/numpy/compat) by extension 'cmake'
[2.213s] Level 1:colcon.colcon_core.package_identification:_identify(src/amiga-ros2-bridge/venv/lib/python3.10/site-packages/numpy/compat) by extension 'python'
[2.213s] Level 1:colcon.colcon_core.package_identification:_identify(src/amiga-ros2-bridge/venv/lib/python3.10/site-packages/numpy/compat) by extensions ['python_setup_py']
[2.214s] Level 1:colcon.colcon_core.package_identification:_identify(src/amiga-ros2-bridge/venv/lib/python3.10/site-packages/numpy/compat) by extension 'python_setup_py'
[2.214s] Level 1:colcon.colcon_core.package_identification:_identify(src/amiga-ros2-bridge/venv/lib/python3.10/site-packages/numpy/compat/__pycache__) by extensions ['ignore', 'ignore_ament_install']
[2.214s] Level 1:colcon.colcon_core.package_identification:_identify(src/amiga-ros2-bridge/venv/lib/python3.10/site-packages/numpy/compat/__pycache__) by extension 'ignore'
[2.214s] Level 1:colcon.colcon_core.package_identification:_identify(src/amiga-ros2-bridge/venv/lib/python3.10/site-packages/numpy/compat/__pycache__) by extension 'ignore_ament_install'
[2.214s] Level 1:colcon.colcon_core.package_identification:_identify(src/amiga-ros2-bridge/venv/lib/python3.10/site-packages/numpy/compat/__pycache__) by extensions ['colcon_pkg']
[2.214s] Level 1:colcon.colcon_core.package_identification:_identify(src/amiga-ros2-bridge/venv/lib/python3.10/site-packages/numpy/compat/__pycache__) by extension 'colcon_pkg'
[2.214s] Level 1:colcon.colcon_core.package_identification:_identify(src/amiga-ros2-bridge/venv/lib/python3.10/site-packages/numpy/compat/__pycache__) by extensions ['colcon_meta']
[2.214s] Level 1:colcon.colcon_core.package_identification:_identify(src/amiga-ros2-bridge/venv/lib/python3.10/site-packages/numpy/compat/__pycache__) by extension 'colcon_meta'
[2.215s] Level 1:colcon.colcon_core.package_identification:_identify(src/amiga-ros2-bridge/venv/lib/python3.10/site-packages/numpy/compat/__pycache__) by extensions ['ros']
[2.215s] Level 1:colcon.colcon_core.package_identification:_identify(src/amiga-ros2-bridge/venv/lib/python3.10/site-packages/numpy/compat/__pycache__) by extension 'ros'
[2.215s] Level 1:colcon.colcon_core.package_identification:_identify(src/amiga-ros2-bridge/venv/lib/python3.10/site-packages/numpy/compat/__pycache__) by extensions ['cmake', 'python']
[2.215s] Level 1:colcon.colcon_core.package_identification:_identify(src/amiga-ros2-bridge/venv/lib/python3.10/site-packages/numpy/compat/__pycache__) by extension 'cmake'
[2.215s] Level 1:colcon.colcon_core.package_identification:_identify(src/amiga-ros2-bridge/venv/lib/python3.10/site-packages/numpy/compat/__pycache__) by extension 'python'
[2.215s] Level 1:colcon.colcon_core.package_identification:_identify(src/amiga-ros2-bridge/venv/lib/python3.10/site-packages/numpy/compat/__pycache__) by extensions ['python_setup_py']
[2.215s] Level 1:colcon.colcon_core.package_identification:_identify(src/amiga-ros2-bridge/venv/lib/python3.10/site-packages/numpy/compat/__pycache__) by extension 'python_setup_py'
[2.215s] Level 1:colcon.colcon_core.package_identification:_identify(src/amiga-ros2-bridge/venv/lib/python3.10/site-packages/numpy/compat/tests) by extensions ['ignore', 'ignore_ament_install']
[2.216s] Level 1:colcon.colcon_core.package_identification:_identify(src/amiga-ros2-bridge/venv/lib/python3.10/site-packages/numpy/compat/tests) by extension 'ignore'
[2.216s] Level 1:colcon.colcon_core.package_identification:_identify(src/amiga-ros2-bridge/venv/lib/python3.10/site-packages/numpy/compat/tests) by extension 'ignore_ament_install'
[2.216s] Level 1:colcon.colcon_core.package_identification:_identify(src/amiga-ros2-bridge/venv/lib/python3.10/site-packages/numpy/compat/tests) by extensions ['colcon_pkg']
[2.216s] Level 1:colcon.colcon_core.package_identification:_identify(src/amiga-ros2-bridge/venv/lib/python3.10/site-packages/numpy/compat/tests) by extension 'colcon_pkg'
[2.216s] Level 1:colcon.colcon_core.package_identification:_identify(src/amiga-ros2-bridge/venv/lib/python3.10/site-packages/numpy/compat/tests) by extensions ['colcon_meta']
[2.216s] Level 1:colcon.colcon_core.package_identification:_identify(src/amiga-ros2-bridge/venv/lib/python3.10/site-packages/numpy/compat/tests) by extension 'colcon_meta'
[2.217s] Level 1:colcon.colcon_core.package_identification:_identify(src/amiga-ros2-bridge/venv/lib/python3.10/site-packages/numpy/compat/tests) by extensions ['ros']
[2.217s] Level 1:colcon.colcon_core.package_identification:_identify(src/amiga-ros2-bridge/venv/lib/python3.10/site-packages/numpy/compat/tests) by extension 'ros'
[2.217s] Level 1:colcon.colcon_core.package_identification:_identify(src/amiga-ros2-bridge/venv/lib/python3.10/site-packages/numpy/compat/tests) by extensions ['cmake', 'python']
[2.217s] Level 1:colcon.colcon_core.package_identification:_identify(src/amiga-ros2-bridge/venv/lib/python3.10/site-packages/numpy/compat/tests) by extension 'cmake'
[2.217s] Level 1:colcon.colcon_core.package_identification:_identify(src/amiga-ros2-bridge/venv/lib/python3.10/site-packages/numpy/compat/tests) by extension 'python'
[2.217s] Level 1:colcon.colcon_core.package_identification:_identify(src/amiga-ros2-bridge/venv/lib/python3.10/site-packages/numpy/compat/tests) by extensions ['python_setup_py']
[2.217s] Level 1:colcon.colcon_core.package_identification:_identify(src/amiga-ros2-bridge/venv/lib/python3.10/site-packages/numpy/compat/tests) by extension 'python_setup_py'
[2.218s] Level 1:colcon.colcon_core.package_identification:_identify(src/amiga-ros2-bridge/venv/lib/python3.10/site-packages/numpy/compat/tests/__pycache__) by extensions ['ignore', 'ignore_ament_install']
[2.218s] Level 1:colcon.colcon_core.package_identification:_identify(src/amiga-ros2-bridge/venv/lib/python3.10/site-packages/numpy/compat/tests/__pycache__) by extension 'ignore'
[2.218s] Level 1:colcon.colcon_core.package_identification:_identify(src/amiga-ros2-bridge/venv/lib/python3.10/site-packages/numpy/compat/tests/__pycache__) by extension 'ignore_ament_install'
[2.218s] Level 1:colcon.colcon_core.package_identification:_identify(src/amiga-ros2-bridge/venv/lib/python3.10/site-packages/numpy/compat/tests/__pycache__) by extensions ['colcon_pkg']
[2.218s] Level 1:colcon.colcon_core.package_identification:_identify(src/amiga-ros2-bridge/venv/lib/python3.10/site-packages/numpy/compat/tests/__pycache__) by extension 'colcon_pkg'
[2.218s] Level 1:colcon.colcon_core.package_identification:_identify(src/amiga-ros2-bridge/venv/lib/python3.10/site-packages/numpy/compat/tests/__pycache__) by extensions ['colcon_meta']
[2.218s] Level 1:colcon.colcon_core.package_identification:_identify(src/amiga-ros2-bridge/venv/lib/python3.10/site-packages/numpy/compat/tests/__pycache__) by extension 'colcon_meta'
[2.219s] Level 1:colcon.colcon_core.package_identification:_identify(src/amiga-ros2-bridge/venv/lib/python3.10/site-packages/numpy/compat/tests/__pycache__) by extensions ['ros']
[2.219s] Level 1:colcon.colcon_core.package_identification:_identify(src/amiga-ros2-bridge/venv/lib/python3.10/site-packages/numpy/compat/tests/__pycache__) by extension 'ros'
[2.219s] Level 1:colcon.colcon_core.package_identification:_identify(src/amiga-ros2-bridge/venv/lib/python3.10/site-packages/numpy/compat/tests/__pycache__) by extensions ['cmake', 'python']
[2.219s] Level 1:colcon.colcon_core.package_identification:_identify(src/amiga-ros2-bridge/venv/lib/python3.10/site-packages/numpy/compat/tests/__pycache__) by extension 'cmake'
[2.219s] Level 1:colcon.colcon_core.package_identification:_identify(src/amiga-ros2-bridge/venv/lib/python3.10/site-packages/numpy/compat/tests/__pycache__) by extension 'python'
[2.219s] Level 1:colcon.colcon_core.package_identification:_identify(src/amiga-ros2-bridge/venv/lib/python3.10/site-packages/numpy/compat/tests/__pycache__) by extensions ['python_setup_py']
[2.219s] Level 1:colcon.colcon_core.package_identification:_identify(src/amiga-ros2-bridge/venv/lib/python3.10/site-packages/numpy/compat/tests/__pycache__) by extension 'python_setup_py'
[2.220s] Level 1:colcon.colcon_core.package_identification:_identify(src/amiga-ros2-bridge/venv/lib/python3.10/site-packages/numpy/core) by extensions ['ignore', 'ignore_ament_install']
[2.220s] Level 1:colcon.colcon_core.package_identification:_identify(src/amiga-ros2-bridge/venv/lib/python3.10/site-packages/numpy/core) by extension 'ignore'
[2.220s] Level 1:colcon.colcon_core.package_identification:_identify(src/amiga-ros2-bridge/venv/lib/python3.10/site-packages/numpy/core) by extension 'ignore_ament_install'
[2.220s] Level 1:colcon.colcon_core.package_identification:_identify(src/amiga-ros2-bridge/venv/lib/python3.10/site-packages/numpy/core) by extensions ['colcon_pkg']
[2.220s] Level 1:colcon.colcon_core.package_identification:_identify(src/amiga-ros2-bridge/venv/lib/python3.10/site-packages/numpy/core) by extension 'colcon_pkg'
[2.221s] Level 1:colcon.colcon_core.package_identification:_identify(src/amiga-ros2-bridge/venv/lib/python3.10/site-packages/numpy/core) by extensions ['colcon_meta']
[2.221s] Level 1:colcon.colcon_core.package_identification:_identify(src/amiga-ros2-bridge/venv/lib/python3.10/site-packages/numpy/core) by extension 'colcon_meta'
[2.221s] Level 1:colcon.colcon_core.package_identification:_identify(src/amiga-ros2-bridge/venv/lib/python3.10/site-packages/numpy/core) by extensions ['ros']
[2.221s] Level 1:colcon.colcon_core.package_identification:_identify(src/amiga-ros2-bridge/venv/lib/python3.10/site-packages/numpy/core) by extension 'ros'
[2.221s] Level 1:colcon.colcon_core.package_identification:_identify(src/amiga-ros2-bridge/venv/lib/python3.10/site-packages/numpy/core) by extensions ['cmake', 'python']
[2.221s] Level 1:colcon.colcon_core.package_identification:_identify(src/amiga-ros2-bridge/venv/lib/python3.10/site-packages/numpy/core) by extension 'cmake'
[2.221s] Level 1:colcon.colcon_core.package_identification:_identify(src/amiga-ros2-bridge/venv/lib/python3.10/site-packages/numpy/core) by extension 'python'
[2.222s] Level 1:colcon.colcon_core.package_identification:_identify(src/amiga-ros2-bridge/venv/lib/python3.10/site-packages/numpy/core) by extensions ['python_setup_py']
[2.222s] Level 1:colcon.colcon_core.package_identification:_identify(src/amiga-ros2-bridge/venv/lib/python3.10/site-packages/numpy/core) by extension 'python_setup_py'
[2.222s] Level 1:colcon.colcon_core.package_identification:_identify(src/amiga-ros2-bridge/venv/lib/python3.10/site-packages/numpy/core/__pycache__) by extensions ['ignore', 'ignore_ament_install']
[2.222s] Level 1:colcon.colcon_core.package_identification:_identify(src/amiga-ros2-bridge/venv/lib/python3.10/site-packages/numpy/core/__pycache__) by extension 'ignore'
[2.222s] Level 1:colcon.colcon_core.package_identification:_identify(src/amiga-ros2-bridge/venv/lib/python3.10/site-packages/numpy/core/__pycache__) by extension 'ignore_ament_install'
[2.223s] Level 1:colcon.colcon_core.package_identification:_identify(src/amiga-ros2-bridge/venv/lib/python3.10/site-packages/numpy/core/__pycache__) by extensions ['colcon_pkg']
[2.223s] Level 1:colcon.colcon_core.package_identification:_identify(src/amiga-ros2-bridge/venv/lib/python3.10/site-packages/numpy/core/__pycache__) by extension 'colcon_pkg'
[2.223s] Level 1:colcon.colcon_core.package_identification:_identify(src/amiga-ros2-bridge/venv/lib/python3.10/site-packages/numpy/core/__pycache__) by extensions ['colcon_meta']
[2.223s] Level 1:colcon.colcon_core.package_identification:_identify(src/amiga-ros2-bridge/venv/lib/python3.10/site-packages/numpy/core/__pycache__) by extension 'colcon_meta'
[2.223s] Level 1:colcon.colcon_core.package_identification:_identify(src/amiga-ros2-bridge/venv/lib/python3.10/site-packages/numpy/core/__pycache__) by extensions ['ros']
[2.223s] Level 1:colcon.colcon_core.package_identification:_identify(src/amiga-ros2-bridge/venv/lib/python3.10/site-packages/numpy/core/__pycache__) by extension 'ros'
[2.223s] Level 1:colcon.colcon_core.package_identification:_identify(src/amiga-ros2-bridge/venv/lib/python3.10/site-packages/numpy/core/__pycache__) by extensions ['cmake', 'python']
[2.223s] Level 1:colcon.colcon_core.package_identification:_identify(src/amiga-ros2-bridge/venv/lib/python3.10/site-packages/numpy/core/__pycache__) by extension 'cmake'
[2.223s] Level 1:colcon.colcon_core.package_identification:_identify(src/amiga-ros2-bridge/venv/lib/python3.10/site-packages/numpy/core/__pycache__) by extension 'python'
[2.224s] Level 1:colcon.colcon_core.package_identification:_identify(src/amiga-ros2-bridge/venv/lib/python3.10/site-packages/numpy/core/__pycache__) by extensions ['python_setup_py']
[2.224s] Level 1:colcon.colcon_core.package_identification:_identify(src/amiga-ros2-bridge/venv/lib/python3.10/site-packages/numpy/core/__pycache__) by extension 'python_setup_py'
[2.224s] Level 1:colcon.colcon_core.package_identification:_identify(src/amiga-ros2-bridge/venv/lib/python3.10/site-packages/numpy/distutils) by extensions ['ignore', 'ignore_ament_install']
[2.224s] Level 1:colcon.colcon_core.package_identification:_identify(src/amiga-ros2-bridge/venv/lib/python3.10/site-packages/numpy/distutils) by extension 'ignore'
[2.224s] Level 1:colcon.colcon_core.package_identification:_identify(src/amiga-ros2-bridge/venv/lib/python3.10/site-packages/numpy/distutils) by extension 'ignore_ament_install'
[2.224s] Level 1:colcon.colcon_core.package_identification:_identify(src/amiga-ros2-bridge/venv/lib/python3.10/site-packages/numpy/distutils) by extensions ['colcon_pkg']
[2.224s] Level 1:colcon.colcon_core.package_identification:_identify(src/amiga-ros2-bridge/venv/lib/python3.10/site-packages/numpy/distutils) by extension 'colcon_pkg'
[2.224s] Level 1:colcon.colcon_core.package_identification:_identify(src/amiga-ros2-bridge/venv/lib/python3.10/site-packages/numpy/distutils) by extensions ['colcon_meta']
[2.225s] Level 1:colcon.colcon_core.package_identification:_identify(src/amiga-ros2-bridge/venv/lib/python3.10/site-packages/numpy/distutils) by extension 'colcon_meta'
[2.225s] Level 1:colcon.colcon_core.package_identification:_identify(src/amiga-ros2-bridge/venv/lib/python3.10/site-packages/numpy/distutils) by extensions ['ros']
[2.225s] Level 1:colcon.colcon_core.package_identification:_identify(src/amiga-ros2-bridge/venv/lib/python3.10/site-packages/numpy/distutils) by extension 'ros'
[2.225s] Level 1:colcon.colcon_core.package_identification:_identify(src/amiga-ros2-bridge/venv/lib/python3.10/site-packages/numpy/distutils) by extensions ['cmake', 'python']
[2.225s] Level 1:colcon.colcon_core.package_identification:_identify(src/amiga-ros2-bridge/venv/lib/python3.10/site-packages/numpy/distutils) by extension 'cmake'
[2.225s] Level 1:colcon.colcon_core.package_identification:_identify(src/amiga-ros2-bridge/venv/lib/python3.10/site-packages/numpy/distutils) by extension 'python'
[2.225s] Level 1:colcon.colcon_core.package_identification:_identify(src/amiga-ros2-bridge/venv/lib/python3.10/site-packages/numpy/distutils) by extensions ['python_setup_py']
[2.225s] Level 1:colcon.colcon_core.package_identification:_identify(src/amiga-ros2-bridge/venv/lib/python3.10/site-packages/numpy/distutils) by extension 'python_setup_py'
[2.226s] Level 1:colcon.colcon_core.package_identification:_identify(src/amiga-ros2-bridge/venv/lib/python3.10/site-packages/numpy/distutils/__pycache__) by extensions ['ignore', 'ignore_ament_install']
[2.226s] Level 1:colcon.colcon_core.package_identification:_identify(src/amiga-ros2-bridge/venv/lib/python3.10/site-packages/numpy/distutils/__pycache__) by extension 'ignore'
[2.226s] Level 1:colcon.colcon_core.package_identification:_identify(src/amiga-ros2-bridge/venv/lib/python3.10/site-packages/numpy/distutils/__pycache__) by extension 'ignore_ament_install'
[2.226s] Level 1:colcon.colcon_core.package_identification:_identify(src/amiga-ros2-bridge/venv/lib/python3.10/site-packages/numpy/distutils/__pycache__) by extensions ['colcon_pkg']
[2.226s] Level 1:colcon.colcon_core.package_identification:_identify(src/amiga-ros2-bridge/venv/lib/python3.10/site-packages/numpy/distutils/__pycache__) by extension 'colcon_pkg'
[2.227s] Level 1:colcon.colcon_core.package_identification:_identify(src/amiga-ros2-bridge/venv/lib/python3.10/site-packages/numpy/distutils/__pycache__) by extensions ['colcon_meta']
[2.227s] Level 1:colcon.colcon_core.package_identification:_identify(src/amiga-ros2-bridge/venv/lib/python3.10/site-packages/numpy/distutils/__pycache__) by extension 'colcon_meta'
[2.227s] Level 1:colcon.colcon_core.package_identification:_identify(src/amiga-ros2-bridge/venv/lib/python3.10/site-packages/numpy/distutils/__pycache__) by extensions ['ros']
[2.227s] Level 1:colcon.colcon_core.package_identification:_identify(src/amiga-ros2-bridge/venv/lib/python3.10/site-packages/numpy/distutils/__pycache__) by extension 'ros'
[2.227s] Level 1:colcon.colcon_core.package_identification:_identify(src/amiga-ros2-bridge/venv/lib/python3.10/site-packages/numpy/distutils/__pycache__) by extensions ['cmake', 'python']
[2.227s] Level 1:colcon.colcon_core.package_identification:_identify(src/amiga-ros2-bridge/venv/lib/python3.10/site-packages/numpy/distutils/__pycache__) by extension 'cmake'
[2.227s] Level 1:colcon.colcon_core.package_identification:_identify(src/amiga-ros2-bridge/venv/lib/python3.10/site-packages/numpy/distutils/__pycache__) by extension 'python'
[2.227s] Level 1:colcon.colcon_core.package_identification:_identify(src/amiga-ros2-bridge/venv/lib/python3.10/site-packages/numpy/distutils/__pycache__) by extensions ['python_setup_py']
[2.227s] Level 1:colcon.colcon_core.package_identification:_identify(src/amiga-ros2-bridge/venv/lib/python3.10/site-packages/numpy/distutils/__pycache__) by extension 'python_setup_py'
[2.228s] Level 1:colcon.colcon_core.package_identification:_identify(src/amiga-ros2-bridge/venv/lib/python3.10/site-packages/numpy/distutils/checks) by extensions ['ignore', 'ignore_ament_install']
[2.228s] Level 1:colcon.colcon_core.package_identification:_identify(src/amiga-ros2-bridge/venv/lib/python3.10/site-packages/numpy/distutils/checks) by extension 'ignore'
[2.228s] Level 1:colcon.colcon_core.package_identification:_identify(src/amiga-ros2-bridge/venv/lib/python3.10/site-packages/numpy/distutils/checks) by extension 'ignore_ament_install'
[2.228s] Level 1:colcon.colcon_core.package_identification:_identify(src/amiga-ros2-bridge/venv/lib/python3.10/site-packages/numpy/distutils/checks) by extensions ['colcon_pkg']
[2.228s] Level 1:colcon.colcon_core.package_identification:_identify(src/amiga-ros2-bridge/venv/lib/python3.10/site-packages/numpy/distutils/checks) by extension 'colcon_pkg'
[2.228s] Level 1:colcon.colcon_core.package_identification:_identify(src/amiga-ros2-bridge/venv/lib/python3.10/site-packages/numpy/distutils/checks) by extensions ['colcon_meta']
[2.228s] Level 1:colcon.colcon_core.package_identification:_identify(src/amiga-ros2-bridge/venv/lib/python3.10/site-packages/numpy/distutils/checks) by extension 'colcon_meta'
[2.229s] Level 1:colcon.colcon_core.package_identification:_identify(src/amiga-ros2-bridge/venv/lib/python3.10/site-packages/numpy/distutils/checks) by extensions ['ros']
[2.229s] Level 1:colcon.colcon_core.package_identification:_identify(src/amiga-ros2-bridge/venv/lib/python3.10/site-packages/numpy/distutils/checks) by extension 'ros'
[2.229s] Level 1:colcon.colcon_core.package_identification:_identify(src/amiga-ros2-bridge/venv/lib/python3.10/site-packages/numpy/distutils/checks) by extensions ['cmake', 'python']
[2.229s] Level 1:colcon.colcon_core.package_identification:_identify(src/amiga-ros2-bridge/venv/lib/python3.10/site-packages/numpy/distutils/checks) by extension 'cmake'
[2.229s] Level 1:colcon.colcon_core.package_identification:_identify(src/amiga-ros2-bridge/venv/lib/python3.10/site-packages/numpy/distutils/checks) by extension 'python'
[2.229s] Level 1:colcon.colcon_core.package_identification:_identify(src/amiga-ros2-bridge/venv/lib/python3.10/site-packages/numpy/distutils/checks) by extensions ['python_setup_py']
[2.229s] Level 1:colcon.colcon_core.package_identification:_identify(src/amiga-ros2-bridge/venv/lib/python3.10/site-packages/numpy/distutils/checks) by extension 'python_setup_py'
[2.230s] Level 1:colcon.colcon_core.package_identification:_identify(src/amiga-ros2-bridge/venv/lib/python3.10/site-packages/numpy/distutils/command) by extensions ['ignore', 'ignore_ament_install']
[2.230s] Level 1:colcon.colcon_core.package_identification:_identify(src/amiga-ros2-bridge/venv/lib/python3.10/site-packages/numpy/distutils/command) by extension 'ignore'
[2.230s] Level 1:colcon.colcon_core.package_identification:_identify(src/amiga-ros2-bridge/venv/lib/python3.10/site-packages/numpy/distutils/command) by extension 'ignore_ament_install'
[2.230s] Level 1:colcon.colcon_core.package_identification:_identify(src/amiga-ros2-bridge/venv/lib/python3.10/site-packages/numpy/distutils/command) by extensions ['colcon_pkg']
[2.230s] Level 1:colcon.colcon_core.package_identification:_identify(src/amiga-ros2-bridge/venv/lib/python3.10/site-packages/numpy/distutils/command) by extension 'colcon_pkg'
[2.230s] Level 1:colcon.colcon_core.package_identification:_identify(src/amiga-ros2-bridge/venv/lib/python3.10/site-packages/numpy/distutils/command) by extensions ['colcon_meta']
[2.230s] Level 1:colcon.colcon_core.package_identification:_identify(src/amiga-ros2-bridge/venv/lib/python3.10/site-packages/numpy/distutils/command) by extension 'colcon_meta'
[2.231s] Level 1:colcon.colcon_core.package_identification:_identify(src/amiga-ros2-bridge/venv/lib/python3.10/site-packages/numpy/distutils/command) by extensions ['ros']
[2.231s] Level 1:colcon.colcon_core.package_identification:_identify(src/amiga-ros2-bridge/venv/lib/python3.10/site-packages/numpy/distutils/command) by extension 'ros'
[2.231s] Level 1:colcon.colcon_core.package_identification:_identify(src/amiga-ros2-bridge/venv/lib/python3.10/site-packages/numpy/distutils/command) by extensions ['cmake', 'python']
[2.231s] Level 1:colcon.colcon_core.package_identification:_identify(src/amiga-ros2-bridge/venv/lib/python3.10/site-packages/numpy/distutils/command) by extension 'cmake'
[2.231s] Level 1:colcon.colcon_core.package_identification:_identify(src/amiga-ros2-bridge/venv/lib/python3.10/site-packages/numpy/distutils/command) by extension 'python'
[2.231s] Level 1:colcon.colcon_core.package_identification:_identify(src/amiga-ros2-bridge/venv/lib/python3.10/site-packages/numpy/distutils/command) by extensions ['python_setup_py']
[2.231s] Level 1:colcon.colcon_core.package_identification:_identify(src/amiga-ros2-bridge/venv/lib/python3.10/site-packages/numpy/distutils/command) by extension 'python_setup_py'
[2.232s] Level 1:colcon.colcon_core.package_identification:_identify(src/amiga-ros2-bridge/venv/lib/python3.10/site-packages/numpy/distutils/command/__pycache__) by extensions ['ignore', 'ignore_ament_install']
[2.232s] Level 1:colcon.colcon_core.package_identification:_identify(src/amiga-ros2-bridge/venv/lib/python3.10/site-packages/numpy/distutils/command/__pycache__) by extension 'ignore'
[2.232s] Level 1:colcon.colcon_core.package_identification:_identify(src/amiga-ros2-bridge/venv/lib/python3.10/site-packages/numpy/distutils/command/__pycache__) by extension 'ignore_ament_install'
[2.232s] Level 1:colcon.colcon_core.package_identification:_identify(src/amiga-ros2-bridge/venv/lib/python3.10/site-packages/numpy/distutils/command/__pycache__) by extensions ['colcon_pkg']
[2.232s] Level 1:colcon.colcon_core.package_identification:_identify(src/amiga-ros2-bridge/venv/lib/python3.10/site-packages/numpy/distutils/command/__pycache__) by extension 'colcon_pkg'
[2.233s] Level 1:colcon.colcon_core.package_identification:_identify(src/amiga-ros2-bridge/venv/lib/python3.10/site-packages/numpy/distutils/command/__pycache__) by extensions ['colcon_meta']
[2.233s] Level 1:colcon.colcon_core.package_identification:_identify(src/amiga-ros2-bridge/venv/lib/python3.10/site-packages/numpy/distutils/command/__pycache__) by extension 'colcon_meta'
[2.233s] Level 1:colcon.colcon_core.package_identification:_identify(src/amiga-ros2-bridge/venv/lib/python3.10/site-packages/numpy/distutils/command/__pycache__) by extensions ['ros']
[2.233s] Level 1:colcon.colcon_core.package_identification:_identify(src/amiga-ros2-bridge/venv/lib/python3.10/site-packages/numpy/distutils/command/__pycache__) by extension 'ros'
[2.233s] Level 1:colcon.colcon_core.package_identification:_identify(src/amiga-ros2-bridge/venv/lib/python3.10/site-packages/numpy/distutils/command/__pycache__) by extensions ['cmake', 'python']
[2.233s] Level 1:colcon.colcon_core.package_identification:_identify(src/amiga-ros2-bridge/venv/lib/python3.10/site-packages/numpy/distutils/command/__pycache__) by extension 'cmake'
[2.233s] Level 1:colcon.colcon_core.package_identification:_identify(src/amiga-ros2-bridge/venv/lib/python3.10/site-packages/numpy/distutils/command/__pycache__) by extension 'python'
[2.233s] Level 1:colcon.colcon_core.package_identification:_identify(src/amiga-ros2-bridge/venv/lib/python3.10/site-packages/numpy/distutils/command/__pycache__) by extensions ['python_setup_py']
[2.234s] Level 1:colcon.colcon_core.package_identification:_identify(src/amiga-ros2-bridge/venv/lib/python3.10/site-packages/numpy/distutils/command/__pycache__) by extension 'python_setup_py'
[2.234s] Level 1:colcon.colcon_core.package_identification:_identify(src/amiga-ros2-bridge/venv/lib/python3.10/site-packages/numpy/distutils/fcompiler) by extensions ['ignore', 'ignore_ament_install']
[2.234s] Level 1:colcon.colcon_core.package_identification:_identify(src/amiga-ros2-bridge/venv/lib/python3.10/site-packages/numpy/distutils/fcompiler) by extension 'ignore'
[2.234s] Level 1:colcon.colcon_core.package_identification:_identify(src/amiga-ros2-bridge/venv/lib/python3.10/site-packages/numpy/distutils/fcompiler) by extension 'ignore_ament_install'
[2.234s] Level 1:colcon.colcon_core.package_identification:_identify(src/amiga-ros2-bridge/venv/lib/python3.10/site-packages/numpy/distutils/fcompiler) by extensions ['colcon_pkg']
[2.235s] Level 1:colcon.colcon_core.package_identification:_identify(src/amiga-ros2-bridge/venv/lib/python3.10/site-packages/numpy/distutils/fcompiler) by extension 'colcon_pkg'
[2.235s] Level 1:colcon.colcon_core.package_identification:_identify(src/amiga-ros2-bridge/venv/lib/python3.10/site-packages/numpy/distutils/fcompiler) by extensions ['colcon_meta']
[2.235s] Level 1:colcon.colcon_core.package_identification:_identify(src/amiga-ros2-bridge/venv/lib/python3.10/site-packages/numpy/distutils/fcompiler) by extension 'colcon_meta'
[2.235s] Level 1:colcon.colcon_core.package_identification:_identify(src/amiga-ros2-bridge/venv/lib/python3.10/site-packages/numpy/distutils/fcompiler) by extensions ['ros']
[2.235s] Level 1:colcon.colcon_core.package_identification:_identify(src/amiga-ros2-bridge/venv/lib/python3.10/site-packages/numpy/distutils/fcompiler) by extension 'ros'
[2.235s] Level 1:colcon.colcon_core.package_identification:_identify(src/amiga-ros2-bridge/venv/lib/python3.10/site-packages/numpy/distutils/fcompiler) by extensions ['cmake', 'python']
[2.235s] Level 1:colcon.colcon_core.package_identification:_identify(src/amiga-ros2-bridge/venv/lib/python3.10/site-packages/numpy/distutils/fcompiler) by extension 'cmake'
[2.235s] Level 1:colcon.colcon_core.package_identification:_identify(src/amiga-ros2-bridge/venv/lib/python3.10/site-packages/numpy/distutils/fcompiler) by extension 'python'
[2.236s] Level 1:colcon.colcon_core.package_identification:_identify(src/amiga-ros2-bridge/venv/lib/python3.10/site-packages/numpy/distutils/fcompiler) by extensions ['python_setup_py']
[2.236s] Level 1:colcon.colcon_core.package_identification:_identify(src/amiga-ros2-bridge/venv/lib/python3.10/site-packages/numpy/distutils/fcompiler) by extension 'python_setup_py'
[2.236s] Level 1:colcon.colcon_core.package_identification:_identify(src/amiga-ros2-bridge/venv/lib/python3.10/site-packages/numpy/distutils/fcompiler/__pycache__) by extensions ['ignore', 'ignore_ament_install']
[2.236s] Level 1:colcon.colcon_core.package_identification:_identify(src/amiga-ros2-bridge/venv/lib/python3.10/site-packages/numpy/distutils/fcompiler/__pycache__) by extension 'ignore'
[2.236s] Level 1:colcon.colcon_core.package_identification:_identify(src/amiga-ros2-bridge/venv/lib/python3.10/site-packages/numpy/distutils/fcompiler/__pycache__) by extension 'ignore_ament_install'
[2.237s] Level 1:colcon.colcon_core.package_identification:_identify(src/amiga-ros2-bridge/venv/lib/python3.10/site-packages/numpy/distutils/fcompiler/__pycache__) by extensions ['colcon_pkg']
[2.237s] Level 1:colcon.colcon_core.package_identification:_identify(src/amiga-ros2-bridge/venv/lib/python3.10/site-packages/numpy/distutils/fcompiler/__pycache__) by extension 'colcon_pkg'
[2.237s] Level 1:colcon.colcon_core.package_identification:_identify(src/amiga-ros2-bridge/venv/lib/python3.10/site-packages/numpy/distutils/fcompiler/__pycache__) by extensions ['colcon_meta']
[2.237s] Level 1:colcon.colcon_core.package_identification:_identify(src/amiga-ros2-bridge/venv/lib/python3.10/site-packages/numpy/distutils/fcompiler/__pycache__) by extension 'colcon_meta'
[2.237s] Level 1:colcon.colcon_core.package_identification:_identify(src/amiga-ros2-bridge/venv/lib/python3.10/site-packages/numpy/distutils/fcompiler/__pycache__) by extensions ['ros']
[2.237s] Level 1:colcon.colcon_core.package_identification:_identify(src/amiga-ros2-bridge/venv/lib/python3.10/site-packages/numpy/distutils/fcompiler/__pycache__) by extension 'ros'
[2.237s] Level 1:colcon.colcon_core.package_identification:_identify(src/amiga-ros2-bridge/venv/lib/python3.10/site-packages/numpy/distutils/fcompiler/__pycache__) by extensions ['cmake', 'python']
[2.237s] Level 1:colcon.colcon_core.package_identification:_identify(src/amiga-ros2-bridge/venv/lib/python3.10/site-packages/numpy/distutils/fcompiler/__pycache__) by extension 'cmake'
[2.237s] Level 1:colcon.colcon_core.package_identification:_identify(src/amiga-ros2-bridge/venv/lib/python3.10/site-packages/numpy/distutils/fcompiler/__pycache__) by extension 'python'
[2.238s] Level 1:colcon.colcon_core.package_identification:_identify(src/amiga-ros2-bridge/venv/lib/python3.10/site-packages/numpy/distutils/fcompiler/__pycache__) by extensions ['python_setup_py']
[2.238s] Level 1:colcon.colcon_core.package_identification:_identify(src/amiga-ros2-bridge/venv/lib/python3.10/site-packages/numpy/distutils/fcompiler/__pycache__) by extension 'python_setup_py'
[2.238s] Level 1:colcon.colcon_core.package_identification:_identify(src/amiga-ros2-bridge/venv/lib/python3.10/site-packages/numpy/distutils/mingw) by extensions ['ignore', 'ignore_ament_install']
[2.238s] Level 1:colcon.colcon_core.package_identification:_identify(src/amiga-ros2-bridge/venv/lib/python3.10/site-packages/numpy/distutils/mingw) by extension 'ignore'
[2.238s] Level 1:colcon.colcon_core.package_identification:_identify(src/amiga-ros2-bridge/venv/lib/python3.10/site-packages/numpy/distutils/mingw) by extension 'ignore_ament_install'
[2.238s] Level 1:colcon.colcon_core.package_identification:_identify(src/amiga-ros2-bridge/venv/lib/python3.10/site-packages/numpy/distutils/mingw) by extensions ['colcon_pkg']
[2.239s] Level 1:colcon.colcon_core.package_identification:_identify(src/amiga-ros2-bridge/venv/lib/python3.10/site-packages/numpy/distutils/mingw) by extension 'colcon_pkg'
[2.239s] Level 1:colcon.colcon_core.package_identification:_identify(src/amiga-ros2-bridge/venv/lib/python3.10/site-packages/numpy/distutils/mingw) by extensions ['colcon_meta']
[2.239s] Level 1:colcon.colcon_core.package_identification:_identify(src/amiga-ros2-bridge/venv/lib/python3.10/site-packages/numpy/distutils/mingw) by extension 'colcon_meta'
[2.239s] Level 1:colcon.colcon_core.package_identification:_identify(src/amiga-ros2-bridge/venv/lib/python3.10/site-packages/numpy/distutils/mingw) by extensions ['ros']
[2.239s] Level 1:colcon.colcon_core.package_identification:_identify(src/amiga-ros2-bridge/venv/lib/python3.10/site-packages/numpy/distutils/mingw) by extension 'ros'
[2.239s] Level 1:colcon.colcon_core.package_identification:_identify(src/amiga-ros2-bridge/venv/lib/python3.10/site-packages/numpy/distutils/mingw) by extensions ['cmake', 'python']
[2.239s] Level 1:colcon.colcon_core.package_identification:_identify(src/amiga-ros2-bridge/venv/lib/python3.10/site-packages/numpy/distutils/mingw) by extension 'cmake'
[2.240s] Level 1:colcon.colcon_core.package_identification:_identify(src/amiga-ros2-bridge/venv/lib/python3.10/site-packages/numpy/distutils/mingw) by extension 'python'
[2.240s] Level 1:colcon.colcon_core.package_identification:_identify(src/amiga-ros2-bridge/venv/lib/python3.10/site-packages/numpy/distutils/mingw) by extensions ['python_setup_py']
[2.240s] Level 1:colcon.colcon_core.package_identification:_identify(src/amiga-ros2-bridge/venv/lib/python3.10/site-packages/numpy/distutils/mingw) by extension 'python_setup_py'
[2.240s] Level 1:colcon.colcon_core.package_identification:_identify(src/amiga-ros2-bridge/venv/lib/python3.10/site-packages/numpy/distutils/tests) by extensions ['ignore', 'ignore_ament_install']
[2.240s] Level 1:colcon.colcon_core.package_identification:_identify(src/amiga-ros2-bridge/venv/lib/python3.10/site-packages/numpy/distutils/tests) by extension 'ignore'
[2.240s] Level 1:colcon.colcon_core.package_identification:_identify(src/amiga-ros2-bridge/venv/lib/python3.10/site-packages/numpy/distutils/tests) by extension 'ignore_ament_install'
[2.241s] Level 1:colcon.colcon_core.package_identification:_identify(src/amiga-ros2-bridge/venv/lib/python3.10/site-packages/numpy/distutils/tests) by extensions ['colcon_pkg']
[2.241s] Level 1:colcon.colcon_core.package_identification:_identify(src/amiga-ros2-bridge/venv/lib/python3.10/site-packages/numpy/distutils/tests) by extension 'colcon_pkg'
[2.241s] Level 1:colcon.colcon_core.package_identification:_identify(src/amiga-ros2-bridge/venv/lib/python3.10/site-packages/numpy/distutils/tests) by extensions ['colcon_meta']
[2.241s] Level 1:colcon.colcon_core.package_identification:_identify(src/amiga-ros2-bridge/venv/lib/python3.10/site-packages/numpy/distutils/tests) by extension 'colcon_meta'
[2.241s] Level 1:colcon.colcon_core.package_identification:_identify(src/amiga-ros2-bridge/venv/lib/python3.10/site-packages/numpy/distutils/tests) by extensions ['ros']
[2.241s] Level 1:colcon.colcon_core.package_identification:_identify(src/amiga-ros2-bridge/venv/lib/python3.10/site-packages/numpy/distutils/tests) by extension 'ros'
[2.241s] Level 1:colcon.colcon_core.package_identification:_identify(src/amiga-ros2-bridge/venv/lib/python3.10/site-packages/numpy/distutils/tests) by extensions ['cmake', 'python']
[2.241s] Level 1:colcon.colcon_core.package_identification:_identify(src/amiga-ros2-bridge/venv/lib/python3.10/site-packages/numpy/distutils/tests) by extension 'cmake'
[2.242s] Level 1:colcon.colcon_core.package_identification:_identify(src/amiga-ros2-bridge/venv/lib/python3.10/site-packages/numpy/distutils/tests) by extension 'python'
[2.242s] Level 1:colcon.colcon_core.package_identification:_identify(src/amiga-ros2-bridge/venv/lib/python3.10/site-packages/numpy/distutils/tests) by extensions ['python_setup_py']
[2.242s] Level 1:colcon.colcon_core.package_identification:_identify(src/amiga-ros2-bridge/venv/lib/python3.10/site-packages/numpy/distutils/tests) by extension 'python_setup_py'
[2.242s] Level 1:colcon.colcon_core.package_identification:_identify(src/amiga-ros2-bridge/venv/lib/python3.10/site-packages/numpy/distutils/tests/__pycache__) by extensions ['ignore', 'ignore_ament_install']
[2.242s] Level 1:colcon.colcon_core.package_identification:_identify(src/amiga-ros2-bridge/venv/lib/python3.10/site-packages/numpy/distutils/tests/__pycache__) by extension 'ignore'
[2.242s] Level 1:colcon.colcon_core.package_identification:_identify(src/amiga-ros2-bridge/venv/lib/python3.10/site-packages/numpy/distutils/tests/__pycache__) by extension 'ignore_ament_install'
[2.243s] Level 1:colcon.colcon_core.package_identification:_identify(src/amiga-ros2-bridge/venv/lib/python3.10/site-packages/numpy/distutils/tests/__pycache__) by extensions ['colcon_pkg']
[2.243s] Level 1:colcon.colcon_core.package_identification:_identify(src/amiga-ros2-bridge/venv/lib/python3.10/site-packages/numpy/distutils/tests/__pycache__) by extension 'colcon_pkg'
[2.243s] Level 1:colcon.colcon_core.package_identification:_identify(src/amiga-ros2-bridge/venv/lib/python3.10/site-packages/numpy/distutils/tests/__pycache__) by extensions ['colcon_meta']
[2.243s] Level 1:colcon.colcon_core.package_identification:_identify(src/amiga-ros2-bridge/venv/lib/python3.10/site-packages/numpy/distutils/tests/__pycache__) by extension 'colcon_meta'
[2.243s] Level 1:colcon.colcon_core.package_identification:_identify(src/amiga-ros2-bridge/venv/lib/python3.10/site-packages/numpy/distutils/tests/__pycache__) by extensions ['ros']
[2.243s] Level 1:colcon.colcon_core.package_identification:_identify(src/amiga-ros2-bridge/venv/lib/python3.10/site-packages/numpy/distutils/tests/__pycache__) by extension 'ros'
[2.243s] Level 1:colcon.colcon_core.package_identification:_identify(src/amiga-ros2-bridge/venv/lib/python3.10/site-packages/numpy/distutils/tests/__pycache__) by extensions ['cmake', 'python']
[2.243s] Level 1:colcon.colcon_core.package_identification:_identify(src/amiga-ros2-bridge/venv/lib/python3.10/site-packages/numpy/distutils/tests/__pycache__) by extension 'cmake'
[2.244s] Level 1:colcon.colcon_core.package_identification:_identify(src/amiga-ros2-bridge/venv/lib/python3.10/site-packages/numpy/distutils/tests/__pycache__) by extension 'python'
[2.244s] Level 1:colcon.colcon_core.package_identification:_identify(src/amiga-ros2-bridge/venv/lib/python3.10/site-packages/numpy/distutils/tests/__pycache__) by extensions ['python_setup_py']
[2.244s] Level 1:colcon.colcon_core.package_identification:_identify(src/amiga-ros2-bridge/venv/lib/python3.10/site-packages/numpy/distutils/tests/__pycache__) by extension 'python_setup_py'
[2.244s] Level 1:colcon.colcon_core.package_identification:_identify(src/amiga-ros2-bridge/venv/lib/python3.10/site-packages/numpy/doc) by extensions ['ignore', 'ignore_ament_install']
[2.244s] Level 1:colcon.colcon_core.package_identification:_identify(src/amiga-ros2-bridge/venv/lib/python3.10/site-packages/numpy/doc) by extension 'ignore'
[2.244s] Level 1:colcon.colcon_core.package_identification:_identify(src/amiga-ros2-bridge/venv/lib/python3.10/site-packages/numpy/doc) by extension 'ignore_ament_install'
[2.245s] Level 1:colcon.colcon_core.package_identification:_identify(src/amiga-ros2-bridge/venv/lib/python3.10/site-packages/numpy/doc) by extensions ['colcon_pkg']
[2.245s] Level 1:colcon.colcon_core.package_identification:_identify(src/amiga-ros2-bridge/venv/lib/python3.10/site-packages/numpy/doc) by extension 'colcon_pkg'
[2.245s] Level 1:colcon.colcon_core.package_identification:_identify(src/amiga-ros2-bridge/venv/lib/python3.10/site-packages/numpy/doc) by extensions ['colcon_meta']
[2.245s] Level 1:colcon.colcon_core.package_identification:_identify(src/amiga-ros2-bridge/venv/lib/python3.10/site-packages/numpy/doc) by extension 'colcon_meta'
[2.245s] Level 1:colcon.colcon_core.package_identification:_identify(src/amiga-ros2-bridge/venv/lib/python3.10/site-packages/numpy/doc) by extensions ['ros']
[2.245s] Level 1:colcon.colcon_core.package_identification:_identify(src/amiga-ros2-bridge/venv/lib/python3.10/site-packages/numpy/doc) by extension 'ros'
[2.245s] Level 1:colcon.colcon_core.package_identification:_identify(src/amiga-ros2-bridge/venv/lib/python3.10/site-packages/numpy/doc) by extensions ['cmake', 'python']
[2.245s] Level 1:colcon.colcon_core.package_identification:_identify(src/amiga-ros2-bridge/venv/lib/python3.10/site-packages/numpy/doc) by extension 'cmake'
[2.245s] Level 1:colcon.colcon_core.package_identification:_identify(src/amiga-ros2-bridge/venv/lib/python3.10/site-packages/numpy/doc) by extension 'python'
[2.246s] Level 1:colcon.colcon_core.package_identification:_identify(src/amiga-ros2-bridge/venv/lib/python3.10/site-packages/numpy/doc) by extensions ['python_setup_py']
[2.246s] Level 1:colcon.colcon_core.package_identification:_identify(src/amiga-ros2-bridge/venv/lib/python3.10/site-packages/numpy/doc) by extension 'python_setup_py'
[2.246s] Level 1:colcon.colcon_core.package_identification:_identify(src/amiga-ros2-bridge/venv/lib/python3.10/site-packages/numpy/doc/__pycache__) by extensions ['ignore', 'ignore_ament_install']
[2.246s] Level 1:colcon.colcon_core.package_identification:_identify(src/amiga-ros2-bridge/venv/lib/python3.10/site-packages/numpy/doc/__pycache__) by extension 'ignore'
[2.246s] Level 1:colcon.colcon_core.package_identification:_identify(src/amiga-ros2-bridge/venv/lib/python3.10/site-packages/numpy/doc/__pycache__) by extension 'ignore_ament_install'
[2.246s] Level 1:colcon.colcon_core.package_identification:_identify(src/amiga-ros2-bridge/venv/lib/python3.10/site-packages/numpy/doc/__pycache__) by extensions ['colcon_pkg']
[2.246s] Level 1:colcon.colcon_core.package_identification:_identify(src/amiga-ros2-bridge/venv/lib/python3.10/site-packages/numpy/doc/__pycache__) by extension 'colcon_pkg'
[2.247s] Level 1:colcon.colcon_core.package_identification:_identify(src/amiga-ros2-bridge/venv/lib/python3.10/site-packages/numpy/doc/__pycache__) by extensions ['colcon_meta']
[2.247s] Level 1:colcon.colcon_core.package_identification:_identify(src/amiga-ros2-bridge/venv/lib/python3.10/site-packages/numpy/doc/__pycache__) by extension 'colcon_meta'
[2.247s] Level 1:colcon.colcon_core.package_identification:_identify(src/amiga-ros2-bridge/venv/lib/python3.10/site-packages/numpy/doc/__pycache__) by extensions ['ros']
[2.247s] Level 1:colcon.colcon_core.package_identification:_identify(src/amiga-ros2-bridge/venv/lib/python3.10/site-packages/numpy/doc/__pycache__) by extension 'ros'
[2.247s] Level 1:colcon.colcon_core.package_identification:_identify(src/amiga-ros2-bridge/venv/lib/python3.10/site-packages/numpy/doc/__pycache__) by extensions ['cmake', 'python']
[2.247s] Level 1:colcon.colcon_core.package_identification:_identify(src/amiga-ros2-bridge/venv/lib/python3.10/site-packages/numpy/doc/__pycache__) by extension 'cmake'
[2.247s] Level 1:colcon.colcon_core.package_identification:_identify(src/amiga-ros2-bridge/venv/lib/python3.10/site-packages/numpy/doc/__pycache__) by extension 'python'
[2.247s] Level 1:colcon.colcon_core.package_identification:_identify(src/amiga-ros2-bridge/venv/lib/python3.10/site-packages/numpy/doc/__pycache__) by extensions ['python_setup_py']
[2.247s] Level 1:colcon.colcon_core.package_identification:_identify(src/amiga-ros2-bridge/venv/lib/python3.10/site-packages/numpy/doc/__pycache__) by extension 'python_setup_py'
[2.248s] Level 1:colcon.colcon_core.package_identification:_identify(src/amiga-ros2-bridge/venv/lib/python3.10/site-packages/numpy/f2py) by extensions ['ignore', 'ignore_ament_install']
[2.248s] Level 1:colcon.colcon_core.package_identification:_identify(src/amiga-ros2-bridge/venv/lib/python3.10/site-packages/numpy/f2py) by extension 'ignore'
[2.248s] Level 1:colcon.colcon_core.package_identification:_identify(src/amiga-ros2-bridge/venv/lib/python3.10/site-packages/numpy/f2py) by extension 'ignore_ament_install'
[2.248s] Level 1:colcon.colcon_core.package_identification:_identify(src/amiga-ros2-bridge/venv/lib/python3.10/site-packages/numpy/f2py) by extensions ['colcon_pkg']
[2.248s] Level 1:colcon.colcon_core.package_identification:_identify(src/amiga-ros2-bridge/venv/lib/python3.10/site-packages/numpy/f2py) by extension 'colcon_pkg'
[2.248s] Level 1:colcon.colcon_core.package_identification:_identify(src/amiga-ros2-bridge/venv/lib/python3.10/site-packages/numpy/f2py) by extensions ['colcon_meta']
[2.248s] Level 1:colcon.colcon_core.package_identification:_identify(src/amiga-ros2-bridge/venv/lib/python3.10/site-packages/numpy/f2py) by extension 'colcon_meta'
[2.249s] Level 1:colcon.colcon_core.package_identification:_identify(src/amiga-ros2-bridge/venv/lib/python3.10/site-packages/numpy/f2py) by extensions ['ros']
[2.249s] Level 1:colcon.colcon_core.package_identification:_identify(src/amiga-ros2-bridge/venv/lib/python3.10/site-packages/numpy/f2py) by extension 'ros'
[2.249s] Level 1:colcon.colcon_core.package_identification:_identify(src/amiga-ros2-bridge/venv/lib/python3.10/site-packages/numpy/f2py) by extensions ['cmake', 'python']
[2.249s] Level 1:colcon.colcon_core.package_identification:_identify(src/amiga-ros2-bridge/venv/lib/python3.10/site-packages/numpy/f2py) by extension 'cmake'
[2.249s] Level 1:colcon.colcon_core.package_identification:_identify(src/amiga-ros2-bridge/venv/lib/python3.10/site-packages/numpy/f2py) by extension 'python'
[2.249s] Level 1:colcon.colcon_core.package_identification:_identify(src/amiga-ros2-bridge/venv/lib/python3.10/site-packages/numpy/f2py) by extensions ['python_setup_py']
[2.249s] Level 1:colcon.colcon_core.package_identification:_identify(src/amiga-ros2-bridge/venv/lib/python3.10/site-packages/numpy/f2py) by extension 'python_setup_py'
[2.250s] Level 1:colcon.colcon_core.package_identification:_identify(src/amiga-ros2-bridge/venv/lib/python3.10/site-packages/numpy/f2py/__pycache__) by extensions ['ignore', 'ignore_ament_install']
[2.250s] Level 1:colcon.colcon_core.package_identification:_identify(src/amiga-ros2-bridge/venv/lib/python3.10/site-packages/numpy/f2py/__pycache__) by extension 'ignore'
[2.250s] Level 1:colcon.colcon_core.package_identification:_identify(src/amiga-ros2-bridge/venv/lib/python3.10/site-packages/numpy/f2py/__pycache__) by extension 'ignore_ament_install'
[2.250s] Level 1:colcon.colcon_core.package_identification:_identify(src/amiga-ros2-bridge/venv/lib/python3.10/site-packages/numpy/f2py/__pycache__) by extensions ['colcon_pkg']
[2.250s] Level 1:colcon.colcon_core.package_identification:_identify(src/amiga-ros2-bridge/venv/lib/python3.10/site-packages/numpy/f2py/__pycache__) by extension 'colcon_pkg'
[2.250s] Level 1:colcon.colcon_core.package_identification:_identify(src/amiga-ros2-bridge/venv/lib/python3.10/site-packages/numpy/f2py/__pycache__) by extensions ['colcon_meta']
[2.250s] Level 1:colcon.colcon_core.package_identification:_identify(src/amiga-ros2-bridge/venv/lib/python3.10/site-packages/numpy/f2py/__pycache__) by extension 'colcon_meta'
[2.250s] Level 1:colcon.colcon_core.package_identification:_identify(src/amiga-ros2-bridge/venv/lib/python3.10/site-packages/numpy/f2py/__pycache__) by extensions ['ros']
[2.251s] Level 1:colcon.colcon_core.package_identification:_identify(src/amiga-ros2-bridge/venv/lib/python3.10/site-packages/numpy/f2py/__pycache__) by extension 'ros'
[2.251s] Level 1:colcon.colcon_core.package_identification:_identify(src/amiga-ros2-bridge/venv/lib/python3.10/site-packages/numpy/f2py/__pycache__) by extensions ['cmake', 'python']
[2.251s] Level 1:colcon.colcon_core.package_identification:_identify(src/amiga-ros2-bridge/venv/lib/python3.10/site-packages/numpy/f2py/__pycache__) by extension 'cmake'
[2.251s] Level 1:colcon.colcon_core.package_identification:_identify(src/amiga-ros2-bridge/venv/lib/python3.10/site-packages/numpy/f2py/__pycache__) by extension 'python'
[2.251s] Level 1:colcon.colcon_core.package_identification:_identify(src/amiga-ros2-bridge/venv/lib/python3.10/site-packages/numpy/f2py/__pycache__) by extensions ['python_setup_py']
[2.251s] Level 1:colcon.colcon_core.package_identification:_identify(src/amiga-ros2-bridge/venv/lib/python3.10/site-packages/numpy/f2py/__pycache__) by extension 'python_setup_py'
[2.251s] Level 1:colcon.colcon_core.package_identification:_identify(src/amiga-ros2-bridge/venv/lib/python3.10/site-packages/numpy/f2py/_backends) by extensions ['ignore', 'ignore_ament_install']
[2.252s] Level 1:colcon.colcon_core.package_identification:_identify(src/amiga-ros2-bridge/venv/lib/python3.10/site-packages/numpy/f2py/_backends) by extension 'ignore'
[2.252s] Level 1:colcon.colcon_core.package_identification:_identify(src/amiga-ros2-bridge/venv/lib/python3.10/site-packages/numpy/f2py/_backends) by extension 'ignore_ament_install'
[2.252s] Level 1:colcon.colcon_core.package_identification:_identify(src/amiga-ros2-bridge/venv/lib/python3.10/site-packages/numpy/f2py/_backends) by extensions ['colcon_pkg']
[2.252s] Level 1:colcon.colcon_core.package_identification:_identify(src/amiga-ros2-bridge/venv/lib/python3.10/site-packages/numpy/f2py/_backends) by extension 'colcon_pkg'
[2.252s] Level 1:colcon.colcon_core.package_identification:_identify(src/amiga-ros2-bridge/venv/lib/python3.10/site-packages/numpy/f2py/_backends) by extensions ['colcon_meta']
[2.252s] Level 1:colcon.colcon_core.package_identification:_identify(src/amiga-ros2-bridge/venv/lib/python3.10/site-packages/numpy/f2py/_backends) by extension 'colcon_meta'
[2.252s] Level 1:colcon.colcon_core.package_identification:_identify(src/amiga-ros2-bridge/venv/lib/python3.10/site-packages/numpy/f2py/_backends) by extensions ['ros']
[2.252s] Level 1:colcon.colcon_core.package_identification:_identify(src/amiga-ros2-bridge/venv/lib/python3.10/site-packages/numpy/f2py/_backends) by extension 'ros'
[2.253s] Level 1:colcon.colcon_core.package_identification:_identify(src/amiga-ros2-bridge/venv/lib/python3.10/site-packages/numpy/f2py/_backends) by extensions ['cmake', 'python']
[2.253s] Level 1:colcon.colcon_core.package_identification:_identify(src/amiga-ros2-bridge/venv/lib/python3.10/site-packages/numpy/f2py/_backends) by extension 'cmake'
[2.253s] Level 1:colcon.colcon_core.package_identification:_identify(src/amiga-ros2-bridge/venv/lib/python3.10/site-packages/numpy/f2py/_backends) by extension 'python'
[2.253s] Level 1:colcon.colcon_core.package_identification:_identify(src/amiga-ros2-bridge/venv/lib/python3.10/site-packages/numpy/f2py/_backends) by extensions ['python_setup_py']
[2.253s] Level 1:colcon.colcon_core.package_identification:_identify(src/amiga-ros2-bridge/venv/lib/python3.10/site-packages/numpy/f2py/_backends) by extension 'python_setup_py'
[2.253s] Level 1:colcon.colcon_core.package_identification:_identify(src/amiga-ros2-bridge/venv/lib/python3.10/site-packages/numpy/f2py/_backends/__pycache__) by extensions ['ignore', 'ignore_ament_install']
[2.253s] Level 1:colcon.colcon_core.package_identification:_identify(src/amiga-ros2-bridge/venv/lib/python3.10/site-packages/numpy/f2py/_backends/__pycache__) by extension 'ignore'
[2.253s] Level 1:colcon.colcon_core.package_identification:_identify(src/amiga-ros2-bridge/venv/lib/python3.10/site-packages/numpy/f2py/_backends/__pycache__) by extension 'ignore_ament_install'
[2.254s] Level 1:colcon.colcon_core.package_identification:_identify(src/amiga-ros2-bridge/venv/lib/python3.10/site-packages/numpy/f2py/_backends/__pycache__) by extensions ['colcon_pkg']
[2.254s] Level 1:colcon.colcon_core.package_identification:_identify(src/amiga-ros2-bridge/venv/lib/python3.10/site-packages/numpy/f2py/_backends/__pycache__) by extension 'colcon_pkg'
[2.254s] Level 1:colcon.colcon_core.package_identification:_identify(src/amiga-ros2-bridge/venv/lib/python3.10/site-packages/numpy/f2py/_backends/__pycache__) by extensions ['colcon_meta']
[2.254s] Level 1:colcon.colcon_core.package_identification:_identify(src/amiga-ros2-bridge/venv/lib/python3.10/site-packages/numpy/f2py/_backends/__pycache__) by extension 'colcon_meta'
[2.254s] Level 1:colcon.colcon_core.package_identification:_identify(src/amiga-ros2-bridge/venv/lib/python3.10/site-packages/numpy/f2py/_backends/__pycache__) by extensions ['ros']
[2.254s] Level 1:colcon.colcon_core.package_identification:_identify(src/amiga-ros2-bridge/venv/lib/python3.10/site-packages/numpy/f2py/_backends/__pycache__) by extension 'ros'
[2.254s] Level 1:colcon.colcon_core.package_identification:_identify(src/amiga-ros2-bridge/venv/lib/python3.10/site-packages/numpy/f2py/_backends/__pycache__) by extensions ['cmake', 'python']
[2.254s] Level 1:colcon.colcon_core.package_identification:_identify(src/amiga-ros2-bridge/venv/lib/python3.10/site-packages/numpy/f2py/_backends/__pycache__) by extension 'cmake'
[2.254s] Level 1:colcon.colcon_core.package_identification:_identify(src/amiga-ros2-bridge/venv/lib/python3.10/site-packages/numpy/f2py/_backends/__pycache__) by extension 'python'
[2.255s] Level 1:colcon.colcon_core.package_identification:_identify(src/amiga-ros2-bridge/venv/lib/python3.10/site-packages/numpy/f2py/_backends/__pycache__) by extensions ['python_setup_py']
[2.255s] Level 1:colcon.colcon_core.package_identification:_identify(src/amiga-ros2-bridge/venv/lib/python3.10/site-packages/numpy/f2py/_backends/__pycache__) by extension 'python_setup_py'
[2.255s] Level 1:colcon.colcon_core.package_identification:_identify(src/amiga-ros2-bridge/venv/lib/python3.10/site-packages/numpy/f2py/src) by extensions ['ignore', 'ignore_ament_install']
[2.255s] Level 1:colcon.colcon_core.package_identification:_identify(src/amiga-ros2-bridge/venv/lib/python3.10/site-packages/numpy/f2py/src) by extension 'ignore'
[2.255s] Level 1:colcon.colcon_core.package_identification:_identify(src/amiga-ros2-bridge/venv/lib/python3.10/site-packages/numpy/f2py/src) by extension 'ignore_ament_install'
[2.255s] Level 1:colcon.colcon_core.package_identification:_identify(src/amiga-ros2-bridge/venv/lib/python3.10/site-packages/numpy/f2py/src) by extensions ['colcon_pkg']
[2.255s] Level 1:colcon.colcon_core.package_identification:_identify(src/amiga-ros2-bridge/venv/lib/python3.10/site-packages/numpy/f2py/src) by extension 'colcon_pkg'
[2.256s] Level 1:colcon.colcon_core.package_identification:_identify(src/amiga-ros2-bridge/venv/lib/python3.10/site-packages/numpy/f2py/src) by extensions ['colcon_meta']
[2.256s] Level 1:colcon.colcon_core.package_identification:_identify(src/amiga-ros2-bridge/venv/lib/python3.10/site-packages/numpy/f2py/src) by extension 'colcon_meta'
[2.256s] Level 1:colcon.colcon_core.package_identification:_identify(src/amiga-ros2-bridge/venv/lib/python3.10/site-packages/numpy/f2py/src) by extensions ['ros']
[2.256s] Level 1:colcon.colcon_core.package_identification:_identify(src/amiga-ros2-bridge/venv/lib/python3.10/site-packages/numpy/f2py/src) by extension 'ros'
[2.256s] Level 1:colcon.colcon_core.package_identification:_identify(src/amiga-ros2-bridge/venv/lib/python3.10/site-packages/numpy/f2py/src) by extensions ['cmake', 'python']
[2.256s] Level 1:colcon.colcon_core.package_identification:_identify(src/amiga-ros2-bridge/venv/lib/python3.10/site-packages/numpy/f2py/src) by extension 'cmake'
[2.256s] Level 1:colcon.colcon_core.package_identification:_identify(src/amiga-ros2-bridge/venv/lib/python3.10/site-packages/numpy/f2py/src) by extension 'python'
[2.256s] Level 1:colcon.colcon_core.package_identification:_identify(src/amiga-ros2-bridge/venv/lib/python3.10/site-packages/numpy/f2py/src) by extensions ['python_setup_py']
[2.256s] Level 1:colcon.colcon_core.package_identification:_identify(src/amiga-ros2-bridge/venv/lib/python3.10/site-packages/numpy/f2py/src) by extension 'python_setup_py'
[2.257s] Level 1:colcon.colcon_core.package_identification:_identify(src/amiga-ros2-bridge/venv/lib/python3.10/site-packages/numpy/f2py/tests) by extensions ['ignore', 'ignore_ament_install']
[2.257s] Level 1:colcon.colcon_core.package_identification:_identify(src/amiga-ros2-bridge/venv/lib/python3.10/site-packages/numpy/f2py/tests) by extension 'ignore'
[2.257s] Level 1:colcon.colcon_core.package_identification:_identify(src/amiga-ros2-bridge/venv/lib/python3.10/site-packages/numpy/f2py/tests) by extension 'ignore_ament_install'
[2.257s] Level 1:colcon.colcon_core.package_identification:_identify(src/amiga-ros2-bridge/venv/lib/python3.10/site-packages/numpy/f2py/tests) by extensions ['colcon_pkg']
[2.257s] Level 1:colcon.colcon_core.package_identification:_identify(src/amiga-ros2-bridge/venv/lib/python3.10/site-packages/numpy/f2py/tests) by extension 'colcon_pkg'
[2.257s] Level 1:colcon.colcon_core.package_identification:_identify(src/amiga-ros2-bridge/venv/lib/python3.10/site-packages/numpy/f2py/tests) by extensions ['colcon_meta']
[2.257s] Level 1:colcon.colcon_core.package_identification:_identify(src/amiga-ros2-bridge/venv/lib/python3.10/site-packages/numpy/f2py/tests) by extension 'colcon_meta'
[2.257s] Level 1:colcon.colcon_core.package_identification:_identify(src/amiga-ros2-bridge/venv/lib/python3.10/site-packages/numpy/f2py/tests) by extensions ['ros']
[2.258s] Level 1:colcon.colcon_core.package_identification:_identify(src/amiga-ros2-bridge/venv/lib/python3.10/site-packages/numpy/f2py/tests) by extension 'ros'
[2.258s] Level 1:colcon.colcon_core.package_identification:_identify(src/amiga-ros2-bridge/venv/lib/python3.10/site-packages/numpy/f2py/tests) by extensions ['cmake', 'python']
[2.258s] Level 1:colcon.colcon_core.package_identification:_identify(src/amiga-ros2-bridge/venv/lib/python3.10/site-packages/numpy/f2py/tests) by extension 'cmake'
[2.258s] Level 1:colcon.colcon_core.package_identification:_identify(src/amiga-ros2-bridge/venv/lib/python3.10/site-packages/numpy/f2py/tests) by extension 'python'
[2.258s] Level 1:colcon.colcon_core.package_identification:_identify(src/amiga-ros2-bridge/venv/lib/python3.10/site-packages/numpy/f2py/tests) by extensions ['python_setup_py']
[2.258s] Level 1:colcon.colcon_core.package_identification:_identify(src/amiga-ros2-bridge/venv/lib/python3.10/site-packages/numpy/f2py/tests) by extension 'python_setup_py'
[2.258s] Level 1:colcon.colcon_core.package_identification:_identify(src/amiga-ros2-bridge/venv/lib/python3.10/site-packages/numpy/f2py/tests/__pycache__) by extensions ['ignore', 'ignore_ament_install']
[2.259s] Level 1:colcon.colcon_core.package_identification:_identify(src/amiga-ros2-bridge/venv/lib/python3.10/site-packages/numpy/f2py/tests/__pycache__) by extension 'ignore'
[2.259s] Level 1:colcon.colcon_core.package_identification:_identify(src/amiga-ros2-bridge/venv/lib/python3.10/site-packages/numpy/f2py/tests/__pycache__) by extension 'ignore_ament_install'
[2.259s] Level 1:colcon.colcon_core.package_identification:_identify(src/amiga-ros2-bridge/venv/lib/python3.10/site-packages/numpy/f2py/tests/__pycache__) by extensions ['colcon_pkg']
[2.259s] Level 1:colcon.colcon_core.package_identification:_identify(src/amiga-ros2-bridge/venv/lib/python3.10/site-packages/numpy/f2py/tests/__pycache__) by extension 'colcon_pkg'
[2.259s] Level 1:colcon.colcon_core.package_identification:_identify(src/amiga-ros2-bridge/venv/lib/python3.10/site-packages/numpy/f2py/tests/__pycache__) by extensions ['colcon_meta']
[2.259s] Level 1:colcon.colcon_core.package_identification:_identify(src/amiga-ros2-bridge/venv/lib/python3.10/site-packages/numpy/f2py/tests/__pycache__) by extension 'colcon_meta'
[2.259s] Level 1:colcon.colcon_core.package_identification:_identify(src/amiga-ros2-bridge/venv/lib/python3.10/site-packages/numpy/f2py/tests/__pycache__) by extensions ['ros']
[2.259s] Level 1:colcon.colcon_core.package_identification:_identify(src/amiga-ros2-bridge/venv/lib/python3.10/site-packages/numpy/f2py/tests/__pycache__) by extension 'ros'
[2.259s] Level 1:colcon.colcon_core.package_identification:_identify(src/amiga-ros2-bridge/venv/lib/python3.10/site-packages/numpy/f2py/tests/__pycache__) by extensions ['cmake', 'python']
[2.260s] Level 1:colcon.colcon_core.package_identification:_identify(src/amiga-ros2-bridge/venv/lib/python3.10/site-packages/numpy/f2py/tests/__pycache__) by extension 'cmake'
[2.260s] Level 1:colcon.colcon_core.package_identification:_identify(src/amiga-ros2-bridge/venv/lib/python3.10/site-packages/numpy/f2py/tests/__pycache__) by extension 'python'
[2.260s] Level 1:colcon.colcon_core.package_identification:_identify(src/amiga-ros2-bridge/venv/lib/python3.10/site-packages/numpy/f2py/tests/__pycache__) by extensions ['python_setup_py']
[2.260s] Level 1:colcon.colcon_core.package_identification:_identify(src/amiga-ros2-bridge/venv/lib/python3.10/site-packages/numpy/f2py/tests/__pycache__) by extension 'python_setup_py'
[2.260s] Level 1:colcon.colcon_core.package_identification:_identify(src/amiga-ros2-bridge/venv/lib/python3.10/site-packages/numpy/f2py/tests/src) by extensions ['ignore', 'ignore_ament_install']
[2.260s] Level 1:colcon.colcon_core.package_identification:_identify(src/amiga-ros2-bridge/venv/lib/python3.10/site-packages/numpy/f2py/tests/src) by extension 'ignore'
[2.260s] Level 1:colcon.colcon_core.package_identification:_identify(src/amiga-ros2-bridge/venv/lib/python3.10/site-packages/numpy/f2py/tests/src) by extension 'ignore_ament_install'
[2.261s] Level 1:colcon.colcon_core.package_identification:_identify(src/amiga-ros2-bridge/venv/lib/python3.10/site-packages/numpy/f2py/tests/src) by extensions ['colcon_pkg']
[2.261s] Level 1:colcon.colcon_core.package_identification:_identify(src/amiga-ros2-bridge/venv/lib/python3.10/site-packages/numpy/f2py/tests/src) by extension 'colcon_pkg'
[2.261s] Level 1:colcon.colcon_core.package_identification:_identify(src/amiga-ros2-bridge/venv/lib/python3.10/site-packages/numpy/f2py/tests/src) by extensions ['colcon_meta']
[2.261s] Level 1:colcon.colcon_core.package_identification:_identify(src/amiga-ros2-bridge/venv/lib/python3.10/site-packages/numpy/f2py/tests/src) by extension 'colcon_meta'
[2.261s] Level 1:colcon.colcon_core.package_identification:_identify(src/amiga-ros2-bridge/venv/lib/python3.10/site-packages/numpy/f2py/tests/src) by extensions ['ros']
[2.261s] Level 1:colcon.colcon_core.package_identification:_identify(src/amiga-ros2-bridge/venv/lib/python3.10/site-packages/numpy/f2py/tests/src) by extension 'ros'
[2.261s] Level 1:colcon.colcon_core.package_identification:_identify(src/amiga-ros2-bridge/venv/lib/python3.10/site-packages/numpy/f2py/tests/src) by extensions ['cmake', 'python']
[2.261s] Level 1:colcon.colcon_core.package_identification:_identify(src/amiga-ros2-bridge/venv/lib/python3.10/site-packages/numpy/f2py/tests/src) by extension 'cmake'
[2.261s] Level 1:colcon.colcon_core.package_identification:_identify(src/amiga-ros2-bridge/venv/lib/python3.10/site-packages/numpy/f2py/tests/src) by extension 'python'
[2.261s] Level 1:colcon.colcon_core.package_identification:_identify(src/amiga-ros2-bridge/venv/lib/python3.10/site-packages/numpy/f2py/tests/src) by extensions ['python_setup_py']
[2.261s] Level 1:colcon.colcon_core.package_identification:_identify(src/amiga-ros2-bridge/venv/lib/python3.10/site-packages/numpy/f2py/tests/src) by extension 'python_setup_py'
[2.262s] Level 1:colcon.colcon_core.package_identification:_identify(src/amiga-ros2-bridge/venv/lib/python3.10/site-packages/numpy/f2py/tests/src/abstract_interface) by extensions ['ignore', 'ignore_ament_install']
[2.262s] Level 1:colcon.colcon_core.package_identification:_identify(src/amiga-ros2-bridge/venv/lib/python3.10/site-packages/numpy/f2py/tests/src/abstract_interface) by extension 'ignore'
[2.262s] Level 1:colcon.colcon_core.package_identification:_identify(src/amiga-ros2-bridge/venv/lib/python3.10/site-packages/numpy/f2py/tests/src/abstract_interface) by extension 'ignore_ament_install'
[2.262s] Level 1:colcon.colcon_core.package_identification:_identify(src/amiga-ros2-bridge/venv/lib/python3.10/site-packages/numpy/f2py/tests/src/abstract_interface) by extensions ['colcon_pkg']
[2.262s] Level 1:colcon.colcon_core.package_identification:_identify(src/amiga-ros2-bridge/venv/lib/python3.10/site-packages/numpy/f2py/tests/src/abstract_interface) by extension 'colcon_pkg'
[2.262s] Level 1:colcon.colcon_core.package_identification:_identify(src/amiga-ros2-bridge/venv/lib/python3.10/site-packages/numpy/f2py/tests/src/abstract_interface) by extensions ['colcon_meta']
[2.262s] Level 1:colcon.colcon_core.package_identification:_identify(src/amiga-ros2-bridge/venv/lib/python3.10/site-packages/numpy/f2py/tests/src/abstract_interface) by extension 'colcon_meta'
[2.263s] Level 1:colcon.colcon_core.package_identification:_identify(src/amiga-ros2-bridge/venv/lib/python3.10/site-packages/numpy/f2py/tests/src/abstract_interface) by extensions ['ros']
[2.263s] Level 1:colcon.colcon_core.package_identification:_identify(src/amiga-ros2-bridge/venv/lib/python3.10/site-packages/numpy/f2py/tests/src/abstract_interface) by extension 'ros'
[2.263s] Level 1:colcon.colcon_core.package_identification:_identify(src/amiga-ros2-bridge/venv/lib/python3.10/site-packages/numpy/f2py/tests/src/abstract_interface) by extensions ['cmake', 'python']
[2.263s] Level 1:colcon.colcon_core.package_identification:_identify(src/amiga-ros2-bridge/venv/lib/python3.10/site-packages/numpy/f2py/tests/src/abstract_interface) by extension 'cmake'
[2.263s] Level 1:colcon.colcon_core.package_identification:_identify(src/amiga-ros2-bridge/venv/lib/python3.10/site-packages/numpy/f2py/tests/src/abstract_interface) by extension 'python'
[2.263s] Level 1:colcon.colcon_core.package_identification:_identify(src/amiga-ros2-bridge/venv/lib/python3.10/site-packages/numpy/f2py/tests/src/abstract_interface) by extensions ['python_setup_py']
[2.263s] Level 1:colcon.colcon_core.package_identification:_identify(src/amiga-ros2-bridge/venv/lib/python3.10/site-packages/numpy/f2py/tests/src/abstract_interface) by extension 'python_setup_py'
[2.263s] Level 1:colcon.colcon_core.package_identification:_identify(src/amiga-ros2-bridge/venv/lib/python3.10/site-packages/numpy/f2py/tests/src/array_from_pyobj) by extensions ['ignore', 'ignore_ament_install']
[2.264s] Level 1:colcon.colcon_core.package_identification:_identify(src/amiga-ros2-bridge/venv/lib/python3.10/site-packages/numpy/f2py/tests/src/array_from_pyobj) by extension 'ignore'
[2.264s] Level 1:colcon.colcon_core.package_identification:_identify(src/amiga-ros2-bridge/venv/lib/python3.10/site-packages/numpy/f2py/tests/src/array_from_pyobj) by extension 'ignore_ament_install'
[2.264s] Level 1:colcon.colcon_core.package_identification:_identify(src/amiga-ros2-bridge/venv/lib/python3.10/site-packages/numpy/f2py/tests/src/array_from_pyobj) by extensions ['colcon_pkg']
[2.264s] Level 1:colcon.colcon_core.package_identification:_identify(src/amiga-ros2-bridge/venv/lib/python3.10/site-packages/numpy/f2py/tests/src/array_from_pyobj) by extension 'colcon_pkg'
[2.264s] Level 1:colcon.colcon_core.package_identification:_identify(src/amiga-ros2-bridge/venv/lib/python3.10/site-packages/numpy/f2py/tests/src/array_from_pyobj) by extensions ['colcon_meta']
[2.264s] Level 1:colcon.colcon_core.package_identification:_identify(src/amiga-ros2-bridge/venv/lib/python3.10/site-packages/numpy/f2py/tests/src/array_from_pyobj) by extension 'colcon_meta'
[2.264s] Level 1:colcon.colcon_core.package_identification:_identify(src/amiga-ros2-bridge/venv/lib/python3.10/site-packages/numpy/f2py/tests/src/array_from_pyobj) by extensions ['ros']
[2.264s] Level 1:colcon.colcon_core.package_identification:_identify(src/amiga-ros2-bridge/venv/lib/python3.10/site-packages/numpy/f2py/tests/src/array_from_pyobj) by extension 'ros'
[2.265s] Level 1:colcon.colcon_core.package_identification:_identify(src/amiga-ros2-bridge/venv/lib/python3.10/site-packages/numpy/f2py/tests/src/array_from_pyobj) by extensions ['cmake', 'python']
[2.265s] Level 1:colcon.colcon_core.package_identification:_identify(src/amiga-ros2-bridge/venv/lib/python3.10/site-packages/numpy/f2py/tests/src/array_from_pyobj) by extension 'cmake'
[2.265s] Level 1:colcon.colcon_core.package_identification:_identify(src/amiga-ros2-bridge/venv/lib/python3.10/site-packages/numpy/f2py/tests/src/array_from_pyobj) by extension 'python'
[2.265s] Level 1:colcon.colcon_core.package_identification:_identify(src/amiga-ros2-bridge/venv/lib/python3.10/site-packages/numpy/f2py/tests/src/array_from_pyobj) by extensions ['python_setup_py']
[2.265s] Level 1:colcon.colcon_core.package_identification:_identify(src/amiga-ros2-bridge/venv/lib/python3.10/site-packages/numpy/f2py/tests/src/array_from_pyobj) by extension 'python_setup_py'
[2.265s] Level 1:colcon.colcon_core.package_identification:_identify(src/amiga-ros2-bridge/venv/lib/python3.10/site-packages/numpy/f2py/tests/src/assumed_shape) by extensions ['ignore', 'ignore_ament_install']
[2.265s] Level 1:colcon.colcon_core.package_identification:_identify(src/amiga-ros2-bridge/venv/lib/python3.10/site-packages/numpy/f2py/tests/src/assumed_shape) by extension 'ignore'
[2.265s] Level 1:colcon.colcon_core.package_identification:_identify(src/amiga-ros2-bridge/venv/lib/python3.10/site-packages/numpy/f2py/tests/src/assumed_shape) by extension 'ignore_ament_install'
[2.266s] Level 1:colcon.colcon_core.package_identification:_identify(src/amiga-ros2-bridge/venv/lib/python3.10/site-packages/numpy/f2py/tests/src/assumed_shape) by extensions ['colcon_pkg']
[2.266s] Level 1:colcon.colcon_core.package_identification:_identify(src/amiga-ros2-bridge/venv/lib/python3.10/site-packages/numpy/f2py/tests/src/assumed_shape) by extension 'colcon_pkg'
[2.266s] Level 1:colcon.colcon_core.package_identification:_identify(src/amiga-ros2-bridge/venv/lib/python3.10/site-packages/numpy/f2py/tests/src/assumed_shape) by extensions ['colcon_meta']
[2.266s] Level 1:colcon.colcon_core.package_identification:_identify(src/amiga-ros2-bridge/venv/lib/python3.10/site-packages/numpy/f2py/tests/src/assumed_shape) by extension 'colcon_meta'
[2.266s] Level 1:colcon.colcon_core.package_identification:_identify(src/amiga-ros2-bridge/venv/lib/python3.10/site-packages/numpy/f2py/tests/src/assumed_shape) by extensions ['ros']
[2.266s] Level 1:colcon.colcon_core.package_identification:_identify(src/amiga-ros2-bridge/venv/lib/python3.10/site-packages/numpy/f2py/tests/src/assumed_shape) by extension 'ros'
[2.266s] Level 1:colcon.colcon_core.package_identification:_identify(src/amiga-ros2-bridge/venv/lib/python3.10/site-packages/numpy/f2py/tests/src/assumed_shape) by extensions ['cmake', 'python']
[2.266s] Level 1:colcon.colcon_core.package_identification:_identify(src/amiga-ros2-bridge/venv/lib/python3.10/site-packages/numpy/f2py/tests/src/assumed_shape) by extension 'cmake'
[2.266s] Level 1:colcon.colcon_core.package_identification:_identify(src/amiga-ros2-bridge/venv/lib/python3.10/site-packages/numpy/f2py/tests/src/assumed_shape) by extension 'python'
[2.266s] Level 1:colcon.colcon_core.package_identification:_identify(src/amiga-ros2-bridge/venv/lib/python3.10/site-packages/numpy/f2py/tests/src/assumed_shape) by extensions ['python_setup_py']
[2.266s] Level 1:colcon.colcon_core.package_identification:_identify(src/amiga-ros2-bridge/venv/lib/python3.10/site-packages/numpy/f2py/tests/src/assumed_shape) by extension 'python_setup_py'
[2.267s] Level 1:colcon.colcon_core.package_identification:_identify(src/amiga-ros2-bridge/venv/lib/python3.10/site-packages/numpy/f2py/tests/src/block_docstring) by extensions ['ignore', 'ignore_ament_install']
[2.267s] Level 1:colcon.colcon_core.package_identification:_identify(src/amiga-ros2-bridge/venv/lib/python3.10/site-packages/numpy/f2py/tests/src/block_docstring) by extension 'ignore'
[2.267s] Level 1:colcon.colcon_core.package_identification:_identify(src/amiga-ros2-bridge/venv/lib/python3.10/site-packages/numpy/f2py/tests/src/block_docstring) by extension 'ignore_ament_install'
[2.267s] Level 1:colcon.colcon_core.package_identification:_identify(src/amiga-ros2-bridge/venv/lib/python3.10/site-packages/numpy/f2py/tests/src/block_docstring) by extensions ['colcon_pkg']
[2.267s] Level 1:colcon.colcon_core.package_identification:_identify(src/amiga-ros2-bridge/venv/lib/python3.10/site-packages/numpy/f2py/tests/src/block_docstring) by extension 'colcon_pkg'
[2.267s] Level 1:colcon.colcon_core.package_identification:_identify(src/amiga-ros2-bridge/venv/lib/python3.10/site-packages/numpy/f2py/tests/src/block_docstring) by extensions ['colcon_meta']
[2.267s] Level 1:colcon.colcon_core.package_identification:_identify(src/amiga-ros2-bridge/venv/lib/python3.10/site-packages/numpy/f2py/tests/src/block_docstring) by extension 'colcon_meta'
[2.268s] Level 1:colcon.colcon_core.package_identification:_identify(src/amiga-ros2-bridge/venv/lib/python3.10/site-packages/numpy/f2py/tests/src/block_docstring) by extensions ['ros']
[2.268s] Level 1:colcon.colcon_core.package_identification:_identify(src/amiga-ros2-bridge/venv/lib/python3.10/site-packages/numpy/f2py/tests/src/block_docstring) by extension 'ros'
[2.268s] Level 1:colcon.colcon_core.package_identification:_identify(src/amiga-ros2-bridge/venv/lib/python3.10/site-packages/numpy/f2py/tests/src/block_docstring) by extensions ['cmake', 'python']
[2.268s] Level 1:colcon.colcon_core.package_identification:_identify(src/amiga-ros2-bridge/venv/lib/python3.10/site-packages/numpy/f2py/tests/src/block_docstring) by extension 'cmake'
[2.268s] Level 1:colcon.colcon_core.package_identification:_identify(src/amiga-ros2-bridge/venv/lib/python3.10/site-packages/numpy/f2py/tests/src/block_docstring) by extension 'python'
[2.268s] Level 1:colcon.colcon_core.package_identification:_identify(src/amiga-ros2-bridge/venv/lib/python3.10/site-packages/numpy/f2py/tests/src/block_docstring) by extensions ['python_setup_py']
[2.268s] Level 1:colcon.colcon_core.package_identification:_identify(src/amiga-ros2-bridge/venv/lib/python3.10/site-packages/numpy/f2py/tests/src/block_docstring) by extension 'python_setup_py'
[2.268s] Level 1:colcon.colcon_core.package_identification:_identify(src/amiga-ros2-bridge/venv/lib/python3.10/site-packages/numpy/f2py/tests/src/callback) by extensions ['ignore', 'ignore_ament_install']
[2.269s] Level 1:colcon.colcon_core.package_identification:_identify(src/amiga-ros2-bridge/venv/lib/python3.10/site-packages/numpy/f2py/tests/src/callback) by extension 'ignore'
[2.269s] Level 1:colcon.colcon_core.package_identification:_identify(src/amiga-ros2-bridge/venv/lib/python3.10/site-packages/numpy/f2py/tests/src/callback) by extension 'ignore_ament_install'
[2.269s] Level 1:colcon.colcon_core.package_identification:_identify(src/amiga-ros2-bridge/venv/lib/python3.10/site-packages/numpy/f2py/tests/src/callback) by extensions ['colcon_pkg']
[2.269s] Level 1:colcon.colcon_core.package_identification:_identify(src/amiga-ros2-bridge/venv/lib/python3.10/site-packages/numpy/f2py/tests/src/callback) by extension 'colcon_pkg'
[2.269s] Level 1:colcon.colcon_core.package_identification:_identify(src/amiga-ros2-bridge/venv/lib/python3.10/site-packages/numpy/f2py/tests/src/callback) by extensions ['colcon_meta']
[2.269s] Level 1:colcon.colcon_core.package_identification:_identify(src/amiga-ros2-bridge/venv/lib/python3.10/site-packages/numpy/f2py/tests/src/callback) by extension 'colcon_meta'
[2.269s] Level 1:colcon.colcon_core.package_identification:_identify(src/amiga-ros2-bridge/venv/lib/python3.10/site-packages/numpy/f2py/tests/src/callback) by extensions ['ros']
[2.269s] Level 1:colcon.colcon_core.package_identification:_identify(src/amiga-ros2-bridge/venv/lib/python3.10/site-packages/numpy/f2py/tests/src/callback) by extension 'ros'
[2.270s] Level 1:colcon.colcon_core.package_identification:_identify(src/amiga-ros2-bridge/venv/lib/python3.10/site-packages/numpy/f2py/tests/src/callback) by extensions ['cmake', 'python']
[2.270s] Level 1:colcon.colcon_core.package_identification:_identify(src/amiga-ros2-bridge/venv/lib/python3.10/site-packages/numpy/f2py/tests/src/callback) by extension 'cmake'
[2.270s] Level 1:colcon.colcon_core.package_identification:_identify(src/amiga-ros2-bridge/venv/lib/python3.10/site-packages/numpy/f2py/tests/src/callback) by extension 'python'
[2.270s] Level 1:colcon.colcon_core.package_identification:_identify(src/amiga-ros2-bridge/venv/lib/python3.10/site-packages/numpy/f2py/tests/src/callback) by extensions ['python_setup_py']
[2.270s] Level 1:colcon.colcon_core.package_identification:_identify(src/amiga-ros2-bridge/venv/lib/python3.10/site-packages/numpy/f2py/tests/src/callback) by extension 'python_setup_py'
[2.270s] Level 1:colcon.colcon_core.package_identification:_identify(src/amiga-ros2-bridge/venv/lib/python3.10/site-packages/numpy/f2py/tests/src/cli) by extensions ['ignore', 'ignore_ament_install']
[2.270s] Level 1:colcon.colcon_core.package_identification:_identify(src/amiga-ros2-bridge/venv/lib/python3.10/site-packages/numpy/f2py/tests/src/cli) by extension 'ignore'
[2.270s] Level 1:colcon.colcon_core.package_identification:_identify(src/amiga-ros2-bridge/venv/lib/python3.10/site-packages/numpy/f2py/tests/src/cli) by extension 'ignore_ament_install'
[2.271s] Level 1:colcon.colcon_core.package_identification:_identify(src/amiga-ros2-bridge/venv/lib/python3.10/site-packages/numpy/f2py/tests/src/cli) by extensions ['colcon_pkg']
[2.271s] Level 1:colcon.colcon_core.package_identification:_identify(src/amiga-ros2-bridge/venv/lib/python3.10/site-packages/numpy/f2py/tests/src/cli) by extension 'colcon_pkg'
[2.271s] Level 1:colcon.colcon_core.package_identification:_identify(src/amiga-ros2-bridge/venv/lib/python3.10/site-packages/numpy/f2py/tests/src/cli) by extensions ['colcon_meta']
[2.271s] Level 1:colcon.colcon_core.package_identification:_identify(src/amiga-ros2-bridge/venv/lib/python3.10/site-packages/numpy/f2py/tests/src/cli) by extension 'colcon_meta'
[2.271s] Level 1:colcon.colcon_core.package_identification:_identify(src/amiga-ros2-bridge/venv/lib/python3.10/site-packages/numpy/f2py/tests/src/cli) by extensions ['ros']
[2.271s] Level 1:colcon.colcon_core.package_identification:_identify(src/amiga-ros2-bridge/venv/lib/python3.10/site-packages/numpy/f2py/tests/src/cli) by extension 'ros'
[2.271s] Level 1:colcon.colcon_core.package_identification:_identify(src/amiga-ros2-bridge/venv/lib/python3.10/site-packages/numpy/f2py/tests/src/cli) by extensions ['cmake', 'python']
[2.271s] Level 1:colcon.colcon_core.package_identification:_identify(src/amiga-ros2-bridge/venv/lib/python3.10/site-packages/numpy/f2py/tests/src/cli) by extension 'cmake'
[2.271s] Level 1:colcon.colcon_core.package_identification:_identify(src/amiga-ros2-bridge/venv/lib/python3.10/site-packages/numpy/f2py/tests/src/cli) by extension 'python'
[2.271s] Level 1:colcon.colcon_core.package_identification:_identify(src/amiga-ros2-bridge/venv/lib/python3.10/site-packages/numpy/f2py/tests/src/cli) by extensions ['python_setup_py']
[2.272s] Level 1:colcon.colcon_core.package_identification:_identify(src/amiga-ros2-bridge/venv/lib/python3.10/site-packages/numpy/f2py/tests/src/cli) by extension 'python_setup_py'
[2.272s] Level 1:colcon.colcon_core.package_identification:_identify(src/amiga-ros2-bridge/venv/lib/python3.10/site-packages/numpy/f2py/tests/src/common) by extensions ['ignore', 'ignore_ament_install']
[2.272s] Level 1:colcon.colcon_core.package_identification:_identify(src/amiga-ros2-bridge/venv/lib/python3.10/site-packages/numpy/f2py/tests/src/common) by extension 'ignore'
[2.272s] Level 1:colcon.colcon_core.package_identification:_identify(src/amiga-ros2-bridge/venv/lib/python3.10/site-packages/numpy/f2py/tests/src/common) by extension 'ignore_ament_install'
[2.272s] Level 1:colcon.colcon_core.package_identification:_identify(src/amiga-ros2-bridge/venv/lib/python3.10/site-packages/numpy/f2py/tests/src/common) by extensions ['colcon_pkg']
[2.272s] Level 1:colcon.colcon_core.package_identification:_identify(src/amiga-ros2-bridge/venv/lib/python3.10/site-packages/numpy/f2py/tests/src/common) by extension 'colcon_pkg'
[2.272s] Level 1:colcon.colcon_core.package_identification:_identify(src/amiga-ros2-bridge/venv/lib/python3.10/site-packages/numpy/f2py/tests/src/common) by extensions ['colcon_meta']
[2.272s] Level 1:colcon.colcon_core.package_identification:_identify(src/amiga-ros2-bridge/venv/lib/python3.10/site-packages/numpy/f2py/tests/src/common) by extension 'colcon_meta'
[2.273s] Level 1:colcon.colcon_core.package_identification:_identify(src/amiga-ros2-bridge/venv/lib/python3.10/site-packages/numpy/f2py/tests/src/common) by extensions ['ros']
[2.273s] Level 1:colcon.colcon_core.package_identification:_identify(src/amiga-ros2-bridge/venv/lib/python3.10/site-packages/numpy/f2py/tests/src/common) by extension 'ros'
[2.273s] Level 1:colcon.colcon_core.package_identification:_identify(src/amiga-ros2-bridge/venv/lib/python3.10/site-packages/numpy/f2py/tests/src/common) by extensions ['cmake', 'python']
[2.273s] Level 1:colcon.colcon_core.package_identification:_identify(src/amiga-ros2-bridge/venv/lib/python3.10/site-packages/numpy/f2py/tests/src/common) by extension 'cmake'
[2.273s] Level 1:colcon.colcon_core.package_identification:_identify(src/amiga-ros2-bridge/venv/lib/python3.10/site-packages/numpy/f2py/tests/src/common) by extension 'python'
[2.273s] Level 1:colcon.colcon_core.package_identification:_identify(src/amiga-ros2-bridge/venv/lib/python3.10/site-packages/numpy/f2py/tests/src/common) by extensions ['python_setup_py']
[2.273s] Level 1:colcon.colcon_core.package_identification:_identify(src/amiga-ros2-bridge/venv/lib/python3.10/site-packages/numpy/f2py/tests/src/common) by extension 'python_setup_py'
[2.273s] Level 1:colcon.colcon_core.package_identification:_identify(src/amiga-ros2-bridge/venv/lib/python3.10/site-packages/numpy/f2py/tests/src/crackfortran) by extensions ['ignore', 'ignore_ament_install']
[2.274s] Level 1:colcon.colcon_core.package_identification:_identify(src/amiga-ros2-bridge/venv/lib/python3.10/site-packages/numpy/f2py/tests/src/crackfortran) by extension 'ignore'
[2.274s] Level 1:colcon.colcon_core.package_identification:_identify(src/amiga-ros2-bridge/venv/lib/python3.10/site-packages/numpy/f2py/tests/src/crackfortran) by extension 'ignore_ament_install'
[2.274s] Level 1:colcon.colcon_core.package_identification:_identify(src/amiga-ros2-bridge/venv/lib/python3.10/site-packages/numpy/f2py/tests/src/crackfortran) by extensions ['colcon_pkg']
[2.274s] Level 1:colcon.colcon_core.package_identification:_identify(src/amiga-ros2-bridge/venv/lib/python3.10/site-packages/numpy/f2py/tests/src/crackfortran) by extension 'colcon_pkg'
[2.274s] Level 1:colcon.colcon_core.package_identification:_identify(src/amiga-ros2-bridge/venv/lib/python3.10/site-packages/numpy/f2py/tests/src/crackfortran) by extensions ['colcon_meta']
[2.274s] Level 1:colcon.colcon_core.package_identification:_identify(src/amiga-ros2-bridge/venv/lib/python3.10/site-packages/numpy/f2py/tests/src/crackfortran) by extension 'colcon_meta'
[2.274s] Level 1:colcon.colcon_core.package_identification:_identify(src/amiga-ros2-bridge/venv/lib/python3.10/site-packages/numpy/f2py/tests/src/crackfortran) by extensions ['ros']
[2.274s] Level 1:colcon.colcon_core.package_identification:_identify(src/amiga-ros2-bridge/venv/lib/python3.10/site-packages/numpy/f2py/tests/src/crackfortran) by extension 'ros'
[2.275s] Level 1:colcon.colcon_core.package_identification:_identify(src/amiga-ros2-bridge/venv/lib/python3.10/site-packages/numpy/f2py/tests/src/crackfortran) by extensions ['cmake', 'python']
[2.275s] Level 1:colcon.colcon_core.package_identification:_identify(src/amiga-ros2-bridge/venv/lib/python3.10/site-packages/numpy/f2py/tests/src/crackfortran) by extension 'cmake'
[2.275s] Level 1:colcon.colcon_core.package_identification:_identify(src/amiga-ros2-bridge/venv/lib/python3.10/site-packages/numpy/f2py/tests/src/crackfortran) by extension 'python'
[2.275s] Level 1:colcon.colcon_core.package_identification:_identify(src/amiga-ros2-bridge/venv/lib/python3.10/site-packages/numpy/f2py/tests/src/crackfortran) by extensions ['python_setup_py']
[2.275s] Level 1:colcon.colcon_core.package_identification:_identify(src/amiga-ros2-bridge/venv/lib/python3.10/site-packages/numpy/f2py/tests/src/crackfortran) by extension 'python_setup_py'
[2.275s] Level 1:colcon.colcon_core.package_identification:_identify(src/amiga-ros2-bridge/venv/lib/python3.10/site-packages/numpy/f2py/tests/src/f2cmap) by extensions ['ignore', 'ignore_ament_install']
[2.275s] Level 1:colcon.colcon_core.package_identification:_identify(src/amiga-ros2-bridge/venv/lib/python3.10/site-packages/numpy/f2py/tests/src/f2cmap) by extension 'ignore'
[2.275s] Level 1:colcon.colcon_core.package_identification:_identify(src/amiga-ros2-bridge/venv/lib/python3.10/site-packages/numpy/f2py/tests/src/f2cmap) by extension 'ignore_ament_install'
[2.276s] Level 1:colcon.colcon_core.package_identification:_identify(src/amiga-ros2-bridge/venv/lib/python3.10/site-packages/numpy/f2py/tests/src/f2cmap) by extensions ['colcon_pkg']
[2.276s] Level 1:colcon.colcon_core.package_identification:_identify(src/amiga-ros2-bridge/venv/lib/python3.10/site-packages/numpy/f2py/tests/src/f2cmap) by extension 'colcon_pkg'
[2.276s] Level 1:colcon.colcon_core.package_identification:_identify(src/amiga-ros2-bridge/venv/lib/python3.10/site-packages/numpy/f2py/tests/src/f2cmap) by extensions ['colcon_meta']
[2.276s] Level 1:colcon.colcon_core.package_identification:_identify(src/amiga-ros2-bridge/venv/lib/python3.10/site-packages/numpy/f2py/tests/src/f2cmap) by extension 'colcon_meta'
[2.276s] Level 1:colcon.colcon_core.package_identification:_identify(src/amiga-ros2-bridge/venv/lib/python3.10/site-packages/numpy/f2py/tests/src/f2cmap) by extensions ['ros']
[2.276s] Level 1:colcon.colcon_core.package_identification:_identify(src/amiga-ros2-bridge/venv/lib/python3.10/site-packages/numpy/f2py/tests/src/f2cmap) by extension 'ros'
[2.276s] Level 1:colcon.colcon_core.package_identification:_identify(src/amiga-ros2-bridge/venv/lib/python3.10/site-packages/numpy/f2py/tests/src/f2cmap) by extensions ['cmake', 'python']
[2.276s] Level 1:colcon.colcon_core.package_identification:_identify(src/amiga-ros2-bridge/venv/lib/python3.10/site-packages/numpy/f2py/tests/src/f2cmap) by extension 'cmake'
[2.276s] Level 1:colcon.colcon_core.package_identification:_identify(src/amiga-ros2-bridge/venv/lib/python3.10/site-packages/numpy/f2py/tests/src/f2cmap) by extension 'python'
[2.277s] Level 1:colcon.colcon_core.package_identification:_identify(src/amiga-ros2-bridge/venv/lib/python3.10/site-packages/numpy/f2py/tests/src/f2cmap) by extensions ['python_setup_py']
[2.277s] Level 1:colcon.colcon_core.package_identification:_identify(src/amiga-ros2-bridge/venv/lib/python3.10/site-packages/numpy/f2py/tests/src/f2cmap) by extension 'python_setup_py'
[2.277s] Level 1:colcon.colcon_core.package_identification:_identify(src/amiga-ros2-bridge/venv/lib/python3.10/site-packages/numpy/f2py/tests/src/isocintrin) by extensions ['ignore', 'ignore_ament_install']
[2.277s] Level 1:colcon.colcon_core.package_identification:_identify(src/amiga-ros2-bridge/venv/lib/python3.10/site-packages/numpy/f2py/tests/src/isocintrin) by extension 'ignore'
[2.277s] Level 1:colcon.colcon_core.package_identification:_identify(src/amiga-ros2-bridge/venv/lib/python3.10/site-packages/numpy/f2py/tests/src/isocintrin) by extension 'ignore_ament_install'
[2.277s] Level 1:colcon.colcon_core.package_identification:_identify(src/amiga-ros2-bridge/venv/lib/python3.10/site-packages/numpy/f2py/tests/src/isocintrin) by extensions ['colcon_pkg']
[2.277s] Level 1:colcon.colcon_core.package_identification:_identify(src/amiga-ros2-bridge/venv/lib/python3.10/site-packages/numpy/f2py/tests/src/isocintrin) by extension 'colcon_pkg'
[2.277s] Level 1:colcon.colcon_core.package_identification:_identify(src/amiga-ros2-bridge/venv/lib/python3.10/site-packages/numpy/f2py/tests/src/isocintrin) by extensions ['colcon_meta']
[2.277s] Level 1:colcon.colcon_core.package_identification:_identify(src/amiga-ros2-bridge/venv/lib/python3.10/site-packages/numpy/f2py/tests/src/isocintrin) by extension 'colcon_meta'
[2.278s] Level 1:colcon.colcon_core.package_identification:_identify(src/amiga-ros2-bridge/venv/lib/python3.10/site-packages/numpy/f2py/tests/src/isocintrin) by extensions ['ros']
[2.278s] Level 1:colcon.colcon_core.package_identification:_identify(src/amiga-ros2-bridge/venv/lib/python3.10/site-packages/numpy/f2py/tests/src/isocintrin) by extension 'ros'
[2.278s] Level 1:colcon.colcon_core.package_identification:_identify(src/amiga-ros2-bridge/venv/lib/python3.10/site-packages/numpy/f2py/tests/src/isocintrin) by extensions ['cmake', 'python']
[2.278s] Level 1:colcon.colcon_core.package_identification:_identify(src/amiga-ros2-bridge/venv/lib/python3.10/site-packages/numpy/f2py/tests/src/isocintrin) by extension 'cmake'
[2.278s] Level 1:colcon.colcon_core.package_identification:_identify(src/amiga-ros2-bridge/venv/lib/python3.10/site-packages/numpy/f2py/tests/src/isocintrin) by extension 'python'
[2.278s] Level 1:colcon.colcon_core.package_identification:_identify(src/amiga-ros2-bridge/venv/lib/python3.10/site-packages/numpy/f2py/tests/src/isocintrin) by extensions ['python_setup_py']
[2.278s] Level 1:colcon.colcon_core.package_identification:_identify(src/amiga-ros2-bridge/venv/lib/python3.10/site-packages/numpy/f2py/tests/src/isocintrin) by extension 'python_setup_py'
[2.278s] Level 1:colcon.colcon_core.package_identification:_identify(src/amiga-ros2-bridge/venv/lib/python3.10/site-packages/numpy/f2py/tests/src/kind) by extensions ['ignore', 'ignore_ament_install']
[2.279s] Level 1:colcon.colcon_core.package_identification:_identify(src/amiga-ros2-bridge/venv/lib/python3.10/site-packages/numpy/f2py/tests/src/kind) by extension 'ignore'
[2.279s] Level 1:colcon.colcon_core.package_identification:_identify(src/amiga-ros2-bridge/venv/lib/python3.10/site-packages/numpy/f2py/tests/src/kind) by extension 'ignore_ament_install'
[2.279s] Level 1:colcon.colcon_core.package_identification:_identify(src/amiga-ros2-bridge/venv/lib/python3.10/site-packages/numpy/f2py/tests/src/kind) by extensions ['colcon_pkg']
[2.279s] Level 1:colcon.colcon_core.package_identification:_identify(src/amiga-ros2-bridge/venv/lib/python3.10/site-packages/numpy/f2py/tests/src/kind) by extension 'colcon_pkg'
[2.279s] Level 1:colcon.colcon_core.package_identification:_identify(src/amiga-ros2-bridge/venv/lib/python3.10/site-packages/numpy/f2py/tests/src/kind) by extensions ['colcon_meta']
[2.279s] Level 1:colcon.colcon_core.package_identification:_identify(src/amiga-ros2-bridge/venv/lib/python3.10/site-packages/numpy/f2py/tests/src/kind) by extension 'colcon_meta'
[2.279s] Level 1:colcon.colcon_core.package_identification:_identify(src/amiga-ros2-bridge/venv/lib/python3.10/site-packages/numpy/f2py/tests/src/kind) by extensions ['ros']
[2.279s] Level 1:colcon.colcon_core.package_identification:_identify(src/amiga-ros2-bridge/venv/lib/python3.10/site-packages/numpy/f2py/tests/src/kind) by extension 'ros'
[2.280s] Level 1:colcon.colcon_core.package_identification:_identify(src/amiga-ros2-bridge/venv/lib/python3.10/site-packages/numpy/f2py/tests/src/kind) by extensions ['cmake', 'python']
[2.280s] Level 1:colcon.colcon_core.package_identification:_identify(src/amiga-ros2-bridge/venv/lib/python3.10/site-packages/numpy/f2py/tests/src/kind) by extension 'cmake'
[2.280s] Level 1:colcon.colcon_core.package_identification:_identify(src/amiga-ros2-bridge/venv/lib/python3.10/site-packages/numpy/f2py/tests/src/kind) by extension 'python'
[2.280s] Level 1:colcon.colcon_core.package_identification:_identify(src/amiga-ros2-bridge/venv/lib/python3.10/site-packages/numpy/f2py/tests/src/kind) by extensions ['python_setup_py']
[2.280s] Level 1:colcon.colcon_core.package_identification:_identify(src/amiga-ros2-bridge/venv/lib/python3.10/site-packages/numpy/f2py/tests/src/kind) by extension 'python_setup_py'
[2.280s] Level 1:colcon.colcon_core.package_identification:_identify(src/amiga-ros2-bridge/venv/lib/python3.10/site-packages/numpy/f2py/tests/src/mixed) by extensions ['ignore', 'ignore_ament_install']
[2.280s] Level 1:colcon.colcon_core.package_identification:_identify(src/amiga-ros2-bridge/venv/lib/python3.10/site-packages/numpy/f2py/tests/src/mixed) by extension 'ignore'
[2.280s] Level 1:colcon.colcon_core.package_identification:_identify(src/amiga-ros2-bridge/venv/lib/python3.10/site-packages/numpy/f2py/tests/src/mixed) by extension 'ignore_ament_install'
[2.281s] Level 1:colcon.colcon_core.package_identification:_identify(src/amiga-ros2-bridge/venv/lib/python3.10/site-packages/numpy/f2py/tests/src/mixed) by extensions ['colcon_pkg']
[2.281s] Level 1:colcon.colcon_core.package_identification:_identify(src/amiga-ros2-bridge/venv/lib/python3.10/site-packages/numpy/f2py/tests/src/mixed) by extension 'colcon_pkg'
[2.281s] Level 1:colcon.colcon_core.package_identification:_identify(src/amiga-ros2-bridge/venv/lib/python3.10/site-packages/numpy/f2py/tests/src/mixed) by extensions ['colcon_meta']
[2.281s] Level 1:colcon.colcon_core.package_identification:_identify(src/amiga-ros2-bridge/venv/lib/python3.10/site-packages/numpy/f2py/tests/src/mixed) by extension 'colcon_meta'
[2.281s] Level 1:colcon.colcon_core.package_identification:_identify(src/amiga-ros2-bridge/venv/lib/python3.10/site-packages/numpy/f2py/tests/src/mixed) by extensions ['ros']
[2.281s] Level 1:colcon.colcon_core.package_identification:_identify(src/amiga-ros2-bridge/venv/lib/python3.10/site-packages/numpy/f2py/tests/src/mixed) by extension 'ros'
[2.281s] Level 1:colcon.colcon_core.package_identification:_identify(src/amiga-ros2-bridge/venv/lib/python3.10/site-packages/numpy/f2py/tests/src/mixed) by extensions ['cmake', 'python']
[2.281s] Level 1:colcon.colcon_core.package_identification:_identify(src/amiga-ros2-bridge/venv/lib/python3.10/site-packages/numpy/f2py/tests/src/mixed) by extension 'cmake'
[2.281s] Level 1:colcon.colcon_core.package_identification:_identify(src/amiga-ros2-bridge/venv/lib/python3.10/site-packages/numpy/f2py/tests/src/mixed) by extension 'python'
[2.282s] Level 1:colcon.colcon_core.package_identification:_identify(src/amiga-ros2-bridge/venv/lib/python3.10/site-packages/numpy/f2py/tests/src/mixed) by extensions ['python_setup_py']
[2.282s] Level 1:colcon.colcon_core.package_identification:_identify(src/amiga-ros2-bridge/venv/lib/python3.10/site-packages/numpy/f2py/tests/src/mixed) by extension 'python_setup_py'
[2.282s] Level 1:colcon.colcon_core.package_identification:_identify(src/amiga-ros2-bridge/venv/lib/python3.10/site-packages/numpy/f2py/tests/src/modules) by extensions ['ignore', 'ignore_ament_install']
[2.282s] Level 1:colcon.colcon_core.package_identification:_identify(src/amiga-ros2-bridge/venv/lib/python3.10/site-packages/numpy/f2py/tests/src/modules) by extension 'ignore'
[2.282s] Level 1:colcon.colcon_core.package_identification:_identify(src/amiga-ros2-bridge/venv/lib/python3.10/site-packages/numpy/f2py/tests/src/modules) by extension 'ignore_ament_install'
[2.282s] Level 1:colcon.colcon_core.package_identification:_identify(src/amiga-ros2-bridge/venv/lib/python3.10/site-packages/numpy/f2py/tests/src/modules) by extensions ['colcon_pkg']
[2.282s] Level 1:colcon.colcon_core.package_identification:_identify(src/amiga-ros2-bridge/venv/lib/python3.10/site-packages/numpy/f2py/tests/src/modules) by extension 'colcon_pkg'
[2.282s] Level 1:colcon.colcon_core.package_identification:_identify(src/amiga-ros2-bridge/venv/lib/python3.10/site-packages/numpy/f2py/tests/src/modules) by extensions ['colcon_meta']
[2.282s] Level 1:colcon.colcon_core.package_identification:_identify(src/amiga-ros2-bridge/venv/lib/python3.10/site-packages/numpy/f2py/tests/src/modules) by extension 'colcon_meta'
[2.283s] Level 1:colcon.colcon_core.package_identification:_identify(src/amiga-ros2-bridge/venv/lib/python3.10/site-packages/numpy/f2py/tests/src/modules) by extensions ['ros']
[2.283s] Level 1:colcon.colcon_core.package_identification:_identify(src/amiga-ros2-bridge/venv/lib/python3.10/site-packages/numpy/f2py/tests/src/modules) by extension 'ros'
[2.283s] Level 1:colcon.colcon_core.package_identification:_identify(src/amiga-ros2-bridge/venv/lib/python3.10/site-packages/numpy/f2py/tests/src/modules) by extensions ['cmake', 'python']
[2.283s] Level 1:colcon.colcon_core.package_identification:_identify(src/amiga-ros2-bridge/venv/lib/python3.10/site-packages/numpy/f2py/tests/src/modules) by extension 'cmake'
[2.283s] Level 1:colcon.colcon_core.package_identification:_identify(src/amiga-ros2-bridge/venv/lib/python3.10/site-packages/numpy/f2py/tests/src/modules) by extension 'python'
[2.283s] Level 1:colcon.colcon_core.package_identification:_identify(src/amiga-ros2-bridge/venv/lib/python3.10/site-packages/numpy/f2py/tests/src/modules) by extensions ['python_setup_py']
[2.283s] Level 1:colcon.colcon_core.package_identification:_identify(src/amiga-ros2-bridge/venv/lib/python3.10/site-packages/numpy/f2py/tests/src/modules) by extension 'python_setup_py'
[2.284s] Level 1:colcon.colcon_core.package_identification:_identify(src/amiga-ros2-bridge/venv/lib/python3.10/site-packages/numpy/f2py/tests/src/modules/gh25337) by extensions ['ignore', 'ignore_ament_install']
[2.284s] Level 1:colcon.colcon_core.package_identification:_identify(src/amiga-ros2-bridge/venv/lib/python3.10/site-packages/numpy/f2py/tests/src/modules/gh25337) by extension 'ignore'
[2.284s] Level 1:colcon.colcon_core.package_identification:_identify(src/amiga-ros2-bridge/venv/lib/python3.10/site-packages/numpy/f2py/tests/src/modules/gh25337) by extension 'ignore_ament_install'
[2.284s] Level 1:colcon.colcon_core.package_identification:_identify(src/amiga-ros2-bridge/venv/lib/python3.10/site-packages/numpy/f2py/tests/src/modules/gh25337) by extensions ['colcon_pkg']
[2.284s] Level 1:colcon.colcon_core.package_identification:_identify(src/amiga-ros2-bridge/venv/lib/python3.10/site-packages/numpy/f2py/tests/src/modules/gh25337) by extension 'colcon_pkg'
[2.284s] Level 1:colcon.colcon_core.package_identification:_identify(src/amiga-ros2-bridge/venv/lib/python3.10/site-packages/numpy/f2py/tests/src/modules/gh25337) by extensions ['colcon_meta']
[2.284s] Level 1:colcon.colcon_core.package_identification:_identify(src/amiga-ros2-bridge/venv/lib/python3.10/site-packages/numpy/f2py/tests/src/modules/gh25337) by extension 'colcon_meta'
[2.284s] Level 1:colcon.colcon_core.package_identification:_identify(src/amiga-ros2-bridge/venv/lib/python3.10/site-packages/numpy/f2py/tests/src/modules/gh25337) by extensions ['ros']
[2.284s] Level 1:colcon.colcon_core.package_identification:_identify(src/amiga-ros2-bridge/venv/lib/python3.10/site-packages/numpy/f2py/tests/src/modules/gh25337) by extension 'ros'
[2.285s] Level 1:colcon.colcon_core.package_identification:_identify(src/amiga-ros2-bridge/venv/lib/python3.10/site-packages/numpy/f2py/tests/src/modules/gh25337) by extensions ['cmake', 'python']
[2.285s] Level 1:colcon.colcon_core.package_identification:_identify(src/amiga-ros2-bridge/venv/lib/python3.10/site-packages/numpy/f2py/tests/src/modules/gh25337) by extension 'cmake'
[2.285s] Level 1:colcon.colcon_core.package_identification:_identify(src/amiga-ros2-bridge/venv/lib/python3.10/site-packages/numpy/f2py/tests/src/modules/gh25337) by extension 'python'
[2.285s] Level 1:colcon.colcon_core.package_identification:_identify(src/amiga-ros2-bridge/venv/lib/python3.10/site-packages/numpy/f2py/tests/src/modules/gh25337) by extensions ['python_setup_py']
[2.285s] Level 1:colcon.colcon_core.package_identification:_identify(src/amiga-ros2-bridge/venv/lib/python3.10/site-packages/numpy/f2py/tests/src/modules/gh25337) by extension 'python_setup_py'
[2.285s] Level 1:colcon.colcon_core.package_identification:_identify(src/amiga-ros2-bridge/venv/lib/python3.10/site-packages/numpy/f2py/tests/src/modules/gh26920) by extensions ['ignore', 'ignore_ament_install']
[2.285s] Level 1:colcon.colcon_core.package_identification:_identify(src/amiga-ros2-bridge/venv/lib/python3.10/site-packages/numpy/f2py/tests/src/modules/gh26920) by extension 'ignore'
[2.286s] Level 1:colcon.colcon_core.package_identification:_identify(src/amiga-ros2-bridge/venv/lib/python3.10/site-packages/numpy/f2py/tests/src/modules/gh26920) by extension 'ignore_ament_install'
[2.286s] Level 1:colcon.colcon_core.package_identification:_identify(src/amiga-ros2-bridge/venv/lib/python3.10/site-packages/numpy/f2py/tests/src/modules/gh26920) by extensions ['colcon_pkg']
[2.286s] Level 1:colcon.colcon_core.package_identification:_identify(src/amiga-ros2-bridge/venv/lib/python3.10/site-packages/numpy/f2py/tests/src/modules/gh26920) by extension 'colcon_pkg'
[2.286s] Level 1:colcon.colcon_core.package_identification:_identify(src/amiga-ros2-bridge/venv/lib/python3.10/site-packages/numpy/f2py/tests/src/modules/gh26920) by extensions ['colcon_meta']
[2.286s] Level 1:colcon.colcon_core.package_identification:_identify(src/amiga-ros2-bridge/venv/lib/python3.10/site-packages/numpy/f2py/tests/src/modules/gh26920) by extension 'colcon_meta'
[2.286s] Level 1:colcon.colcon_core.package_identification:_identify(src/amiga-ros2-bridge/venv/lib/python3.10/site-packages/numpy/f2py/tests/src/modules/gh26920) by extensions ['ros']
[2.286s] Level 1:colcon.colcon_core.package_identification:_identify(src/amiga-ros2-bridge/venv/lib/python3.10/site-packages/numpy/f2py/tests/src/modules/gh26920) by extension 'ros'
[2.286s] Level 1:colcon.colcon_core.package_identification:_identify(src/amiga-ros2-bridge/venv/lib/python3.10/site-packages/numpy/f2py/tests/src/modules/gh26920) by extensions ['cmake', 'python']
[2.286s] Level 1:colcon.colcon_core.package_identification:_identify(src/amiga-ros2-bridge/venv/lib/python3.10/site-packages/numpy/f2py/tests/src/modules/gh26920) by extension 'cmake'
[2.286s] Level 1:colcon.colcon_core.package_identification:_identify(src/amiga-ros2-bridge/venv/lib/python3.10/site-packages/numpy/f2py/tests/src/modules/gh26920) by extension 'python'
[2.287s] Level 1:colcon.colcon_core.package_identification:_identify(src/amiga-ros2-bridge/venv/lib/python3.10/site-packages/numpy/f2py/tests/src/modules/gh26920) by extensions ['python_setup_py']
[2.287s] Level 1:colcon.colcon_core.package_identification:_identify(src/amiga-ros2-bridge/venv/lib/python3.10/site-packages/numpy/f2py/tests/src/modules/gh26920) by extension 'python_setup_py'
[2.287s] Level 1:colcon.colcon_core.package_identification:_identify(src/amiga-ros2-bridge/venv/lib/python3.10/site-packages/numpy/f2py/tests/src/negative_bounds) by extensions ['ignore', 'ignore_ament_install']
[2.287s] Level 1:colcon.colcon_core.package_identification:_identify(src/amiga-ros2-bridge/venv/lib/python3.10/site-packages/numpy/f2py/tests/src/negative_bounds) by extension 'ignore'
[2.287s] Level 1:colcon.colcon_core.package_identification:_identify(src/amiga-ros2-bridge/venv/lib/python3.10/site-packages/numpy/f2py/tests/src/negative_bounds) by extension 'ignore_ament_install'
[2.287s] Level 1:colcon.colcon_core.package_identification:_identify(src/amiga-ros2-bridge/venv/lib/python3.10/site-packages/numpy/f2py/tests/src/negative_bounds) by extensions ['colcon_pkg']
[2.287s] Level 1:colcon.colcon_core.package_identification:_identify(src/amiga-ros2-bridge/venv/lib/python3.10/site-packages/numpy/f2py/tests/src/negative_bounds) by extension 'colcon_pkg'
[2.287s] Level 1:colcon.colcon_core.package_identification:_identify(src/amiga-ros2-bridge/venv/lib/python3.10/site-packages/numpy/f2py/tests/src/negative_bounds) by extensions ['colcon_meta']
[2.288s] Level 1:colcon.colcon_core.package_identification:_identify(src/amiga-ros2-bridge/venv/lib/python3.10/site-packages/numpy/f2py/tests/src/negative_bounds) by extension 'colcon_meta'
[2.288s] Level 1:colcon.colcon_core.package_identification:_identify(src/amiga-ros2-bridge/venv/lib/python3.10/site-packages/numpy/f2py/tests/src/negative_bounds) by extensions ['ros']
[2.288s] Level 1:colcon.colcon_core.package_identification:_identify(src/amiga-ros2-bridge/venv/lib/python3.10/site-packages/numpy/f2py/tests/src/negative_bounds) by extension 'ros'
[2.288s] Level 1:colcon.colcon_core.package_identification:_identify(src/amiga-ros2-bridge/venv/lib/python3.10/site-packages/numpy/f2py/tests/src/negative_bounds) by extensions ['cmake', 'python']
[2.288s] Level 1:colcon.colcon_core.package_identification:_identify(src/amiga-ros2-bridge/venv/lib/python3.10/site-packages/numpy/f2py/tests/src/negative_bounds) by extension 'cmake'
[2.288s] Level 1:colcon.colcon_core.package_identification:_identify(src/amiga-ros2-bridge/venv/lib/python3.10/site-packages/numpy/f2py/tests/src/negative_bounds) by extension 'python'
[2.288s] Level 1:colcon.colcon_core.package_identification:_identify(src/amiga-ros2-bridge/venv/lib/python3.10/site-packages/numpy/f2py/tests/src/negative_bounds) by extensions ['python_setup_py']
[2.288s] Level 1:colcon.colcon_core.package_identification:_identify(src/amiga-ros2-bridge/venv/lib/python3.10/site-packages/numpy/f2py/tests/src/negative_bounds) by extension 'python_setup_py'
[2.289s] Level 1:colcon.colcon_core.package_identification:_identify(src/amiga-ros2-bridge/venv/lib/python3.10/site-packages/numpy/f2py/tests/src/parameter) by extensions ['ignore', 'ignore_ament_install']
[2.289s] Level 1:colcon.colcon_core.package_identification:_identify(src/amiga-ros2-bridge/venv/lib/python3.10/site-packages/numpy/f2py/tests/src/parameter) by extension 'ignore'
[2.289s] Level 1:colcon.colcon_core.package_identification:_identify(src/amiga-ros2-bridge/venv/lib/python3.10/site-packages/numpy/f2py/tests/src/parameter) by extension 'ignore_ament_install'
[2.289s] Level 1:colcon.colcon_core.package_identification:_identify(src/amiga-ros2-bridge/venv/lib/python3.10/site-packages/numpy/f2py/tests/src/parameter) by extensions ['colcon_pkg']
[2.289s] Level 1:colcon.colcon_core.package_identification:_identify(src/amiga-ros2-bridge/venv/lib/python3.10/site-packages/numpy/f2py/tests/src/parameter) by extension 'colcon_pkg'
[2.289s] Level 1:colcon.colcon_core.package_identification:_identify(src/amiga-ros2-bridge/venv/lib/python3.10/site-packages/numpy/f2py/tests/src/parameter) by extensions ['colcon_meta']
[2.289s] Level 1:colcon.colcon_core.package_identification:_identify(src/amiga-ros2-bridge/venv/lib/python3.10/site-packages/numpy/f2py/tests/src/parameter) by extension 'colcon_meta'
[2.289s] Level 1:colcon.colcon_core.package_identification:_identify(src/amiga-ros2-bridge/venv/lib/python3.10/site-packages/numpy/f2py/tests/src/parameter) by extensions ['ros']
[2.289s] Level 1:colcon.colcon_core.package_identification:_identify(src/amiga-ros2-bridge/venv/lib/python3.10/site-packages/numpy/f2py/tests/src/parameter) by extension 'ros'
[2.290s] Level 1:colcon.colcon_core.package_identification:_identify(src/amiga-ros2-bridge/venv/lib/python3.10/site-packages/numpy/f2py/tests/src/parameter) by extensions ['cmake', 'python']
[2.290s] Level 1:colcon.colcon_core.package_identification:_identify(src/amiga-ros2-bridge/venv/lib/python3.10/site-packages/numpy/f2py/tests/src/parameter) by extension 'cmake'
[2.290s] Level 1:colcon.colcon_core.package_identification:_identify(src/amiga-ros2-bridge/venv/lib/python3.10/site-packages/numpy/f2py/tests/src/parameter) by extension 'python'
[2.290s] Level 1:colcon.colcon_core.package_identification:_identify(src/amiga-ros2-bridge/venv/lib/python3.10/site-packages/numpy/f2py/tests/src/parameter) by extensions ['python_setup_py']
[2.290s] Level 1:colcon.colcon_core.package_identification:_identify(src/amiga-ros2-bridge/venv/lib/python3.10/site-packages/numpy/f2py/tests/src/parameter) by extension 'python_setup_py'
[2.290s] Level 1:colcon.colcon_core.package_identification:_identify(src/amiga-ros2-bridge/venv/lib/python3.10/site-packages/numpy/f2py/tests/src/quoted_character) by extensions ['ignore', 'ignore_ament_install']
[2.290s] Level 1:colcon.colcon_core.package_identification:_identify(src/amiga-ros2-bridge/venv/lib/python3.10/site-packages/numpy/f2py/tests/src/quoted_character) by extension 'ignore'
[2.291s] Level 1:colcon.colcon_core.package_identification:_identify(src/amiga-ros2-bridge/venv/lib/python3.10/site-packages/numpy/f2py/tests/src/quoted_character) by extension 'ignore_ament_install'
[2.291s] Level 1:colcon.colcon_core.package_identification:_identify(src/amiga-ros2-bridge/venv/lib/python3.10/site-packages/numpy/f2py/tests/src/quoted_character) by extensions ['colcon_pkg']
[2.291s] Level 1:colcon.colcon_core.package_identification:_identify(src/amiga-ros2-bridge/venv/lib/python3.10/site-packages/numpy/f2py/tests/src/quoted_character) by extension 'colcon_pkg'
[2.291s] Level 1:colcon.colcon_core.package_identification:_identify(src/amiga-ros2-bridge/venv/lib/python3.10/site-packages/numpy/f2py/tests/src/quoted_character) by extensions ['colcon_meta']
[2.291s] Level 1:colcon.colcon_core.package_identification:_identify(src/amiga-ros2-bridge/venv/lib/python3.10/site-packages/numpy/f2py/tests/src/quoted_character) by extension 'colcon_meta'
[2.291s] Level 1:colcon.colcon_core.package_identification:_identify(src/amiga-ros2-bridge/venv/lib/python3.10/site-packages/numpy/f2py/tests/src/quoted_character) by extensions ['ros']
[2.291s] Level 1:colcon.colcon_core.package_identification:_identify(src/amiga-ros2-bridge/venv/lib/python3.10/site-packages/numpy/f2py/tests/src/quoted_character) by extension 'ros'
[2.291s] Level 1:colcon.colcon_core.package_identification:_identify(src/amiga-ros2-bridge/venv/lib/python3.10/site-packages/numpy/f2py/tests/src/quoted_character) by extensions ['cmake', 'python']
[2.291s] Level 1:colcon.colcon_core.package_identification:_identify(src/amiga-ros2-bridge/venv/lib/python3.10/site-packages/numpy/f2py/tests/src/quoted_character) by extension 'cmake'
[2.291s] Level 1:colcon.colcon_core.package_identification:_identify(src/amiga-ros2-bridge/venv/lib/python3.10/site-packages/numpy/f2py/tests/src/quoted_character) by extension 'python'
[2.292s] Level 1:colcon.colcon_core.package_identification:_identify(src/amiga-ros2-bridge/venv/lib/python3.10/site-packages/numpy/f2py/tests/src/quoted_character) by extensions ['python_setup_py']
[2.292s] Level 1:colcon.colcon_core.package_identification:_identify(src/amiga-ros2-bridge/venv/lib/python3.10/site-packages/numpy/f2py/tests/src/quoted_character) by extension 'python_setup_py'
[2.292s] Level 1:colcon.colcon_core.package_identification:_identify(src/amiga-ros2-bridge/venv/lib/python3.10/site-packages/numpy/f2py/tests/src/regression) by extensions ['ignore', 'ignore_ament_install']
[2.292s] Level 1:colcon.colcon_core.package_identification:_identify(src/amiga-ros2-bridge/venv/lib/python3.10/site-packages/numpy/f2py/tests/src/regression) by extension 'ignore'
[2.292s] Level 1:colcon.colcon_core.package_identification:_identify(src/amiga-ros2-bridge/venv/lib/python3.10/site-packages/numpy/f2py/tests/src/regression) by extension 'ignore_ament_install'
[2.292s] Level 1:colcon.colcon_core.package_identification:_identify(src/amiga-ros2-bridge/venv/lib/python3.10/site-packages/numpy/f2py/tests/src/regression) by extensions ['colcon_pkg']
[2.292s] Level 1:colcon.colcon_core.package_identification:_identify(src/amiga-ros2-bridge/venv/lib/python3.10/site-packages/numpy/f2py/tests/src/regression) by extension 'colcon_pkg'
[2.293s] Level 1:colcon.colcon_core.package_identification:_identify(src/amiga-ros2-bridge/venv/lib/python3.10/site-packages/numpy/f2py/tests/src/regression) by extensions ['colcon_meta']
[2.293s] Level 1:colcon.colcon_core.package_identification:_identify(src/amiga-ros2-bridge/venv/lib/python3.10/site-packages/numpy/f2py/tests/src/regression) by extension 'colcon_meta'
[2.293s] Level 1:colcon.colcon_core.package_identification:_identify(src/amiga-ros2-bridge/venv/lib/python3.10/site-packages/numpy/f2py/tests/src/regression) by extensions ['ros']
[2.293s] Level 1:colcon.colcon_core.package_identification:_identify(src/amiga-ros2-bridge/venv/lib/python3.10/site-packages/numpy/f2py/tests/src/regression) by extension 'ros'
[2.293s] Level 1:colcon.colcon_core.package_identification:_identify(src/amiga-ros2-bridge/venv/lib/python3.10/site-packages/numpy/f2py/tests/src/regression) by extensions ['cmake', 'python']
[2.293s] Level 1:colcon.colcon_core.package_identification:_identify(src/amiga-ros2-bridge/venv/lib/python3.10/site-packages/numpy/f2py/tests/src/regression) by extension 'cmake'
[2.293s] Level 1:colcon.colcon_core.package_identification:_identify(src/amiga-ros2-bridge/venv/lib/python3.10/site-packages/numpy/f2py/tests/src/regression) by extension 'python'
[2.293s] Level 1:colcon.colcon_core.package_identification:_identify(src/amiga-ros2-bridge/venv/lib/python3.10/site-packages/numpy/f2py/tests/src/regression) by extensions ['python_setup_py']
[2.293s] Level 1:colcon.colcon_core.package_identification:_identify(src/amiga-ros2-bridge/venv/lib/python3.10/site-packages/numpy/f2py/tests/src/regression) by extension 'python_setup_py'
[2.294s] Level 1:colcon.colcon_core.package_identification:_identify(src/amiga-ros2-bridge/venv/lib/python3.10/site-packages/numpy/f2py/tests/src/return_character) by extensions ['ignore', 'ignore_ament_install']
[2.294s] Level 1:colcon.colcon_core.package_identification:_identify(src/amiga-ros2-bridge/venv/lib/python3.10/site-packages/numpy/f2py/tests/src/return_character) by extension 'ignore'
[2.294s] Level 1:colcon.colcon_core.package_identification:_identify(src/amiga-ros2-bridge/venv/lib/python3.10/site-packages/numpy/f2py/tests/src/return_character) by extension 'ignore_ament_install'
[2.294s] Level 1:colcon.colcon_core.package_identification:_identify(src/amiga-ros2-bridge/venv/lib/python3.10/site-packages/numpy/f2py/tests/src/return_character) by extensions ['colcon_pkg']
[2.294s] Level 1:colcon.colcon_core.package_identification:_identify(src/amiga-ros2-bridge/venv/lib/python3.10/site-packages/numpy/f2py/tests/src/return_character) by extension 'colcon_pkg'
[2.294s] Level 1:colcon.colcon_core.package_identification:_identify(src/amiga-ros2-bridge/venv/lib/python3.10/site-packages/numpy/f2py/tests/src/return_character) by extensions ['colcon_meta']
[2.294s] Level 1:colcon.colcon_core.package_identification:_identify(src/amiga-ros2-bridge/venv/lib/python3.10/site-packages/numpy/f2py/tests/src/return_character) by extension 'colcon_meta'
[2.294s] Level 1:colcon.colcon_core.package_identification:_identify(src/amiga-ros2-bridge/venv/lib/python3.10/site-packages/numpy/f2py/tests/src/return_character) by extensions ['ros']
[2.294s] Level 1:colcon.colcon_core.package_identification:_identify(src/amiga-ros2-bridge/venv/lib/python3.10/site-packages/numpy/f2py/tests/src/return_character) by extension 'ros'
[2.295s] Level 1:colcon.colcon_core.package_identification:_identify(src/amiga-ros2-bridge/venv/lib/python3.10/site-packages/numpy/f2py/tests/src/return_character) by extensions ['cmake', 'python']
[2.295s] Level 1:colcon.colcon_core.package_identification:_identify(src/amiga-ros2-bridge/venv/lib/python3.10/site-packages/numpy/f2py/tests/src/return_character) by extension 'cmake'
[2.295s] Level 1:colcon.colcon_core.package_identification:_identify(src/amiga-ros2-bridge/venv/lib/python3.10/site-packages/numpy/f2py/tests/src/return_character) by extension 'python'
[2.295s] Level 1:colcon.colcon_core.package_identification:_identify(src/amiga-ros2-bridge/venv/lib/python3.10/site-packages/numpy/f2py/tests/src/return_character) by extensions ['python_setup_py']
[2.295s] Level 1:colcon.colcon_core.package_identification:_identify(src/amiga-ros2-bridge/venv/lib/python3.10/site-packages/numpy/f2py/tests/src/return_character) by extension 'python_setup_py'
[2.295s] Level 1:colcon.colcon_core.package_identification:_identify(src/amiga-ros2-bridge/venv/lib/python3.10/site-packages/numpy/f2py/tests/src/return_complex) by extensions ['ignore', 'ignore_ament_install']
[2.295s] Level 1:colcon.colcon_core.package_identification:_identify(src/amiga-ros2-bridge/venv/lib/python3.10/site-packages/numpy/f2py/tests/src/return_complex) by extension 'ignore'
[2.296s] Level 1:colcon.colcon_core.package_identification:_identify(src/amiga-ros2-bridge/venv/lib/python3.10/site-packages/numpy/f2py/tests/src/return_complex) by extension 'ignore_ament_install'
[2.296s] Level 1:colcon.colcon_core.package_identification:_identify(src/amiga-ros2-bridge/venv/lib/python3.10/site-packages/numpy/f2py/tests/src/return_complex) by extensions ['colcon_pkg']
[2.296s] Level 1:colcon.colcon_core.package_identification:_identify(src/amiga-ros2-bridge/venv/lib/python3.10/site-packages/numpy/f2py/tests/src/return_complex) by extension 'colcon_pkg'
[2.296s] Level 1:colcon.colcon_core.package_identification:_identify(src/amiga-ros2-bridge/venv/lib/python3.10/site-packages/numpy/f2py/tests/src/return_complex) by extensions ['colcon_meta']
[2.296s] Level 1:colcon.colcon_core.package_identification:_identify(src/amiga-ros2-bridge/venv/lib/python3.10/site-packages/numpy/f2py/tests/src/return_complex) by extension 'colcon_meta'
[2.296s] Level 1:colcon.colcon_core.package_identification:_identify(src/amiga-ros2-bridge/venv/lib/python3.10/site-packages/numpy/f2py/tests/src/return_complex) by extensions ['ros']
[2.296s] Level 1:colcon.colcon_core.package_identification:_identify(src/amiga-ros2-bridge/venv/lib/python3.10/site-packages/numpy/f2py/tests/src/return_complex) by extension 'ros'
[2.296s] Level 1:colcon.colcon_core.package_identification:_identify(src/amiga-ros2-bridge/venv/lib/python3.10/site-packages/numpy/f2py/tests/src/return_complex) by extensions ['cmake', 'python']
[2.296s] Level 1:colcon.colcon_core.package_identification:_identify(src/amiga-ros2-bridge/venv/lib/python3.10/site-packages/numpy/f2py/tests/src/return_complex) by extension 'cmake'
[2.296s] Level 1:colcon.colcon_core.package_identification:_identify(src/amiga-ros2-bridge/venv/lib/python3.10/site-packages/numpy/f2py/tests/src/return_complex) by extension 'python'
[2.297s] Level 1:colcon.colcon_core.package_identification:_identify(src/amiga-ros2-bridge/venv/lib/python3.10/site-packages/numpy/f2py/tests/src/return_complex) by extensions ['python_setup_py']
[2.297s] Level 1:colcon.colcon_core.package_identification:_identify(src/amiga-ros2-bridge/venv/lib/python3.10/site-packages/numpy/f2py/tests/src/return_complex) by extension 'python_setup_py'
[2.297s] Level 1:colcon.colcon_core.package_identification:_identify(src/amiga-ros2-bridge/venv/lib/python3.10/site-packages/numpy/f2py/tests/src/return_integer) by extensions ['ignore', 'ignore_ament_install']
[2.297s] Level 1:colcon.colcon_core.package_identification:_identify(src/amiga-ros2-bridge/venv/lib/python3.10/site-packages/numpy/f2py/tests/src/return_integer) by extension 'ignore'
[2.297s] Level 1:colcon.colcon_core.package_identification:_identify(src/amiga-ros2-bridge/venv/lib/python3.10/site-packages/numpy/f2py/tests/src/return_integer) by extension 'ignore_ament_install'
[2.297s] Level 1:colcon.colcon_core.package_identification:_identify(src/amiga-ros2-bridge/venv/lib/python3.10/site-packages/numpy/f2py/tests/src/return_integer) by extensions ['colcon_pkg']
[2.297s] Level 1:colcon.colcon_core.package_identification:_identify(src/amiga-ros2-bridge/venv/lib/python3.10/site-packages/numpy/f2py/tests/src/return_integer) by extension 'colcon_pkg'
[2.298s] Level 1:colcon.colcon_core.package_identification:_identify(src/amiga-ros2-bridge/venv/lib/python3.10/site-packages/numpy/f2py/tests/src/return_integer) by extensions ['colcon_meta']
[2.298s] Level 1:colcon.colcon_core.package_identification:_identify(src/amiga-ros2-bridge/venv/lib/python3.10/site-packages/numpy/f2py/tests/src/return_integer) by extension 'colcon_meta'
[2.298s] Level 1:colcon.colcon_core.package_identification:_identify(src/amiga-ros2-bridge/venv/lib/python3.10/site-packages/numpy/f2py/tests/src/return_integer) by extensions ['ros']
[2.298s] Level 1:colcon.colcon_core.package_identification:_identify(src/amiga-ros2-bridge/venv/lib/python3.10/site-packages/numpy/f2py/tests/src/return_integer) by extension 'ros'
[2.298s] Level 1:colcon.colcon_core.package_identification:_identify(src/amiga-ros2-bridge/venv/lib/python3.10/site-packages/numpy/f2py/tests/src/return_integer) by extensions ['cmake', 'python']
[2.298s] Level 1:colcon.colcon_core.package_identification:_identify(src/amiga-ros2-bridge/venv/lib/python3.10/site-packages/numpy/f2py/tests/src/return_integer) by extension 'cmake'
[2.298s] Level 1:colcon.colcon_core.package_identification:_identify(src/amiga-ros2-bridge/venv/lib/python3.10/site-packages/numpy/f2py/tests/src/return_integer) by extension 'python'
[2.298s] Level 1:colcon.colcon_core.package_identification:_identify(src/amiga-ros2-bridge/venv/lib/python3.10/site-packages/numpy/f2py/tests/src/return_integer) by extensions ['python_setup_py']
[2.298s] Level 1:colcon.colcon_core.package_identification:_identify(src/amiga-ros2-bridge/venv/lib/python3.10/site-packages/numpy/f2py/tests/src/return_integer) by extension 'python_setup_py'
[2.299s] Level 1:colcon.colcon_core.package_identification:_identify(src/amiga-ros2-bridge/venv/lib/python3.10/site-packages/numpy/f2py/tests/src/return_logical) by extensions ['ignore', 'ignore_ament_install']
[2.299s] Level 1:colcon.colcon_core.package_identification:_identify(src/amiga-ros2-bridge/venv/lib/python3.10/site-packages/numpy/f2py/tests/src/return_logical) by extension 'ignore'
[2.299s] Level 1:colcon.colcon_core.package_identification:_identify(src/amiga-ros2-bridge/venv/lib/python3.10/site-packages/numpy/f2py/tests/src/return_logical) by extension 'ignore_ament_install'
[2.299s] Level 1:colcon.colcon_core.package_identification:_identify(src/amiga-ros2-bridge/venv/lib/python3.10/site-packages/numpy/f2py/tests/src/return_logical) by extensions ['colcon_pkg']
[2.299s] Level 1:colcon.colcon_core.package_identification:_identify(src/amiga-ros2-bridge/venv/lib/python3.10/site-packages/numpy/f2py/tests/src/return_logical) by extension 'colcon_pkg'
[2.299s] Level 1:colcon.colcon_core.package_identification:_identify(src/amiga-ros2-bridge/venv/lib/python3.10/site-packages/numpy/f2py/tests/src/return_logical) by extensions ['colcon_meta']
[2.299s] Level 1:colcon.colcon_core.package_identification:_identify(src/amiga-ros2-bridge/venv/lib/python3.10/site-packages/numpy/f2py/tests/src/return_logical) by extension 'colcon_meta'
[2.299s] Level 1:colcon.colcon_core.package_identification:_identify(src/amiga-ros2-bridge/venv/lib/python3.10/site-packages/numpy/f2py/tests/src/return_logical) by extensions ['ros']
[2.300s] Level 1:colcon.colcon_core.package_identification:_identify(src/amiga-ros2-bridge/venv/lib/python3.10/site-packages/numpy/f2py/tests/src/return_logical) by extension 'ros'
[2.300s] Level 1:colcon.colcon_core.package_identification:_identify(src/amiga-ros2-bridge/venv/lib/python3.10/site-packages/numpy/f2py/tests/src/return_logical) by extensions ['cmake', 'python']
[2.300s] Level 1:colcon.colcon_core.package_identification:_identify(src/amiga-ros2-bridge/venv/lib/python3.10/site-packages/numpy/f2py/tests/src/return_logical) by extension 'cmake'
[2.300s] Level 1:colcon.colcon_core.package_identification:_identify(src/amiga-ros2-bridge/venv/lib/python3.10/site-packages/numpy/f2py/tests/src/return_logical) by extension 'python'
[2.300s] Level 1:colcon.colcon_core.package_identification:_identify(src/amiga-ros2-bridge/venv/lib/python3.10/site-packages/numpy/f2py/tests/src/return_logical) by extensions ['python_setup_py']
[2.300s] Level 1:colcon.colcon_core.package_identification:_identify(src/amiga-ros2-bridge/venv/lib/python3.10/site-packages/numpy/f2py/tests/src/return_logical) by extension 'python_setup_py'
[2.300s] Level 1:colcon.colcon_core.package_identification:_identify(src/amiga-ros2-bridge/venv/lib/python3.10/site-packages/numpy/f2py/tests/src/return_real) by extensions ['ignore', 'ignore_ament_install']
[2.300s] Level 1:colcon.colcon_core.package_identification:_identify(src/amiga-ros2-bridge/venv/lib/python3.10/site-packages/numpy/f2py/tests/src/return_real) by extension 'ignore'
[2.301s] Level 1:colcon.colcon_core.package_identification:_identify(src/amiga-ros2-bridge/venv/lib/python3.10/site-packages/numpy/f2py/tests/src/return_real) by extension 'ignore_ament_install'
[2.301s] Level 1:colcon.colcon_core.package_identification:_identify(src/amiga-ros2-bridge/venv/lib/python3.10/site-packages/numpy/f2py/tests/src/return_real) by extensions ['colcon_pkg']
[2.301s] Level 1:colcon.colcon_core.package_identification:_identify(src/amiga-ros2-bridge/venv/lib/python3.10/site-packages/numpy/f2py/tests/src/return_real) by extension 'colcon_pkg'
[2.301s] Level 1:colcon.colcon_core.package_identification:_identify(src/amiga-ros2-bridge/venv/lib/python3.10/site-packages/numpy/f2py/tests/src/return_real) by extensions ['colcon_meta']
[2.301s] Level 1:colcon.colcon_core.package_identification:_identify(src/amiga-ros2-bridge/venv/lib/python3.10/site-packages/numpy/f2py/tests/src/return_real) by extension 'colcon_meta'
[2.301s] Level 1:colcon.colcon_core.package_identification:_identify(src/amiga-ros2-bridge/venv/lib/python3.10/site-packages/numpy/f2py/tests/src/return_real) by extensions ['ros']
[2.301s] Level 1:colcon.colcon_core.package_identification:_identify(src/amiga-ros2-bridge/venv/lib/python3.10/site-packages/numpy/f2py/tests/src/return_real) by extension 'ros'
[2.301s] Level 1:colcon.colcon_core.package_identification:_identify(src/amiga-ros2-bridge/venv/lib/python3.10/site-packages/numpy/f2py/tests/src/return_real) by extensions ['cmake', 'python']
[2.301s] Level 1:colcon.colcon_core.package_identification:_identify(src/amiga-ros2-bridge/venv/lib/python3.10/site-packages/numpy/f2py/tests/src/return_real) by extension 'cmake'
[2.301s] Level 1:colcon.colcon_core.package_identification:_identify(src/amiga-ros2-bridge/venv/lib/python3.10/site-packages/numpy/f2py/tests/src/return_real) by extension 'python'
[2.302s] Level 1:colcon.colcon_core.package_identification:_identify(src/amiga-ros2-bridge/venv/lib/python3.10/site-packages/numpy/f2py/tests/src/return_real) by extensions ['python_setup_py']
[2.302s] Level 1:colcon.colcon_core.package_identification:_identify(src/amiga-ros2-bridge/venv/lib/python3.10/site-packages/numpy/f2py/tests/src/return_real) by extension 'python_setup_py'
[2.302s] Level 1:colcon.colcon_core.package_identification:_identify(src/amiga-ros2-bridge/venv/lib/python3.10/site-packages/numpy/f2py/tests/src/routines) by extensions ['ignore', 'ignore_ament_install']
[2.302s] Level 1:colcon.colcon_core.package_identification:_identify(src/amiga-ros2-bridge/venv/lib/python3.10/site-packages/numpy/f2py/tests/src/routines) by extension 'ignore'
[2.302s] Level 1:colcon.colcon_core.package_identification:_identify(src/amiga-ros2-bridge/venv/lib/python3.10/site-packages/numpy/f2py/tests/src/routines) by extension 'ignore_ament_install'
[2.302s] Level 1:colcon.colcon_core.package_identification:_identify(src/amiga-ros2-bridge/venv/lib/python3.10/site-packages/numpy/f2py/tests/src/routines) by extensions ['colcon_pkg']
[2.302s] Level 1:colcon.colcon_core.package_identification:_identify(src/amiga-ros2-bridge/venv/lib/python3.10/site-packages/numpy/f2py/tests/src/routines) by extension 'colcon_pkg'
[2.303s] Level 1:colcon.colcon_core.package_identification:_identify(src/amiga-ros2-bridge/venv/lib/python3.10/site-packages/numpy/f2py/tests/src/routines) by extensions ['colcon_meta']
[2.303s] Level 1:colcon.colcon_core.package_identification:_identify(src/amiga-ros2-bridge/venv/lib/python3.10/site-packages/numpy/f2py/tests/src/routines) by extension 'colcon_meta'
[2.303s] Level 1:colcon.colcon_core.package_identification:_identify(src/amiga-ros2-bridge/venv/lib/python3.10/site-packages/numpy/f2py/tests/src/routines) by extensions ['ros']
[2.303s] Level 1:colcon.colcon_core.package_identification:_identify(src/amiga-ros2-bridge/venv/lib/python3.10/site-packages/numpy/f2py/tests/src/routines) by extension 'ros'
[2.303s] Level 1:colcon.colcon_core.package_identification:_identify(src/amiga-ros2-bridge/venv/lib/python3.10/site-packages/numpy/f2py/tests/src/routines) by extensions ['cmake', 'python']
[2.303s] Level 1:colcon.colcon_core.package_identification:_identify(src/amiga-ros2-bridge/venv/lib/python3.10/site-packages/numpy/f2py/tests/src/routines) by extension 'cmake'
[2.303s] Level 1:colcon.colcon_core.package_identification:_identify(src/amiga-ros2-bridge/venv/lib/python3.10/site-packages/numpy/f2py/tests/src/routines) by extension 'python'
[2.303s] Level 1:colcon.colcon_core.package_identification:_identify(src/amiga-ros2-bridge/venv/lib/python3.10/site-packages/numpy/f2py/tests/src/routines) by extensions ['python_setup_py']
[2.303s] Level 1:colcon.colcon_core.package_identification:_identify(src/amiga-ros2-bridge/venv/lib/python3.10/site-packages/numpy/f2py/tests/src/routines) by extension 'python_setup_py'
[2.304s] Level 1:colcon.colcon_core.package_identification:_identify(src/amiga-ros2-bridge/venv/lib/python3.10/site-packages/numpy/f2py/tests/src/size) by extensions ['ignore', 'ignore_ament_install']
[2.304s] Level 1:colcon.colcon_core.package_identification:_identify(src/amiga-ros2-bridge/venv/lib/python3.10/site-packages/numpy/f2py/tests/src/size) by extension 'ignore'
[2.304s] Level 1:colcon.colcon_core.package_identification:_identify(src/amiga-ros2-bridge/venv/lib/python3.10/site-packages/numpy/f2py/tests/src/size) by extension 'ignore_ament_install'
[2.304s] Level 1:colcon.colcon_core.package_identification:_identify(src/amiga-ros2-bridge/venv/lib/python3.10/site-packages/numpy/f2py/tests/src/size) by extensions ['colcon_pkg']
[2.304s] Level 1:colcon.colcon_core.package_identification:_identify(src/amiga-ros2-bridge/venv/lib/python3.10/site-packages/numpy/f2py/tests/src/size) by extension 'colcon_pkg'
[2.304s] Level 1:colcon.colcon_core.package_identification:_identify(src/amiga-ros2-bridge/venv/lib/python3.10/site-packages/numpy/f2py/tests/src/size) by extensions ['colcon_meta']
[2.304s] Level 1:colcon.colcon_core.package_identification:_identify(src/amiga-ros2-bridge/venv/lib/python3.10/site-packages/numpy/f2py/tests/src/size) by extension 'colcon_meta'
[2.304s] Level 1:colcon.colcon_core.package_identification:_identify(src/amiga-ros2-bridge/venv/lib/python3.10/site-packages/numpy/f2py/tests/src/size) by extensions ['ros']
[2.304s] Level 1:colcon.colcon_core.package_identification:_identify(src/amiga-ros2-bridge/venv/lib/python3.10/site-packages/numpy/f2py/tests/src/size) by extension 'ros'
[2.305s] Level 1:colcon.colcon_core.package_identification:_identify(src/amiga-ros2-bridge/venv/lib/python3.10/site-packages/numpy/f2py/tests/src/size) by extensions ['cmake', 'python']
[2.305s] Level 1:colcon.colcon_core.package_identification:_identify(src/amiga-ros2-bridge/venv/lib/python3.10/site-packages/numpy/f2py/tests/src/size) by extension 'cmake'
[2.305s] Level 1:colcon.colcon_core.package_identification:_identify(src/amiga-ros2-bridge/venv/lib/python3.10/site-packages/numpy/f2py/tests/src/size) by extension 'python'
[2.305s] Level 1:colcon.colcon_core.package_identification:_identify(src/amiga-ros2-bridge/venv/lib/python3.10/site-packages/numpy/f2py/tests/src/size) by extensions ['python_setup_py']
[2.305s] Level 1:colcon.colcon_core.package_identification:_identify(src/amiga-ros2-bridge/venv/lib/python3.10/site-packages/numpy/f2py/tests/src/size) by extension 'python_setup_py'
[2.305s] Level 1:colcon.colcon_core.package_identification:_identify(src/amiga-ros2-bridge/venv/lib/python3.10/site-packages/numpy/f2py/tests/src/string) by extensions ['ignore', 'ignore_ament_install']
[2.305s] Level 1:colcon.colcon_core.package_identification:_identify(src/amiga-ros2-bridge/venv/lib/python3.10/site-packages/numpy/f2py/tests/src/string) by extension 'ignore'
[2.306s] Level 1:colcon.colcon_core.package_identification:_identify(src/amiga-ros2-bridge/venv/lib/python3.10/site-packages/numpy/f2py/tests/src/string) by extension 'ignore_ament_install'
[2.306s] Level 1:colcon.colcon_core.package_identification:_identify(src/amiga-ros2-bridge/venv/lib/python3.10/site-packages/numpy/f2py/tests/src/string) by extensions ['colcon_pkg']
[2.306s] Level 1:colcon.colcon_core.package_identification:_identify(src/amiga-ros2-bridge/venv/lib/python3.10/site-packages/numpy/f2py/tests/src/string) by extension 'colcon_pkg'
[2.306s] Level 1:colcon.colcon_core.package_identification:_identify(src/amiga-ros2-bridge/venv/lib/python3.10/site-packages/numpy/f2py/tests/src/string) by extensions ['colcon_meta']
[2.306s] Level 1:colcon.colcon_core.package_identification:_identify(src/amiga-ros2-bridge/venv/lib/python3.10/site-packages/numpy/f2py/tests/src/string) by extension 'colcon_meta'
[2.306s] Level 1:colcon.colcon_core.package_identification:_identify(src/amiga-ros2-bridge/venv/lib/python3.10/site-packages/numpy/f2py/tests/src/string) by extensions ['ros']
[2.306s] Level 1:colcon.colcon_core.package_identification:_identify(src/amiga-ros2-bridge/venv/lib/python3.10/site-packages/numpy/f2py/tests/src/string) by extension 'ros'
[2.306s] Level 1:colcon.colcon_core.package_identification:_identify(src/amiga-ros2-bridge/venv/lib/python3.10/site-packages/numpy/f2py/tests/src/string) by extensions ['cmake', 'python']
[2.306s] Level 1:colcon.colcon_core.package_identification:_identify(src/amiga-ros2-bridge/venv/lib/python3.10/site-packages/numpy/f2py/tests/src/string) by extension 'cmake'
[2.306s] Level 1:colcon.colcon_core.package_identification:_identify(src/amiga-ros2-bridge/venv/lib/python3.10/site-packages/numpy/f2py/tests/src/string) by extension 'python'
[2.307s] Level 1:colcon.colcon_core.package_identification:_identify(src/amiga-ros2-bridge/venv/lib/python3.10/site-packages/numpy/f2py/tests/src/string) by extensions ['python_setup_py']
[2.307s] Level 1:colcon.colcon_core.package_identification:_identify(src/amiga-ros2-bridge/venv/lib/python3.10/site-packages/numpy/f2py/tests/src/string) by extension 'python_setup_py'
[2.307s] Level 1:colcon.colcon_core.package_identification:_identify(src/amiga-ros2-bridge/venv/lib/python3.10/site-packages/numpy/f2py/tests/src/value_attrspec) by extensions ['ignore', 'ignore_ament_install']
[2.307s] Level 1:colcon.colcon_core.package_identification:_identify(src/amiga-ros2-bridge/venv/lib/python3.10/site-packages/numpy/f2py/tests/src/value_attrspec) by extension 'ignore'
[2.307s] Level 1:colcon.colcon_core.package_identification:_identify(src/amiga-ros2-bridge/venv/lib/python3.10/site-packages/numpy/f2py/tests/src/value_attrspec) by extension 'ignore_ament_install'
[2.307s] Level 1:colcon.colcon_core.package_identification:_identify(src/amiga-ros2-bridge/venv/lib/python3.10/site-packages/numpy/f2py/tests/src/value_attrspec) by extensions ['colcon_pkg']
[2.307s] Level 1:colcon.colcon_core.package_identification:_identify(src/amiga-ros2-bridge/venv/lib/python3.10/site-packages/numpy/f2py/tests/src/value_attrspec) by extension 'colcon_pkg'
[2.308s] Level 1:colcon.colcon_core.package_identification:_identify(src/amiga-ros2-bridge/venv/lib/python3.10/site-packages/numpy/f2py/tests/src/value_attrspec) by extensions ['colcon_meta']
[2.308s] Level 1:colcon.colcon_core.package_identification:_identify(src/amiga-ros2-bridge/venv/lib/python3.10/site-packages/numpy/f2py/tests/src/value_attrspec) by extension 'colcon_meta'
[2.308s] Level 1:colcon.colcon_core.package_identification:_identify(src/amiga-ros2-bridge/venv/lib/python3.10/site-packages/numpy/f2py/tests/src/value_attrspec) by extensions ['ros']
[2.308s] Level 1:colcon.colcon_core.package_identification:_identify(src/amiga-ros2-bridge/venv/lib/python3.10/site-packages/numpy/f2py/tests/src/value_attrspec) by extension 'ros'
[2.308s] Level 1:colcon.colcon_core.package_identification:_identify(src/amiga-ros2-bridge/venv/lib/python3.10/site-packages/numpy/f2py/tests/src/value_attrspec) by extensions ['cmake', 'python']
[2.308s] Level 1:colcon.colcon_core.package_identification:_identify(src/amiga-ros2-bridge/venv/lib/python3.10/site-packages/numpy/f2py/tests/src/value_attrspec) by extension 'cmake'
[2.308s] Level 1:colcon.colcon_core.package_identification:_identify(src/amiga-ros2-bridge/venv/lib/python3.10/site-packages/numpy/f2py/tests/src/value_attrspec) by extension 'python'
[2.308s] Level 1:colcon.colcon_core.package_identification:_identify(src/amiga-ros2-bridge/venv/lib/python3.10/site-packages/numpy/f2py/tests/src/value_attrspec) by extensions ['python_setup_py']
[2.308s] Level 1:colcon.colcon_core.package_identification:_identify(src/amiga-ros2-bridge/venv/lib/python3.10/site-packages/numpy/f2py/tests/src/value_attrspec) by extension 'python_setup_py'
[2.309s] Level 1:colcon.colcon_core.package_identification:_identify(src/amiga-ros2-bridge/venv/lib/python3.10/site-packages/numpy/fft) by extensions ['ignore', 'ignore_ament_install']
[2.309s] Level 1:colcon.colcon_core.package_identification:_identify(src/amiga-ros2-bridge/venv/lib/python3.10/site-packages/numpy/fft) by extension 'ignore'
[2.309s] Level 1:colcon.colcon_core.package_identification:_identify(src/amiga-ros2-bridge/venv/lib/python3.10/site-packages/numpy/fft) by extension 'ignore_ament_install'
[2.309s] Level 1:colcon.colcon_core.package_identification:_identify(src/amiga-ros2-bridge/venv/lib/python3.10/site-packages/numpy/fft) by extensions ['colcon_pkg']
[2.309s] Level 1:colcon.colcon_core.package_identification:_identify(src/amiga-ros2-bridge/venv/lib/python3.10/site-packages/numpy/fft) by extension 'colcon_pkg'
[2.309s] Level 1:colcon.colcon_core.package_identification:_identify(src/amiga-ros2-bridge/venv/lib/python3.10/site-packages/numpy/fft) by extensions ['colcon_meta']
[2.309s] Level 1:colcon.colcon_core.package_identification:_identify(src/amiga-ros2-bridge/venv/lib/python3.10/site-packages/numpy/fft) by extension 'colcon_meta'
[2.309s] Level 1:colcon.colcon_core.package_identification:_identify(src/amiga-ros2-bridge/venv/lib/python3.10/site-packages/numpy/fft) by extensions ['ros']
[2.309s] Level 1:colcon.colcon_core.package_identification:_identify(src/amiga-ros2-bridge/venv/lib/python3.10/site-packages/numpy/fft) by extension 'ros'
[2.310s] Level 1:colcon.colcon_core.package_identification:_identify(src/amiga-ros2-bridge/venv/lib/python3.10/site-packages/numpy/fft) by extensions ['cmake', 'python']
[2.310s] Level 1:colcon.colcon_core.package_identification:_identify(src/amiga-ros2-bridge/venv/lib/python3.10/site-packages/numpy/fft) by extension 'cmake'
[2.310s] Level 1:colcon.colcon_core.package_identification:_identify(src/amiga-ros2-bridge/venv/lib/python3.10/site-packages/numpy/fft) by extension 'python'
[2.310s] Level 1:colcon.colcon_core.package_identification:_identify(src/amiga-ros2-bridge/venv/lib/python3.10/site-packages/numpy/fft) by extensions ['python_setup_py']
[2.310s] Level 1:colcon.colcon_core.package_identification:_identify(src/amiga-ros2-bridge/venv/lib/python3.10/site-packages/numpy/fft) by extension 'python_setup_py'
[2.310s] Level 1:colcon.colcon_core.package_identification:_identify(src/amiga-ros2-bridge/venv/lib/python3.10/site-packages/numpy/fft/__pycache__) by extensions ['ignore', 'ignore_ament_install']
[2.310s] Level 1:colcon.colcon_core.package_identification:_identify(src/amiga-ros2-bridge/venv/lib/python3.10/site-packages/numpy/fft/__pycache__) by extension 'ignore'
[2.311s] Level 1:colcon.colcon_core.package_identification:_identify(src/amiga-ros2-bridge/venv/lib/python3.10/site-packages/numpy/fft/__pycache__) by extension 'ignore_ament_install'
[2.311s] Level 1:colcon.colcon_core.package_identification:_identify(src/amiga-ros2-bridge/venv/lib/python3.10/site-packages/numpy/fft/__pycache__) by extensions ['colcon_pkg']
[2.311s] Level 1:colcon.colcon_core.package_identification:_identify(src/amiga-ros2-bridge/venv/lib/python3.10/site-packages/numpy/fft/__pycache__) by extension 'colcon_pkg'
[2.311s] Level 1:colcon.colcon_core.package_identification:_identify(src/amiga-ros2-bridge/venv/lib/python3.10/site-packages/numpy/fft/__pycache__) by extensions ['colcon_meta']
[2.311s] Level 1:colcon.colcon_core.package_identification:_identify(src/amiga-ros2-bridge/venv/lib/python3.10/site-packages/numpy/fft/__pycache__) by extension 'colcon_meta'
[2.311s] Level 1:colcon.colcon_core.package_identification:_identify(src/amiga-ros2-bridge/venv/lib/python3.10/site-packages/numpy/fft/__pycache__) by extensions ['ros']
[2.311s] Level 1:colcon.colcon_core.package_identification:_identify(src/amiga-ros2-bridge/venv/lib/python3.10/site-packages/numpy/fft/__pycache__) by extension 'ros'
[2.311s] Level 1:colcon.colcon_core.package_identification:_identify(src/amiga-ros2-bridge/venv/lib/python3.10/site-packages/numpy/fft/__pycache__) by extensions ['cmake', 'python']
[2.311s] Level 1:colcon.colcon_core.package_identification:_identify(src/amiga-ros2-bridge/venv/lib/python3.10/site-packages/numpy/fft/__pycache__) by extension 'cmake'
[2.311s] Level 1:colcon.colcon_core.package_identification:_identify(src/amiga-ros2-bridge/venv/lib/python3.10/site-packages/numpy/fft/__pycache__) by extension 'python'
[2.312s] Level 1:colcon.colcon_core.package_identification:_identify(src/amiga-ros2-bridge/venv/lib/python3.10/site-packages/numpy/fft/__pycache__) by extensions ['python_setup_py']
[2.312s] Level 1:colcon.colcon_core.package_identification:_identify(src/amiga-ros2-bridge/venv/lib/python3.10/site-packages/numpy/fft/__pycache__) by extension 'python_setup_py'
[2.312s] Level 1:colcon.colcon_core.package_identification:_identify(src/amiga-ros2-bridge/venv/lib/python3.10/site-packages/numpy/fft/tests) by extensions ['ignore', 'ignore_ament_install']
[2.312s] Level 1:colcon.colcon_core.package_identification:_identify(src/amiga-ros2-bridge/venv/lib/python3.10/site-packages/numpy/fft/tests) by extension 'ignore'
[2.312s] Level 1:colcon.colcon_core.package_identification:_identify(src/amiga-ros2-bridge/venv/lib/python3.10/site-packages/numpy/fft/tests) by extension 'ignore_ament_install'
[2.312s] Level 1:colcon.colcon_core.package_identification:_identify(src/amiga-ros2-bridge/venv/lib/python3.10/site-packages/numpy/fft/tests) by extensions ['colcon_pkg']
[2.312s] Level 1:colcon.colcon_core.package_identification:_identify(src/amiga-ros2-bridge/venv/lib/python3.10/site-packages/numpy/fft/tests) by extension 'colcon_pkg'
[2.312s] Level 1:colcon.colcon_core.package_identification:_identify(src/amiga-ros2-bridge/venv/lib/python3.10/site-packages/numpy/fft/tests) by extensions ['colcon_meta']
[2.313s] Level 1:colcon.colcon_core.package_identification:_identify(src/amiga-ros2-bridge/venv/lib/python3.10/site-packages/numpy/fft/tests) by extension 'colcon_meta'
[2.313s] Level 1:colcon.colcon_core.package_identification:_identify(src/amiga-ros2-bridge/venv/lib/python3.10/site-packages/numpy/fft/tests) by extensions ['ros']
[2.313s] Level 1:colcon.colcon_core.package_identification:_identify(src/amiga-ros2-bridge/venv/lib/python3.10/site-packages/numpy/fft/tests) by extension 'ros'
[2.313s] Level 1:colcon.colcon_core.package_identification:_identify(src/amiga-ros2-bridge/venv/lib/python3.10/site-packages/numpy/fft/tests) by extensions ['cmake', 'python']
[2.313s] Level 1:colcon.colcon_core.package_identification:_identify(src/amiga-ros2-bridge/venv/lib/python3.10/site-packages/numpy/fft/tests) by extension 'cmake'
[2.313s] Level 1:colcon.colcon_core.package_identification:_identify(src/amiga-ros2-bridge/venv/lib/python3.10/site-packages/numpy/fft/tests) by extension 'python'
[2.313s] Level 1:colcon.colcon_core.package_identification:_identify(src/amiga-ros2-bridge/venv/lib/python3.10/site-packages/numpy/fft/tests) by extensions ['python_setup_py']
[2.313s] Level 1:colcon.colcon_core.package_identification:_identify(src/amiga-ros2-bridge/venv/lib/python3.10/site-packages/numpy/fft/tests) by extension 'python_setup_py'
[2.314s] Level 1:colcon.colcon_core.package_identification:_identify(src/amiga-ros2-bridge/venv/lib/python3.10/site-packages/numpy/fft/tests/__pycache__) by extensions ['ignore', 'ignore_ament_install']
[2.314s] Level 1:colcon.colcon_core.package_identification:_identify(src/amiga-ros2-bridge/venv/lib/python3.10/site-packages/numpy/fft/tests/__pycache__) by extension 'ignore'
[2.314s] Level 1:colcon.colcon_core.package_identification:_identify(src/amiga-ros2-bridge/venv/lib/python3.10/site-packages/numpy/fft/tests/__pycache__) by extension 'ignore_ament_install'
[2.314s] Level 1:colcon.colcon_core.package_identification:_identify(src/amiga-ros2-bridge/venv/lib/python3.10/site-packages/numpy/fft/tests/__pycache__) by extensions ['colcon_pkg']
[2.314s] Level 1:colcon.colcon_core.package_identification:_identify(src/amiga-ros2-bridge/venv/lib/python3.10/site-packages/numpy/fft/tests/__pycache__) by extension 'colcon_pkg'
[2.314s] Level 1:colcon.colcon_core.package_identification:_identify(src/amiga-ros2-bridge/venv/lib/python3.10/site-packages/numpy/fft/tests/__pycache__) by extensions ['colcon_meta']
[2.314s] Level 1:colcon.colcon_core.package_identification:_identify(src/amiga-ros2-bridge/venv/lib/python3.10/site-packages/numpy/fft/tests/__pycache__) by extension 'colcon_meta'
[2.314s] Level 1:colcon.colcon_core.package_identification:_identify(src/amiga-ros2-bridge/venv/lib/python3.10/site-packages/numpy/fft/tests/__pycache__) by extensions ['ros']
[2.314s] Level 1:colcon.colcon_core.package_identification:_identify(src/amiga-ros2-bridge/venv/lib/python3.10/site-packages/numpy/fft/tests/__pycache__) by extension 'ros'
[2.315s] Level 1:colcon.colcon_core.package_identification:_identify(src/amiga-ros2-bridge/venv/lib/python3.10/site-packages/numpy/fft/tests/__pycache__) by extensions ['cmake', 'python']
[2.315s] Level 1:colcon.colcon_core.package_identification:_identify(src/amiga-ros2-bridge/venv/lib/python3.10/site-packages/numpy/fft/tests/__pycache__) by extension 'cmake'
[2.315s] Level 1:colcon.colcon_core.package_identification:_identify(src/amiga-ros2-bridge/venv/lib/python3.10/site-packages/numpy/fft/tests/__pycache__) by extension 'python'
[2.315s] Level 1:colcon.colcon_core.package_identification:_identify(src/amiga-ros2-bridge/venv/lib/python3.10/site-packages/numpy/fft/tests/__pycache__) by extensions ['python_setup_py']
[2.315s] Level 1:colcon.colcon_core.package_identification:_identify(src/amiga-ros2-bridge/venv/lib/python3.10/site-packages/numpy/fft/tests/__pycache__) by extension 'python_setup_py'
[2.315s] Level 1:colcon.colcon_core.package_identification:_identify(src/amiga-ros2-bridge/venv/lib/python3.10/site-packages/numpy/lib) by extensions ['ignore', 'ignore_ament_install']
[2.316s] Level 1:colcon.colcon_core.package_identification:_identify(src/amiga-ros2-bridge/venv/lib/python3.10/site-packages/numpy/lib) by extension 'ignore'
[2.316s] Level 1:colcon.colcon_core.package_identification:_identify(src/amiga-ros2-bridge/venv/lib/python3.10/site-packages/numpy/lib) by extension 'ignore_ament_install'
[2.316s] Level 1:colcon.colcon_core.package_identification:_identify(src/amiga-ros2-bridge/venv/lib/python3.10/site-packages/numpy/lib) by extensions ['colcon_pkg']
[2.316s] Level 1:colcon.colcon_core.package_identification:_identify(src/amiga-ros2-bridge/venv/lib/python3.10/site-packages/numpy/lib) by extension 'colcon_pkg'
[2.316s] Level 1:colcon.colcon_core.package_identification:_identify(src/amiga-ros2-bridge/venv/lib/python3.10/site-packages/numpy/lib) by extensions ['colcon_meta']
[2.316s] Level 1:colcon.colcon_core.package_identification:_identify(src/amiga-ros2-bridge/venv/lib/python3.10/site-packages/numpy/lib) by extension 'colcon_meta'
[2.316s] Level 1:colcon.colcon_core.package_identification:_identify(src/amiga-ros2-bridge/venv/lib/python3.10/site-packages/numpy/lib) by extensions ['ros']
[2.316s] Level 1:colcon.colcon_core.package_identification:_identify(src/amiga-ros2-bridge/venv/lib/python3.10/site-packages/numpy/lib) by extension 'ros'
[2.316s] Level 1:colcon.colcon_core.package_identification:_identify(src/amiga-ros2-bridge/venv/lib/python3.10/site-packages/numpy/lib) by extensions ['cmake', 'python']
[2.316s] Level 1:colcon.colcon_core.package_identification:_identify(src/amiga-ros2-bridge/venv/lib/python3.10/site-packages/numpy/lib) by extension 'cmake'
[2.317s] Level 1:colcon.colcon_core.package_identification:_identify(src/amiga-ros2-bridge/venv/lib/python3.10/site-packages/numpy/lib) by extension 'python'
[2.317s] Level 1:colcon.colcon_core.package_identification:_identify(src/amiga-ros2-bridge/venv/lib/python3.10/site-packages/numpy/lib) by extensions ['python_setup_py']
[2.317s] Level 1:colcon.colcon_core.package_identification:_identify(src/amiga-ros2-bridge/venv/lib/python3.10/site-packages/numpy/lib) by extension 'python_setup_py'
[2.317s] Level 1:colcon.colcon_core.package_identification:_identify(src/amiga-ros2-bridge/venv/lib/python3.10/site-packages/numpy/lib/__pycache__) by extensions ['ignore', 'ignore_ament_install']
[2.317s] Level 1:colcon.colcon_core.package_identification:_identify(src/amiga-ros2-bridge/venv/lib/python3.10/site-packages/numpy/lib/__pycache__) by extension 'ignore'
[2.317s] Level 1:colcon.colcon_core.package_identification:_identify(src/amiga-ros2-bridge/venv/lib/python3.10/site-packages/numpy/lib/__pycache__) by extension 'ignore_ament_install'
[2.317s] Level 1:colcon.colcon_core.package_identification:_identify(src/amiga-ros2-bridge/venv/lib/python3.10/site-packages/numpy/lib/__pycache__) by extensions ['colcon_pkg']
[2.318s] Level 1:colcon.colcon_core.package_identification:_identify(src/amiga-ros2-bridge/venv/lib/python3.10/site-packages/numpy/lib/__pycache__) by extension 'colcon_pkg'
[2.318s] Level 1:colcon.colcon_core.package_identification:_identify(src/amiga-ros2-bridge/venv/lib/python3.10/site-packages/numpy/lib/__pycache__) by extensions ['colcon_meta']
[2.318s] Level 1:colcon.colcon_core.package_identification:_identify(src/amiga-ros2-bridge/venv/lib/python3.10/site-packages/numpy/lib/__pycache__) by extension 'colcon_meta'
[2.318s] Level 1:colcon.colcon_core.package_identification:_identify(src/amiga-ros2-bridge/venv/lib/python3.10/site-packages/numpy/lib/__pycache__) by extensions ['ros']
[2.318s] Level 1:colcon.colcon_core.package_identification:_identify(src/amiga-ros2-bridge/venv/lib/python3.10/site-packages/numpy/lib/__pycache__) by extension 'ros'
[2.318s] Level 1:colcon.colcon_core.package_identification:_identify(src/amiga-ros2-bridge/venv/lib/python3.10/site-packages/numpy/lib/__pycache__) by extensions ['cmake', 'python']
[2.318s] Level 1:colcon.colcon_core.package_identification:_identify(src/amiga-ros2-bridge/venv/lib/python3.10/site-packages/numpy/lib/__pycache__) by extension 'cmake'
[2.318s] Level 1:colcon.colcon_core.package_identification:_identify(src/amiga-ros2-bridge/venv/lib/python3.10/site-packages/numpy/lib/__pycache__) by extension 'python'
[2.318s] Level 1:colcon.colcon_core.package_identification:_identify(src/amiga-ros2-bridge/venv/lib/python3.10/site-packages/numpy/lib/__pycache__) by extensions ['python_setup_py']
[2.318s] Level 1:colcon.colcon_core.package_identification:_identify(src/amiga-ros2-bridge/venv/lib/python3.10/site-packages/numpy/lib/__pycache__) by extension 'python_setup_py'
[2.319s] Level 1:colcon.colcon_core.package_identification:_identify(src/amiga-ros2-bridge/venv/lib/python3.10/site-packages/numpy/lib/tests) by extensions ['ignore', 'ignore_ament_install']
[2.319s] Level 1:colcon.colcon_core.package_identification:_identify(src/amiga-ros2-bridge/venv/lib/python3.10/site-packages/numpy/lib/tests) by extension 'ignore'
[2.319s] Level 1:colcon.colcon_core.package_identification:_identify(src/amiga-ros2-bridge/venv/lib/python3.10/site-packages/numpy/lib/tests) by extension 'ignore_ament_install'
[2.319s] Level 1:colcon.colcon_core.package_identification:_identify(src/amiga-ros2-bridge/venv/lib/python3.10/site-packages/numpy/lib/tests) by extensions ['colcon_pkg']
[2.319s] Level 1:colcon.colcon_core.package_identification:_identify(src/amiga-ros2-bridge/venv/lib/python3.10/site-packages/numpy/lib/tests) by extension 'colcon_pkg'
[2.319s] Level 1:colcon.colcon_core.package_identification:_identify(src/amiga-ros2-bridge/venv/lib/python3.10/site-packages/numpy/lib/tests) by extensions ['colcon_meta']
[2.319s] Level 1:colcon.colcon_core.package_identification:_identify(src/amiga-ros2-bridge/venv/lib/python3.10/site-packages/numpy/lib/tests) by extension 'colcon_meta'
[2.320s] Level 1:colcon.colcon_core.package_identification:_identify(src/amiga-ros2-bridge/venv/lib/python3.10/site-packages/numpy/lib/tests) by extensions ['ros']
[2.320s] Level 1:colcon.colcon_core.package_identification:_identify(src/amiga-ros2-bridge/venv/lib/python3.10/site-packages/numpy/lib/tests) by extension 'ros'
[2.320s] Level 1:colcon.colcon_core.package_identification:_identify(src/amiga-ros2-bridge/venv/lib/python3.10/site-packages/numpy/lib/tests) by extensions ['cmake', 'python']
[2.320s] Level 1:colcon.colcon_core.package_identification:_identify(src/amiga-ros2-bridge/venv/lib/python3.10/site-packages/numpy/lib/tests) by extension 'cmake'
[2.320s] Level 1:colcon.colcon_core.package_identification:_identify(src/amiga-ros2-bridge/venv/lib/python3.10/site-packages/numpy/lib/tests) by extension 'python'
[2.320s] Level 1:colcon.colcon_core.package_identification:_identify(src/amiga-ros2-bridge/venv/lib/python3.10/site-packages/numpy/lib/tests) by extensions ['python_setup_py']
[2.320s] Level 1:colcon.colcon_core.package_identification:_identify(src/amiga-ros2-bridge/venv/lib/python3.10/site-packages/numpy/lib/tests) by extension 'python_setup_py'
[2.320s] Level 1:colcon.colcon_core.package_identification:_identify(src/amiga-ros2-bridge/venv/lib/python3.10/site-packages/numpy/lib/tests/__pycache__) by extensions ['ignore', 'ignore_ament_install']
[2.321s] Level 1:colcon.colcon_core.package_identification:_identify(src/amiga-ros2-bridge/venv/lib/python3.10/site-packages/numpy/lib/tests/__pycache__) by extension 'ignore'
[2.321s] Level 1:colcon.colcon_core.package_identification:_identify(src/amiga-ros2-bridge/venv/lib/python3.10/site-packages/numpy/lib/tests/__pycache__) by extension 'ignore_ament_install'
[2.321s] Level 1:colcon.colcon_core.package_identification:_identify(src/amiga-ros2-bridge/venv/lib/python3.10/site-packages/numpy/lib/tests/__pycache__) by extensions ['colcon_pkg']
[2.321s] Level 1:colcon.colcon_core.package_identification:_identify(src/amiga-ros2-bridge/venv/lib/python3.10/site-packages/numpy/lib/tests/__pycache__) by extension 'colcon_pkg'
[2.321s] Level 1:colcon.colcon_core.package_identification:_identify(src/amiga-ros2-bridge/venv/lib/python3.10/site-packages/numpy/lib/tests/__pycache__) by extensions ['colcon_meta']
[2.321s] Level 1:colcon.colcon_core.package_identification:_identify(src/amiga-ros2-bridge/venv/lib/python3.10/site-packages/numpy/lib/tests/__pycache__) by extension 'colcon_meta'
[2.321s] Level 1:colcon.colcon_core.package_identification:_identify(src/amiga-ros2-bridge/venv/lib/python3.10/site-packages/numpy/lib/tests/__pycache__) by extensions ['ros']
[2.321s] Level 1:colcon.colcon_core.package_identification:_identify(src/amiga-ros2-bridge/venv/lib/python3.10/site-packages/numpy/lib/tests/__pycache__) by extension 'ros'
[2.322s] Level 1:colcon.colcon_core.package_identification:_identify(src/amiga-ros2-bridge/venv/lib/python3.10/site-packages/numpy/lib/tests/__pycache__) by extensions ['cmake', 'python']
[2.322s] Level 1:colcon.colcon_core.package_identification:_identify(src/amiga-ros2-bridge/venv/lib/python3.10/site-packages/numpy/lib/tests/__pycache__) by extension 'cmake'
[2.322s] Level 1:colcon.colcon_core.package_identification:_identify(src/amiga-ros2-bridge/venv/lib/python3.10/site-packages/numpy/lib/tests/__pycache__) by extension 'python'
[2.322s] Level 1:colcon.colcon_core.package_identification:_identify(src/amiga-ros2-bridge/venv/lib/python3.10/site-packages/numpy/lib/tests/__pycache__) by extensions ['python_setup_py']
[2.322s] Level 1:colcon.colcon_core.package_identification:_identify(src/amiga-ros2-bridge/venv/lib/python3.10/site-packages/numpy/lib/tests/__pycache__) by extension 'python_setup_py'
[2.322s] Level 1:colcon.colcon_core.package_identification:_identify(src/amiga-ros2-bridge/venv/lib/python3.10/site-packages/numpy/lib/tests/data) by extensions ['ignore', 'ignore_ament_install']
[2.322s] Level 1:colcon.colcon_core.package_identification:_identify(src/amiga-ros2-bridge/venv/lib/python3.10/site-packages/numpy/lib/tests/data) by extension 'ignore'
[2.322s] Level 1:colcon.colcon_core.package_identification:_identify(src/amiga-ros2-bridge/venv/lib/python3.10/site-packages/numpy/lib/tests/data) by extension 'ignore_ament_install'
[2.323s] Level 1:colcon.colcon_core.package_identification:_identify(src/amiga-ros2-bridge/venv/lib/python3.10/site-packages/numpy/lib/tests/data) by extensions ['colcon_pkg']
[2.323s] Level 1:colcon.colcon_core.package_identification:_identify(src/amiga-ros2-bridge/venv/lib/python3.10/site-packages/numpy/lib/tests/data) by extension 'colcon_pkg'
[2.323s] Level 1:colcon.colcon_core.package_identification:_identify(src/amiga-ros2-bridge/venv/lib/python3.10/site-packages/numpy/lib/tests/data) by extensions ['colcon_meta']
[2.323s] Level 1:colcon.colcon_core.package_identification:_identify(src/amiga-ros2-bridge/venv/lib/python3.10/site-packages/numpy/lib/tests/data) by extension 'colcon_meta'
[2.323s] Level 1:colcon.colcon_core.package_identification:_identify(src/amiga-ros2-bridge/venv/lib/python3.10/site-packages/numpy/lib/tests/data) by extensions ['ros']
[2.323s] Level 1:colcon.colcon_core.package_identification:_identify(src/amiga-ros2-bridge/venv/lib/python3.10/site-packages/numpy/lib/tests/data) by extension 'ros'
[2.323s] Level 1:colcon.colcon_core.package_identification:_identify(src/amiga-ros2-bridge/venv/lib/python3.10/site-packages/numpy/lib/tests/data) by extensions ['cmake', 'python']
[2.323s] Level 1:colcon.colcon_core.package_identification:_identify(src/amiga-ros2-bridge/venv/lib/python3.10/site-packages/numpy/lib/tests/data) by extension 'cmake'
[2.323s] Level 1:colcon.colcon_core.package_identification:_identify(src/amiga-ros2-bridge/venv/lib/python3.10/site-packages/numpy/lib/tests/data) by extension 'python'
[2.323s] Level 1:colcon.colcon_core.package_identification:_identify(src/amiga-ros2-bridge/venv/lib/python3.10/site-packages/numpy/lib/tests/data) by extensions ['python_setup_py']
[2.323s] Level 1:colcon.colcon_core.package_identification:_identify(src/amiga-ros2-bridge/venv/lib/python3.10/site-packages/numpy/lib/tests/data) by extension 'python_setup_py'
[2.324s] Level 1:colcon.colcon_core.package_identification:_identify(src/amiga-ros2-bridge/venv/lib/python3.10/site-packages/numpy/linalg) by extensions ['ignore', 'ignore_ament_install']
[2.324s] Level 1:colcon.colcon_core.package_identification:_identify(src/amiga-ros2-bridge/venv/lib/python3.10/site-packages/numpy/linalg) by extension 'ignore'
[2.324s] Level 1:colcon.colcon_core.package_identification:_identify(src/amiga-ros2-bridge/venv/lib/python3.10/site-packages/numpy/linalg) by extension 'ignore_ament_install'
[2.324s] Level 1:colcon.colcon_core.package_identification:_identify(src/amiga-ros2-bridge/venv/lib/python3.10/site-packages/numpy/linalg) by extensions ['colcon_pkg']
[2.324s] Level 1:colcon.colcon_core.package_identification:_identify(src/amiga-ros2-bridge/venv/lib/python3.10/site-packages/numpy/linalg) by extension 'colcon_pkg'
[2.324s] Level 1:colcon.colcon_core.package_identification:_identify(src/amiga-ros2-bridge/venv/lib/python3.10/site-packages/numpy/linalg) by extensions ['colcon_meta']
[2.324s] Level 1:colcon.colcon_core.package_identification:_identify(src/amiga-ros2-bridge/venv/lib/python3.10/site-packages/numpy/linalg) by extension 'colcon_meta'
[2.325s] Level 1:colcon.colcon_core.package_identification:_identify(src/amiga-ros2-bridge/venv/lib/python3.10/site-packages/numpy/linalg) by extensions ['ros']
[2.325s] Level 1:colcon.colcon_core.package_identification:_identify(src/amiga-ros2-bridge/venv/lib/python3.10/site-packages/numpy/linalg) by extension 'ros'
[2.325s] Level 1:colcon.colcon_core.package_identification:_identify(src/amiga-ros2-bridge/venv/lib/python3.10/site-packages/numpy/linalg) by extensions ['cmake', 'python']
[2.325s] Level 1:colcon.colcon_core.package_identification:_identify(src/amiga-ros2-bridge/venv/lib/python3.10/site-packages/numpy/linalg) by extension 'cmake'
[2.325s] Level 1:colcon.colcon_core.package_identification:_identify(src/amiga-ros2-bridge/venv/lib/python3.10/site-packages/numpy/linalg) by extension 'python'
[2.325s] Level 1:colcon.colcon_core.package_identification:_identify(src/amiga-ros2-bridge/venv/lib/python3.10/site-packages/numpy/linalg) by extensions ['python_setup_py']
[2.325s] Level 1:colcon.colcon_core.package_identification:_identify(src/amiga-ros2-bridge/venv/lib/python3.10/site-packages/numpy/linalg) by extension 'python_setup_py'
[2.325s] Level 1:colcon.colcon_core.package_identification:_identify(src/amiga-ros2-bridge/venv/lib/python3.10/site-packages/numpy/linalg/__pycache__) by extensions ['ignore', 'ignore_ament_install']
[2.326s] Level 1:colcon.colcon_core.package_identification:_identify(src/amiga-ros2-bridge/venv/lib/python3.10/site-packages/numpy/linalg/__pycache__) by extension 'ignore'
[2.326s] Level 1:colcon.colcon_core.package_identification:_identify(src/amiga-ros2-bridge/venv/lib/python3.10/site-packages/numpy/linalg/__pycache__) by extension 'ignore_ament_install'
[2.326s] Level 1:colcon.colcon_core.package_identification:_identify(src/amiga-ros2-bridge/venv/lib/python3.10/site-packages/numpy/linalg/__pycache__) by extensions ['colcon_pkg']
[2.326s] Level 1:colcon.colcon_core.package_identification:_identify(src/amiga-ros2-bridge/venv/lib/python3.10/site-packages/numpy/linalg/__pycache__) by extension 'colcon_pkg'
[2.326s] Level 1:colcon.colcon_core.package_identification:_identify(src/amiga-ros2-bridge/venv/lib/python3.10/site-packages/numpy/linalg/__pycache__) by extensions ['colcon_meta']
[2.326s] Level 1:colcon.colcon_core.package_identification:_identify(src/amiga-ros2-bridge/venv/lib/python3.10/site-packages/numpy/linalg/__pycache__) by extension 'colcon_meta'
[2.326s] Level 1:colcon.colcon_core.package_identification:_identify(src/amiga-ros2-bridge/venv/lib/python3.10/site-packages/numpy/linalg/__pycache__) by extensions ['ros']
[2.326s] Level 1:colcon.colcon_core.package_identification:_identify(src/amiga-ros2-bridge/venv/lib/python3.10/site-packages/numpy/linalg/__pycache__) by extension 'ros'
[2.326s] Level 1:colcon.colcon_core.package_identification:_identify(src/amiga-ros2-bridge/venv/lib/python3.10/site-packages/numpy/linalg/__pycache__) by extensions ['cmake', 'python']
[2.326s] Level 1:colcon.colcon_core.package_identification:_identify(src/amiga-ros2-bridge/venv/lib/python3.10/site-packages/numpy/linalg/__pycache__) by extension 'cmake'
[2.327s] Level 1:colcon.colcon_core.package_identification:_identify(src/amiga-ros2-bridge/venv/lib/python3.10/site-packages/numpy/linalg/__pycache__) by extension 'python'
[2.327s] Level 1:colcon.colcon_core.package_identification:_identify(src/amiga-ros2-bridge/venv/lib/python3.10/site-packages/numpy/linalg/__pycache__) by extensions ['python_setup_py']
[2.327s] Level 1:colcon.colcon_core.package_identification:_identify(src/amiga-ros2-bridge/venv/lib/python3.10/site-packages/numpy/linalg/__pycache__) by extension 'python_setup_py'
[2.327s] Level 1:colcon.colcon_core.package_identification:_identify(src/amiga-ros2-bridge/venv/lib/python3.10/site-packages/numpy/linalg/tests) by extensions ['ignore', 'ignore_ament_install']
[2.327s] Level 1:colcon.colcon_core.package_identification:_identify(src/amiga-ros2-bridge/venv/lib/python3.10/site-packages/numpy/linalg/tests) by extension 'ignore'
[2.327s] Level 1:colcon.colcon_core.package_identification:_identify(src/amiga-ros2-bridge/venv/lib/python3.10/site-packages/numpy/linalg/tests) by extension 'ignore_ament_install'
[2.327s] Level 1:colcon.colcon_core.package_identification:_identify(src/amiga-ros2-bridge/venv/lib/python3.10/site-packages/numpy/linalg/tests) by extensions ['colcon_pkg']
[2.328s] Level 1:colcon.colcon_core.package_identification:_identify(src/amiga-ros2-bridge/venv/lib/python3.10/site-packages/numpy/linalg/tests) by extension 'colcon_pkg'
[2.328s] Level 1:colcon.colcon_core.package_identification:_identify(src/amiga-ros2-bridge/venv/lib/python3.10/site-packages/numpy/linalg/tests) by extensions ['colcon_meta']
[2.328s] Level 1:colcon.colcon_core.package_identification:_identify(src/amiga-ros2-bridge/venv/lib/python3.10/site-packages/numpy/linalg/tests) by extension 'colcon_meta'
[2.328s] Level 1:colcon.colcon_core.package_identification:_identify(src/amiga-ros2-bridge/venv/lib/python3.10/site-packages/numpy/linalg/tests) by extensions ['ros']
[2.328s] Level 1:colcon.colcon_core.package_identification:_identify(src/amiga-ros2-bridge/venv/lib/python3.10/site-packages/numpy/linalg/tests) by extension 'ros'
[2.328s] Level 1:colcon.colcon_core.package_identification:_identify(src/amiga-ros2-bridge/venv/lib/python3.10/site-packages/numpy/linalg/tests) by extensions ['cmake', 'python']
[2.328s] Level 1:colcon.colcon_core.package_identification:_identify(src/amiga-ros2-bridge/venv/lib/python3.10/site-packages/numpy/linalg/tests) by extension 'cmake'
[2.328s] Level 1:colcon.colcon_core.package_identification:_identify(src/amiga-ros2-bridge/venv/lib/python3.10/site-packages/numpy/linalg/tests) by extension 'python'
[2.328s] Level 1:colcon.colcon_core.package_identification:_identify(src/amiga-ros2-bridge/venv/lib/python3.10/site-packages/numpy/linalg/tests) by extensions ['python_setup_py']
[2.328s] Level 1:colcon.colcon_core.package_identification:_identify(src/amiga-ros2-bridge/venv/lib/python3.10/site-packages/numpy/linalg/tests) by extension 'python_setup_py'
[2.329s] Level 1:colcon.colcon_core.package_identification:_identify(src/amiga-ros2-bridge/venv/lib/python3.10/site-packages/numpy/linalg/tests/__pycache__) by extensions ['ignore', 'ignore_ament_install']
[2.329s] Level 1:colcon.colcon_core.package_identification:_identify(src/amiga-ros2-bridge/venv/lib/python3.10/site-packages/numpy/linalg/tests/__pycache__) by extension 'ignore'
[2.329s] Level 1:colcon.colcon_core.package_identification:_identify(src/amiga-ros2-bridge/venv/lib/python3.10/site-packages/numpy/linalg/tests/__pycache__) by extension 'ignore_ament_install'
[2.329s] Level 1:colcon.colcon_core.package_identification:_identify(src/amiga-ros2-bridge/venv/lib/python3.10/site-packages/numpy/linalg/tests/__pycache__) by extensions ['colcon_pkg']
[2.329s] Level 1:colcon.colcon_core.package_identification:_identify(src/amiga-ros2-bridge/venv/lib/python3.10/site-packages/numpy/linalg/tests/__pycache__) by extension 'colcon_pkg'
[2.329s] Level 1:colcon.colcon_core.package_identification:_identify(src/amiga-ros2-bridge/venv/lib/python3.10/site-packages/numpy/linalg/tests/__pycache__) by extensions ['colcon_meta']
[2.329s] Level 1:colcon.colcon_core.package_identification:_identify(src/amiga-ros2-bridge/venv/lib/python3.10/site-packages/numpy/linalg/tests/__pycache__) by extension 'colcon_meta'
[2.329s] Level 1:colcon.colcon_core.package_identification:_identify(src/amiga-ros2-bridge/venv/lib/python3.10/site-packages/numpy/linalg/tests/__pycache__) by extensions ['ros']
[2.330s] Level 1:colcon.colcon_core.package_identification:_identify(src/amiga-ros2-bridge/venv/lib/python3.10/site-packages/numpy/linalg/tests/__pycache__) by extension 'ros'
[2.330s] Level 1:colcon.colcon_core.package_identification:_identify(src/amiga-ros2-bridge/venv/lib/python3.10/site-packages/numpy/linalg/tests/__pycache__) by extensions ['cmake', 'python']
[2.330s] Level 1:colcon.colcon_core.package_identification:_identify(src/amiga-ros2-bridge/venv/lib/python3.10/site-packages/numpy/linalg/tests/__pycache__) by extension 'cmake'
[2.330s] Level 1:colcon.colcon_core.package_identification:_identify(src/amiga-ros2-bridge/venv/lib/python3.10/site-packages/numpy/linalg/tests/__pycache__) by extension 'python'
[2.330s] Level 1:colcon.colcon_core.package_identification:_identify(src/amiga-ros2-bridge/venv/lib/python3.10/site-packages/numpy/linalg/tests/__pycache__) by extensions ['python_setup_py']
[2.330s] Level 1:colcon.colcon_core.package_identification:_identify(src/amiga-ros2-bridge/venv/lib/python3.10/site-packages/numpy/linalg/tests/__pycache__) by extension 'python_setup_py'
[2.330s] Level 1:colcon.colcon_core.package_identification:_identify(src/amiga-ros2-bridge/venv/lib/python3.10/site-packages/numpy/ma) by extensions ['ignore', 'ignore_ament_install']
[2.331s] Level 1:colcon.colcon_core.package_identification:_identify(src/amiga-ros2-bridge/venv/lib/python3.10/site-packages/numpy/ma) by extension 'ignore'
[2.331s] Level 1:colcon.colcon_core.package_identification:_identify(src/amiga-ros2-bridge/venv/lib/python3.10/site-packages/numpy/ma) by extension 'ignore_ament_install'
[2.331s] Level 1:colcon.colcon_core.package_identification:_identify(src/amiga-ros2-bridge/venv/lib/python3.10/site-packages/numpy/ma) by extensions ['colcon_pkg']
[2.331s] Level 1:colcon.colcon_core.package_identification:_identify(src/amiga-ros2-bridge/venv/lib/python3.10/site-packages/numpy/ma) by extension 'colcon_pkg'
[2.331s] Level 1:colcon.colcon_core.package_identification:_identify(src/amiga-ros2-bridge/venv/lib/python3.10/site-packages/numpy/ma) by extensions ['colcon_meta']
[2.331s] Level 1:colcon.colcon_core.package_identification:_identify(src/amiga-ros2-bridge/venv/lib/python3.10/site-packages/numpy/ma) by extension 'colcon_meta'
[2.331s] Level 1:colcon.colcon_core.package_identification:_identify(src/amiga-ros2-bridge/venv/lib/python3.10/site-packages/numpy/ma) by extensions ['ros']
[2.331s] Level 1:colcon.colcon_core.package_identification:_identify(src/amiga-ros2-bridge/venv/lib/python3.10/site-packages/numpy/ma) by extension 'ros'
[2.331s] Level 1:colcon.colcon_core.package_identification:_identify(src/amiga-ros2-bridge/venv/lib/python3.10/site-packages/numpy/ma) by extensions ['cmake', 'python']
[2.331s] Level 1:colcon.colcon_core.package_identification:_identify(src/amiga-ros2-bridge/venv/lib/python3.10/site-packages/numpy/ma) by extension 'cmake'
[2.332s] Level 1:colcon.colcon_core.package_identification:_identify(src/amiga-ros2-bridge/venv/lib/python3.10/site-packages/numpy/ma) by extension 'python'
[2.332s] Level 1:colcon.colcon_core.package_identification:_identify(src/amiga-ros2-bridge/venv/lib/python3.10/site-packages/numpy/ma) by extensions ['python_setup_py']
[2.332s] Level 1:colcon.colcon_core.package_identification:_identify(src/amiga-ros2-bridge/venv/lib/python3.10/site-packages/numpy/ma) by extension 'python_setup_py'
[2.332s] Level 1:colcon.colcon_core.package_identification:_identify(src/amiga-ros2-bridge/venv/lib/python3.10/site-packages/numpy/ma/__pycache__) by extensions ['ignore', 'ignore_ament_install']
[2.332s] Level 1:colcon.colcon_core.package_identification:_identify(src/amiga-ros2-bridge/venv/lib/python3.10/site-packages/numpy/ma/__pycache__) by extension 'ignore'
[2.332s] Level 1:colcon.colcon_core.package_identification:_identify(src/amiga-ros2-bridge/venv/lib/python3.10/site-packages/numpy/ma/__pycache__) by extension 'ignore_ament_install'
[2.332s] Level 1:colcon.colcon_core.package_identification:_identify(src/amiga-ros2-bridge/venv/lib/python3.10/site-packages/numpy/ma/__pycache__) by extensions ['colcon_pkg']
[2.332s] Level 1:colcon.colcon_core.package_identification:_identify(src/amiga-ros2-bridge/venv/lib/python3.10/site-packages/numpy/ma/__pycache__) by extension 'colcon_pkg'
[2.333s] Level 1:colcon.colcon_core.package_identification:_identify(src/amiga-ros2-bridge/venv/lib/python3.10/site-packages/numpy/ma/__pycache__) by extensions ['colcon_meta']
[2.333s] Level 1:colcon.colcon_core.package_identification:_identify(src/amiga-ros2-bridge/venv/lib/python3.10/site-packages/numpy/ma/__pycache__) by extension 'colcon_meta'
[2.333s] Level 1:colcon.colcon_core.package_identification:_identify(src/amiga-ros2-bridge/venv/lib/python3.10/site-packages/numpy/ma/__pycache__) by extensions ['ros']
[2.333s] Level 1:colcon.colcon_core.package_identification:_identify(src/amiga-ros2-bridge/venv/lib/python3.10/site-packages/numpy/ma/__pycache__) by extension 'ros'
[2.333s] Level 1:colcon.colcon_core.package_identification:_identify(src/amiga-ros2-bridge/venv/lib/python3.10/site-packages/numpy/ma/__pycache__) by extensions ['cmake', 'python']
[2.333s] Level 1:colcon.colcon_core.package_identification:_identify(src/amiga-ros2-bridge/venv/lib/python3.10/site-packages/numpy/ma/__pycache__) by extension 'cmake'
[2.333s] Level 1:colcon.colcon_core.package_identification:_identify(src/amiga-ros2-bridge/venv/lib/python3.10/site-packages/numpy/ma/__pycache__) by extension 'python'
[2.333s] Level 1:colcon.colcon_core.package_identification:_identify(src/amiga-ros2-bridge/venv/lib/python3.10/site-packages/numpy/ma/__pycache__) by extensions ['python_setup_py']
[2.333s] Level 1:colcon.colcon_core.package_identification:_identify(src/amiga-ros2-bridge/venv/lib/python3.10/site-packages/numpy/ma/__pycache__) by extension 'python_setup_py'
[2.334s] Level 1:colcon.colcon_core.package_identification:_identify(src/amiga-ros2-bridge/venv/lib/python3.10/site-packages/numpy/ma/tests) by extensions ['ignore', 'ignore_ament_install']
[2.334s] Level 1:colcon.colcon_core.package_identification:_identify(src/amiga-ros2-bridge/venv/lib/python3.10/site-packages/numpy/ma/tests) by extension 'ignore'
[2.334s] Level 1:colcon.colcon_core.package_identification:_identify(src/amiga-ros2-bridge/venv/lib/python3.10/site-packages/numpy/ma/tests) by extension 'ignore_ament_install'
[2.334s] Level 1:colcon.colcon_core.package_identification:_identify(src/amiga-ros2-bridge/venv/lib/python3.10/site-packages/numpy/ma/tests) by extensions ['colcon_pkg']
[2.334s] Level 1:colcon.colcon_core.package_identification:_identify(src/amiga-ros2-bridge/venv/lib/python3.10/site-packages/numpy/ma/tests) by extension 'colcon_pkg'
[2.334s] Level 1:colcon.colcon_core.package_identification:_identify(src/amiga-ros2-bridge/venv/lib/python3.10/site-packages/numpy/ma/tests) by extensions ['colcon_meta']
[2.334s] Level 1:colcon.colcon_core.package_identification:_identify(src/amiga-ros2-bridge/venv/lib/python3.10/site-packages/numpy/ma/tests) by extension 'colcon_meta'
[2.334s] Level 1:colcon.colcon_core.package_identification:_identify(src/amiga-ros2-bridge/venv/lib/python3.10/site-packages/numpy/ma/tests) by extensions ['ros']
[2.334s] Level 1:colcon.colcon_core.package_identification:_identify(src/amiga-ros2-bridge/venv/lib/python3.10/site-packages/numpy/ma/tests) by extension 'ros'
[2.335s] Level 1:colcon.colcon_core.package_identification:_identify(src/amiga-ros2-bridge/venv/lib/python3.10/site-packages/numpy/ma/tests) by extensions ['cmake', 'python']
[2.335s] Level 1:colcon.colcon_core.package_identification:_identify(src/amiga-ros2-bridge/venv/lib/python3.10/site-packages/numpy/ma/tests) by extension 'cmake'
[2.335s] Level 1:colcon.colcon_core.package_identification:_identify(src/amiga-ros2-bridge/venv/lib/python3.10/site-packages/numpy/ma/tests) by extension 'python'
[2.335s] Level 1:colcon.colcon_core.package_identification:_identify(src/amiga-ros2-bridge/venv/lib/python3.10/site-packages/numpy/ma/tests) by extensions ['python_setup_py']
[2.335s] Level 1:colcon.colcon_core.package_identification:_identify(src/amiga-ros2-bridge/venv/lib/python3.10/site-packages/numpy/ma/tests) by extension 'python_setup_py'
[2.335s] Level 1:colcon.colcon_core.package_identification:_identify(src/amiga-ros2-bridge/venv/lib/python3.10/site-packages/numpy/ma/tests/__pycache__) by extensions ['ignore', 'ignore_ament_install']
[2.335s] Level 1:colcon.colcon_core.package_identification:_identify(src/amiga-ros2-bridge/venv/lib/python3.10/site-packages/numpy/ma/tests/__pycache__) by extension 'ignore'
[2.336s] Level 1:colcon.colcon_core.package_identification:_identify(src/amiga-ros2-bridge/venv/lib/python3.10/site-packages/numpy/ma/tests/__pycache__) by extension 'ignore_ament_install'
[2.336s] Level 1:colcon.colcon_core.package_identification:_identify(src/amiga-ros2-bridge/venv/lib/python3.10/site-packages/numpy/ma/tests/__pycache__) by extensions ['colcon_pkg']
[2.336s] Level 1:colcon.colcon_core.package_identification:_identify(src/amiga-ros2-bridge/venv/lib/python3.10/site-packages/numpy/ma/tests/__pycache__) by extension 'colcon_pkg'
[2.336s] Level 1:colcon.colcon_core.package_identification:_identify(src/amiga-ros2-bridge/venv/lib/python3.10/site-packages/numpy/ma/tests/__pycache__) by extensions ['colcon_meta']
[2.336s] Level 1:colcon.colcon_core.package_identification:_identify(src/amiga-ros2-bridge/venv/lib/python3.10/site-packages/numpy/ma/tests/__pycache__) by extension 'colcon_meta'
[2.336s] Level 1:colcon.colcon_core.package_identification:_identify(src/amiga-ros2-bridge/venv/lib/python3.10/site-packages/numpy/ma/tests/__pycache__) by extensions ['ros']
[2.336s] Level 1:colcon.colcon_core.package_identification:_identify(src/amiga-ros2-bridge/venv/lib/python3.10/site-packages/numpy/ma/tests/__pycache__) by extension 'ros'
[2.336s] Level 1:colcon.colcon_core.package_identification:_identify(src/amiga-ros2-bridge/venv/lib/python3.10/site-packages/numpy/ma/tests/__pycache__) by extensions ['cmake', 'python']
[2.336s] Level 1:colcon.colcon_core.package_identification:_identify(src/amiga-ros2-bridge/venv/lib/python3.10/site-packages/numpy/ma/tests/__pycache__) by extension 'cmake'
[2.336s] Level 1:colcon.colcon_core.package_identification:_identify(src/amiga-ros2-bridge/venv/lib/python3.10/site-packages/numpy/ma/tests/__pycache__) by extension 'python'
[2.337s] Level 1:colcon.colcon_core.package_identification:_identify(src/amiga-ros2-bridge/venv/lib/python3.10/site-packages/numpy/ma/tests/__pycache__) by extensions ['python_setup_py']
[2.337s] Level 1:colcon.colcon_core.package_identification:_identify(src/amiga-ros2-bridge/venv/lib/python3.10/site-packages/numpy/ma/tests/__pycache__) by extension 'python_setup_py'
[2.337s] Level 1:colcon.colcon_core.package_identification:_identify(src/amiga-ros2-bridge/venv/lib/python3.10/site-packages/numpy/matrixlib) by extensions ['ignore', 'ignore_ament_install']
[2.337s] Level 1:colcon.colcon_core.package_identification:_identify(src/amiga-ros2-bridge/venv/lib/python3.10/site-packages/numpy/matrixlib) by extension 'ignore'
[2.337s] Level 1:colcon.colcon_core.package_identification:_identify(src/amiga-ros2-bridge/venv/lib/python3.10/site-packages/numpy/matrixlib) by extension 'ignore_ament_install'
[2.337s] Level 1:colcon.colcon_core.package_identification:_identify(src/amiga-ros2-bridge/venv/lib/python3.10/site-packages/numpy/matrixlib) by extensions ['colcon_pkg']
[2.337s] Level 1:colcon.colcon_core.package_identification:_identify(src/amiga-ros2-bridge/venv/lib/python3.10/site-packages/numpy/matrixlib) by extension 'colcon_pkg'
[2.337s] Level 1:colcon.colcon_core.package_identification:_identify(src/amiga-ros2-bridge/venv/lib/python3.10/site-packages/numpy/matrixlib) by extensions ['colcon_meta']
[2.338s] Level 1:colcon.colcon_core.package_identification:_identify(src/amiga-ros2-bridge/venv/lib/python3.10/site-packages/numpy/matrixlib) by extension 'colcon_meta'
[2.338s] Level 1:colcon.colcon_core.package_identification:_identify(src/amiga-ros2-bridge/venv/lib/python3.10/site-packages/numpy/matrixlib) by extensions ['ros']
[2.338s] Level 1:colcon.colcon_core.package_identification:_identify(src/amiga-ros2-bridge/venv/lib/python3.10/site-packages/numpy/matrixlib) by extension 'ros'
[2.338s] Level 1:colcon.colcon_core.package_identification:_identify(src/amiga-ros2-bridge/venv/lib/python3.10/site-packages/numpy/matrixlib) by extensions ['cmake', 'python']
[2.338s] Level 1:colcon.colcon_core.package_identification:_identify(src/amiga-ros2-bridge/venv/lib/python3.10/site-packages/numpy/matrixlib) by extension 'cmake'
[2.338s] Level 1:colcon.colcon_core.package_identification:_identify(src/amiga-ros2-bridge/venv/lib/python3.10/site-packages/numpy/matrixlib) by extension 'python'
[2.338s] Level 1:colcon.colcon_core.package_identification:_identify(src/amiga-ros2-bridge/venv/lib/python3.10/site-packages/numpy/matrixlib) by extensions ['python_setup_py']
[2.338s] Level 1:colcon.colcon_core.package_identification:_identify(src/amiga-ros2-bridge/venv/lib/python3.10/site-packages/numpy/matrixlib) by extension 'python_setup_py'
[2.339s] Level 1:colcon.colcon_core.package_identification:_identify(src/amiga-ros2-bridge/venv/lib/python3.10/site-packages/numpy/matrixlib/__pycache__) by extensions ['ignore', 'ignore_ament_install']
[2.339s] Level 1:colcon.colcon_core.package_identification:_identify(src/amiga-ros2-bridge/venv/lib/python3.10/site-packages/numpy/matrixlib/__pycache__) by extension 'ignore'
[2.339s] Level 1:colcon.colcon_core.package_identification:_identify(src/amiga-ros2-bridge/venv/lib/python3.10/site-packages/numpy/matrixlib/__pycache__) by extension 'ignore_ament_install'
[2.339s] Level 1:colcon.colcon_core.package_identification:_identify(src/amiga-ros2-bridge/venv/lib/python3.10/site-packages/numpy/matrixlib/__pycache__) by extensions ['colcon_pkg']
[2.339s] Level 1:colcon.colcon_core.package_identification:_identify(src/amiga-ros2-bridge/venv/lib/python3.10/site-packages/numpy/matrixlib/__pycache__) by extension 'colcon_pkg'
[2.339s] Level 1:colcon.colcon_core.package_identification:_identify(src/amiga-ros2-bridge/venv/lib/python3.10/site-packages/numpy/matrixlib/__pycache__) by extensions ['colcon_meta']
[2.339s] Level 1:colcon.colcon_core.package_identification:_identify(src/amiga-ros2-bridge/venv/lib/python3.10/site-packages/numpy/matrixlib/__pycache__) by extension 'colcon_meta'
[2.339s] Level 1:colcon.colcon_core.package_identification:_identify(src/amiga-ros2-bridge/venv/lib/python3.10/site-packages/numpy/matrixlib/__pycache__) by extensions ['ros']
[2.339s] Level 1:colcon.colcon_core.package_identification:_identify(src/amiga-ros2-bridge/venv/lib/python3.10/site-packages/numpy/matrixlib/__pycache__) by extension 'ros'
[2.340s] Level 1:colcon.colcon_core.package_identification:_identify(src/amiga-ros2-bridge/venv/lib/python3.10/site-packages/numpy/matrixlib/__pycache__) by extensions ['cmake', 'python']
[2.340s] Level 1:colcon.colcon_core.package_identification:_identify(src/amiga-ros2-bridge/venv/lib/python3.10/site-packages/numpy/matrixlib/__pycache__) by extension 'cmake'
[2.340s] Level 1:colcon.colcon_core.package_identification:_identify(src/amiga-ros2-bridge/venv/lib/python3.10/site-packages/numpy/matrixlib/__pycache__) by extension 'python'
[2.340s] Level 1:colcon.colcon_core.package_identification:_identify(src/amiga-ros2-bridge/venv/lib/python3.10/site-packages/numpy/matrixlib/__pycache__) by extensions ['python_setup_py']
[2.340s] Level 1:colcon.colcon_core.package_identification:_identify(src/amiga-ros2-bridge/venv/lib/python3.10/site-packages/numpy/matrixlib/__pycache__) by extension 'python_setup_py'
[2.340s] Level 1:colcon.colcon_core.package_identification:_identify(src/amiga-ros2-bridge/venv/lib/python3.10/site-packages/numpy/matrixlib/tests) by extensions ['ignore', 'ignore_ament_install']
[2.340s] Level 1:colcon.colcon_core.package_identification:_identify(src/amiga-ros2-bridge/venv/lib/python3.10/site-packages/numpy/matrixlib/tests) by extension 'ignore'
[2.340s] Level 1:colcon.colcon_core.package_identification:_identify(src/amiga-ros2-bridge/venv/lib/python3.10/site-packages/numpy/matrixlib/tests) by extension 'ignore_ament_install'
[2.341s] Level 1:colcon.colcon_core.package_identification:_identify(src/amiga-ros2-bridge/venv/lib/python3.10/site-packages/numpy/matrixlib/tests) by extensions ['colcon_pkg']
[2.341s] Level 1:colcon.colcon_core.package_identification:_identify(src/amiga-ros2-bridge/venv/lib/python3.10/site-packages/numpy/matrixlib/tests) by extension 'colcon_pkg'
[2.341s] Level 1:colcon.colcon_core.package_identification:_identify(src/amiga-ros2-bridge/venv/lib/python3.10/site-packages/numpy/matrixlib/tests) by extensions ['colcon_meta']
[2.341s] Level 1:colcon.colcon_core.package_identification:_identify(src/amiga-ros2-bridge/venv/lib/python3.10/site-packages/numpy/matrixlib/tests) by extension 'colcon_meta'
[2.341s] Level 1:colcon.colcon_core.package_identification:_identify(src/amiga-ros2-bridge/venv/lib/python3.10/site-packages/numpy/matrixlib/tests) by extensions ['ros']
[2.341s] Level 1:colcon.colcon_core.package_identification:_identify(src/amiga-ros2-bridge/venv/lib/python3.10/site-packages/numpy/matrixlib/tests) by extension 'ros'
[2.341s] Level 1:colcon.colcon_core.package_identification:_identify(src/amiga-ros2-bridge/venv/lib/python3.10/site-packages/numpy/matrixlib/tests) by extensions ['cmake', 'python']
[2.341s] Level 1:colcon.colcon_core.package_identification:_identify(src/amiga-ros2-bridge/venv/lib/python3.10/site-packages/numpy/matrixlib/tests) by extension 'cmake'
[2.341s] Level 1:colcon.colcon_core.package_identification:_identify(src/amiga-ros2-bridge/venv/lib/python3.10/site-packages/numpy/matrixlib/tests) by extension 'python'
[2.342s] Level 1:colcon.colcon_core.package_identification:_identify(src/amiga-ros2-bridge/venv/lib/python3.10/site-packages/numpy/matrixlib/tests) by extensions ['python_setup_py']
[2.342s] Level 1:colcon.colcon_core.package_identification:_identify(src/amiga-ros2-bridge/venv/lib/python3.10/site-packages/numpy/matrixlib/tests) by extension 'python_setup_py'
[2.342s] Level 1:colcon.colcon_core.package_identification:_identify(src/amiga-ros2-bridge/venv/lib/python3.10/site-packages/numpy/matrixlib/tests/__pycache__) by extensions ['ignore', 'ignore_ament_install']
[2.342s] Level 1:colcon.colcon_core.package_identification:_identify(src/amiga-ros2-bridge/venv/lib/python3.10/site-packages/numpy/matrixlib/tests/__pycache__) by extension 'ignore'
[2.342s] Level 1:colcon.colcon_core.package_identification:_identify(src/amiga-ros2-bridge/venv/lib/python3.10/site-packages/numpy/matrixlib/tests/__pycache__) by extension 'ignore_ament_install'
[2.342s] Level 1:colcon.colcon_core.package_identification:_identify(src/amiga-ros2-bridge/venv/lib/python3.10/site-packages/numpy/matrixlib/tests/__pycache__) by extensions ['colcon_pkg']
[2.342s] Level 1:colcon.colcon_core.package_identification:_identify(src/amiga-ros2-bridge/venv/lib/python3.10/site-packages/numpy/matrixlib/tests/__pycache__) by extension 'colcon_pkg'
[2.342s] Level 1:colcon.colcon_core.package_identification:_identify(src/amiga-ros2-bridge/venv/lib/python3.10/site-packages/numpy/matrixlib/tests/__pycache__) by extensions ['colcon_meta']
[2.342s] Level 1:colcon.colcon_core.package_identification:_identify(src/amiga-ros2-bridge/venv/lib/python3.10/site-packages/numpy/matrixlib/tests/__pycache__) by extension 'colcon_meta'
[2.343s] Level 1:colcon.colcon_core.package_identification:_identify(src/amiga-ros2-bridge/venv/lib/python3.10/site-packages/numpy/matrixlib/tests/__pycache__) by extensions ['ros']
[2.343s] Level 1:colcon.colcon_core.package_identification:_identify(src/amiga-ros2-bridge/venv/lib/python3.10/site-packages/numpy/matrixlib/tests/__pycache__) by extension 'ros'
[2.343s] Level 1:colcon.colcon_core.package_identification:_identify(src/amiga-ros2-bridge/venv/lib/python3.10/site-packages/numpy/matrixlib/tests/__pycache__) by extensions ['cmake', 'python']
[2.343s] Level 1:colcon.colcon_core.package_identification:_identify(src/amiga-ros2-bridge/venv/lib/python3.10/site-packages/numpy/matrixlib/tests/__pycache__) by extension 'cmake'
[2.343s] Level 1:colcon.colcon_core.package_identification:_identify(src/amiga-ros2-bridge/venv/lib/python3.10/site-packages/numpy/matrixlib/tests/__pycache__) by extension 'python'
[2.343s] Level 1:colcon.colcon_core.package_identification:_identify(src/amiga-ros2-bridge/venv/lib/python3.10/site-packages/numpy/matrixlib/tests/__pycache__) by extensions ['python_setup_py']
[2.343s] Level 1:colcon.colcon_core.package_identification:_identify(src/amiga-ros2-bridge/venv/lib/python3.10/site-packages/numpy/matrixlib/tests/__pycache__) by extension 'python_setup_py'
[2.344s] Level 1:colcon.colcon_core.package_identification:_identify(src/amiga-ros2-bridge/venv/lib/python3.10/site-packages/numpy/polynomial) by extensions ['ignore', 'ignore_ament_install']
[2.344s] Level 1:colcon.colcon_core.package_identification:_identify(src/amiga-ros2-bridge/venv/lib/python3.10/site-packages/numpy/polynomial) by extension 'ignore'
[2.344s] Level 1:colcon.colcon_core.package_identification:_identify(src/amiga-ros2-bridge/venv/lib/python3.10/site-packages/numpy/polynomial) by extension 'ignore_ament_install'
[2.344s] Level 1:colcon.colcon_core.package_identification:_identify(src/amiga-ros2-bridge/venv/lib/python3.10/site-packages/numpy/polynomial) by extensions ['colcon_pkg']
[2.344s] Level 1:colcon.colcon_core.package_identification:_identify(src/amiga-ros2-bridge/venv/lib/python3.10/site-packages/numpy/polynomial) by extension 'colcon_pkg'
[2.344s] Level 1:colcon.colcon_core.package_identification:_identify(src/amiga-ros2-bridge/venv/lib/python3.10/site-packages/numpy/polynomial) by extensions ['colcon_meta']
[2.344s] Level 1:colcon.colcon_core.package_identification:_identify(src/amiga-ros2-bridge/venv/lib/python3.10/site-packages/numpy/polynomial) by extension 'colcon_meta'
[2.344s] Level 1:colcon.colcon_core.package_identification:_identify(src/amiga-ros2-bridge/venv/lib/python3.10/site-packages/numpy/polynomial) by extensions ['ros']
[2.344s] Level 1:colcon.colcon_core.package_identification:_identify(src/amiga-ros2-bridge/venv/lib/python3.10/site-packages/numpy/polynomial) by extension 'ros'
[2.345s] Level 1:colcon.colcon_core.package_identification:_identify(src/amiga-ros2-bridge/venv/lib/python3.10/site-packages/numpy/polynomial) by extensions ['cmake', 'python']
[2.345s] Level 1:colcon.colcon_core.package_identification:_identify(src/amiga-ros2-bridge/venv/lib/python3.10/site-packages/numpy/polynomial) by extension 'cmake'
[2.345s] Level 1:colcon.colcon_core.package_identification:_identify(src/amiga-ros2-bridge/venv/lib/python3.10/site-packages/numpy/polynomial) by extension 'python'
[2.345s] Level 1:colcon.colcon_core.package_identification:_identify(src/amiga-ros2-bridge/venv/lib/python3.10/site-packages/numpy/polynomial) by extensions ['python_setup_py']
[2.345s] Level 1:colcon.colcon_core.package_identification:_identify(src/amiga-ros2-bridge/venv/lib/python3.10/site-packages/numpy/polynomial) by extension 'python_setup_py'
[2.345s] Level 1:colcon.colcon_core.package_identification:_identify(src/amiga-ros2-bridge/venv/lib/python3.10/site-packages/numpy/polynomial/__pycache__) by extensions ['ignore', 'ignore_ament_install']
[2.345s] Level 1:colcon.colcon_core.package_identification:_identify(src/amiga-ros2-bridge/venv/lib/python3.10/site-packages/numpy/polynomial/__pycache__) by extension 'ignore'
[2.345s] Level 1:colcon.colcon_core.package_identification:_identify(src/amiga-ros2-bridge/venv/lib/python3.10/site-packages/numpy/polynomial/__pycache__) by extension 'ignore_ament_install'
[2.346s] Level 1:colcon.colcon_core.package_identification:_identify(src/amiga-ros2-bridge/venv/lib/python3.10/site-packages/numpy/polynomial/__pycache__) by extensions ['colcon_pkg']
[2.346s] Level 1:colcon.colcon_core.package_identification:_identify(src/amiga-ros2-bridge/venv/lib/python3.10/site-packages/numpy/polynomial/__pycache__) by extension 'colcon_pkg'
[2.346s] Level 1:colcon.colcon_core.package_identification:_identify(src/amiga-ros2-bridge/venv/lib/python3.10/site-packages/numpy/polynomial/__pycache__) by extensions ['colcon_meta']
[2.346s] Level 1:colcon.colcon_core.package_identification:_identify(src/amiga-ros2-bridge/venv/lib/python3.10/site-packages/numpy/polynomial/__pycache__) by extension 'colcon_meta'
[2.346s] Level 1:colcon.colcon_core.package_identification:_identify(src/amiga-ros2-bridge/venv/lib/python3.10/site-packages/numpy/polynomial/__pycache__) by extensions ['ros']
[2.346s] Level 1:colcon.colcon_core.package_identification:_identify(src/amiga-ros2-bridge/venv/lib/python3.10/site-packages/numpy/polynomial/__pycache__) by extension 'ros'
[2.346s] Level 1:colcon.colcon_core.package_identification:_identify(src/amiga-ros2-bridge/venv/lib/python3.10/site-packages/numpy/polynomial/__pycache__) by extensions ['cmake', 'python']
[2.346s] Level 1:colcon.colcon_core.package_identification:_identify(src/amiga-ros2-bridge/venv/lib/python3.10/site-packages/numpy/polynomial/__pycache__) by extension 'cmake'
[2.346s] Level 1:colcon.colcon_core.package_identification:_identify(src/amiga-ros2-bridge/venv/lib/python3.10/site-packages/numpy/polynomial/__pycache__) by extension 'python'
[2.346s] Level 1:colcon.colcon_core.package_identification:_identify(src/amiga-ros2-bridge/venv/lib/python3.10/site-packages/numpy/polynomial/__pycache__) by extensions ['python_setup_py']
[2.347s] Level 1:colcon.colcon_core.package_identification:_identify(src/amiga-ros2-bridge/venv/lib/python3.10/site-packages/numpy/polynomial/__pycache__) by extension 'python_setup_py'
[2.347s] Level 1:colcon.colcon_core.package_identification:_identify(src/amiga-ros2-bridge/venv/lib/python3.10/site-packages/numpy/polynomial/tests) by extensions ['ignore', 'ignore_ament_install']
[2.347s] Level 1:colcon.colcon_core.package_identification:_identify(src/amiga-ros2-bridge/venv/lib/python3.10/site-packages/numpy/polynomial/tests) by extension 'ignore'
[2.347s] Level 1:colcon.colcon_core.package_identification:_identify(src/amiga-ros2-bridge/venv/lib/python3.10/site-packages/numpy/polynomial/tests) by extension 'ignore_ament_install'
[2.347s] Level 1:colcon.colcon_core.package_identification:_identify(src/amiga-ros2-bridge/venv/lib/python3.10/site-packages/numpy/polynomial/tests) by extensions ['colcon_pkg']
[2.347s] Level 1:colcon.colcon_core.package_identification:_identify(src/amiga-ros2-bridge/venv/lib/python3.10/site-packages/numpy/polynomial/tests) by extension 'colcon_pkg'
[2.347s] Level 1:colcon.colcon_core.package_identification:_identify(src/amiga-ros2-bridge/venv/lib/python3.10/site-packages/numpy/polynomial/tests) by extensions ['colcon_meta']
[2.348s] Level 1:colcon.colcon_core.package_identification:_identify(src/amiga-ros2-bridge/venv/lib/python3.10/site-packages/numpy/polynomial/tests) by extension 'colcon_meta'
[2.348s] Level 1:colcon.colcon_core.package_identification:_identify(src/amiga-ros2-bridge/venv/lib/python3.10/site-packages/numpy/polynomial/tests) by extensions ['ros']
[2.348s] Level 1:colcon.colcon_core.package_identification:_identify(src/amiga-ros2-bridge/venv/lib/python3.10/site-packages/numpy/polynomial/tests) by extension 'ros'
[2.348s] Level 1:colcon.colcon_core.package_identification:_identify(src/amiga-ros2-bridge/venv/lib/python3.10/site-packages/numpy/polynomial/tests) by extensions ['cmake', 'python']
[2.348s] Level 1:colcon.colcon_core.package_identification:_identify(src/amiga-ros2-bridge/venv/lib/python3.10/site-packages/numpy/polynomial/tests) by extension 'cmake'
[2.348s] Level 1:colcon.colcon_core.package_identification:_identify(src/amiga-ros2-bridge/venv/lib/python3.10/site-packages/numpy/polynomial/tests) by extension 'python'
[2.348s] Level 1:colcon.colcon_core.package_identification:_identify(src/amiga-ros2-bridge/venv/lib/python3.10/site-packages/numpy/polynomial/tests) by extensions ['python_setup_py']
[2.348s] Level 1:colcon.colcon_core.package_identification:_identify(src/amiga-ros2-bridge/venv/lib/python3.10/site-packages/numpy/polynomial/tests) by extension 'python_setup_py'
[2.349s] Level 1:colcon.colcon_core.package_identification:_identify(src/amiga-ros2-bridge/venv/lib/python3.10/site-packages/numpy/polynomial/tests/__pycache__) by extensions ['ignore', 'ignore_ament_install']
[2.349s] Level 1:colcon.colcon_core.package_identification:_identify(src/amiga-ros2-bridge/venv/lib/python3.10/site-packages/numpy/polynomial/tests/__pycache__) by extension 'ignore'
[2.349s] Level 1:colcon.colcon_core.package_identification:_identify(src/amiga-ros2-bridge/venv/lib/python3.10/site-packages/numpy/polynomial/tests/__pycache__) by extension 'ignore_ament_install'
[2.349s] Level 1:colcon.colcon_core.package_identification:_identify(src/amiga-ros2-bridge/venv/lib/python3.10/site-packages/numpy/polynomial/tests/__pycache__) by extensions ['colcon_pkg']
[2.349s] Level 1:colcon.colcon_core.package_identification:_identify(src/amiga-ros2-bridge/venv/lib/python3.10/site-packages/numpy/polynomial/tests/__pycache__) by extension 'colcon_pkg'
[2.349s] Level 1:colcon.colcon_core.package_identification:_identify(src/amiga-ros2-bridge/venv/lib/python3.10/site-packages/numpy/polynomial/tests/__pycache__) by extensions ['colcon_meta']
[2.349s] Level 1:colcon.colcon_core.package_identification:_identify(src/amiga-ros2-bridge/venv/lib/python3.10/site-packages/numpy/polynomial/tests/__pycache__) by extension 'colcon_meta'
[2.349s] Level 1:colcon.colcon_core.package_identification:_identify(src/amiga-ros2-bridge/venv/lib/python3.10/site-packages/numpy/polynomial/tests/__pycache__) by extensions ['ros']
[2.349s] Level 1:colcon.colcon_core.package_identification:_identify(src/amiga-ros2-bridge/venv/lib/python3.10/site-packages/numpy/polynomial/tests/__pycache__) by extension 'ros'
[2.350s] Level 1:colcon.colcon_core.package_identification:_identify(src/amiga-ros2-bridge/venv/lib/python3.10/site-packages/numpy/polynomial/tests/__pycache__) by extensions ['cmake', 'python']
[2.350s] Level 1:colcon.colcon_core.package_identification:_identify(src/amiga-ros2-bridge/venv/lib/python3.10/site-packages/numpy/polynomial/tests/__pycache__) by extension 'cmake'
[2.350s] Level 1:colcon.colcon_core.package_identification:_identify(src/amiga-ros2-bridge/venv/lib/python3.10/site-packages/numpy/polynomial/tests/__pycache__) by extension 'python'
[2.350s] Level 1:colcon.colcon_core.package_identification:_identify(src/amiga-ros2-bridge/venv/lib/python3.10/site-packages/numpy/polynomial/tests/__pycache__) by extensions ['python_setup_py']
[2.350s] Level 1:colcon.colcon_core.package_identification:_identify(src/amiga-ros2-bridge/venv/lib/python3.10/site-packages/numpy/polynomial/tests/__pycache__) by extension 'python_setup_py'
[2.350s] Level 1:colcon.colcon_core.package_identification:_identify(src/amiga-ros2-bridge/venv/lib/python3.10/site-packages/numpy/random) by extensions ['ignore', 'ignore_ament_install']
[2.350s] Level 1:colcon.colcon_core.package_identification:_identify(src/amiga-ros2-bridge/venv/lib/python3.10/site-packages/numpy/random) by extension 'ignore'
[2.351s] Level 1:colcon.colcon_core.package_identification:_identify(src/amiga-ros2-bridge/venv/lib/python3.10/site-packages/numpy/random) by extension 'ignore_ament_install'
[2.351s] Level 1:colcon.colcon_core.package_identification:_identify(src/amiga-ros2-bridge/venv/lib/python3.10/site-packages/numpy/random) by extensions ['colcon_pkg']
[2.351s] Level 1:colcon.colcon_core.package_identification:_identify(src/amiga-ros2-bridge/venv/lib/python3.10/site-packages/numpy/random) by extension 'colcon_pkg'
[2.351s] Level 1:colcon.colcon_core.package_identification:_identify(src/amiga-ros2-bridge/venv/lib/python3.10/site-packages/numpy/random) by extensions ['colcon_meta']
[2.351s] Level 1:colcon.colcon_core.package_identification:_identify(src/amiga-ros2-bridge/venv/lib/python3.10/site-packages/numpy/random) by extension 'colcon_meta'
[2.351s] Level 1:colcon.colcon_core.package_identification:_identify(src/amiga-ros2-bridge/venv/lib/python3.10/site-packages/numpy/random) by extensions ['ros']
[2.351s] Level 1:colcon.colcon_core.package_identification:_identify(src/amiga-ros2-bridge/venv/lib/python3.10/site-packages/numpy/random) by extension 'ros'
[2.351s] Level 1:colcon.colcon_core.package_identification:_identify(src/amiga-ros2-bridge/venv/lib/python3.10/site-packages/numpy/random) by extensions ['cmake', 'python']
[2.351s] Level 1:colcon.colcon_core.package_identification:_identify(src/amiga-ros2-bridge/venv/lib/python3.10/site-packages/numpy/random) by extension 'cmake'
[2.351s] Level 1:colcon.colcon_core.package_identification:_identify(src/amiga-ros2-bridge/venv/lib/python3.10/site-packages/numpy/random) by extension 'python'
[2.352s] Level 1:colcon.colcon_core.package_identification:_identify(src/amiga-ros2-bridge/venv/lib/python3.10/site-packages/numpy/random) by extensions ['python_setup_py']
[2.352s] Level 1:colcon.colcon_core.package_identification:_identify(src/amiga-ros2-bridge/venv/lib/python3.10/site-packages/numpy/random) by extension 'python_setup_py'
[2.352s] Level 1:colcon.colcon_core.package_identification:_identify(src/amiga-ros2-bridge/venv/lib/python3.10/site-packages/numpy/random/__pycache__) by extensions ['ignore', 'ignore_ament_install']
[2.352s] Level 1:colcon.colcon_core.package_identification:_identify(src/amiga-ros2-bridge/venv/lib/python3.10/site-packages/numpy/random/__pycache__) by extension 'ignore'
[2.352s] Level 1:colcon.colcon_core.package_identification:_identify(src/amiga-ros2-bridge/venv/lib/python3.10/site-packages/numpy/random/__pycache__) by extension 'ignore_ament_install'
[2.352s] Level 1:colcon.colcon_core.package_identification:_identify(src/amiga-ros2-bridge/venv/lib/python3.10/site-packages/numpy/random/__pycache__) by extensions ['colcon_pkg']
[2.352s] Level 1:colcon.colcon_core.package_identification:_identify(src/amiga-ros2-bridge/venv/lib/python3.10/site-packages/numpy/random/__pycache__) by extension 'colcon_pkg'
[2.352s] Level 1:colcon.colcon_core.package_identification:_identify(src/amiga-ros2-bridge/venv/lib/python3.10/site-packages/numpy/random/__pycache__) by extensions ['colcon_meta']
[2.353s] Level 1:colcon.colcon_core.package_identification:_identify(src/amiga-ros2-bridge/venv/lib/python3.10/site-packages/numpy/random/__pycache__) by extension 'colcon_meta'
[2.353s] Level 1:colcon.colcon_core.package_identification:_identify(src/amiga-ros2-bridge/venv/lib/python3.10/site-packages/numpy/random/__pycache__) by extensions ['ros']
[2.353s] Level 1:colcon.colcon_core.package_identification:_identify(src/amiga-ros2-bridge/venv/lib/python3.10/site-packages/numpy/random/__pycache__) by extension 'ros'
[2.353s] Level 1:colcon.colcon_core.package_identification:_identify(src/amiga-ros2-bridge/venv/lib/python3.10/site-packages/numpy/random/__pycache__) by extensions ['cmake', 'python']
[2.353s] Level 1:colcon.colcon_core.package_identification:_identify(src/amiga-ros2-bridge/venv/lib/python3.10/site-packages/numpy/random/__pycache__) by extension 'cmake'
[2.353s] Level 1:colcon.colcon_core.package_identification:_identify(src/amiga-ros2-bridge/venv/lib/python3.10/site-packages/numpy/random/__pycache__) by extension 'python'
[2.353s] Level 1:colcon.colcon_core.package_identification:_identify(src/amiga-ros2-bridge/venv/lib/python3.10/site-packages/numpy/random/__pycache__) by extensions ['python_setup_py']
[2.353s] Level 1:colcon.colcon_core.package_identification:_identify(src/amiga-ros2-bridge/venv/lib/python3.10/site-packages/numpy/random/__pycache__) by extension 'python_setup_py'
[2.353s] Level 1:colcon.colcon_core.package_identification:_identify(src/amiga-ros2-bridge/venv/lib/python3.10/site-packages/numpy/random/_examples) by extensions ['ignore', 'ignore_ament_install']
[2.354s] Level 1:colcon.colcon_core.package_identification:_identify(src/amiga-ros2-bridge/venv/lib/python3.10/site-packages/numpy/random/_examples) by extension 'ignore'
[2.354s] Level 1:colcon.colcon_core.package_identification:_identify(src/amiga-ros2-bridge/venv/lib/python3.10/site-packages/numpy/random/_examples) by extension 'ignore_ament_install'
[2.354s] Level 1:colcon.colcon_core.package_identification:_identify(src/amiga-ros2-bridge/venv/lib/python3.10/site-packages/numpy/random/_examples) by extensions ['colcon_pkg']
[2.354s] Level 1:colcon.colcon_core.package_identification:_identify(src/amiga-ros2-bridge/venv/lib/python3.10/site-packages/numpy/random/_examples) by extension 'colcon_pkg'
[2.354s] Level 1:colcon.colcon_core.package_identification:_identify(src/amiga-ros2-bridge/venv/lib/python3.10/site-packages/numpy/random/_examples) by extensions ['colcon_meta']
[2.354s] Level 1:colcon.colcon_core.package_identification:_identify(src/amiga-ros2-bridge/venv/lib/python3.10/site-packages/numpy/random/_examples) by extension 'colcon_meta'
[2.354s] Level 1:colcon.colcon_core.package_identification:_identify(src/amiga-ros2-bridge/venv/lib/python3.10/site-packages/numpy/random/_examples) by extensions ['ros']
[2.354s] Level 1:colcon.colcon_core.package_identification:_identify(src/amiga-ros2-bridge/venv/lib/python3.10/site-packages/numpy/random/_examples) by extension 'ros'
[2.355s] Level 1:colcon.colcon_core.package_identification:_identify(src/amiga-ros2-bridge/venv/lib/python3.10/site-packages/numpy/random/_examples) by extensions ['cmake', 'python']
[2.355s] Level 1:colcon.colcon_core.package_identification:_identify(src/amiga-ros2-bridge/venv/lib/python3.10/site-packages/numpy/random/_examples) by extension 'cmake'
[2.355s] Level 1:colcon.colcon_core.package_identification:_identify(src/amiga-ros2-bridge/venv/lib/python3.10/site-packages/numpy/random/_examples) by extension 'python'
[2.355s] Level 1:colcon.colcon_core.package_identification:_identify(src/amiga-ros2-bridge/venv/lib/python3.10/site-packages/numpy/random/_examples) by extensions ['python_setup_py']
[2.355s] Level 1:colcon.colcon_core.package_identification:_identify(src/amiga-ros2-bridge/venv/lib/python3.10/site-packages/numpy/random/_examples) by extension 'python_setup_py'
[2.355s] Level 1:colcon.colcon_core.package_identification:_identify(src/amiga-ros2-bridge/venv/lib/python3.10/site-packages/numpy/random/_examples/cffi) by extensions ['ignore', 'ignore_ament_install']
[2.355s] Level 1:colcon.colcon_core.package_identification:_identify(src/amiga-ros2-bridge/venv/lib/python3.10/site-packages/numpy/random/_examples/cffi) by extension 'ignore'
[2.355s] Level 1:colcon.colcon_core.package_identification:_identify(src/amiga-ros2-bridge/venv/lib/python3.10/site-packages/numpy/random/_examples/cffi) by extension 'ignore_ament_install'
[2.356s] Level 1:colcon.colcon_core.package_identification:_identify(src/amiga-ros2-bridge/venv/lib/python3.10/site-packages/numpy/random/_examples/cffi) by extensions ['colcon_pkg']
[2.356s] Level 1:colcon.colcon_core.package_identification:_identify(src/amiga-ros2-bridge/venv/lib/python3.10/site-packages/numpy/random/_examples/cffi) by extension 'colcon_pkg'
[2.356s] Level 1:colcon.colcon_core.package_identification:_identify(src/amiga-ros2-bridge/venv/lib/python3.10/site-packages/numpy/random/_examples/cffi) by extensions ['colcon_meta']
[2.356s] Level 1:colcon.colcon_core.package_identification:_identify(src/amiga-ros2-bridge/venv/lib/python3.10/site-packages/numpy/random/_examples/cffi) by extension 'colcon_meta'
[2.356s] Level 1:colcon.colcon_core.package_identification:_identify(src/amiga-ros2-bridge/venv/lib/python3.10/site-packages/numpy/random/_examples/cffi) by extensions ['ros']
[2.356s] Level 1:colcon.colcon_core.package_identification:_identify(src/amiga-ros2-bridge/venv/lib/python3.10/site-packages/numpy/random/_examples/cffi) by extension 'ros'
[2.356s] Level 1:colcon.colcon_core.package_identification:_identify(src/amiga-ros2-bridge/venv/lib/python3.10/site-packages/numpy/random/_examples/cffi) by extensions ['cmake', 'python']
[2.356s] Level 1:colcon.colcon_core.package_identification:_identify(src/amiga-ros2-bridge/venv/lib/python3.10/site-packages/numpy/random/_examples/cffi) by extension 'cmake'
[2.356s] Level 1:colcon.colcon_core.package_identification:_identify(src/amiga-ros2-bridge/venv/lib/python3.10/site-packages/numpy/random/_examples/cffi) by extension 'python'
[2.356s] Level 1:colcon.colcon_core.package_identification:_identify(src/amiga-ros2-bridge/venv/lib/python3.10/site-packages/numpy/random/_examples/cffi) by extensions ['python_setup_py']
[2.356s] Level 1:colcon.colcon_core.package_identification:_identify(src/amiga-ros2-bridge/venv/lib/python3.10/site-packages/numpy/random/_examples/cffi) by extension 'python_setup_py'
[2.357s] Level 1:colcon.colcon_core.package_identification:_identify(src/amiga-ros2-bridge/venv/lib/python3.10/site-packages/numpy/random/_examples/cffi/__pycache__) by extensions ['ignore', 'ignore_ament_install']
[2.357s] Level 1:colcon.colcon_core.package_identification:_identify(src/amiga-ros2-bridge/venv/lib/python3.10/site-packages/numpy/random/_examples/cffi/__pycache__) by extension 'ignore'
[2.357s] Level 1:colcon.colcon_core.package_identification:_identify(src/amiga-ros2-bridge/venv/lib/python3.10/site-packages/numpy/random/_examples/cffi/__pycache__) by extension 'ignore_ament_install'
[2.357s] Level 1:colcon.colcon_core.package_identification:_identify(src/amiga-ros2-bridge/venv/lib/python3.10/site-packages/numpy/random/_examples/cffi/__pycache__) by extensions ['colcon_pkg']
[2.357s] Level 1:colcon.colcon_core.package_identification:_identify(src/amiga-ros2-bridge/venv/lib/python3.10/site-packages/numpy/random/_examples/cffi/__pycache__) by extension 'colcon_pkg'
[2.357s] Level 1:colcon.colcon_core.package_identification:_identify(src/amiga-ros2-bridge/venv/lib/python3.10/site-packages/numpy/random/_examples/cffi/__pycache__) by extensions ['colcon_meta']
[2.357s] Level 1:colcon.colcon_core.package_identification:_identify(src/amiga-ros2-bridge/venv/lib/python3.10/site-packages/numpy/random/_examples/cffi/__pycache__) by extension 'colcon_meta'
[2.358s] Level 1:colcon.colcon_core.package_identification:_identify(src/amiga-ros2-bridge/venv/lib/python3.10/site-packages/numpy/random/_examples/cffi/__pycache__) by extensions ['ros']
[2.358s] Level 1:colcon.colcon_core.package_identification:_identify(src/amiga-ros2-bridge/venv/lib/python3.10/site-packages/numpy/random/_examples/cffi/__pycache__) by extension 'ros'
[2.358s] Level 1:colcon.colcon_core.package_identification:_identify(src/amiga-ros2-bridge/venv/lib/python3.10/site-packages/numpy/random/_examples/cffi/__pycache__) by extensions ['cmake', 'python']
[2.358s] Level 1:colcon.colcon_core.package_identification:_identify(src/amiga-ros2-bridge/venv/lib/python3.10/site-packages/numpy/random/_examples/cffi/__pycache__) by extension 'cmake'
[2.358s] Level 1:colcon.colcon_core.package_identification:_identify(src/amiga-ros2-bridge/venv/lib/python3.10/site-packages/numpy/random/_examples/cffi/__pycache__) by extension 'python'
[2.358s] Level 1:colcon.colcon_core.package_identification:_identify(src/amiga-ros2-bridge/venv/lib/python3.10/site-packages/numpy/random/_examples/cffi/__pycache__) by extensions ['python_setup_py']
[2.358s] Level 1:colcon.colcon_core.package_identification:_identify(src/amiga-ros2-bridge/venv/lib/python3.10/site-packages/numpy/random/_examples/cffi/__pycache__) by extension 'python_setup_py'
[2.358s] Level 1:colcon.colcon_core.package_identification:_identify(src/amiga-ros2-bridge/venv/lib/python3.10/site-packages/numpy/random/_examples/cython) by extensions ['ignore', 'ignore_ament_install']
[2.359s] Level 1:colcon.colcon_core.package_identification:_identify(src/amiga-ros2-bridge/venv/lib/python3.10/site-packages/numpy/random/_examples/cython) by extension 'ignore'
[2.359s] Level 1:colcon.colcon_core.package_identification:_identify(src/amiga-ros2-bridge/venv/lib/python3.10/site-packages/numpy/random/_examples/cython) by extension 'ignore_ament_install'
[2.359s] Level 1:colcon.colcon_core.package_identification:_identify(src/amiga-ros2-bridge/venv/lib/python3.10/site-packages/numpy/random/_examples/cython) by extensions ['colcon_pkg']
[2.359s] Level 1:colcon.colcon_core.package_identification:_identify(src/amiga-ros2-bridge/venv/lib/python3.10/site-packages/numpy/random/_examples/cython) by extension 'colcon_pkg'
[2.359s] Level 1:colcon.colcon_core.package_identification:_identify(src/amiga-ros2-bridge/venv/lib/python3.10/site-packages/numpy/random/_examples/cython) by extensions ['colcon_meta']
[2.359s] Level 1:colcon.colcon_core.package_identification:_identify(src/amiga-ros2-bridge/venv/lib/python3.10/site-packages/numpy/random/_examples/cython) by extension 'colcon_meta'
[2.359s] Level 1:colcon.colcon_core.package_identification:_identify(src/amiga-ros2-bridge/venv/lib/python3.10/site-packages/numpy/random/_examples/cython) by extensions ['ros']
[2.359s] Level 1:colcon.colcon_core.package_identification:_identify(src/amiga-ros2-bridge/venv/lib/python3.10/site-packages/numpy/random/_examples/cython) by extension 'ros'
[2.360s] Level 1:colcon.colcon_core.package_identification:_identify(src/amiga-ros2-bridge/venv/lib/python3.10/site-packages/numpy/random/_examples/cython) by extensions ['cmake', 'python']
[2.360s] Level 1:colcon.colcon_core.package_identification:_identify(src/amiga-ros2-bridge/venv/lib/python3.10/site-packages/numpy/random/_examples/cython) by extension 'cmake'
[2.360s] Level 1:colcon.colcon_core.package_identification:_identify(src/amiga-ros2-bridge/venv/lib/python3.10/site-packages/numpy/random/_examples/cython) by extension 'python'
[2.360s] Level 1:colcon.colcon_core.package_identification:_identify(src/amiga-ros2-bridge/venv/lib/python3.10/site-packages/numpy/random/_examples/cython) by extensions ['python_setup_py']
[2.360s] Level 1:colcon.colcon_core.package_identification:_identify(src/amiga-ros2-bridge/venv/lib/python3.10/site-packages/numpy/random/_examples/cython) by extension 'python_setup_py'
[2.360s] Level 1:colcon.colcon_core.package_identification:_identify(src/amiga-ros2-bridge/venv/lib/python3.10/site-packages/numpy/random/_examples/numba) by extensions ['ignore', 'ignore_ament_install']
[2.360s] Level 1:colcon.colcon_core.package_identification:_identify(src/amiga-ros2-bridge/venv/lib/python3.10/site-packages/numpy/random/_examples/numba) by extension 'ignore'
[2.360s] Level 1:colcon.colcon_core.package_identification:_identify(src/amiga-ros2-bridge/venv/lib/python3.10/site-packages/numpy/random/_examples/numba) by extension 'ignore_ament_install'
[2.361s] Level 1:colcon.colcon_core.package_identification:_identify(src/amiga-ros2-bridge/venv/lib/python3.10/site-packages/numpy/random/_examples/numba) by extensions ['colcon_pkg']
[2.361s] Level 1:colcon.colcon_core.package_identification:_identify(src/amiga-ros2-bridge/venv/lib/python3.10/site-packages/numpy/random/_examples/numba) by extension 'colcon_pkg'
[2.361s] Level 1:colcon.colcon_core.package_identification:_identify(src/amiga-ros2-bridge/venv/lib/python3.10/site-packages/numpy/random/_examples/numba) by extensions ['colcon_meta']
[2.361s] Level 1:colcon.colcon_core.package_identification:_identify(src/amiga-ros2-bridge/venv/lib/python3.10/site-packages/numpy/random/_examples/numba) by extension 'colcon_meta'
[2.361s] Level 1:colcon.colcon_core.package_identification:_identify(src/amiga-ros2-bridge/venv/lib/python3.10/site-packages/numpy/random/_examples/numba) by extensions ['ros']
[2.361s] Level 1:colcon.colcon_core.package_identification:_identify(src/amiga-ros2-bridge/venv/lib/python3.10/site-packages/numpy/random/_examples/numba) by extension 'ros'
[2.361s] Level 1:colcon.colcon_core.package_identification:_identify(src/amiga-ros2-bridge/venv/lib/python3.10/site-packages/numpy/random/_examples/numba) by extensions ['cmake', 'python']
[2.361s] Level 1:colcon.colcon_core.package_identification:_identify(src/amiga-ros2-bridge/venv/lib/python3.10/site-packages/numpy/random/_examples/numba) by extension 'cmake'
[2.361s] Level 1:colcon.colcon_core.package_identification:_identify(src/amiga-ros2-bridge/venv/lib/python3.10/site-packages/numpy/random/_examples/numba) by extension 'python'
[2.361s] Level 1:colcon.colcon_core.package_identification:_identify(src/amiga-ros2-bridge/venv/lib/python3.10/site-packages/numpy/random/_examples/numba) by extensions ['python_setup_py']
[2.361s] Level 1:colcon.colcon_core.package_identification:_identify(src/amiga-ros2-bridge/venv/lib/python3.10/site-packages/numpy/random/_examples/numba) by extension 'python_setup_py'
[2.362s] Level 1:colcon.colcon_core.package_identification:_identify(src/amiga-ros2-bridge/venv/lib/python3.10/site-packages/numpy/random/_examples/numba/__pycache__) by extensions ['ignore', 'ignore_ament_install']
[2.362s] Level 1:colcon.colcon_core.package_identification:_identify(src/amiga-ros2-bridge/venv/lib/python3.10/site-packages/numpy/random/_examples/numba/__pycache__) by extension 'ignore'
[2.362s] Level 1:colcon.colcon_core.package_identification:_identify(src/amiga-ros2-bridge/venv/lib/python3.10/site-packages/numpy/random/_examples/numba/__pycache__) by extension 'ignore_ament_install'
[2.362s] Level 1:colcon.colcon_core.package_identification:_identify(src/amiga-ros2-bridge/venv/lib/python3.10/site-packages/numpy/random/_examples/numba/__pycache__) by extensions ['colcon_pkg']
[2.362s] Level 1:colcon.colcon_core.package_identification:_identify(src/amiga-ros2-bridge/venv/lib/python3.10/site-packages/numpy/random/_examples/numba/__pycache__) by extension 'colcon_pkg'
[2.362s] Level 1:colcon.colcon_core.package_identification:_identify(src/amiga-ros2-bridge/venv/lib/python3.10/site-packages/numpy/random/_examples/numba/__pycache__) by extensions ['colcon_meta']
[2.362s] Level 1:colcon.colcon_core.package_identification:_identify(src/amiga-ros2-bridge/venv/lib/python3.10/site-packages/numpy/random/_examples/numba/__pycache__) by extension 'colcon_meta'
[2.363s] Level 1:colcon.colcon_core.package_identification:_identify(src/amiga-ros2-bridge/venv/lib/python3.10/site-packages/numpy/random/_examples/numba/__pycache__) by extensions ['ros']
[2.363s] Level 1:colcon.colcon_core.package_identification:_identify(src/amiga-ros2-bridge/venv/lib/python3.10/site-packages/numpy/random/_examples/numba/__pycache__) by extension 'ros'
[2.363s] Level 1:colcon.colcon_core.package_identification:_identify(src/amiga-ros2-bridge/venv/lib/python3.10/site-packages/numpy/random/_examples/numba/__pycache__) by extensions ['cmake', 'python']
[2.363s] Level 1:colcon.colcon_core.package_identification:_identify(src/amiga-ros2-bridge/venv/lib/python3.10/site-packages/numpy/random/_examples/numba/__pycache__) by extension 'cmake'
[2.363s] Level 1:colcon.colcon_core.package_identification:_identify(src/amiga-ros2-bridge/venv/lib/python3.10/site-packages/numpy/random/_examples/numba/__pycache__) by extension 'python'
[2.363s] Level 1:colcon.colcon_core.package_identification:_identify(src/amiga-ros2-bridge/venv/lib/python3.10/site-packages/numpy/random/_examples/numba/__pycache__) by extensions ['python_setup_py']
[2.363s] Level 1:colcon.colcon_core.package_identification:_identify(src/amiga-ros2-bridge/venv/lib/python3.10/site-packages/numpy/random/_examples/numba/__pycache__) by extension 'python_setup_py'
[2.363s] Level 1:colcon.colcon_core.package_identification:_identify(src/amiga-ros2-bridge/venv/lib/python3.10/site-packages/numpy/random/lib) by extensions ['ignore', 'ignore_ament_install']
[2.364s] Level 1:colcon.colcon_core.package_identification:_identify(src/amiga-ros2-bridge/venv/lib/python3.10/site-packages/numpy/random/lib) by extension 'ignore'
[2.364s] Level 1:colcon.colcon_core.package_identification:_identify(src/amiga-ros2-bridge/venv/lib/python3.10/site-packages/numpy/random/lib) by extension 'ignore_ament_install'
[2.364s] Level 1:colcon.colcon_core.package_identification:_identify(src/amiga-ros2-bridge/venv/lib/python3.10/site-packages/numpy/random/lib) by extensions ['colcon_pkg']
[2.364s] Level 1:colcon.colcon_core.package_identification:_identify(src/amiga-ros2-bridge/venv/lib/python3.10/site-packages/numpy/random/lib) by extension 'colcon_pkg'
[2.364s] Level 1:colcon.colcon_core.package_identification:_identify(src/amiga-ros2-bridge/venv/lib/python3.10/site-packages/numpy/random/lib) by extensions ['colcon_meta']
[2.364s] Level 1:colcon.colcon_core.package_identification:_identify(src/amiga-ros2-bridge/venv/lib/python3.10/site-packages/numpy/random/lib) by extension 'colcon_meta'
[2.364s] Level 1:colcon.colcon_core.package_identification:_identify(src/amiga-ros2-bridge/venv/lib/python3.10/site-packages/numpy/random/lib) by extensions ['ros']
[2.364s] Level 1:colcon.colcon_core.package_identification:_identify(src/amiga-ros2-bridge/venv/lib/python3.10/site-packages/numpy/random/lib) by extension 'ros'
[2.364s] Level 1:colcon.colcon_core.package_identification:_identify(src/amiga-ros2-bridge/venv/lib/python3.10/site-packages/numpy/random/lib) by extensions ['cmake', 'python']
[2.365s] Level 1:colcon.colcon_core.package_identification:_identify(src/amiga-ros2-bridge/venv/lib/python3.10/site-packages/numpy/random/lib) by extension 'cmake'
[2.365s] Level 1:colcon.colcon_core.package_identification:_identify(src/amiga-ros2-bridge/venv/lib/python3.10/site-packages/numpy/random/lib) by extension 'python'
[2.365s] Level 1:colcon.colcon_core.package_identification:_identify(src/amiga-ros2-bridge/venv/lib/python3.10/site-packages/numpy/random/lib) by extensions ['python_setup_py']
[2.365s] Level 1:colcon.colcon_core.package_identification:_identify(src/amiga-ros2-bridge/venv/lib/python3.10/site-packages/numpy/random/lib) by extension 'python_setup_py'
[2.365s] Level 1:colcon.colcon_core.package_identification:_identify(src/amiga-ros2-bridge/venv/lib/python3.10/site-packages/numpy/random/tests) by extensions ['ignore', 'ignore_ament_install']
[2.365s] Level 1:colcon.colcon_core.package_identification:_identify(src/amiga-ros2-bridge/venv/lib/python3.10/site-packages/numpy/random/tests) by extension 'ignore'
[2.365s] Level 1:colcon.colcon_core.package_identification:_identify(src/amiga-ros2-bridge/venv/lib/python3.10/site-packages/numpy/random/tests) by extension 'ignore_ament_install'
[2.366s] Level 1:colcon.colcon_core.package_identification:_identify(src/amiga-ros2-bridge/venv/lib/python3.10/site-packages/numpy/random/tests) by extensions ['colcon_pkg']
[2.366s] Level 1:colcon.colcon_core.package_identification:_identify(src/amiga-ros2-bridge/venv/lib/python3.10/site-packages/numpy/random/tests) by extension 'colcon_pkg'
[2.366s] Level 1:colcon.colcon_core.package_identification:_identify(src/amiga-ros2-bridge/venv/lib/python3.10/site-packages/numpy/random/tests) by extensions ['colcon_meta']
[2.366s] Level 1:colcon.colcon_core.package_identification:_identify(src/amiga-ros2-bridge/venv/lib/python3.10/site-packages/numpy/random/tests) by extension 'colcon_meta'
[2.366s] Level 1:colcon.colcon_core.package_identification:_identify(src/amiga-ros2-bridge/venv/lib/python3.10/site-packages/numpy/random/tests) by extensions ['ros']
[2.366s] Level 1:colcon.colcon_core.package_identification:_identify(src/amiga-ros2-bridge/venv/lib/python3.10/site-packages/numpy/random/tests) by extension 'ros'
[2.366s] Level 1:colcon.colcon_core.package_identification:_identify(src/amiga-ros2-bridge/venv/lib/python3.10/site-packages/numpy/random/tests) by extensions ['cmake', 'python']
[2.366s] Level 1:colcon.colcon_core.package_identification:_identify(src/amiga-ros2-bridge/venv/lib/python3.10/site-packages/numpy/random/tests) by extension 'cmake'
[2.366s] Level 1:colcon.colcon_core.package_identification:_identify(src/amiga-ros2-bridge/venv/lib/python3.10/site-packages/numpy/random/tests) by extension 'python'
[2.366s] Level 1:colcon.colcon_core.package_identification:_identify(src/amiga-ros2-bridge/venv/lib/python3.10/site-packages/numpy/random/tests) by extensions ['python_setup_py']
[2.366s] Level 1:colcon.colcon_core.package_identification:_identify(src/amiga-ros2-bridge/venv/lib/python3.10/site-packages/numpy/random/tests) by extension 'python_setup_py'
[2.367s] Level 1:colcon.colcon_core.package_identification:_identify(src/amiga-ros2-bridge/venv/lib/python3.10/site-packages/numpy/random/tests/__pycache__) by extensions ['ignore', 'ignore_ament_install']
[2.367s] Level 1:colcon.colcon_core.package_identification:_identify(src/amiga-ros2-bridge/venv/lib/python3.10/site-packages/numpy/random/tests/__pycache__) by extension 'ignore'
[2.367s] Level 1:colcon.colcon_core.package_identification:_identify(src/amiga-ros2-bridge/venv/lib/python3.10/site-packages/numpy/random/tests/__pycache__) by extension 'ignore_ament_install'
[2.367s] Level 1:colcon.colcon_core.package_identification:_identify(src/amiga-ros2-bridge/venv/lib/python3.10/site-packages/numpy/random/tests/__pycache__) by extensions ['colcon_pkg']
[2.367s] Level 1:colcon.colcon_core.package_identification:_identify(src/amiga-ros2-bridge/venv/lib/python3.10/site-packages/numpy/random/tests/__pycache__) by extension 'colcon_pkg'
[2.367s] Level 1:colcon.colcon_core.package_identification:_identify(src/amiga-ros2-bridge/venv/lib/python3.10/site-packages/numpy/random/tests/__pycache__) by extensions ['colcon_meta']
[2.367s] Level 1:colcon.colcon_core.package_identification:_identify(src/amiga-ros2-bridge/venv/lib/python3.10/site-packages/numpy/random/tests/__pycache__) by extension 'colcon_meta'
[2.368s] Level 1:colcon.colcon_core.package_identification:_identify(src/amiga-ros2-bridge/venv/lib/python3.10/site-packages/numpy/random/tests/__pycache__) by extensions ['ros']
[2.368s] Level 1:colcon.colcon_core.package_identification:_identify(src/amiga-ros2-bridge/venv/lib/python3.10/site-packages/numpy/random/tests/__pycache__) by extension 'ros'
[2.368s] Level 1:colcon.colcon_core.package_identification:_identify(src/amiga-ros2-bridge/venv/lib/python3.10/site-packages/numpy/random/tests/__pycache__) by extensions ['cmake', 'python']
[2.368s] Level 1:colcon.colcon_core.package_identification:_identify(src/amiga-ros2-bridge/venv/lib/python3.10/site-packages/numpy/random/tests/__pycache__) by extension 'cmake'
[2.368s] Level 1:colcon.colcon_core.package_identification:_identify(src/amiga-ros2-bridge/venv/lib/python3.10/site-packages/numpy/random/tests/__pycache__) by extension 'python'
[2.368s] Level 1:colcon.colcon_core.package_identification:_identify(src/amiga-ros2-bridge/venv/lib/python3.10/site-packages/numpy/random/tests/__pycache__) by extensions ['python_setup_py']
[2.368s] Level 1:colcon.colcon_core.package_identification:_identify(src/amiga-ros2-bridge/venv/lib/python3.10/site-packages/numpy/random/tests/__pycache__) by extension 'python_setup_py'
[2.368s] Level 1:colcon.colcon_core.package_identification:_identify(src/amiga-ros2-bridge/venv/lib/python3.10/site-packages/numpy/random/tests/data) by extensions ['ignore', 'ignore_ament_install']
[2.369s] Level 1:colcon.colcon_core.package_identification:_identify(src/amiga-ros2-bridge/venv/lib/python3.10/site-packages/numpy/random/tests/data) by extension 'ignore'
[2.369s] Level 1:colcon.colcon_core.package_identification:_identify(src/amiga-ros2-bridge/venv/lib/python3.10/site-packages/numpy/random/tests/data) by extension 'ignore_ament_install'
[2.369s] Level 1:colcon.colcon_core.package_identification:_identify(src/amiga-ros2-bridge/venv/lib/python3.10/site-packages/numpy/random/tests/data) by extensions ['colcon_pkg']
[2.369s] Level 1:colcon.colcon_core.package_identification:_identify(src/amiga-ros2-bridge/venv/lib/python3.10/site-packages/numpy/random/tests/data) by extension 'colcon_pkg'
[2.369s] Level 1:colcon.colcon_core.package_identification:_identify(src/amiga-ros2-bridge/venv/lib/python3.10/site-packages/numpy/random/tests/data) by extensions ['colcon_meta']
[2.369s] Level 1:colcon.colcon_core.package_identification:_identify(src/amiga-ros2-bridge/venv/lib/python3.10/site-packages/numpy/random/tests/data) by extension 'colcon_meta'
[2.369s] Level 1:colcon.colcon_core.package_identification:_identify(src/amiga-ros2-bridge/venv/lib/python3.10/site-packages/numpy/random/tests/data) by extensions ['ros']
[2.369s] Level 1:colcon.colcon_core.package_identification:_identify(src/amiga-ros2-bridge/venv/lib/python3.10/site-packages/numpy/random/tests/data) by extension 'ros'
[2.369s] Level 1:colcon.colcon_core.package_identification:_identify(src/amiga-ros2-bridge/venv/lib/python3.10/site-packages/numpy/random/tests/data) by extensions ['cmake', 'python']
[2.370s] Level 1:colcon.colcon_core.package_identification:_identify(src/amiga-ros2-bridge/venv/lib/python3.10/site-packages/numpy/random/tests/data) by extension 'cmake'
[2.370s] Level 1:colcon.colcon_core.package_identification:_identify(src/amiga-ros2-bridge/venv/lib/python3.10/site-packages/numpy/random/tests/data) by extension 'python'
[2.370s] Level 1:colcon.colcon_core.package_identification:_identify(src/amiga-ros2-bridge/venv/lib/python3.10/site-packages/numpy/random/tests/data) by extensions ['python_setup_py']
[2.370s] Level 1:colcon.colcon_core.package_identification:_identify(src/amiga-ros2-bridge/venv/lib/python3.10/site-packages/numpy/random/tests/data) by extension 'python_setup_py'
[2.370s] Level 1:colcon.colcon_core.package_identification:_identify(src/amiga-ros2-bridge/venv/lib/python3.10/site-packages/numpy/random/tests/data/__pycache__) by extensions ['ignore', 'ignore_ament_install']
[2.370s] Level 1:colcon.colcon_core.package_identification:_identify(src/amiga-ros2-bridge/venv/lib/python3.10/site-packages/numpy/random/tests/data/__pycache__) by extension 'ignore'
[2.370s] Level 1:colcon.colcon_core.package_identification:_identify(src/amiga-ros2-bridge/venv/lib/python3.10/site-packages/numpy/random/tests/data/__pycache__) by extension 'ignore_ament_install'
[2.371s] Level 1:colcon.colcon_core.package_identification:_identify(src/amiga-ros2-bridge/venv/lib/python3.10/site-packages/numpy/random/tests/data/__pycache__) by extensions ['colcon_pkg']
[2.371s] Level 1:colcon.colcon_core.package_identification:_identify(src/amiga-ros2-bridge/venv/lib/python3.10/site-packages/numpy/random/tests/data/__pycache__) by extension 'colcon_pkg'
[2.371s] Level 1:colcon.colcon_core.package_identification:_identify(src/amiga-ros2-bridge/venv/lib/python3.10/site-packages/numpy/random/tests/data/__pycache__) by extensions ['colcon_meta']
[2.371s] Level 1:colcon.colcon_core.package_identification:_identify(src/amiga-ros2-bridge/venv/lib/python3.10/site-packages/numpy/random/tests/data/__pycache__) by extension 'colcon_meta'
[2.371s] Level 1:colcon.colcon_core.package_identification:_identify(src/amiga-ros2-bridge/venv/lib/python3.10/site-packages/numpy/random/tests/data/__pycache__) by extensions ['ros']
[2.371s] Level 1:colcon.colcon_core.package_identification:_identify(src/amiga-ros2-bridge/venv/lib/python3.10/site-packages/numpy/random/tests/data/__pycache__) by extension 'ros'
[2.371s] Level 1:colcon.colcon_core.package_identification:_identify(src/amiga-ros2-bridge/venv/lib/python3.10/site-packages/numpy/random/tests/data/__pycache__) by extensions ['cmake', 'python']
[2.371s] Level 1:colcon.colcon_core.package_identification:_identify(src/amiga-ros2-bridge/venv/lib/python3.10/site-packages/numpy/random/tests/data/__pycache__) by extension 'cmake'
[2.371s] Level 1:colcon.colcon_core.package_identification:_identify(src/amiga-ros2-bridge/venv/lib/python3.10/site-packages/numpy/random/tests/data/__pycache__) by extension 'python'
[2.371s] Level 1:colcon.colcon_core.package_identification:_identify(src/amiga-ros2-bridge/venv/lib/python3.10/site-packages/numpy/random/tests/data/__pycache__) by extensions ['python_setup_py']
[2.371s] Level 1:colcon.colcon_core.package_identification:_identify(src/amiga-ros2-bridge/venv/lib/python3.10/site-packages/numpy/random/tests/data/__pycache__) by extension 'python_setup_py'
[2.372s] Level 1:colcon.colcon_core.package_identification:_identify(src/amiga-ros2-bridge/venv/lib/python3.10/site-packages/numpy/rec) by extensions ['ignore', 'ignore_ament_install']
[2.372s] Level 1:colcon.colcon_core.package_identification:_identify(src/amiga-ros2-bridge/venv/lib/python3.10/site-packages/numpy/rec) by extension 'ignore'
[2.372s] Level 1:colcon.colcon_core.package_identification:_identify(src/amiga-ros2-bridge/venv/lib/python3.10/site-packages/numpy/rec) by extension 'ignore_ament_install'
[2.372s] Level 1:colcon.colcon_core.package_identification:_identify(src/amiga-ros2-bridge/venv/lib/python3.10/site-packages/numpy/rec) by extensions ['colcon_pkg']
[2.372s] Level 1:colcon.colcon_core.package_identification:_identify(src/amiga-ros2-bridge/venv/lib/python3.10/site-packages/numpy/rec) by extension 'colcon_pkg'
[2.372s] Level 1:colcon.colcon_core.package_identification:_identify(src/amiga-ros2-bridge/venv/lib/python3.10/site-packages/numpy/rec) by extensions ['colcon_meta']
[2.372s] Level 1:colcon.colcon_core.package_identification:_identify(src/amiga-ros2-bridge/venv/lib/python3.10/site-packages/numpy/rec) by extension 'colcon_meta'
[2.373s] Level 1:colcon.colcon_core.package_identification:_identify(src/amiga-ros2-bridge/venv/lib/python3.10/site-packages/numpy/rec) by extensions ['ros']
[2.373s] Level 1:colcon.colcon_core.package_identification:_identify(src/amiga-ros2-bridge/venv/lib/python3.10/site-packages/numpy/rec) by extension 'ros'
[2.373s] Level 1:colcon.colcon_core.package_identification:_identify(src/amiga-ros2-bridge/venv/lib/python3.10/site-packages/numpy/rec) by extensions ['cmake', 'python']
[2.373s] Level 1:colcon.colcon_core.package_identification:_identify(src/amiga-ros2-bridge/venv/lib/python3.10/site-packages/numpy/rec) by extension 'cmake'
[2.373s] Level 1:colcon.colcon_core.package_identification:_identify(src/amiga-ros2-bridge/venv/lib/python3.10/site-packages/numpy/rec) by extension 'python'
[2.373s] Level 1:colcon.colcon_core.package_identification:_identify(src/amiga-ros2-bridge/venv/lib/python3.10/site-packages/numpy/rec) by extensions ['python_setup_py']
[2.373s] Level 1:colcon.colcon_core.package_identification:_identify(src/amiga-ros2-bridge/venv/lib/python3.10/site-packages/numpy/rec) by extension 'python_setup_py'
[2.373s] Level 1:colcon.colcon_core.package_identification:_identify(src/amiga-ros2-bridge/venv/lib/python3.10/site-packages/numpy/rec/__pycache__) by extensions ['ignore', 'ignore_ament_install']
[2.374s] Level 1:colcon.colcon_core.package_identification:_identify(src/amiga-ros2-bridge/venv/lib/python3.10/site-packages/numpy/rec/__pycache__) by extension 'ignore'
[2.374s] Level 1:colcon.colcon_core.package_identification:_identify(src/amiga-ros2-bridge/venv/lib/python3.10/site-packages/numpy/rec/__pycache__) by extension 'ignore_ament_install'
[2.374s] Level 1:colcon.colcon_core.package_identification:_identify(src/amiga-ros2-bridge/venv/lib/python3.10/site-packages/numpy/rec/__pycache__) by extensions ['colcon_pkg']
[2.374s] Level 1:colcon.colcon_core.package_identification:_identify(src/amiga-ros2-bridge/venv/lib/python3.10/site-packages/numpy/rec/__pycache__) by extension 'colcon_pkg'
[2.374s] Level 1:colcon.colcon_core.package_identification:_identify(src/amiga-ros2-bridge/venv/lib/python3.10/site-packages/numpy/rec/__pycache__) by extensions ['colcon_meta']
[2.374s] Level 1:colcon.colcon_core.package_identification:_identify(src/amiga-ros2-bridge/venv/lib/python3.10/site-packages/numpy/rec/__pycache__) by extension 'colcon_meta'
[2.374s] Level 1:colcon.colcon_core.package_identification:_identify(src/amiga-ros2-bridge/venv/lib/python3.10/site-packages/numpy/rec/__pycache__) by extensions ['ros']
[2.374s] Level 1:colcon.colcon_core.package_identification:_identify(src/amiga-ros2-bridge/venv/lib/python3.10/site-packages/numpy/rec/__pycache__) by extension 'ros'
[2.374s] Level 1:colcon.colcon_core.package_identification:_identify(src/amiga-ros2-bridge/venv/lib/python3.10/site-packages/numpy/rec/__pycache__) by extensions ['cmake', 'python']
[2.374s] Level 1:colcon.colcon_core.package_identification:_identify(src/amiga-ros2-bridge/venv/lib/python3.10/site-packages/numpy/rec/__pycache__) by extension 'cmake'
[2.375s] Level 1:colcon.colcon_core.package_identification:_identify(src/amiga-ros2-bridge/venv/lib/python3.10/site-packages/numpy/rec/__pycache__) by extension 'python'
[2.375s] Level 1:colcon.colcon_core.package_identification:_identify(src/amiga-ros2-bridge/venv/lib/python3.10/site-packages/numpy/rec/__pycache__) by extensions ['python_setup_py']
[2.375s] Level 1:colcon.colcon_core.package_identification:_identify(src/amiga-ros2-bridge/venv/lib/python3.10/site-packages/numpy/rec/__pycache__) by extension 'python_setup_py'
[2.375s] Level 1:colcon.colcon_core.package_identification:_identify(src/amiga-ros2-bridge/venv/lib/python3.10/site-packages/numpy/strings) by extensions ['ignore', 'ignore_ament_install']
[2.375s] Level 1:colcon.colcon_core.package_identification:_identify(src/amiga-ros2-bridge/venv/lib/python3.10/site-packages/numpy/strings) by extension 'ignore'
[2.375s] Level 1:colcon.colcon_core.package_identification:_identify(src/amiga-ros2-bridge/venv/lib/python3.10/site-packages/numpy/strings) by extension 'ignore_ament_install'
[2.375s] Level 1:colcon.colcon_core.package_identification:_identify(src/amiga-ros2-bridge/venv/lib/python3.10/site-packages/numpy/strings) by extensions ['colcon_pkg']
[2.376s] Level 1:colcon.colcon_core.package_identification:_identify(src/amiga-ros2-bridge/venv/lib/python3.10/site-packages/numpy/strings) by extension 'colcon_pkg'
[2.376s] Level 1:colcon.colcon_core.package_identification:_identify(src/amiga-ros2-bridge/venv/lib/python3.10/site-packages/numpy/strings) by extensions ['colcon_meta']
[2.376s] Level 1:colcon.colcon_core.package_identification:_identify(src/amiga-ros2-bridge/venv/lib/python3.10/site-packages/numpy/strings) by extension 'colcon_meta'
[2.376s] Level 1:colcon.colcon_core.package_identification:_identify(src/amiga-ros2-bridge/venv/lib/python3.10/site-packages/numpy/strings) by extensions ['ros']
[2.376s] Level 1:colcon.colcon_core.package_identification:_identify(src/amiga-ros2-bridge/venv/lib/python3.10/site-packages/numpy/strings) by extension 'ros'
[2.376s] Level 1:colcon.colcon_core.package_identification:_identify(src/amiga-ros2-bridge/venv/lib/python3.10/site-packages/numpy/strings) by extensions ['cmake', 'python']
[2.376s] Level 1:colcon.colcon_core.package_identification:_identify(src/amiga-ros2-bridge/venv/lib/python3.10/site-packages/numpy/strings) by extension 'cmake'
[2.376s] Level 1:colcon.colcon_core.package_identification:_identify(src/amiga-ros2-bridge/venv/lib/python3.10/site-packages/numpy/strings) by extension 'python'
[2.376s] Level 1:colcon.colcon_core.package_identification:_identify(src/amiga-ros2-bridge/venv/lib/python3.10/site-packages/numpy/strings) by extensions ['python_setup_py']
[2.376s] Level 1:colcon.colcon_core.package_identification:_identify(src/amiga-ros2-bridge/venv/lib/python3.10/site-packages/numpy/strings) by extension 'python_setup_py'
[2.377s] Level 1:colcon.colcon_core.package_identification:_identify(src/amiga-ros2-bridge/venv/lib/python3.10/site-packages/numpy/strings/__pycache__) by extensions ['ignore', 'ignore_ament_install']
[2.377s] Level 1:colcon.colcon_core.package_identification:_identify(src/amiga-ros2-bridge/venv/lib/python3.10/site-packages/numpy/strings/__pycache__) by extension 'ignore'
[2.377s] Level 1:colcon.colcon_core.package_identification:_identify(src/amiga-ros2-bridge/venv/lib/python3.10/site-packages/numpy/strings/__pycache__) by extension 'ignore_ament_install'
[2.377s] Level 1:colcon.colcon_core.package_identification:_identify(src/amiga-ros2-bridge/venv/lib/python3.10/site-packages/numpy/strings/__pycache__) by extensions ['colcon_pkg']
[2.377s] Level 1:colcon.colcon_core.package_identification:_identify(src/amiga-ros2-bridge/venv/lib/python3.10/site-packages/numpy/strings/__pycache__) by extension 'colcon_pkg'
[2.377s] Level 1:colcon.colcon_core.package_identification:_identify(src/amiga-ros2-bridge/venv/lib/python3.10/site-packages/numpy/strings/__pycache__) by extensions ['colcon_meta']
[2.377s] Level 1:colcon.colcon_core.package_identification:_identify(src/amiga-ros2-bridge/venv/lib/python3.10/site-packages/numpy/strings/__pycache__) by extension 'colcon_meta'
[2.378s] Level 1:colcon.colcon_core.package_identification:_identify(src/amiga-ros2-bridge/venv/lib/python3.10/site-packages/numpy/strings/__pycache__) by extensions ['ros']
[2.378s] Level 1:colcon.colcon_core.package_identification:_identify(src/amiga-ros2-bridge/venv/lib/python3.10/site-packages/numpy/strings/__pycache__) by extension 'ros'
[2.378s] Level 1:colcon.colcon_core.package_identification:_identify(src/amiga-ros2-bridge/venv/lib/python3.10/site-packages/numpy/strings/__pycache__) by extensions ['cmake', 'python']
[2.378s] Level 1:colcon.colcon_core.package_identification:_identify(src/amiga-ros2-bridge/venv/lib/python3.10/site-packages/numpy/strings/__pycache__) by extension 'cmake'
[2.378s] Level 1:colcon.colcon_core.package_identification:_identify(src/amiga-ros2-bridge/venv/lib/python3.10/site-packages/numpy/strings/__pycache__) by extension 'python'
[2.378s] Level 1:colcon.colcon_core.package_identification:_identify(src/amiga-ros2-bridge/venv/lib/python3.10/site-packages/numpy/strings/__pycache__) by extensions ['python_setup_py']
[2.378s] Level 1:colcon.colcon_core.package_identification:_identify(src/amiga-ros2-bridge/venv/lib/python3.10/site-packages/numpy/strings/__pycache__) by extension 'python_setup_py'
[2.378s] Level 1:colcon.colcon_core.package_identification:_identify(src/amiga-ros2-bridge/venv/lib/python3.10/site-packages/numpy/testing) by extensions ['ignore', 'ignore_ament_install']
[2.379s] Level 1:colcon.colcon_core.package_identification:_identify(src/amiga-ros2-bridge/venv/lib/python3.10/site-packages/numpy/testing) by extension 'ignore'
[2.379s] Level 1:colcon.colcon_core.package_identification:_identify(src/amiga-ros2-bridge/venv/lib/python3.10/site-packages/numpy/testing) by extension 'ignore_ament_install'
[2.379s] Level 1:colcon.colcon_core.package_identification:_identify(src/amiga-ros2-bridge/venv/lib/python3.10/site-packages/numpy/testing) by extensions ['colcon_pkg']
[2.379s] Level 1:colcon.colcon_core.package_identification:_identify(src/amiga-ros2-bridge/venv/lib/python3.10/site-packages/numpy/testing) by extension 'colcon_pkg'
[2.379s] Level 1:colcon.colcon_core.package_identification:_identify(src/amiga-ros2-bridge/venv/lib/python3.10/site-packages/numpy/testing) by extensions ['colcon_meta']
[2.379s] Level 1:colcon.colcon_core.package_identification:_identify(src/amiga-ros2-bridge/venv/lib/python3.10/site-packages/numpy/testing) by extension 'colcon_meta'
[2.379s] Level 1:colcon.colcon_core.package_identification:_identify(src/amiga-ros2-bridge/venv/lib/python3.10/site-packages/numpy/testing) by extensions ['ros']
[2.379s] Level 1:colcon.colcon_core.package_identification:_identify(src/amiga-ros2-bridge/venv/lib/python3.10/site-packages/numpy/testing) by extension 'ros'
[2.379s] Level 1:colcon.colcon_core.package_identification:_identify(src/amiga-ros2-bridge/venv/lib/python3.10/site-packages/numpy/testing) by extensions ['cmake', 'python']
[2.380s] Level 1:colcon.colcon_core.package_identification:_identify(src/amiga-ros2-bridge/venv/lib/python3.10/site-packages/numpy/testing) by extension 'cmake'
[2.380s] Level 1:colcon.colcon_core.package_identification:_identify(src/amiga-ros2-bridge/venv/lib/python3.10/site-packages/numpy/testing) by extension 'python'
[2.380s] Level 1:colcon.colcon_core.package_identification:_identify(src/amiga-ros2-bridge/venv/lib/python3.10/site-packages/numpy/testing) by extensions ['python_setup_py']
[2.380s] Level 1:colcon.colcon_core.package_identification:_identify(src/amiga-ros2-bridge/venv/lib/python3.10/site-packages/numpy/testing) by extension 'python_setup_py'
[2.380s] Level 1:colcon.colcon_core.package_identification:_identify(src/amiga-ros2-bridge/venv/lib/python3.10/site-packages/numpy/testing/__pycache__) by extensions ['ignore', 'ignore_ament_install']
[2.380s] Level 1:colcon.colcon_core.package_identification:_identify(src/amiga-ros2-bridge/venv/lib/python3.10/site-packages/numpy/testing/__pycache__) by extension 'ignore'
[2.380s] Level 1:colcon.colcon_core.package_identification:_identify(src/amiga-ros2-bridge/venv/lib/python3.10/site-packages/numpy/testing/__pycache__) by extension 'ignore_ament_install'
[2.380s] Level 1:colcon.colcon_core.package_identification:_identify(src/amiga-ros2-bridge/venv/lib/python3.10/site-packages/numpy/testing/__pycache__) by extensions ['colcon_pkg']
[2.381s] Level 1:colcon.colcon_core.package_identification:_identify(src/amiga-ros2-bridge/venv/lib/python3.10/site-packages/numpy/testing/__pycache__) by extension 'colcon_pkg'
[2.381s] Level 1:colcon.colcon_core.package_identification:_identify(src/amiga-ros2-bridge/venv/lib/python3.10/site-packages/numpy/testing/__pycache__) by extensions ['colcon_meta']
[2.381s] Level 1:colcon.colcon_core.package_identification:_identify(src/amiga-ros2-bridge/venv/lib/python3.10/site-packages/numpy/testing/__pycache__) by extension 'colcon_meta'
[2.381s] Level 1:colcon.colcon_core.package_identification:_identify(src/amiga-ros2-bridge/venv/lib/python3.10/site-packages/numpy/testing/__pycache__) by extensions ['ros']
[2.381s] Level 1:colcon.colcon_core.package_identification:_identify(src/amiga-ros2-bridge/venv/lib/python3.10/site-packages/numpy/testing/__pycache__) by extension 'ros'
[2.381s] Level 1:colcon.colcon_core.package_identification:_identify(src/amiga-ros2-bridge/venv/lib/python3.10/site-packages/numpy/testing/__pycache__) by extensions ['cmake', 'python']
[2.381s] Level 1:colcon.colcon_core.package_identification:_identify(src/amiga-ros2-bridge/venv/lib/python3.10/site-packages/numpy/testing/__pycache__) by extension 'cmake'
[2.381s] Level 1:colcon.colcon_core.package_identification:_identify(src/amiga-ros2-bridge/venv/lib/python3.10/site-packages/numpy/testing/__pycache__) by extension 'python'
[2.381s] Level 1:colcon.colcon_core.package_identification:_identify(src/amiga-ros2-bridge/venv/lib/python3.10/site-packages/numpy/testing/__pycache__) by extensions ['python_setup_py']
[2.381s] Level 1:colcon.colcon_core.package_identification:_identify(src/amiga-ros2-bridge/venv/lib/python3.10/site-packages/numpy/testing/__pycache__) by extension 'python_setup_py'
[2.382s] Level 1:colcon.colcon_core.package_identification:_identify(src/amiga-ros2-bridge/venv/lib/python3.10/site-packages/numpy/testing/_private) by extensions ['ignore', 'ignore_ament_install']
[2.382s] Level 1:colcon.colcon_core.package_identification:_identify(src/amiga-ros2-bridge/venv/lib/python3.10/site-packages/numpy/testing/_private) by extension 'ignore'
[2.382s] Level 1:colcon.colcon_core.package_identification:_identify(src/amiga-ros2-bridge/venv/lib/python3.10/site-packages/numpy/testing/_private) by extension 'ignore_ament_install'
[2.382s] Level 1:colcon.colcon_core.package_identification:_identify(src/amiga-ros2-bridge/venv/lib/python3.10/site-packages/numpy/testing/_private) by extensions ['colcon_pkg']
[2.382s] Level 1:colcon.colcon_core.package_identification:_identify(src/amiga-ros2-bridge/venv/lib/python3.10/site-packages/numpy/testing/_private) by extension 'colcon_pkg'
[2.382s] Level 1:colcon.colcon_core.package_identification:_identify(src/amiga-ros2-bridge/venv/lib/python3.10/site-packages/numpy/testing/_private) by extensions ['colcon_meta']
[2.382s] Level 1:colcon.colcon_core.package_identification:_identify(src/amiga-ros2-bridge/venv/lib/python3.10/site-packages/numpy/testing/_private) by extension 'colcon_meta'
[2.383s] Level 1:colcon.colcon_core.package_identification:_identify(src/amiga-ros2-bridge/venv/lib/python3.10/site-packages/numpy/testing/_private) by extensions ['ros']
[2.383s] Level 1:colcon.colcon_core.package_identification:_identify(src/amiga-ros2-bridge/venv/lib/python3.10/site-packages/numpy/testing/_private) by extension 'ros'
[2.383s] Level 1:colcon.colcon_core.package_identification:_identify(src/amiga-ros2-bridge/venv/lib/python3.10/site-packages/numpy/testing/_private) by extensions ['cmake', 'python']
[2.383s] Level 1:colcon.colcon_core.package_identification:_identify(src/amiga-ros2-bridge/venv/lib/python3.10/site-packages/numpy/testing/_private) by extension 'cmake'
[2.383s] Level 1:colcon.colcon_core.package_identification:_identify(src/amiga-ros2-bridge/venv/lib/python3.10/site-packages/numpy/testing/_private) by extension 'python'
[2.383s] Level 1:colcon.colcon_core.package_identification:_identify(src/amiga-ros2-bridge/venv/lib/python3.10/site-packages/numpy/testing/_private) by extensions ['python_setup_py']
[2.383s] Level 1:colcon.colcon_core.package_identification:_identify(src/amiga-ros2-bridge/venv/lib/python3.10/site-packages/numpy/testing/_private) by extension 'python_setup_py'
[2.383s] Level 1:colcon.colcon_core.package_identification:_identify(src/amiga-ros2-bridge/venv/lib/python3.10/site-packages/numpy/testing/_private/__pycache__) by extensions ['ignore', 'ignore_ament_install']
[2.384s] Level 1:colcon.colcon_core.package_identification:_identify(src/amiga-ros2-bridge/venv/lib/python3.10/site-packages/numpy/testing/_private/__pycache__) by extension 'ignore'
[2.384s] Level 1:colcon.colcon_core.package_identification:_identify(src/amiga-ros2-bridge/venv/lib/python3.10/site-packages/numpy/testing/_private/__pycache__) by extension 'ignore_ament_install'
[2.384s] Level 1:colcon.colcon_core.package_identification:_identify(src/amiga-ros2-bridge/venv/lib/python3.10/site-packages/numpy/testing/_private/__pycache__) by extensions ['colcon_pkg']
[2.384s] Level 1:colcon.colcon_core.package_identification:_identify(src/amiga-ros2-bridge/venv/lib/python3.10/site-packages/numpy/testing/_private/__pycache__) by extension 'colcon_pkg'
[2.384s] Level 1:colcon.colcon_core.package_identification:_identify(src/amiga-ros2-bridge/venv/lib/python3.10/site-packages/numpy/testing/_private/__pycache__) by extensions ['colcon_meta']
[2.384s] Level 1:colcon.colcon_core.package_identification:_identify(src/amiga-ros2-bridge/venv/lib/python3.10/site-packages/numpy/testing/_private/__pycache__) by extension 'colcon_meta'
[2.384s] Level 1:colcon.colcon_core.package_identification:_identify(src/amiga-ros2-bridge/venv/lib/python3.10/site-packages/numpy/testing/_private/__pycache__) by extensions ['ros']
[2.384s] Level 1:colcon.colcon_core.package_identification:_identify(src/amiga-ros2-bridge/venv/lib/python3.10/site-packages/numpy/testing/_private/__pycache__) by extension 'ros'
[2.384s] Level 1:colcon.colcon_core.package_identification:_identify(src/amiga-ros2-bridge/venv/lib/python3.10/site-packages/numpy/testing/_private/__pycache__) by extensions ['cmake', 'python']
[2.385s] Level 1:colcon.colcon_core.package_identification:_identify(src/amiga-ros2-bridge/venv/lib/python3.10/site-packages/numpy/testing/_private/__pycache__) by extension 'cmake'
[2.385s] Level 1:colcon.colcon_core.package_identification:_identify(src/amiga-ros2-bridge/venv/lib/python3.10/site-packages/numpy/testing/_private/__pycache__) by extension 'python'
[2.385s] Level 1:colcon.colcon_core.package_identification:_identify(src/amiga-ros2-bridge/venv/lib/python3.10/site-packages/numpy/testing/_private/__pycache__) by extensions ['python_setup_py']
[2.385s] Level 1:colcon.colcon_core.package_identification:_identify(src/amiga-ros2-bridge/venv/lib/python3.10/site-packages/numpy/testing/_private/__pycache__) by extension 'python_setup_py'
[2.385s] Level 1:colcon.colcon_core.package_identification:_identify(src/amiga-ros2-bridge/venv/lib/python3.10/site-packages/numpy/testing/tests) by extensions ['ignore', 'ignore_ament_install']
[2.385s] Level 1:colcon.colcon_core.package_identification:_identify(src/amiga-ros2-bridge/venv/lib/python3.10/site-packages/numpy/testing/tests) by extension 'ignore'
[2.385s] Level 1:colcon.colcon_core.package_identification:_identify(src/amiga-ros2-bridge/venv/lib/python3.10/site-packages/numpy/testing/tests) by extension 'ignore_ament_install'
[2.385s] Level 1:colcon.colcon_core.package_identification:_identify(src/amiga-ros2-bridge/venv/lib/python3.10/site-packages/numpy/testing/tests) by extensions ['colcon_pkg']
[2.386s] Level 1:colcon.colcon_core.package_identification:_identify(src/amiga-ros2-bridge/venv/lib/python3.10/site-packages/numpy/testing/tests) by extension 'colcon_pkg'
[2.386s] Level 1:colcon.colcon_core.package_identification:_identify(src/amiga-ros2-bridge/venv/lib/python3.10/site-packages/numpy/testing/tests) by extensions ['colcon_meta']
[2.386s] Level 1:colcon.colcon_core.package_identification:_identify(src/amiga-ros2-bridge/venv/lib/python3.10/site-packages/numpy/testing/tests) by extension 'colcon_meta'
[2.386s] Level 1:colcon.colcon_core.package_identification:_identify(src/amiga-ros2-bridge/venv/lib/python3.10/site-packages/numpy/testing/tests) by extensions ['ros']
[2.386s] Level 1:colcon.colcon_core.package_identification:_identify(src/amiga-ros2-bridge/venv/lib/python3.10/site-packages/numpy/testing/tests) by extension 'ros'
[2.386s] Level 1:colcon.colcon_core.package_identification:_identify(src/amiga-ros2-bridge/venv/lib/python3.10/site-packages/numpy/testing/tests) by extensions ['cmake', 'python']
[2.386s] Level 1:colcon.colcon_core.package_identification:_identify(src/amiga-ros2-bridge/venv/lib/python3.10/site-packages/numpy/testing/tests) by extension 'cmake'
[2.386s] Level 1:colcon.colcon_core.package_identification:_identify(src/amiga-ros2-bridge/venv/lib/python3.10/site-packages/numpy/testing/tests) by extension 'python'
[2.386s] Level 1:colcon.colcon_core.package_identification:_identify(src/amiga-ros2-bridge/venv/lib/python3.10/site-packages/numpy/testing/tests) by extensions ['python_setup_py']
[2.386s] Level 1:colcon.colcon_core.package_identification:_identify(src/amiga-ros2-bridge/venv/lib/python3.10/site-packages/numpy/testing/tests) by extension 'python_setup_py'
[2.387s] Level 1:colcon.colcon_core.package_identification:_identify(src/amiga-ros2-bridge/venv/lib/python3.10/site-packages/numpy/testing/tests/__pycache__) by extensions ['ignore', 'ignore_ament_install']
[2.387s] Level 1:colcon.colcon_core.package_identification:_identify(src/amiga-ros2-bridge/venv/lib/python3.10/site-packages/numpy/testing/tests/__pycache__) by extension 'ignore'
[2.387s] Level 1:colcon.colcon_core.package_identification:_identify(src/amiga-ros2-bridge/venv/lib/python3.10/site-packages/numpy/testing/tests/__pycache__) by extension 'ignore_ament_install'
[2.387s] Level 1:colcon.colcon_core.package_identification:_identify(src/amiga-ros2-bridge/venv/lib/python3.10/site-packages/numpy/testing/tests/__pycache__) by extensions ['colcon_pkg']
[2.387s] Level 1:colcon.colcon_core.package_identification:_identify(src/amiga-ros2-bridge/venv/lib/python3.10/site-packages/numpy/testing/tests/__pycache__) by extension 'colcon_pkg'
[2.387s] Level 1:colcon.colcon_core.package_identification:_identify(src/amiga-ros2-bridge/venv/lib/python3.10/site-packages/numpy/testing/tests/__pycache__) by extensions ['colcon_meta']
[2.387s] Level 1:colcon.colcon_core.package_identification:_identify(src/amiga-ros2-bridge/venv/lib/python3.10/site-packages/numpy/testing/tests/__pycache__) by extension 'colcon_meta'
[2.388s] Level 1:colcon.colcon_core.package_identification:_identify(src/amiga-ros2-bridge/venv/lib/python3.10/site-packages/numpy/testing/tests/__pycache__) by extensions ['ros']
[2.388s] Level 1:colcon.colcon_core.package_identification:_identify(src/amiga-ros2-bridge/venv/lib/python3.10/site-packages/numpy/testing/tests/__pycache__) by extension 'ros'
[2.388s] Level 1:colcon.colcon_core.package_identification:_identify(src/amiga-ros2-bridge/venv/lib/python3.10/site-packages/numpy/testing/tests/__pycache__) by extensions ['cmake', 'python']
[2.388s] Level 1:colcon.colcon_core.package_identification:_identify(src/amiga-ros2-bridge/venv/lib/python3.10/site-packages/numpy/testing/tests/__pycache__) by extension 'cmake'
[2.388s] Level 1:colcon.colcon_core.package_identification:_identify(src/amiga-ros2-bridge/venv/lib/python3.10/site-packages/numpy/testing/tests/__pycache__) by extension 'python'
[2.388s] Level 1:colcon.colcon_core.package_identification:_identify(src/amiga-ros2-bridge/venv/lib/python3.10/site-packages/numpy/testing/tests/__pycache__) by extensions ['python_setup_py']
[2.388s] Level 1:colcon.colcon_core.package_identification:_identify(src/amiga-ros2-bridge/venv/lib/python3.10/site-packages/numpy/testing/tests/__pycache__) by extension 'python_setup_py'
[2.388s] Level 1:colcon.colcon_core.package_identification:_identify(src/amiga-ros2-bridge/venv/lib/python3.10/site-packages/numpy/tests) by extensions ['ignore', 'ignore_ament_install']
[2.389s] Level 1:colcon.colcon_core.package_identification:_identify(src/amiga-ros2-bridge/venv/lib/python3.10/site-packages/numpy/tests) by extension 'ignore'
[2.389s] Level 1:colcon.colcon_core.package_identification:_identify(src/amiga-ros2-bridge/venv/lib/python3.10/site-packages/numpy/tests) by extension 'ignore_ament_install'
[2.389s] Level 1:colcon.colcon_core.package_identification:_identify(src/amiga-ros2-bridge/venv/lib/python3.10/site-packages/numpy/tests) by extensions ['colcon_pkg']
[2.389s] Level 1:colcon.colcon_core.package_identification:_identify(src/amiga-ros2-bridge/venv/lib/python3.10/site-packages/numpy/tests) by extension 'colcon_pkg'
[2.389s] Level 1:colcon.colcon_core.package_identification:_identify(src/amiga-ros2-bridge/venv/lib/python3.10/site-packages/numpy/tests) by extensions ['colcon_meta']
[2.389s] Level 1:colcon.colcon_core.package_identification:_identify(src/amiga-ros2-bridge/venv/lib/python3.10/site-packages/numpy/tests) by extension 'colcon_meta'
[2.389s] Level 1:colcon.colcon_core.package_identification:_identify(src/amiga-ros2-bridge/venv/lib/python3.10/site-packages/numpy/tests) by extensions ['ros']
[2.389s] Level 1:colcon.colcon_core.package_identification:_identify(src/amiga-ros2-bridge/venv/lib/python3.10/site-packages/numpy/tests) by extension 'ros'
[2.389s] Level 1:colcon.colcon_core.package_identification:_identify(src/amiga-ros2-bridge/venv/lib/python3.10/site-packages/numpy/tests) by extensions ['cmake', 'python']
[2.390s] Level 1:colcon.colcon_core.package_identification:_identify(src/amiga-ros2-bridge/venv/lib/python3.10/site-packages/numpy/tests) by extension 'cmake'
[2.390s] Level 1:colcon.colcon_core.package_identification:_identify(src/amiga-ros2-bridge/venv/lib/python3.10/site-packages/numpy/tests) by extension 'python'
[2.390s] Level 1:colcon.colcon_core.package_identification:_identify(src/amiga-ros2-bridge/venv/lib/python3.10/site-packages/numpy/tests) by extensions ['python_setup_py']
[2.390s] Level 1:colcon.colcon_core.package_identification:_identify(src/amiga-ros2-bridge/venv/lib/python3.10/site-packages/numpy/tests) by extension 'python_setup_py'
[2.390s] Level 1:colcon.colcon_core.package_identification:_identify(src/amiga-ros2-bridge/venv/lib/python3.10/site-packages/numpy/tests/__pycache__) by extensions ['ignore', 'ignore_ament_install']
[2.390s] Level 1:colcon.colcon_core.package_identification:_identify(src/amiga-ros2-bridge/venv/lib/python3.10/site-packages/numpy/tests/__pycache__) by extension 'ignore'
[2.390s] Level 1:colcon.colcon_core.package_identification:_identify(src/amiga-ros2-bridge/venv/lib/python3.10/site-packages/numpy/tests/__pycache__) by extension 'ignore_ament_install'
[2.390s] Level 1:colcon.colcon_core.package_identification:_identify(src/amiga-ros2-bridge/venv/lib/python3.10/site-packages/numpy/tests/__pycache__) by extensions ['colcon_pkg']
[2.391s] Level 1:colcon.colcon_core.package_identification:_identify(src/amiga-ros2-bridge/venv/lib/python3.10/site-packages/numpy/tests/__pycache__) by extension 'colcon_pkg'
[2.391s] Level 1:colcon.colcon_core.package_identification:_identify(src/amiga-ros2-bridge/venv/lib/python3.10/site-packages/numpy/tests/__pycache__) by extensions ['colcon_meta']
[2.391s] Level 1:colcon.colcon_core.package_identification:_identify(src/amiga-ros2-bridge/venv/lib/python3.10/site-packages/numpy/tests/__pycache__) by extension 'colcon_meta'
[2.391s] Level 1:colcon.colcon_core.package_identification:_identify(src/amiga-ros2-bridge/venv/lib/python3.10/site-packages/numpy/tests/__pycache__) by extensions ['ros']
[2.391s] Level 1:colcon.colcon_core.package_identification:_identify(src/amiga-ros2-bridge/venv/lib/python3.10/site-packages/numpy/tests/__pycache__) by extension 'ros'
[2.391s] Level 1:colcon.colcon_core.package_identification:_identify(src/amiga-ros2-bridge/venv/lib/python3.10/site-packages/numpy/tests/__pycache__) by extensions ['cmake', 'python']
[2.391s] Level 1:colcon.colcon_core.package_identification:_identify(src/amiga-ros2-bridge/venv/lib/python3.10/site-packages/numpy/tests/__pycache__) by extension 'cmake'
[2.391s] Level 1:colcon.colcon_core.package_identification:_identify(src/amiga-ros2-bridge/venv/lib/python3.10/site-packages/numpy/tests/__pycache__) by extension 'python'
[2.391s] Level 1:colcon.colcon_core.package_identification:_identify(src/amiga-ros2-bridge/venv/lib/python3.10/site-packages/numpy/tests/__pycache__) by extensions ['python_setup_py']
[2.391s] Level 1:colcon.colcon_core.package_identification:_identify(src/amiga-ros2-bridge/venv/lib/python3.10/site-packages/numpy/tests/__pycache__) by extension 'python_setup_py'
[2.392s] Level 1:colcon.colcon_core.package_identification:_identify(src/amiga-ros2-bridge/venv/lib/python3.10/site-packages/numpy/typing) by extensions ['ignore', 'ignore_ament_install']
[2.392s] Level 1:colcon.colcon_core.package_identification:_identify(src/amiga-ros2-bridge/venv/lib/python3.10/site-packages/numpy/typing) by extension 'ignore'
[2.392s] Level 1:colcon.colcon_core.package_identification:_identify(src/amiga-ros2-bridge/venv/lib/python3.10/site-packages/numpy/typing) by extension 'ignore_ament_install'
[2.392s] Level 1:colcon.colcon_core.package_identification:_identify(src/amiga-ros2-bridge/venv/lib/python3.10/site-packages/numpy/typing) by extensions ['colcon_pkg']
[2.392s] Level 1:colcon.colcon_core.package_identification:_identify(src/amiga-ros2-bridge/venv/lib/python3.10/site-packages/numpy/typing) by extension 'colcon_pkg'
[2.392s] Level 1:colcon.colcon_core.package_identification:_identify(src/amiga-ros2-bridge/venv/lib/python3.10/site-packages/numpy/typing) by extensions ['colcon_meta']
[2.392s] Level 1:colcon.colcon_core.package_identification:_identify(src/amiga-ros2-bridge/venv/lib/python3.10/site-packages/numpy/typing) by extension 'colcon_meta'
[2.393s] Level 1:colcon.colcon_core.package_identification:_identify(src/amiga-ros2-bridge/venv/lib/python3.10/site-packages/numpy/typing) by extensions ['ros']
[2.393s] Level 1:colcon.colcon_core.package_identification:_identify(src/amiga-ros2-bridge/venv/lib/python3.10/site-packages/numpy/typing) by extension 'ros'
[2.393s] Level 1:colcon.colcon_core.package_identification:_identify(src/amiga-ros2-bridge/venv/lib/python3.10/site-packages/numpy/typing) by extensions ['cmake', 'python']
[2.393s] Level 1:colcon.colcon_core.package_identification:_identify(src/amiga-ros2-bridge/venv/lib/python3.10/site-packages/numpy/typing) by extension 'cmake'
[2.393s] Level 1:colcon.colcon_core.package_identification:_identify(src/amiga-ros2-bridge/venv/lib/python3.10/site-packages/numpy/typing) by extension 'python'
[2.393s] Level 1:colcon.colcon_core.package_identification:_identify(src/amiga-ros2-bridge/venv/lib/python3.10/site-packages/numpy/typing) by extensions ['python_setup_py']
[2.393s] Level 1:colcon.colcon_core.package_identification:_identify(src/amiga-ros2-bridge/venv/lib/python3.10/site-packages/numpy/typing) by extension 'python_setup_py'
[2.393s] Level 1:colcon.colcon_core.package_identification:_identify(src/amiga-ros2-bridge/venv/lib/python3.10/site-packages/numpy/typing/__pycache__) by extensions ['ignore', 'ignore_ament_install']
[2.394s] Level 1:colcon.colcon_core.package_identification:_identify(src/amiga-ros2-bridge/venv/lib/python3.10/site-packages/numpy/typing/__pycache__) by extension 'ignore'
[2.394s] Level 1:colcon.colcon_core.package_identification:_identify(src/amiga-ros2-bridge/venv/lib/python3.10/site-packages/numpy/typing/__pycache__) by extension 'ignore_ament_install'
[2.394s] Level 1:colcon.colcon_core.package_identification:_identify(src/amiga-ros2-bridge/venv/lib/python3.10/site-packages/numpy/typing/__pycache__) by extensions ['colcon_pkg']
[2.394s] Level 1:colcon.colcon_core.package_identification:_identify(src/amiga-ros2-bridge/venv/lib/python3.10/site-packages/numpy/typing/__pycache__) by extension 'colcon_pkg'
[2.394s] Level 1:colcon.colcon_core.package_identification:_identify(src/amiga-ros2-bridge/venv/lib/python3.10/site-packages/numpy/typing/__pycache__) by extensions ['colcon_meta']
[2.394s] Level 1:colcon.colcon_core.package_identification:_identify(src/amiga-ros2-bridge/venv/lib/python3.10/site-packages/numpy/typing/__pycache__) by extension 'colcon_meta'
[2.394s] Level 1:colcon.colcon_core.package_identification:_identify(src/amiga-ros2-bridge/venv/lib/python3.10/site-packages/numpy/typing/__pycache__) by extensions ['ros']
[2.394s] Level 1:colcon.colcon_core.package_identification:_identify(src/amiga-ros2-bridge/venv/lib/python3.10/site-packages/numpy/typing/__pycache__) by extension 'ros'
[2.394s] Level 1:colcon.colcon_core.package_identification:_identify(src/amiga-ros2-bridge/venv/lib/python3.10/site-packages/numpy/typing/__pycache__) by extensions ['cmake', 'python']
[2.394s] Level 1:colcon.colcon_core.package_identification:_identify(src/amiga-ros2-bridge/venv/lib/python3.10/site-packages/numpy/typing/__pycache__) by extension 'cmake'
[2.395s] Level 1:colcon.colcon_core.package_identification:_identify(src/amiga-ros2-bridge/venv/lib/python3.10/site-packages/numpy/typing/__pycache__) by extension 'python'
[2.395s] Level 1:colcon.colcon_core.package_identification:_identify(src/amiga-ros2-bridge/venv/lib/python3.10/site-packages/numpy/typing/__pycache__) by extensions ['python_setup_py']
[2.395s] Level 1:colcon.colcon_core.package_identification:_identify(src/amiga-ros2-bridge/venv/lib/python3.10/site-packages/numpy/typing/__pycache__) by extension 'python_setup_py'
[2.395s] Level 1:colcon.colcon_core.package_identification:_identify(src/amiga-ros2-bridge/venv/lib/python3.10/site-packages/numpy/typing/tests) by extensions ['ignore', 'ignore_ament_install']
[2.395s] Level 1:colcon.colcon_core.package_identification:_identify(src/amiga-ros2-bridge/venv/lib/python3.10/site-packages/numpy/typing/tests) by extension 'ignore'
[2.395s] Level 1:colcon.colcon_core.package_identification:_identify(src/amiga-ros2-bridge/venv/lib/python3.10/site-packages/numpy/typing/tests) by extension 'ignore_ament_install'
[2.395s] Level 1:colcon.colcon_core.package_identification:_identify(src/amiga-ros2-bridge/venv/lib/python3.10/site-packages/numpy/typing/tests) by extensions ['colcon_pkg']
[2.396s] Level 1:colcon.colcon_core.package_identification:_identify(src/amiga-ros2-bridge/venv/lib/python3.10/site-packages/numpy/typing/tests) by extension 'colcon_pkg'
[2.396s] Level 1:colcon.colcon_core.package_identification:_identify(src/amiga-ros2-bridge/venv/lib/python3.10/site-packages/numpy/typing/tests) by extensions ['colcon_meta']
[2.396s] Level 1:colcon.colcon_core.package_identification:_identify(src/amiga-ros2-bridge/venv/lib/python3.10/site-packages/numpy/typing/tests) by extension 'colcon_meta'
[2.396s] Level 1:colcon.colcon_core.package_identification:_identify(src/amiga-ros2-bridge/venv/lib/python3.10/site-packages/numpy/typing/tests) by extensions ['ros']
[2.396s] Level 1:colcon.colcon_core.package_identification:_identify(src/amiga-ros2-bridge/venv/lib/python3.10/site-packages/numpy/typing/tests) by extension 'ros'
[2.396s] Level 1:colcon.colcon_core.package_identification:_identify(src/amiga-ros2-bridge/venv/lib/python3.10/site-packages/numpy/typing/tests) by extensions ['cmake', 'python']
[2.396s] Level 1:colcon.colcon_core.package_identification:_identify(src/amiga-ros2-bridge/venv/lib/python3.10/site-packages/numpy/typing/tests) by extension 'cmake'
[2.396s] Level 1:colcon.colcon_core.package_identification:_identify(src/amiga-ros2-bridge/venv/lib/python3.10/site-packages/numpy/typing/tests) by extension 'python'
[2.396s] Level 1:colcon.colcon_core.package_identification:_identify(src/amiga-ros2-bridge/venv/lib/python3.10/site-packages/numpy/typing/tests) by extensions ['python_setup_py']
[2.396s] Level 1:colcon.colcon_core.package_identification:_identify(src/amiga-ros2-bridge/venv/lib/python3.10/site-packages/numpy/typing/tests) by extension 'python_setup_py'
[2.397s] Level 1:colcon.colcon_core.package_identification:_identify(src/amiga-ros2-bridge/venv/lib/python3.10/site-packages/numpy/typing/tests/__pycache__) by extensions ['ignore', 'ignore_ament_install']
[2.397s] Level 1:colcon.colcon_core.package_identification:_identify(src/amiga-ros2-bridge/venv/lib/python3.10/site-packages/numpy/typing/tests/__pycache__) by extension 'ignore'
[2.397s] Level 1:colcon.colcon_core.package_identification:_identify(src/amiga-ros2-bridge/venv/lib/python3.10/site-packages/numpy/typing/tests/__pycache__) by extension 'ignore_ament_install'
[2.397s] Level 1:colcon.colcon_core.package_identification:_identify(src/amiga-ros2-bridge/venv/lib/python3.10/site-packages/numpy/typing/tests/__pycache__) by extensions ['colcon_pkg']
[2.397s] Level 1:colcon.colcon_core.package_identification:_identify(src/amiga-ros2-bridge/venv/lib/python3.10/site-packages/numpy/typing/tests/__pycache__) by extension 'colcon_pkg'
[2.397s] Level 1:colcon.colcon_core.package_identification:_identify(src/amiga-ros2-bridge/venv/lib/python3.10/site-packages/numpy/typing/tests/__pycache__) by extensions ['colcon_meta']
[2.397s] Level 1:colcon.colcon_core.package_identification:_identify(src/amiga-ros2-bridge/venv/lib/python3.10/site-packages/numpy/typing/tests/__pycache__) by extension 'colcon_meta'
[2.398s] Level 1:colcon.colcon_core.package_identification:_identify(src/amiga-ros2-bridge/venv/lib/python3.10/site-packages/numpy/typing/tests/__pycache__) by extensions ['ros']
[2.398s] Level 1:colcon.colcon_core.package_identification:_identify(src/amiga-ros2-bridge/venv/lib/python3.10/site-packages/numpy/typing/tests/__pycache__) by extension 'ros'
[2.398s] Level 1:colcon.colcon_core.package_identification:_identify(src/amiga-ros2-bridge/venv/lib/python3.10/site-packages/numpy/typing/tests/__pycache__) by extensions ['cmake', 'python']
[2.398s] Level 1:colcon.colcon_core.package_identification:_identify(src/amiga-ros2-bridge/venv/lib/python3.10/site-packages/numpy/typing/tests/__pycache__) by extension 'cmake'
[2.398s] Level 1:colcon.colcon_core.package_identification:_identify(src/amiga-ros2-bridge/venv/lib/python3.10/site-packages/numpy/typing/tests/__pycache__) by extension 'python'
[2.398s] Level 1:colcon.colcon_core.package_identification:_identify(src/amiga-ros2-bridge/venv/lib/python3.10/site-packages/numpy/typing/tests/__pycache__) by extensions ['python_setup_py']
[2.398s] Level 1:colcon.colcon_core.package_identification:_identify(src/amiga-ros2-bridge/venv/lib/python3.10/site-packages/numpy/typing/tests/__pycache__) by extension 'python_setup_py'
[2.398s] Level 1:colcon.colcon_core.package_identification:_identify(src/amiga-ros2-bridge/venv/lib/python3.10/site-packages/numpy/typing/tests/data) by extensions ['ignore', 'ignore_ament_install']
[2.399s] Level 1:colcon.colcon_core.package_identification:_identify(src/amiga-ros2-bridge/venv/lib/python3.10/site-packages/numpy/typing/tests/data) by extension 'ignore'
[2.399s] Level 1:colcon.colcon_core.package_identification:_identify(src/amiga-ros2-bridge/venv/lib/python3.10/site-packages/numpy/typing/tests/data) by extension 'ignore_ament_install'
[2.399s] Level 1:colcon.colcon_core.package_identification:_identify(src/amiga-ros2-bridge/venv/lib/python3.10/site-packages/numpy/typing/tests/data) by extensions ['colcon_pkg']
[2.399s] Level 1:colcon.colcon_core.package_identification:_identify(src/amiga-ros2-bridge/venv/lib/python3.10/site-packages/numpy/typing/tests/data) by extension 'colcon_pkg'
[2.399s] Level 1:colcon.colcon_core.package_identification:_identify(src/amiga-ros2-bridge/venv/lib/python3.10/site-packages/numpy/typing/tests/data) by extensions ['colcon_meta']
[2.399s] Level 1:colcon.colcon_core.package_identification:_identify(src/amiga-ros2-bridge/venv/lib/python3.10/site-packages/numpy/typing/tests/data) by extension 'colcon_meta'
[2.399s] Level 1:colcon.colcon_core.package_identification:_identify(src/amiga-ros2-bridge/venv/lib/python3.10/site-packages/numpy/typing/tests/data) by extensions ['ros']
[2.399s] Level 1:colcon.colcon_core.package_identification:_identify(src/amiga-ros2-bridge/venv/lib/python3.10/site-packages/numpy/typing/tests/data) by extension 'ros'
[2.400s] Level 1:colcon.colcon_core.package_identification:_identify(src/amiga-ros2-bridge/venv/lib/python3.10/site-packages/numpy/typing/tests/data) by extensions ['cmake', 'python']
[2.400s] Level 1:colcon.colcon_core.package_identification:_identify(src/amiga-ros2-bridge/venv/lib/python3.10/site-packages/numpy/typing/tests/data) by extension 'cmake'
[2.400s] Level 1:colcon.colcon_core.package_identification:_identify(src/amiga-ros2-bridge/venv/lib/python3.10/site-packages/numpy/typing/tests/data) by extension 'python'
[2.400s] Level 1:colcon.colcon_core.package_identification:_identify(src/amiga-ros2-bridge/venv/lib/python3.10/site-packages/numpy/typing/tests/data) by extensions ['python_setup_py']
[2.400s] Level 1:colcon.colcon_core.package_identification:_identify(src/amiga-ros2-bridge/venv/lib/python3.10/site-packages/numpy/typing/tests/data) by extension 'python_setup_py'
[2.400s] Level 1:colcon.colcon_core.package_identification:_identify(src/amiga-ros2-bridge/venv/lib/python3.10/site-packages/numpy/typing/tests/data/fail) by extensions ['ignore', 'ignore_ament_install']
[2.400s] Level 1:colcon.colcon_core.package_identification:_identify(src/amiga-ros2-bridge/venv/lib/python3.10/site-packages/numpy/typing/tests/data/fail) by extension 'ignore'
[2.401s] Level 1:colcon.colcon_core.package_identification:_identify(src/amiga-ros2-bridge/venv/lib/python3.10/site-packages/numpy/typing/tests/data/fail) by extension 'ignore_ament_install'
[2.401s] Level 1:colcon.colcon_core.package_identification:_identify(src/amiga-ros2-bridge/venv/lib/python3.10/site-packages/numpy/typing/tests/data/fail) by extensions ['colcon_pkg']
[2.401s] Level 1:colcon.colcon_core.package_identification:_identify(src/amiga-ros2-bridge/venv/lib/python3.10/site-packages/numpy/typing/tests/data/fail) by extension 'colcon_pkg'
[2.401s] Level 1:colcon.colcon_core.package_identification:_identify(src/amiga-ros2-bridge/venv/lib/python3.10/site-packages/numpy/typing/tests/data/fail) by extensions ['colcon_meta']
[2.401s] Level 1:colcon.colcon_core.package_identification:_identify(src/amiga-ros2-bridge/venv/lib/python3.10/site-packages/numpy/typing/tests/data/fail) by extension 'colcon_meta'
[2.401s] Level 1:colcon.colcon_core.package_identification:_identify(src/amiga-ros2-bridge/venv/lib/python3.10/site-packages/numpy/typing/tests/data/fail) by extensions ['ros']
[2.401s] Level 1:colcon.colcon_core.package_identification:_identify(src/amiga-ros2-bridge/venv/lib/python3.10/site-packages/numpy/typing/tests/data/fail) by extension 'ros'
[2.401s] Level 1:colcon.colcon_core.package_identification:_identify(src/amiga-ros2-bridge/venv/lib/python3.10/site-packages/numpy/typing/tests/data/fail) by extensions ['cmake', 'python']
[2.401s] Level 1:colcon.colcon_core.package_identification:_identify(src/amiga-ros2-bridge/venv/lib/python3.10/site-packages/numpy/typing/tests/data/fail) by extension 'cmake'
[2.401s] Level 1:colcon.colcon_core.package_identification:_identify(src/amiga-ros2-bridge/venv/lib/python3.10/site-packages/numpy/typing/tests/data/fail) by extension 'python'
[2.402s] Level 1:colcon.colcon_core.package_identification:_identify(src/amiga-ros2-bridge/venv/lib/python3.10/site-packages/numpy/typing/tests/data/fail) by extensions ['python_setup_py']
[2.402s] Level 1:colcon.colcon_core.package_identification:_identify(src/amiga-ros2-bridge/venv/lib/python3.10/site-packages/numpy/typing/tests/data/fail) by extension 'python_setup_py'
[2.402s] Level 1:colcon.colcon_core.package_identification:_identify(src/amiga-ros2-bridge/venv/lib/python3.10/site-packages/numpy/typing/tests/data/misc) by extensions ['ignore', 'ignore_ament_install']
[2.402s] Level 1:colcon.colcon_core.package_identification:_identify(src/amiga-ros2-bridge/venv/lib/python3.10/site-packages/numpy/typing/tests/data/misc) by extension 'ignore'
[2.402s] Level 1:colcon.colcon_core.package_identification:_identify(src/amiga-ros2-bridge/venv/lib/python3.10/site-packages/numpy/typing/tests/data/misc) by extension 'ignore_ament_install'
[2.402s] Level 1:colcon.colcon_core.package_identification:_identify(src/amiga-ros2-bridge/venv/lib/python3.10/site-packages/numpy/typing/tests/data/misc) by extensions ['colcon_pkg']
[2.402s] Level 1:colcon.colcon_core.package_identification:_identify(src/amiga-ros2-bridge/venv/lib/python3.10/site-packages/numpy/typing/tests/data/misc) by extension 'colcon_pkg'
[2.402s] Level 1:colcon.colcon_core.package_identification:_identify(src/amiga-ros2-bridge/venv/lib/python3.10/site-packages/numpy/typing/tests/data/misc) by extensions ['colcon_meta']
[2.403s] Level 1:colcon.colcon_core.package_identification:_identify(src/amiga-ros2-bridge/venv/lib/python3.10/site-packages/numpy/typing/tests/data/misc) by extension 'colcon_meta'
[2.403s] Level 1:colcon.colcon_core.package_identification:_identify(src/amiga-ros2-bridge/venv/lib/python3.10/site-packages/numpy/typing/tests/data/misc) by extensions ['ros']
[2.403s] Level 1:colcon.colcon_core.package_identification:_identify(src/amiga-ros2-bridge/venv/lib/python3.10/site-packages/numpy/typing/tests/data/misc) by extension 'ros'
[2.403s] Level 1:colcon.colcon_core.package_identification:_identify(src/amiga-ros2-bridge/venv/lib/python3.10/site-packages/numpy/typing/tests/data/misc) by extensions ['cmake', 'python']
[2.403s] Level 1:colcon.colcon_core.package_identification:_identify(src/amiga-ros2-bridge/venv/lib/python3.10/site-packages/numpy/typing/tests/data/misc) by extension 'cmake'
[2.403s] Level 1:colcon.colcon_core.package_identification:_identify(src/amiga-ros2-bridge/venv/lib/python3.10/site-packages/numpy/typing/tests/data/misc) by extension 'python'
[2.403s] Level 1:colcon.colcon_core.package_identification:_identify(src/amiga-ros2-bridge/venv/lib/python3.10/site-packages/numpy/typing/tests/data/misc) by extensions ['python_setup_py']
[2.403s] Level 1:colcon.colcon_core.package_identification:_identify(src/amiga-ros2-bridge/venv/lib/python3.10/site-packages/numpy/typing/tests/data/misc) by extension 'python_setup_py'
[2.404s] Level 1:colcon.colcon_core.package_identification:_identify(src/amiga-ros2-bridge/venv/lib/python3.10/site-packages/numpy/typing/tests/data/pass) by extensions ['ignore', 'ignore_ament_install']
[2.404s] Level 1:colcon.colcon_core.package_identification:_identify(src/amiga-ros2-bridge/venv/lib/python3.10/site-packages/numpy/typing/tests/data/pass) by extension 'ignore'
[2.404s] Level 1:colcon.colcon_core.package_identification:_identify(src/amiga-ros2-bridge/venv/lib/python3.10/site-packages/numpy/typing/tests/data/pass) by extension 'ignore_ament_install'
[2.404s] Level 1:colcon.colcon_core.package_identification:_identify(src/amiga-ros2-bridge/venv/lib/python3.10/site-packages/numpy/typing/tests/data/pass) by extensions ['colcon_pkg']
[2.404s] Level 1:colcon.colcon_core.package_identification:_identify(src/amiga-ros2-bridge/venv/lib/python3.10/site-packages/numpy/typing/tests/data/pass) by extension 'colcon_pkg'
[2.404s] Level 1:colcon.colcon_core.package_identification:_identify(src/amiga-ros2-bridge/venv/lib/python3.10/site-packages/numpy/typing/tests/data/pass) by extensions ['colcon_meta']
[2.404s] Level 1:colcon.colcon_core.package_identification:_identify(src/amiga-ros2-bridge/venv/lib/python3.10/site-packages/numpy/typing/tests/data/pass) by extension 'colcon_meta'
[2.405s] Level 1:colcon.colcon_core.package_identification:_identify(src/amiga-ros2-bridge/venv/lib/python3.10/site-packages/numpy/typing/tests/data/pass) by extensions ['ros']
[2.405s] Level 1:colcon.colcon_core.package_identification:_identify(src/amiga-ros2-bridge/venv/lib/python3.10/site-packages/numpy/typing/tests/data/pass) by extension 'ros'
[2.405s] Level 1:colcon.colcon_core.package_identification:_identify(src/amiga-ros2-bridge/venv/lib/python3.10/site-packages/numpy/typing/tests/data/pass) by extensions ['cmake', 'python']
[2.405s] Level 1:colcon.colcon_core.package_identification:_identify(src/amiga-ros2-bridge/venv/lib/python3.10/site-packages/numpy/typing/tests/data/pass) by extension 'cmake'
[2.405s] Level 1:colcon.colcon_core.package_identification:_identify(src/amiga-ros2-bridge/venv/lib/python3.10/site-packages/numpy/typing/tests/data/pass) by extension 'python'
[2.405s] Level 1:colcon.colcon_core.package_identification:_identify(src/amiga-ros2-bridge/venv/lib/python3.10/site-packages/numpy/typing/tests/data/pass) by extensions ['python_setup_py']
[2.405s] Level 1:colcon.colcon_core.package_identification:_identify(src/amiga-ros2-bridge/venv/lib/python3.10/site-packages/numpy/typing/tests/data/pass) by extension 'python_setup_py'
[2.406s] Level 1:colcon.colcon_core.package_identification:_identify(src/amiga-ros2-bridge/venv/lib/python3.10/site-packages/numpy/typing/tests/data/pass/__pycache__) by extensions ['ignore', 'ignore_ament_install']
[2.406s] Level 1:colcon.colcon_core.package_identification:_identify(src/amiga-ros2-bridge/venv/lib/python3.10/site-packages/numpy/typing/tests/data/pass/__pycache__) by extension 'ignore'
[2.406s] Level 1:colcon.colcon_core.package_identification:_identify(src/amiga-ros2-bridge/venv/lib/python3.10/site-packages/numpy/typing/tests/data/pass/__pycache__) by extension 'ignore_ament_install'
[2.406s] Level 1:colcon.colcon_core.package_identification:_identify(src/amiga-ros2-bridge/venv/lib/python3.10/site-packages/numpy/typing/tests/data/pass/__pycache__) by extensions ['colcon_pkg']
[2.406s] Level 1:colcon.colcon_core.package_identification:_identify(src/amiga-ros2-bridge/venv/lib/python3.10/site-packages/numpy/typing/tests/data/pass/__pycache__) by extension 'colcon_pkg'
[2.406s] Level 1:colcon.colcon_core.package_identification:_identify(src/amiga-ros2-bridge/venv/lib/python3.10/site-packages/numpy/typing/tests/data/pass/__pycache__) by extensions ['colcon_meta']
[2.406s] Level 1:colcon.colcon_core.package_identification:_identify(src/amiga-ros2-bridge/venv/lib/python3.10/site-packages/numpy/typing/tests/data/pass/__pycache__) by extension 'colcon_meta'
[2.406s] Level 1:colcon.colcon_core.package_identification:_identify(src/amiga-ros2-bridge/venv/lib/python3.10/site-packages/numpy/typing/tests/data/pass/__pycache__) by extensions ['ros']
[2.406s] Level 1:colcon.colcon_core.package_identification:_identify(src/amiga-ros2-bridge/venv/lib/python3.10/site-packages/numpy/typing/tests/data/pass/__pycache__) by extension 'ros'
[2.407s] Level 1:colcon.colcon_core.package_identification:_identify(src/amiga-ros2-bridge/venv/lib/python3.10/site-packages/numpy/typing/tests/data/pass/__pycache__) by extensions ['cmake', 'python']
[2.407s] Level 1:colcon.colcon_core.package_identification:_identify(src/amiga-ros2-bridge/venv/lib/python3.10/site-packages/numpy/typing/tests/data/pass/__pycache__) by extension 'cmake'
[2.407s] Level 1:colcon.colcon_core.package_identification:_identify(src/amiga-ros2-bridge/venv/lib/python3.10/site-packages/numpy/typing/tests/data/pass/__pycache__) by extension 'python'
[2.407s] Level 1:colcon.colcon_core.package_identification:_identify(src/amiga-ros2-bridge/venv/lib/python3.10/site-packages/numpy/typing/tests/data/pass/__pycache__) by extensions ['python_setup_py']
[2.407s] Level 1:colcon.colcon_core.package_identification:_identify(src/amiga-ros2-bridge/venv/lib/python3.10/site-packages/numpy/typing/tests/data/pass/__pycache__) by extension 'python_setup_py'
[2.407s] Level 1:colcon.colcon_core.package_identification:_identify(src/amiga-ros2-bridge/venv/lib/python3.10/site-packages/numpy/typing/tests/data/reveal) by extensions ['ignore', 'ignore_ament_install']
[2.408s] Level 1:colcon.colcon_core.package_identification:_identify(src/amiga-ros2-bridge/venv/lib/python3.10/site-packages/numpy/typing/tests/data/reveal) by extension 'ignore'
[2.408s] Level 1:colcon.colcon_core.package_identification:_identify(src/amiga-ros2-bridge/venv/lib/python3.10/site-packages/numpy/typing/tests/data/reveal) by extension 'ignore_ament_install'
[2.408s] Level 1:colcon.colcon_core.package_identification:_identify(src/amiga-ros2-bridge/venv/lib/python3.10/site-packages/numpy/typing/tests/data/reveal) by extensions ['colcon_pkg']
[2.408s] Level 1:colcon.colcon_core.package_identification:_identify(src/amiga-ros2-bridge/venv/lib/python3.10/site-packages/numpy/typing/tests/data/reveal) by extension 'colcon_pkg'
[2.408s] Level 1:colcon.colcon_core.package_identification:_identify(src/amiga-ros2-bridge/venv/lib/python3.10/site-packages/numpy/typing/tests/data/reveal) by extensions ['colcon_meta']
[2.408s] Level 1:colcon.colcon_core.package_identification:_identify(src/amiga-ros2-bridge/venv/lib/python3.10/site-packages/numpy/typing/tests/data/reveal) by extension 'colcon_meta'
[2.408s] Level 1:colcon.colcon_core.package_identification:_identify(src/amiga-ros2-bridge/venv/lib/python3.10/site-packages/numpy/typing/tests/data/reveal) by extensions ['ros']
[2.408s] Level 1:colcon.colcon_core.package_identification:_identify(src/amiga-ros2-bridge/venv/lib/python3.10/site-packages/numpy/typing/tests/data/reveal) by extension 'ros'
[2.408s] Level 1:colcon.colcon_core.package_identification:_identify(src/amiga-ros2-bridge/venv/lib/python3.10/site-packages/numpy/typing/tests/data/reveal) by extensions ['cmake', 'python']
[2.409s] Level 1:colcon.colcon_core.package_identification:_identify(src/amiga-ros2-bridge/venv/lib/python3.10/site-packages/numpy/typing/tests/data/reveal) by extension 'cmake'
[2.409s] Level 1:colcon.colcon_core.package_identification:_identify(src/amiga-ros2-bridge/venv/lib/python3.10/site-packages/numpy/typing/tests/data/reveal) by extension 'python'
[2.409s] Level 1:colcon.colcon_core.package_identification:_identify(src/amiga-ros2-bridge/venv/lib/python3.10/site-packages/numpy/typing/tests/data/reveal) by extensions ['python_setup_py']
[2.409s] Level 1:colcon.colcon_core.package_identification:_identify(src/amiga-ros2-bridge/venv/lib/python3.10/site-packages/numpy/typing/tests/data/reveal) by extension 'python_setup_py'
[2.409s] Level 1:colcon.colcon_core.package_identification:_identify(src/amiga-ros2-bridge/venv/lib/python3.10/site-packages/numpy-2.2.4.dist-info) by extensions ['ignore', 'ignore_ament_install']
[2.409s] Level 1:colcon.colcon_core.package_identification:_identify(src/amiga-ros2-bridge/venv/lib/python3.10/site-packages/numpy-2.2.4.dist-info) by extension 'ignore'
[2.409s] Level 1:colcon.colcon_core.package_identification:_identify(src/amiga-ros2-bridge/venv/lib/python3.10/site-packages/numpy-2.2.4.dist-info) by extension 'ignore_ament_install'
[2.409s] Level 1:colcon.colcon_core.package_identification:_identify(src/amiga-ros2-bridge/venv/lib/python3.10/site-packages/numpy-2.2.4.dist-info) by extensions ['colcon_pkg']
[2.410s] Level 1:colcon.colcon_core.package_identification:_identify(src/amiga-ros2-bridge/venv/lib/python3.10/site-packages/numpy-2.2.4.dist-info) by extension 'colcon_pkg'
[2.410s] Level 1:colcon.colcon_core.package_identification:_identify(src/amiga-ros2-bridge/venv/lib/python3.10/site-packages/numpy-2.2.4.dist-info) by extensions ['colcon_meta']
[2.410s] Level 1:colcon.colcon_core.package_identification:_identify(src/amiga-ros2-bridge/venv/lib/python3.10/site-packages/numpy-2.2.4.dist-info) by extension 'colcon_meta'
[2.410s] Level 1:colcon.colcon_core.package_identification:_identify(src/amiga-ros2-bridge/venv/lib/python3.10/site-packages/numpy-2.2.4.dist-info) by extensions ['ros']
[2.410s] Level 1:colcon.colcon_core.package_identification:_identify(src/amiga-ros2-bridge/venv/lib/python3.10/site-packages/numpy-2.2.4.dist-info) by extension 'ros'
[2.410s] Level 1:colcon.colcon_core.package_identification:_identify(src/amiga-ros2-bridge/venv/lib/python3.10/site-packages/numpy-2.2.4.dist-info) by extensions ['cmake', 'python']
[2.410s] Level 1:colcon.colcon_core.package_identification:_identify(src/amiga-ros2-bridge/venv/lib/python3.10/site-packages/numpy-2.2.4.dist-info) by extension 'cmake'
[2.410s] Level 1:colcon.colcon_core.package_identification:_identify(src/amiga-ros2-bridge/venv/lib/python3.10/site-packages/numpy-2.2.4.dist-info) by extension 'python'
[2.410s] Level 1:colcon.colcon_core.package_identification:_identify(src/amiga-ros2-bridge/venv/lib/python3.10/site-packages/numpy-2.2.4.dist-info) by extensions ['python_setup_py']
[2.410s] Level 1:colcon.colcon_core.package_identification:_identify(src/amiga-ros2-bridge/venv/lib/python3.10/site-packages/numpy-2.2.4.dist-info) by extension 'python_setup_py'
[2.411s] Level 1:colcon.colcon_core.package_identification:_identify(src/amiga-ros2-bridge/venv/lib/python3.10/site-packages/numpy.libs) by extensions ['ignore', 'ignore_ament_install']
[2.411s] Level 1:colcon.colcon_core.package_identification:_identify(src/amiga-ros2-bridge/venv/lib/python3.10/site-packages/numpy.libs) by extension 'ignore'
[2.411s] Level 1:colcon.colcon_core.package_identification:_identify(src/amiga-ros2-bridge/venv/lib/python3.10/site-packages/numpy.libs) by extension 'ignore_ament_install'
[2.411s] Level 1:colcon.colcon_core.package_identification:_identify(src/amiga-ros2-bridge/venv/lib/python3.10/site-packages/numpy.libs) by extensions ['colcon_pkg']
[2.411s] Level 1:colcon.colcon_core.package_identification:_identify(src/amiga-ros2-bridge/venv/lib/python3.10/site-packages/numpy.libs) by extension 'colcon_pkg'
[2.411s] Level 1:colcon.colcon_core.package_identification:_identify(src/amiga-ros2-bridge/venv/lib/python3.10/site-packages/numpy.libs) by extensions ['colcon_meta']
[2.411s] Level 1:colcon.colcon_core.package_identification:_identify(src/amiga-ros2-bridge/venv/lib/python3.10/site-packages/numpy.libs) by extension 'colcon_meta'
[2.412s] Level 1:colcon.colcon_core.package_identification:_identify(src/amiga-ros2-bridge/venv/lib/python3.10/site-packages/numpy.libs) by extensions ['ros']
[2.412s] Level 1:colcon.colcon_core.package_identification:_identify(src/amiga-ros2-bridge/venv/lib/python3.10/site-packages/numpy.libs) by extension 'ros'
[2.412s] Level 1:colcon.colcon_core.package_identification:_identify(src/amiga-ros2-bridge/venv/lib/python3.10/site-packages/numpy.libs) by extensions ['cmake', 'python']
[2.412s] Level 1:colcon.colcon_core.package_identification:_identify(src/amiga-ros2-bridge/venv/lib/python3.10/site-packages/numpy.libs) by extension 'cmake'
[2.412s] Level 1:colcon.colcon_core.package_identification:_identify(src/amiga-ros2-bridge/venv/lib/python3.10/site-packages/numpy.libs) by extension 'python'
[2.412s] Level 1:colcon.colcon_core.package_identification:_identify(src/amiga-ros2-bridge/venv/lib/python3.10/site-packages/numpy.libs) by extensions ['python_setup_py']
[2.412s] Level 1:colcon.colcon_core.package_identification:_identify(src/amiga-ros2-bridge/venv/lib/python3.10/site-packages/numpy.libs) by extension 'python_setup_py'
[2.412s] Level 1:colcon.colcon_core.package_identification:_identify(src/amiga-ros2-bridge/venv/lib/python3.10/site-packages/pip) by extensions ['ignore', 'ignore_ament_install']
[2.413s] Level 1:colcon.colcon_core.package_identification:_identify(src/amiga-ros2-bridge/venv/lib/python3.10/site-packages/pip) by extension 'ignore'
[2.413s] Level 1:colcon.colcon_core.package_identification:_identify(src/amiga-ros2-bridge/venv/lib/python3.10/site-packages/pip) by extension 'ignore_ament_install'
[2.413s] Level 1:colcon.colcon_core.package_identification:_identify(src/amiga-ros2-bridge/venv/lib/python3.10/site-packages/pip) by extensions ['colcon_pkg']
[2.413s] Level 1:colcon.colcon_core.package_identification:_identify(src/amiga-ros2-bridge/venv/lib/python3.10/site-packages/pip) by extension 'colcon_pkg'
[2.413s] Level 1:colcon.colcon_core.package_identification:_identify(src/amiga-ros2-bridge/venv/lib/python3.10/site-packages/pip) by extensions ['colcon_meta']
[2.413s] Level 1:colcon.colcon_core.package_identification:_identify(src/amiga-ros2-bridge/venv/lib/python3.10/site-packages/pip) by extension 'colcon_meta'
[2.413s] Level 1:colcon.colcon_core.package_identification:_identify(src/amiga-ros2-bridge/venv/lib/python3.10/site-packages/pip) by extensions ['ros']
[2.413s] Level 1:colcon.colcon_core.package_identification:_identify(src/amiga-ros2-bridge/venv/lib/python3.10/site-packages/pip) by extension 'ros'
[2.413s] Level 1:colcon.colcon_core.package_identification:_identify(src/amiga-ros2-bridge/venv/lib/python3.10/site-packages/pip) by extensions ['cmake', 'python']
[2.413s] Level 1:colcon.colcon_core.package_identification:_identify(src/amiga-ros2-bridge/venv/lib/python3.10/site-packages/pip) by extension 'cmake'
[2.414s] Level 1:colcon.colcon_core.package_identification:_identify(src/amiga-ros2-bridge/venv/lib/python3.10/site-packages/pip) by extension 'python'
[2.414s] Level 1:colcon.colcon_core.package_identification:_identify(src/amiga-ros2-bridge/venv/lib/python3.10/site-packages/pip) by extensions ['python_setup_py']
[2.414s] Level 1:colcon.colcon_core.package_identification:_identify(src/amiga-ros2-bridge/venv/lib/python3.10/site-packages/pip) by extension 'python_setup_py'
[2.414s] Level 1:colcon.colcon_core.package_identification:_identify(src/amiga-ros2-bridge/venv/lib/python3.10/site-packages/pip/__pycache__) by extensions ['ignore', 'ignore_ament_install']
[2.414s] Level 1:colcon.colcon_core.package_identification:_identify(src/amiga-ros2-bridge/venv/lib/python3.10/site-packages/pip/__pycache__) by extension 'ignore'
[2.414s] Level 1:colcon.colcon_core.package_identification:_identify(src/amiga-ros2-bridge/venv/lib/python3.10/site-packages/pip/__pycache__) by extension 'ignore_ament_install'
[2.414s] Level 1:colcon.colcon_core.package_identification:_identify(src/amiga-ros2-bridge/venv/lib/python3.10/site-packages/pip/__pycache__) by extensions ['colcon_pkg']
[2.414s] Level 1:colcon.colcon_core.package_identification:_identify(src/amiga-ros2-bridge/venv/lib/python3.10/site-packages/pip/__pycache__) by extension 'colcon_pkg'
[2.415s] Level 1:colcon.colcon_core.package_identification:_identify(src/amiga-ros2-bridge/venv/lib/python3.10/site-packages/pip/__pycache__) by extensions ['colcon_meta']
[2.415s] Level 1:colcon.colcon_core.package_identification:_identify(src/amiga-ros2-bridge/venv/lib/python3.10/site-packages/pip/__pycache__) by extension 'colcon_meta'
[2.415s] Level 1:colcon.colcon_core.package_identification:_identify(src/amiga-ros2-bridge/venv/lib/python3.10/site-packages/pip/__pycache__) by extensions ['ros']
[2.415s] Level 1:colcon.colcon_core.package_identification:_identify(src/amiga-ros2-bridge/venv/lib/python3.10/site-packages/pip/__pycache__) by extension 'ros'
[2.415s] Level 1:colcon.colcon_core.package_identification:_identify(src/amiga-ros2-bridge/venv/lib/python3.10/site-packages/pip/__pycache__) by extensions ['cmake', 'python']
[2.415s] Level 1:colcon.colcon_core.package_identification:_identify(src/amiga-ros2-bridge/venv/lib/python3.10/site-packages/pip/__pycache__) by extension 'cmake'
[2.415s] Level 1:colcon.colcon_core.package_identification:_identify(src/amiga-ros2-bridge/venv/lib/python3.10/site-packages/pip/__pycache__) by extension 'python'
[2.415s] Level 1:colcon.colcon_core.package_identification:_identify(src/amiga-ros2-bridge/venv/lib/python3.10/site-packages/pip/__pycache__) by extensions ['python_setup_py']
[2.415s] Level 1:colcon.colcon_core.package_identification:_identify(src/amiga-ros2-bridge/venv/lib/python3.10/site-packages/pip/__pycache__) by extension 'python_setup_py'
[2.416s] Level 1:colcon.colcon_core.package_identification:_identify(src/amiga-ros2-bridge/venv/lib/python3.10/site-packages/pip/_internal) by extensions ['ignore', 'ignore_ament_install']
[2.416s] Level 1:colcon.colcon_core.package_identification:_identify(src/amiga-ros2-bridge/venv/lib/python3.10/site-packages/pip/_internal) by extension 'ignore'
[2.416s] Level 1:colcon.colcon_core.package_identification:_identify(src/amiga-ros2-bridge/venv/lib/python3.10/site-packages/pip/_internal) by extension 'ignore_ament_install'
[2.416s] Level 1:colcon.colcon_core.package_identification:_identify(src/amiga-ros2-bridge/venv/lib/python3.10/site-packages/pip/_internal) by extensions ['colcon_pkg']
[2.416s] Level 1:colcon.colcon_core.package_identification:_identify(src/amiga-ros2-bridge/venv/lib/python3.10/site-packages/pip/_internal) by extension 'colcon_pkg'
[2.416s] Level 1:colcon.colcon_core.package_identification:_identify(src/amiga-ros2-bridge/venv/lib/python3.10/site-packages/pip/_internal) by extensions ['colcon_meta']
[2.416s] Level 1:colcon.colcon_core.package_identification:_identify(src/amiga-ros2-bridge/venv/lib/python3.10/site-packages/pip/_internal) by extension 'colcon_meta'
[2.417s] Level 1:colcon.colcon_core.package_identification:_identify(src/amiga-ros2-bridge/venv/lib/python3.10/site-packages/pip/_internal) by extensions ['ros']
[2.417s] Level 1:colcon.colcon_core.package_identification:_identify(src/amiga-ros2-bridge/venv/lib/python3.10/site-packages/pip/_internal) by extension 'ros'
[2.417s] Level 1:colcon.colcon_core.package_identification:_identify(src/amiga-ros2-bridge/venv/lib/python3.10/site-packages/pip/_internal) by extensions ['cmake', 'python']
[2.417s] Level 1:colcon.colcon_core.package_identification:_identify(src/amiga-ros2-bridge/venv/lib/python3.10/site-packages/pip/_internal) by extension 'cmake'
[2.417s] Level 1:colcon.colcon_core.package_identification:_identify(src/amiga-ros2-bridge/venv/lib/python3.10/site-packages/pip/_internal) by extension 'python'
[2.417s] Level 1:colcon.colcon_core.package_identification:_identify(src/amiga-ros2-bridge/venv/lib/python3.10/site-packages/pip/_internal) by extensions ['python_setup_py']
[2.417s] Level 1:colcon.colcon_core.package_identification:_identify(src/amiga-ros2-bridge/venv/lib/python3.10/site-packages/pip/_internal) by extension 'python_setup_py'
[2.417s] Level 1:colcon.colcon_core.package_identification:_identify(src/amiga-ros2-bridge/venv/lib/python3.10/site-packages/pip/_internal/__pycache__) by extensions ['ignore', 'ignore_ament_install']
[2.418s] Level 1:colcon.colcon_core.package_identification:_identify(src/amiga-ros2-bridge/venv/lib/python3.10/site-packages/pip/_internal/__pycache__) by extension 'ignore'
[2.418s] Level 1:colcon.colcon_core.package_identification:_identify(src/amiga-ros2-bridge/venv/lib/python3.10/site-packages/pip/_internal/__pycache__) by extension 'ignore_ament_install'
[2.418s] Level 1:colcon.colcon_core.package_identification:_identify(src/amiga-ros2-bridge/venv/lib/python3.10/site-packages/pip/_internal/__pycache__) by extensions ['colcon_pkg']
[2.418s] Level 1:colcon.colcon_core.package_identification:_identify(src/amiga-ros2-bridge/venv/lib/python3.10/site-packages/pip/_internal/__pycache__) by extension 'colcon_pkg'
[2.418s] Level 1:colcon.colcon_core.package_identification:_identify(src/amiga-ros2-bridge/venv/lib/python3.10/site-packages/pip/_internal/__pycache__) by extensions ['colcon_meta']
[2.418s] Level 1:colcon.colcon_core.package_identification:_identify(src/amiga-ros2-bridge/venv/lib/python3.10/site-packages/pip/_internal/__pycache__) by extension 'colcon_meta'
[2.418s] Level 1:colcon.colcon_core.package_identification:_identify(src/amiga-ros2-bridge/venv/lib/python3.10/site-packages/pip/_internal/__pycache__) by extensions ['ros']
[2.418s] Level 1:colcon.colcon_core.package_identification:_identify(src/amiga-ros2-bridge/venv/lib/python3.10/site-packages/pip/_internal/__pycache__) by extension 'ros'
[2.418s] Level 1:colcon.colcon_core.package_identification:_identify(src/amiga-ros2-bridge/venv/lib/python3.10/site-packages/pip/_internal/__pycache__) by extensions ['cmake', 'python']
[2.419s] Level 1:colcon.colcon_core.package_identification:_identify(src/amiga-ros2-bridge/venv/lib/python3.10/site-packages/pip/_internal/__pycache__) by extension 'cmake'
[2.419s] Level 1:colcon.colcon_core.package_identification:_identify(src/amiga-ros2-bridge/venv/lib/python3.10/site-packages/pip/_internal/__pycache__) by extension 'python'
[2.419s] Level 1:colcon.colcon_core.package_identification:_identify(src/amiga-ros2-bridge/venv/lib/python3.10/site-packages/pip/_internal/__pycache__) by extensions ['python_setup_py']
[2.419s] Level 1:colcon.colcon_core.package_identification:_identify(src/amiga-ros2-bridge/venv/lib/python3.10/site-packages/pip/_internal/__pycache__) by extension 'python_setup_py'
[2.419s] Level 1:colcon.colcon_core.package_identification:_identify(src/amiga-ros2-bridge/venv/lib/python3.10/site-packages/pip/_internal/cli) by extensions ['ignore', 'ignore_ament_install']
[2.419s] Level 1:colcon.colcon_core.package_identification:_identify(src/amiga-ros2-bridge/venv/lib/python3.10/site-packages/pip/_internal/cli) by extension 'ignore'
[2.419s] Level 1:colcon.colcon_core.package_identification:_identify(src/amiga-ros2-bridge/venv/lib/python3.10/site-packages/pip/_internal/cli) by extension 'ignore_ament_install'
[2.420s] Level 1:colcon.colcon_core.package_identification:_identify(src/amiga-ros2-bridge/venv/lib/python3.10/site-packages/pip/_internal/cli) by extensions ['colcon_pkg']
[2.420s] Level 1:colcon.colcon_core.package_identification:_identify(src/amiga-ros2-bridge/venv/lib/python3.10/site-packages/pip/_internal/cli) by extension 'colcon_pkg'
[2.420s] Level 1:colcon.colcon_core.package_identification:_identify(src/amiga-ros2-bridge/venv/lib/python3.10/site-packages/pip/_internal/cli) by extensions ['colcon_meta']
[2.420s] Level 1:colcon.colcon_core.package_identification:_identify(src/amiga-ros2-bridge/venv/lib/python3.10/site-packages/pip/_internal/cli) by extension 'colcon_meta'
[2.420s] Level 1:colcon.colcon_core.package_identification:_identify(src/amiga-ros2-bridge/venv/lib/python3.10/site-packages/pip/_internal/cli) by extensions ['ros']
[2.420s] Level 1:colcon.colcon_core.package_identification:_identify(src/amiga-ros2-bridge/venv/lib/python3.10/site-packages/pip/_internal/cli) by extension 'ros'
[2.420s] Level 1:colcon.colcon_core.package_identification:_identify(src/amiga-ros2-bridge/venv/lib/python3.10/site-packages/pip/_internal/cli) by extensions ['cmake', 'python']
[2.420s] Level 1:colcon.colcon_core.package_identification:_identify(src/amiga-ros2-bridge/venv/lib/python3.10/site-packages/pip/_internal/cli) by extension 'cmake'
[2.420s] Level 1:colcon.colcon_core.package_identification:_identify(src/amiga-ros2-bridge/venv/lib/python3.10/site-packages/pip/_internal/cli) by extension 'python'
[2.420s] Level 1:colcon.colcon_core.package_identification:_identify(src/amiga-ros2-bridge/venv/lib/python3.10/site-packages/pip/_internal/cli) by extensions ['python_setup_py']
[2.420s] Level 1:colcon.colcon_core.package_identification:_identify(src/amiga-ros2-bridge/venv/lib/python3.10/site-packages/pip/_internal/cli) by extension 'python_setup_py'
[2.421s] Level 1:colcon.colcon_core.package_identification:_identify(src/amiga-ros2-bridge/venv/lib/python3.10/site-packages/pip/_internal/cli/__pycache__) by extensions ['ignore', 'ignore_ament_install']
[2.421s] Level 1:colcon.colcon_core.package_identification:_identify(src/amiga-ros2-bridge/venv/lib/python3.10/site-packages/pip/_internal/cli/__pycache__) by extension 'ignore'
[2.421s] Level 1:colcon.colcon_core.package_identification:_identify(src/amiga-ros2-bridge/venv/lib/python3.10/site-packages/pip/_internal/cli/__pycache__) by extension 'ignore_ament_install'
[2.421s] Level 1:colcon.colcon_core.package_identification:_identify(src/amiga-ros2-bridge/venv/lib/python3.10/site-packages/pip/_internal/cli/__pycache__) by extensions ['colcon_pkg']
[2.421s] Level 1:colcon.colcon_core.package_identification:_identify(src/amiga-ros2-bridge/venv/lib/python3.10/site-packages/pip/_internal/cli/__pycache__) by extension 'colcon_pkg'
[2.421s] Level 1:colcon.colcon_core.package_identification:_identify(src/amiga-ros2-bridge/venv/lib/python3.10/site-packages/pip/_internal/cli/__pycache__) by extensions ['colcon_meta']
[2.421s] Level 1:colcon.colcon_core.package_identification:_identify(src/amiga-ros2-bridge/venv/lib/python3.10/site-packages/pip/_internal/cli/__pycache__) by extension 'colcon_meta'
[2.422s] Level 1:colcon.colcon_core.package_identification:_identify(src/amiga-ros2-bridge/venv/lib/python3.10/site-packages/pip/_internal/cli/__pycache__) by extensions ['ros']
[2.422s] Level 1:colcon.colcon_core.package_identification:_identify(src/amiga-ros2-bridge/venv/lib/python3.10/site-packages/pip/_internal/cli/__pycache__) by extension 'ros'
[2.422s] Level 1:colcon.colcon_core.package_identification:_identify(src/amiga-ros2-bridge/venv/lib/python3.10/site-packages/pip/_internal/cli/__pycache__) by extensions ['cmake', 'python']
[2.422s] Level 1:colcon.colcon_core.package_identification:_identify(src/amiga-ros2-bridge/venv/lib/python3.10/site-packages/pip/_internal/cli/__pycache__) by extension 'cmake'
[2.422s] Level 1:colcon.colcon_core.package_identification:_identify(src/amiga-ros2-bridge/venv/lib/python3.10/site-packages/pip/_internal/cli/__pycache__) by extension 'python'
[2.422s] Level 1:colcon.colcon_core.package_identification:_identify(src/amiga-ros2-bridge/venv/lib/python3.10/site-packages/pip/_internal/cli/__pycache__) by extensions ['python_setup_py']
[2.422s] Level 1:colcon.colcon_core.package_identification:_identify(src/amiga-ros2-bridge/venv/lib/python3.10/site-packages/pip/_internal/cli/__pycache__) by extension 'python_setup_py'
[2.422s] Level 1:colcon.colcon_core.package_identification:_identify(src/amiga-ros2-bridge/venv/lib/python3.10/site-packages/pip/_internal/commands) by extensions ['ignore', 'ignore_ament_install']
[2.423s] Level 1:colcon.colcon_core.package_identification:_identify(src/amiga-ros2-bridge/venv/lib/python3.10/site-packages/pip/_internal/commands) by extension 'ignore'
[2.423s] Level 1:colcon.colcon_core.package_identification:_identify(src/amiga-ros2-bridge/venv/lib/python3.10/site-packages/pip/_internal/commands) by extension 'ignore_ament_install'
[2.423s] Level 1:colcon.colcon_core.package_identification:_identify(src/amiga-ros2-bridge/venv/lib/python3.10/site-packages/pip/_internal/commands) by extensions ['colcon_pkg']
[2.423s] Level 1:colcon.colcon_core.package_identification:_identify(src/amiga-ros2-bridge/venv/lib/python3.10/site-packages/pip/_internal/commands) by extension 'colcon_pkg'
[2.423s] Level 1:colcon.colcon_core.package_identification:_identify(src/amiga-ros2-bridge/venv/lib/python3.10/site-packages/pip/_internal/commands) by extensions ['colcon_meta']
[2.423s] Level 1:colcon.colcon_core.package_identification:_identify(src/amiga-ros2-bridge/venv/lib/python3.10/site-packages/pip/_internal/commands) by extension 'colcon_meta'
[2.423s] Level 1:colcon.colcon_core.package_identification:_identify(src/amiga-ros2-bridge/venv/lib/python3.10/site-packages/pip/_internal/commands) by extensions ['ros']
[2.423s] Level 1:colcon.colcon_core.package_identification:_identify(src/amiga-ros2-bridge/venv/lib/python3.10/site-packages/pip/_internal/commands) by extension 'ros'
[2.424s] Level 1:colcon.colcon_core.package_identification:_identify(src/amiga-ros2-bridge/venv/lib/python3.10/site-packages/pip/_internal/commands) by extensions ['cmake', 'python']
[2.424s] Level 1:colcon.colcon_core.package_identification:_identify(src/amiga-ros2-bridge/venv/lib/python3.10/site-packages/pip/_internal/commands) by extension 'cmake'
[2.424s] Level 1:colcon.colcon_core.package_identification:_identify(src/amiga-ros2-bridge/venv/lib/python3.10/site-packages/pip/_internal/commands) by extension 'python'
[2.424s] Level 1:colcon.colcon_core.package_identification:_identify(src/amiga-ros2-bridge/venv/lib/python3.10/site-packages/pip/_internal/commands) by extensions ['python_setup_py']
[2.424s] Level 1:colcon.colcon_core.package_identification:_identify(src/amiga-ros2-bridge/venv/lib/python3.10/site-packages/pip/_internal/commands) by extension 'python_setup_py'
[2.424s] Level 1:colcon.colcon_core.package_identification:_identify(src/amiga-ros2-bridge/venv/lib/python3.10/site-packages/pip/_internal/commands/__pycache__) by extensions ['ignore', 'ignore_ament_install']
[2.424s] Level 1:colcon.colcon_core.package_identification:_identify(src/amiga-ros2-bridge/venv/lib/python3.10/site-packages/pip/_internal/commands/__pycache__) by extension 'ignore'
[2.424s] Level 1:colcon.colcon_core.package_identification:_identify(src/amiga-ros2-bridge/venv/lib/python3.10/site-packages/pip/_internal/commands/__pycache__) by extension 'ignore_ament_install'
[2.425s] Level 1:colcon.colcon_core.package_identification:_identify(src/amiga-ros2-bridge/venv/lib/python3.10/site-packages/pip/_internal/commands/__pycache__) by extensions ['colcon_pkg']
[2.425s] Level 1:colcon.colcon_core.package_identification:_identify(src/amiga-ros2-bridge/venv/lib/python3.10/site-packages/pip/_internal/commands/__pycache__) by extension 'colcon_pkg'
[2.425s] Level 1:colcon.colcon_core.package_identification:_identify(src/amiga-ros2-bridge/venv/lib/python3.10/site-packages/pip/_internal/commands/__pycache__) by extensions ['colcon_meta']
[2.425s] Level 1:colcon.colcon_core.package_identification:_identify(src/amiga-ros2-bridge/venv/lib/python3.10/site-packages/pip/_internal/commands/__pycache__) by extension 'colcon_meta'
[2.425s] Level 1:colcon.colcon_core.package_identification:_identify(src/amiga-ros2-bridge/venv/lib/python3.10/site-packages/pip/_internal/commands/__pycache__) by extensions ['ros']
[2.425s] Level 1:colcon.colcon_core.package_identification:_identify(src/amiga-ros2-bridge/venv/lib/python3.10/site-packages/pip/_internal/commands/__pycache__) by extension 'ros'
[2.425s] Level 1:colcon.colcon_core.package_identification:_identify(src/amiga-ros2-bridge/venv/lib/python3.10/site-packages/pip/_internal/commands/__pycache__) by extensions ['cmake', 'python']
[2.425s] Level 1:colcon.colcon_core.package_identification:_identify(src/amiga-ros2-bridge/venv/lib/python3.10/site-packages/pip/_internal/commands/__pycache__) by extension 'cmake'
[2.425s] Level 1:colcon.colcon_core.package_identification:_identify(src/amiga-ros2-bridge/venv/lib/python3.10/site-packages/pip/_internal/commands/__pycache__) by extension 'python'
[2.425s] Level 1:colcon.colcon_core.package_identification:_identify(src/amiga-ros2-bridge/venv/lib/python3.10/site-packages/pip/_internal/commands/__pycache__) by extensions ['python_setup_py']
[2.426s] Level 1:colcon.colcon_core.package_identification:_identify(src/amiga-ros2-bridge/venv/lib/python3.10/site-packages/pip/_internal/commands/__pycache__) by extension 'python_setup_py'
[2.426s] Level 1:colcon.colcon_core.package_identification:_identify(src/amiga-ros2-bridge/venv/lib/python3.10/site-packages/pip/_internal/distributions) by extensions ['ignore', 'ignore_ament_install']
[2.426s] Level 1:colcon.colcon_core.package_identification:_identify(src/amiga-ros2-bridge/venv/lib/python3.10/site-packages/pip/_internal/distributions) by extension 'ignore'
[2.426s] Level 1:colcon.colcon_core.package_identification:_identify(src/amiga-ros2-bridge/venv/lib/python3.10/site-packages/pip/_internal/distributions) by extension 'ignore_ament_install'
[2.426s] Level 1:colcon.colcon_core.package_identification:_identify(src/amiga-ros2-bridge/venv/lib/python3.10/site-packages/pip/_internal/distributions) by extensions ['colcon_pkg']
[2.426s] Level 1:colcon.colcon_core.package_identification:_identify(src/amiga-ros2-bridge/venv/lib/python3.10/site-packages/pip/_internal/distributions) by extension 'colcon_pkg'
[2.426s] Level 1:colcon.colcon_core.package_identification:_identify(src/amiga-ros2-bridge/venv/lib/python3.10/site-packages/pip/_internal/distributions) by extensions ['colcon_meta']
[2.426s] Level 1:colcon.colcon_core.package_identification:_identify(src/amiga-ros2-bridge/venv/lib/python3.10/site-packages/pip/_internal/distributions) by extension 'colcon_meta'
[2.427s] Level 1:colcon.colcon_core.package_identification:_identify(src/amiga-ros2-bridge/venv/lib/python3.10/site-packages/pip/_internal/distributions) by extensions ['ros']
[2.427s] Level 1:colcon.colcon_core.package_identification:_identify(src/amiga-ros2-bridge/venv/lib/python3.10/site-packages/pip/_internal/distributions) by extension 'ros'
[2.427s] Level 1:colcon.colcon_core.package_identification:_identify(src/amiga-ros2-bridge/venv/lib/python3.10/site-packages/pip/_internal/distributions) by extensions ['cmake', 'python']
[2.427s] Level 1:colcon.colcon_core.package_identification:_identify(src/amiga-ros2-bridge/venv/lib/python3.10/site-packages/pip/_internal/distributions) by extension 'cmake'
[2.427s] Level 1:colcon.colcon_core.package_identification:_identify(src/amiga-ros2-bridge/venv/lib/python3.10/site-packages/pip/_internal/distributions) by extension 'python'
[2.427s] Level 1:colcon.colcon_core.package_identification:_identify(src/amiga-ros2-bridge/venv/lib/python3.10/site-packages/pip/_internal/distributions) by extensions ['python_setup_py']
[2.427s] Level 1:colcon.colcon_core.package_identification:_identify(src/amiga-ros2-bridge/venv/lib/python3.10/site-packages/pip/_internal/distributions) by extension 'python_setup_py'
[2.427s] Level 1:colcon.colcon_core.package_identification:_identify(src/amiga-ros2-bridge/venv/lib/python3.10/site-packages/pip/_internal/distributions/__pycache__) by extensions ['ignore', 'ignore_ament_install']
[2.428s] Level 1:colcon.colcon_core.package_identification:_identify(src/amiga-ros2-bridge/venv/lib/python3.10/site-packages/pip/_internal/distributions/__pycache__) by extension 'ignore'
[2.428s] Level 1:colcon.colcon_core.package_identification:_identify(src/amiga-ros2-bridge/venv/lib/python3.10/site-packages/pip/_internal/distributions/__pycache__) by extension 'ignore_ament_install'
[2.428s] Level 1:colcon.colcon_core.package_identification:_identify(src/amiga-ros2-bridge/venv/lib/python3.10/site-packages/pip/_internal/distributions/__pycache__) by extensions ['colcon_pkg']
[2.428s] Level 1:colcon.colcon_core.package_identification:_identify(src/amiga-ros2-bridge/venv/lib/python3.10/site-packages/pip/_internal/distributions/__pycache__) by extension 'colcon_pkg'
[2.428s] Level 1:colcon.colcon_core.package_identification:_identify(src/amiga-ros2-bridge/venv/lib/python3.10/site-packages/pip/_internal/distributions/__pycache__) by extensions ['colcon_meta']
[2.428s] Level 1:colcon.colcon_core.package_identification:_identify(src/amiga-ros2-bridge/venv/lib/python3.10/site-packages/pip/_internal/distributions/__pycache__) by extension 'colcon_meta'
[2.428s] Level 1:colcon.colcon_core.package_identification:_identify(src/amiga-ros2-bridge/venv/lib/python3.10/site-packages/pip/_internal/distributions/__pycache__) by extensions ['ros']
[2.428s] Level 1:colcon.colcon_core.package_identification:_identify(src/amiga-ros2-bridge/venv/lib/python3.10/site-packages/pip/_internal/distributions/__pycache__) by extension 'ros'
[2.429s] Level 1:colcon.colcon_core.package_identification:_identify(src/amiga-ros2-bridge/venv/lib/python3.10/site-packages/pip/_internal/distributions/__pycache__) by extensions ['cmake', 'python']
[2.429s] Level 1:colcon.colcon_core.package_identification:_identify(src/amiga-ros2-bridge/venv/lib/python3.10/site-packages/pip/_internal/distributions/__pycache__) by extension 'cmake'
[2.429s] Level 1:colcon.colcon_core.package_identification:_identify(src/amiga-ros2-bridge/venv/lib/python3.10/site-packages/pip/_internal/distributions/__pycache__) by extension 'python'
[2.429s] Level 1:colcon.colcon_core.package_identification:_identify(src/amiga-ros2-bridge/venv/lib/python3.10/site-packages/pip/_internal/distributions/__pycache__) by extensions ['python_setup_py']
[2.429s] Level 1:colcon.colcon_core.package_identification:_identify(src/amiga-ros2-bridge/venv/lib/python3.10/site-packages/pip/_internal/distributions/__pycache__) by extension 'python_setup_py'
[2.429s] Level 1:colcon.colcon_core.package_identification:_identify(src/amiga-ros2-bridge/venv/lib/python3.10/site-packages/pip/_internal/index) by extensions ['ignore', 'ignore_ament_install']
[2.429s] Level 1:colcon.colcon_core.package_identification:_identify(src/amiga-ros2-bridge/venv/lib/python3.10/site-packages/pip/_internal/index) by extension 'ignore'
[2.429s] Level 1:colcon.colcon_core.package_identification:_identify(src/amiga-ros2-bridge/venv/lib/python3.10/site-packages/pip/_internal/index) by extension 'ignore_ament_install'
[2.429s] Level 1:colcon.colcon_core.package_identification:_identify(src/amiga-ros2-bridge/venv/lib/python3.10/site-packages/pip/_internal/index) by extensions ['colcon_pkg']
[2.430s] Level 1:colcon.colcon_core.package_identification:_identify(src/amiga-ros2-bridge/venv/lib/python3.10/site-packages/pip/_internal/index) by extension 'colcon_pkg'
[2.430s] Level 1:colcon.colcon_core.package_identification:_identify(src/amiga-ros2-bridge/venv/lib/python3.10/site-packages/pip/_internal/index) by extensions ['colcon_meta']
[2.430s] Level 1:colcon.colcon_core.package_identification:_identify(src/amiga-ros2-bridge/venv/lib/python3.10/site-packages/pip/_internal/index) by extension 'colcon_meta'
[2.430s] Level 1:colcon.colcon_core.package_identification:_identify(src/amiga-ros2-bridge/venv/lib/python3.10/site-packages/pip/_internal/index) by extensions ['ros']
[2.430s] Level 1:colcon.colcon_core.package_identification:_identify(src/amiga-ros2-bridge/venv/lib/python3.10/site-packages/pip/_internal/index) by extension 'ros'
[2.430s] Level 1:colcon.colcon_core.package_identification:_identify(src/amiga-ros2-bridge/venv/lib/python3.10/site-packages/pip/_internal/index) by extensions ['cmake', 'python']
[2.430s] Level 1:colcon.colcon_core.package_identification:_identify(src/amiga-ros2-bridge/venv/lib/python3.10/site-packages/pip/_internal/index) by extension 'cmake'
[2.430s] Level 1:colcon.colcon_core.package_identification:_identify(src/amiga-ros2-bridge/venv/lib/python3.10/site-packages/pip/_internal/index) by extension 'python'
[2.430s] Level 1:colcon.colcon_core.package_identification:_identify(src/amiga-ros2-bridge/venv/lib/python3.10/site-packages/pip/_internal/index) by extensions ['python_setup_py']
[2.430s] Level 1:colcon.colcon_core.package_identification:_identify(src/amiga-ros2-bridge/venv/lib/python3.10/site-packages/pip/_internal/index) by extension 'python_setup_py'
[2.431s] Level 1:colcon.colcon_core.package_identification:_identify(src/amiga-ros2-bridge/venv/lib/python3.10/site-packages/pip/_internal/index/__pycache__) by extensions ['ignore', 'ignore_ament_install']
[2.431s] Level 1:colcon.colcon_core.package_identification:_identify(src/amiga-ros2-bridge/venv/lib/python3.10/site-packages/pip/_internal/index/__pycache__) by extension 'ignore'
[2.431s] Level 1:colcon.colcon_core.package_identification:_identify(src/amiga-ros2-bridge/venv/lib/python3.10/site-packages/pip/_internal/index/__pycache__) by extension 'ignore_ament_install'
[2.431s] Level 1:colcon.colcon_core.package_identification:_identify(src/amiga-ros2-bridge/venv/lib/python3.10/site-packages/pip/_internal/index/__pycache__) by extensions ['colcon_pkg']
[2.431s] Level 1:colcon.colcon_core.package_identification:_identify(src/amiga-ros2-bridge/venv/lib/python3.10/site-packages/pip/_internal/index/__pycache__) by extension 'colcon_pkg'
[2.431s] Level 1:colcon.colcon_core.package_identification:_identify(src/amiga-ros2-bridge/venv/lib/python3.10/site-packages/pip/_internal/index/__pycache__) by extensions ['colcon_meta']
[2.431s] Level 1:colcon.colcon_core.package_identification:_identify(src/amiga-ros2-bridge/venv/lib/python3.10/site-packages/pip/_internal/index/__pycache__) by extension 'colcon_meta'
[2.432s] Level 1:colcon.colcon_core.package_identification:_identify(src/amiga-ros2-bridge/venv/lib/python3.10/site-packages/pip/_internal/index/__pycache__) by extensions ['ros']
[2.432s] Level 1:colcon.colcon_core.package_identification:_identify(src/amiga-ros2-bridge/venv/lib/python3.10/site-packages/pip/_internal/index/__pycache__) by extension 'ros'
[2.432s] Level 1:colcon.colcon_core.package_identification:_identify(src/amiga-ros2-bridge/venv/lib/python3.10/site-packages/pip/_internal/index/__pycache__) by extensions ['cmake', 'python']
[2.432s] Level 1:colcon.colcon_core.package_identification:_identify(src/amiga-ros2-bridge/venv/lib/python3.10/site-packages/pip/_internal/index/__pycache__) by extension 'cmake'
[2.432s] Level 1:colcon.colcon_core.package_identification:_identify(src/amiga-ros2-bridge/venv/lib/python3.10/site-packages/pip/_internal/index/__pycache__) by extension 'python'
[2.432s] Level 1:colcon.colcon_core.package_identification:_identify(src/amiga-ros2-bridge/venv/lib/python3.10/site-packages/pip/_internal/index/__pycache__) by extensions ['python_setup_py']
[2.432s] Level 1:colcon.colcon_core.package_identification:_identify(src/amiga-ros2-bridge/venv/lib/python3.10/site-packages/pip/_internal/index/__pycache__) by extension 'python_setup_py'
[2.432s] Level 1:colcon.colcon_core.package_identification:_identify(src/amiga-ros2-bridge/venv/lib/python3.10/site-packages/pip/_internal/locations) by extensions ['ignore', 'ignore_ament_install']
[2.433s] Level 1:colcon.colcon_core.package_identification:_identify(src/amiga-ros2-bridge/venv/lib/python3.10/site-packages/pip/_internal/locations) by extension 'ignore'
[2.433s] Level 1:colcon.colcon_core.package_identification:_identify(src/amiga-ros2-bridge/venv/lib/python3.10/site-packages/pip/_internal/locations) by extension 'ignore_ament_install'
[2.433s] Level 1:colcon.colcon_core.package_identification:_identify(src/amiga-ros2-bridge/venv/lib/python3.10/site-packages/pip/_internal/locations) by extensions ['colcon_pkg']
[2.433s] Level 1:colcon.colcon_core.package_identification:_identify(src/amiga-ros2-bridge/venv/lib/python3.10/site-packages/pip/_internal/locations) by extension 'colcon_pkg'
[2.433s] Level 1:colcon.colcon_core.package_identification:_identify(src/amiga-ros2-bridge/venv/lib/python3.10/site-packages/pip/_internal/locations) by extensions ['colcon_meta']
[2.433s] Level 1:colcon.colcon_core.package_identification:_identify(src/amiga-ros2-bridge/venv/lib/python3.10/site-packages/pip/_internal/locations) by extension 'colcon_meta'
[2.433s] Level 1:colcon.colcon_core.package_identification:_identify(src/amiga-ros2-bridge/venv/lib/python3.10/site-packages/pip/_internal/locations) by extensions ['ros']
[2.433s] Level 1:colcon.colcon_core.package_identification:_identify(src/amiga-ros2-bridge/venv/lib/python3.10/site-packages/pip/_internal/locations) by extension 'ros'
[2.433s] Level 1:colcon.colcon_core.package_identification:_identify(src/amiga-ros2-bridge/venv/lib/python3.10/site-packages/pip/_internal/locations) by extensions ['cmake', 'python']
[2.433s] Level 1:colcon.colcon_core.package_identification:_identify(src/amiga-ros2-bridge/venv/lib/python3.10/site-packages/pip/_internal/locations) by extension 'cmake'
[2.434s] Level 1:colcon.colcon_core.package_identification:_identify(src/amiga-ros2-bridge/venv/lib/python3.10/site-packages/pip/_internal/locations) by extension 'python'
[2.434s] Level 1:colcon.colcon_core.package_identification:_identify(src/amiga-ros2-bridge/venv/lib/python3.10/site-packages/pip/_internal/locations) by extensions ['python_setup_py']
[2.434s] Level 1:colcon.colcon_core.package_identification:_identify(src/amiga-ros2-bridge/venv/lib/python3.10/site-packages/pip/_internal/locations) by extension 'python_setup_py'
[2.434s] Level 1:colcon.colcon_core.package_identification:_identify(src/amiga-ros2-bridge/venv/lib/python3.10/site-packages/pip/_internal/locations/__pycache__) by extensions ['ignore', 'ignore_ament_install']
[2.434s] Level 1:colcon.colcon_core.package_identification:_identify(src/amiga-ros2-bridge/venv/lib/python3.10/site-packages/pip/_internal/locations/__pycache__) by extension 'ignore'
[2.434s] Level 1:colcon.colcon_core.package_identification:_identify(src/amiga-ros2-bridge/venv/lib/python3.10/site-packages/pip/_internal/locations/__pycache__) by extension 'ignore_ament_install'
[2.434s] Level 1:colcon.colcon_core.package_identification:_identify(src/amiga-ros2-bridge/venv/lib/python3.10/site-packages/pip/_internal/locations/__pycache__) by extensions ['colcon_pkg']
[2.434s] Level 1:colcon.colcon_core.package_identification:_identify(src/amiga-ros2-bridge/venv/lib/python3.10/site-packages/pip/_internal/locations/__pycache__) by extension 'colcon_pkg'
[2.435s] Level 1:colcon.colcon_core.package_identification:_identify(src/amiga-ros2-bridge/venv/lib/python3.10/site-packages/pip/_internal/locations/__pycache__) by extensions ['colcon_meta']
[2.435s] Level 1:colcon.colcon_core.package_identification:_identify(src/amiga-ros2-bridge/venv/lib/python3.10/site-packages/pip/_internal/locations/__pycache__) by extension 'colcon_meta'
[2.435s] Level 1:colcon.colcon_core.package_identification:_identify(src/amiga-ros2-bridge/venv/lib/python3.10/site-packages/pip/_internal/locations/__pycache__) by extensions ['ros']
[2.435s] Level 1:colcon.colcon_core.package_identification:_identify(src/amiga-ros2-bridge/venv/lib/python3.10/site-packages/pip/_internal/locations/__pycache__) by extension 'ros'
[2.435s] Level 1:colcon.colcon_core.package_identification:_identify(src/amiga-ros2-bridge/venv/lib/python3.10/site-packages/pip/_internal/locations/__pycache__) by extensions ['cmake', 'python']
[2.435s] Level 1:colcon.colcon_core.package_identification:_identify(src/amiga-ros2-bridge/venv/lib/python3.10/site-packages/pip/_internal/locations/__pycache__) by extension 'cmake'
[2.435s] Level 1:colcon.colcon_core.package_identification:_identify(src/amiga-ros2-bridge/venv/lib/python3.10/site-packages/pip/_internal/locations/__pycache__) by extension 'python'
[2.435s] Level 1:colcon.colcon_core.package_identification:_identify(src/amiga-ros2-bridge/venv/lib/python3.10/site-packages/pip/_internal/locations/__pycache__) by extensions ['python_setup_py']
[2.435s] Level 1:colcon.colcon_core.package_identification:_identify(src/amiga-ros2-bridge/venv/lib/python3.10/site-packages/pip/_internal/locations/__pycache__) by extension 'python_setup_py'
[2.436s] Level 1:colcon.colcon_core.package_identification:_identify(src/amiga-ros2-bridge/venv/lib/python3.10/site-packages/pip/_internal/metadata) by extensions ['ignore', 'ignore_ament_install']
[2.436s] Level 1:colcon.colcon_core.package_identification:_identify(src/amiga-ros2-bridge/venv/lib/python3.10/site-packages/pip/_internal/metadata) by extension 'ignore'
[2.436s] Level 1:colcon.colcon_core.package_identification:_identify(src/amiga-ros2-bridge/venv/lib/python3.10/site-packages/pip/_internal/metadata) by extension 'ignore_ament_install'
[2.436s] Level 1:colcon.colcon_core.package_identification:_identify(src/amiga-ros2-bridge/venv/lib/python3.10/site-packages/pip/_internal/metadata) by extensions ['colcon_pkg']
[2.436s] Level 1:colcon.colcon_core.package_identification:_identify(src/amiga-ros2-bridge/venv/lib/python3.10/site-packages/pip/_internal/metadata) by extension 'colcon_pkg'
[2.436s] Level 1:colcon.colcon_core.package_identification:_identify(src/amiga-ros2-bridge/venv/lib/python3.10/site-packages/pip/_internal/metadata) by extensions ['colcon_meta']
[2.436s] Level 1:colcon.colcon_core.package_identification:_identify(src/amiga-ros2-bridge/venv/lib/python3.10/site-packages/pip/_internal/metadata) by extension 'colcon_meta'
[2.436s] Level 1:colcon.colcon_core.package_identification:_identify(src/amiga-ros2-bridge/venv/lib/python3.10/site-packages/pip/_internal/metadata) by extensions ['ros']
[2.437s] Level 1:colcon.colcon_core.package_identification:_identify(src/amiga-ros2-bridge/venv/lib/python3.10/site-packages/pip/_internal/metadata) by extension 'ros'
[2.437s] Level 1:colcon.colcon_core.package_identification:_identify(src/amiga-ros2-bridge/venv/lib/python3.10/site-packages/pip/_internal/metadata) by extensions ['cmake', 'python']
[2.437s] Level 1:colcon.colcon_core.package_identification:_identify(src/amiga-ros2-bridge/venv/lib/python3.10/site-packages/pip/_internal/metadata) by extension 'cmake'
[2.437s] Level 1:colcon.colcon_core.package_identification:_identify(src/amiga-ros2-bridge/venv/lib/python3.10/site-packages/pip/_internal/metadata) by extension 'python'
[2.437s] Level 1:colcon.colcon_core.package_identification:_identify(src/amiga-ros2-bridge/venv/lib/python3.10/site-packages/pip/_internal/metadata) by extensions ['python_setup_py']
[2.437s] Level 1:colcon.colcon_core.package_identification:_identify(src/amiga-ros2-bridge/venv/lib/python3.10/site-packages/pip/_internal/metadata) by extension 'python_setup_py'
[2.437s] Level 1:colcon.colcon_core.package_identification:_identify(src/amiga-ros2-bridge/venv/lib/python3.10/site-packages/pip/_internal/metadata/__pycache__) by extensions ['ignore', 'ignore_ament_install']
[2.437s] Level 1:colcon.colcon_core.package_identification:_identify(src/amiga-ros2-bridge/venv/lib/python3.10/site-packages/pip/_internal/metadata/__pycache__) by extension 'ignore'
[2.438s] Level 1:colcon.colcon_core.package_identification:_identify(src/amiga-ros2-bridge/venv/lib/python3.10/site-packages/pip/_internal/metadata/__pycache__) by extension 'ignore_ament_install'
[2.438s] Level 1:colcon.colcon_core.package_identification:_identify(src/amiga-ros2-bridge/venv/lib/python3.10/site-packages/pip/_internal/metadata/__pycache__) by extensions ['colcon_pkg']
[2.438s] Level 1:colcon.colcon_core.package_identification:_identify(src/amiga-ros2-bridge/venv/lib/python3.10/site-packages/pip/_internal/metadata/__pycache__) by extension 'colcon_pkg'
[2.438s] Level 1:colcon.colcon_core.package_identification:_identify(src/amiga-ros2-bridge/venv/lib/python3.10/site-packages/pip/_internal/metadata/__pycache__) by extensions ['colcon_meta']
[2.438s] Level 1:colcon.colcon_core.package_identification:_identify(src/amiga-ros2-bridge/venv/lib/python3.10/site-packages/pip/_internal/metadata/__pycache__) by extension 'colcon_meta'
[2.438s] Level 1:colcon.colcon_core.package_identification:_identify(src/amiga-ros2-bridge/venv/lib/python3.10/site-packages/pip/_internal/metadata/__pycache__) by extensions ['ros']
[2.438s] Level 1:colcon.colcon_core.package_identification:_identify(src/amiga-ros2-bridge/venv/lib/python3.10/site-packages/pip/_internal/metadata/__pycache__) by extension 'ros'
[2.438s] Level 1:colcon.colcon_core.package_identification:_identify(src/amiga-ros2-bridge/venv/lib/python3.10/site-packages/pip/_internal/metadata/__pycache__) by extensions ['cmake', 'python']
[2.438s] Level 1:colcon.colcon_core.package_identification:_identify(src/amiga-ros2-bridge/venv/lib/python3.10/site-packages/pip/_internal/metadata/__pycache__) by extension 'cmake'
[2.438s] Level 1:colcon.colcon_core.package_identification:_identify(src/amiga-ros2-bridge/venv/lib/python3.10/site-packages/pip/_internal/metadata/__pycache__) by extension 'python'
[2.439s] Level 1:colcon.colcon_core.package_identification:_identify(src/amiga-ros2-bridge/venv/lib/python3.10/site-packages/pip/_internal/metadata/__pycache__) by extensions ['python_setup_py']
[2.439s] Level 1:colcon.colcon_core.package_identification:_identify(src/amiga-ros2-bridge/venv/lib/python3.10/site-packages/pip/_internal/metadata/__pycache__) by extension 'python_setup_py'
[2.439s] Level 1:colcon.colcon_core.package_identification:_identify(src/amiga-ros2-bridge/venv/lib/python3.10/site-packages/pip/_internal/metadata/importlib) by extensions ['ignore', 'ignore_ament_install']
[2.439s] Level 1:colcon.colcon_core.package_identification:_identify(src/amiga-ros2-bridge/venv/lib/python3.10/site-packages/pip/_internal/metadata/importlib) by extension 'ignore'
[2.439s] Level 1:colcon.colcon_core.package_identification:_identify(src/amiga-ros2-bridge/venv/lib/python3.10/site-packages/pip/_internal/metadata/importlib) by extension 'ignore_ament_install'
[2.439s] Level 1:colcon.colcon_core.package_identification:_identify(src/amiga-ros2-bridge/venv/lib/python3.10/site-packages/pip/_internal/metadata/importlib) by extensions ['colcon_pkg']
[2.439s] Level 1:colcon.colcon_core.package_identification:_identify(src/amiga-ros2-bridge/venv/lib/python3.10/site-packages/pip/_internal/metadata/importlib) by extension 'colcon_pkg'
[2.440s] Level 1:colcon.colcon_core.package_identification:_identify(src/amiga-ros2-bridge/venv/lib/python3.10/site-packages/pip/_internal/metadata/importlib) by extensions ['colcon_meta']
[2.440s] Level 1:colcon.colcon_core.package_identification:_identify(src/amiga-ros2-bridge/venv/lib/python3.10/site-packages/pip/_internal/metadata/importlib) by extension 'colcon_meta'
[2.440s] Level 1:colcon.colcon_core.package_identification:_identify(src/amiga-ros2-bridge/venv/lib/python3.10/site-packages/pip/_internal/metadata/importlib) by extensions ['ros']
[2.440s] Level 1:colcon.colcon_core.package_identification:_identify(src/amiga-ros2-bridge/venv/lib/python3.10/site-packages/pip/_internal/metadata/importlib) by extension 'ros'
[2.440s] Level 1:colcon.colcon_core.package_identification:_identify(src/amiga-ros2-bridge/venv/lib/python3.10/site-packages/pip/_internal/metadata/importlib) by extensions ['cmake', 'python']
[2.440s] Level 1:colcon.colcon_core.package_identification:_identify(src/amiga-ros2-bridge/venv/lib/python3.10/site-packages/pip/_internal/metadata/importlib) by extension 'cmake'
[2.440s] Level 1:colcon.colcon_core.package_identification:_identify(src/amiga-ros2-bridge/venv/lib/python3.10/site-packages/pip/_internal/metadata/importlib) by extension 'python'
[2.440s] Level 1:colcon.colcon_core.package_identification:_identify(src/amiga-ros2-bridge/venv/lib/python3.10/site-packages/pip/_internal/metadata/importlib) by extensions ['python_setup_py']
[2.440s] Level 1:colcon.colcon_core.package_identification:_identify(src/amiga-ros2-bridge/venv/lib/python3.10/site-packages/pip/_internal/metadata/importlib) by extension 'python_setup_py'
[2.441s] Level 1:colcon.colcon_core.package_identification:_identify(src/amiga-ros2-bridge/venv/lib/python3.10/site-packages/pip/_internal/metadata/importlib/__pycache__) by extensions ['ignore', 'ignore_ament_install']
[2.441s] Level 1:colcon.colcon_core.package_identification:_identify(src/amiga-ros2-bridge/venv/lib/python3.10/site-packages/pip/_internal/metadata/importlib/__pycache__) by extension 'ignore'
[2.441s] Level 1:colcon.colcon_core.package_identification:_identify(src/amiga-ros2-bridge/venv/lib/python3.10/site-packages/pip/_internal/metadata/importlib/__pycache__) by extension 'ignore_ament_install'
[2.441s] Level 1:colcon.colcon_core.package_identification:_identify(src/amiga-ros2-bridge/venv/lib/python3.10/site-packages/pip/_internal/metadata/importlib/__pycache__) by extensions ['colcon_pkg']
[2.441s] Level 1:colcon.colcon_core.package_identification:_identify(src/amiga-ros2-bridge/venv/lib/python3.10/site-packages/pip/_internal/metadata/importlib/__pycache__) by extension 'colcon_pkg'
[2.441s] Level 1:colcon.colcon_core.package_identification:_identify(src/amiga-ros2-bridge/venv/lib/python3.10/site-packages/pip/_internal/metadata/importlib/__pycache__) by extensions ['colcon_meta']
[2.441s] Level 1:colcon.colcon_core.package_identification:_identify(src/amiga-ros2-bridge/venv/lib/python3.10/site-packages/pip/_internal/metadata/importlib/__pycache__) by extension 'colcon_meta'
[2.441s] Level 1:colcon.colcon_core.package_identification:_identify(src/amiga-ros2-bridge/venv/lib/python3.10/site-packages/pip/_internal/metadata/importlib/__pycache__) by extensions ['ros']
[2.442s] Level 1:colcon.colcon_core.package_identification:_identify(src/amiga-ros2-bridge/venv/lib/python3.10/site-packages/pip/_internal/metadata/importlib/__pycache__) by extension 'ros'
[2.442s] Level 1:colcon.colcon_core.package_identification:_identify(src/amiga-ros2-bridge/venv/lib/python3.10/site-packages/pip/_internal/metadata/importlib/__pycache__) by extensions ['cmake', 'python']
[2.442s] Level 1:colcon.colcon_core.package_identification:_identify(src/amiga-ros2-bridge/venv/lib/python3.10/site-packages/pip/_internal/metadata/importlib/__pycache__) by extension 'cmake'
[2.442s] Level 1:colcon.colcon_core.package_identification:_identify(src/amiga-ros2-bridge/venv/lib/python3.10/site-packages/pip/_internal/metadata/importlib/__pycache__) by extension 'python'
[2.442s] Level 1:colcon.colcon_core.package_identification:_identify(src/amiga-ros2-bridge/venv/lib/python3.10/site-packages/pip/_internal/metadata/importlib/__pycache__) by extensions ['python_setup_py']
[2.442s] Level 1:colcon.colcon_core.package_identification:_identify(src/amiga-ros2-bridge/venv/lib/python3.10/site-packages/pip/_internal/metadata/importlib/__pycache__) by extension 'python_setup_py'
[2.442s] Level 1:colcon.colcon_core.package_identification:_identify(src/amiga-ros2-bridge/venv/lib/python3.10/site-packages/pip/_internal/models) by extensions ['ignore', 'ignore_ament_install']
[2.442s] Level 1:colcon.colcon_core.package_identification:_identify(src/amiga-ros2-bridge/venv/lib/python3.10/site-packages/pip/_internal/models) by extension 'ignore'
[2.443s] Level 1:colcon.colcon_core.package_identification:_identify(src/amiga-ros2-bridge/venv/lib/python3.10/site-packages/pip/_internal/models) by extension 'ignore_ament_install'
[2.443s] Level 1:colcon.colcon_core.package_identification:_identify(src/amiga-ros2-bridge/venv/lib/python3.10/site-packages/pip/_internal/models) by extensions ['colcon_pkg']
[2.443s] Level 1:colcon.colcon_core.package_identification:_identify(src/amiga-ros2-bridge/venv/lib/python3.10/site-packages/pip/_internal/models) by extension 'colcon_pkg'
[2.443s] Level 1:colcon.colcon_core.package_identification:_identify(src/amiga-ros2-bridge/venv/lib/python3.10/site-packages/pip/_internal/models) by extensions ['colcon_meta']
[2.443s] Level 1:colcon.colcon_core.package_identification:_identify(src/amiga-ros2-bridge/venv/lib/python3.10/site-packages/pip/_internal/models) by extension 'colcon_meta'
[2.443s] Level 1:colcon.colcon_core.package_identification:_identify(src/amiga-ros2-bridge/venv/lib/python3.10/site-packages/pip/_internal/models) by extensions ['ros']
[2.443s] Level 1:colcon.colcon_core.package_identification:_identify(src/amiga-ros2-bridge/venv/lib/python3.10/site-packages/pip/_internal/models) by extension 'ros'
[2.443s] Level 1:colcon.colcon_core.package_identification:_identify(src/amiga-ros2-bridge/venv/lib/python3.10/site-packages/pip/_internal/models) by extensions ['cmake', 'python']
[2.443s] Level 1:colcon.colcon_core.package_identification:_identify(src/amiga-ros2-bridge/venv/lib/python3.10/site-packages/pip/_internal/models) by extension 'cmake'
[2.443s] Level 1:colcon.colcon_core.package_identification:_identify(src/amiga-ros2-bridge/venv/lib/python3.10/site-packages/pip/_internal/models) by extension 'python'
[2.444s] Level 1:colcon.colcon_core.package_identification:_identify(src/amiga-ros2-bridge/venv/lib/python3.10/site-packages/pip/_internal/models) by extensions ['python_setup_py']
[2.444s] Level 1:colcon.colcon_core.package_identification:_identify(src/amiga-ros2-bridge/venv/lib/python3.10/site-packages/pip/_internal/models) by extension 'python_setup_py'
[2.444s] Level 1:colcon.colcon_core.package_identification:_identify(src/amiga-ros2-bridge/venv/lib/python3.10/site-packages/pip/_internal/models/__pycache__) by extensions ['ignore', 'ignore_ament_install']
[2.444s] Level 1:colcon.colcon_core.package_identification:_identify(src/amiga-ros2-bridge/venv/lib/python3.10/site-packages/pip/_internal/models/__pycache__) by extension 'ignore'
[2.444s] Level 1:colcon.colcon_core.package_identification:_identify(src/amiga-ros2-bridge/venv/lib/python3.10/site-packages/pip/_internal/models/__pycache__) by extension 'ignore_ament_install'
[2.444s] Level 1:colcon.colcon_core.package_identification:_identify(src/amiga-ros2-bridge/venv/lib/python3.10/site-packages/pip/_internal/models/__pycache__) by extensions ['colcon_pkg']
[2.444s] Level 1:colcon.colcon_core.package_identification:_identify(src/amiga-ros2-bridge/venv/lib/python3.10/site-packages/pip/_internal/models/__pycache__) by extension 'colcon_pkg'
[2.445s] Level 1:colcon.colcon_core.package_identification:_identify(src/amiga-ros2-bridge/venv/lib/python3.10/site-packages/pip/_internal/models/__pycache__) by extensions ['colcon_meta']
[2.445s] Level 1:colcon.colcon_core.package_identification:_identify(src/amiga-ros2-bridge/venv/lib/python3.10/site-packages/pip/_internal/models/__pycache__) by extension 'colcon_meta'
[2.445s] Level 1:colcon.colcon_core.package_identification:_identify(src/amiga-ros2-bridge/venv/lib/python3.10/site-packages/pip/_internal/models/__pycache__) by extensions ['ros']
[2.445s] Level 1:colcon.colcon_core.package_identification:_identify(src/amiga-ros2-bridge/venv/lib/python3.10/site-packages/pip/_internal/models/__pycache__) by extension 'ros'
[2.445s] Level 1:colcon.colcon_core.package_identification:_identify(src/amiga-ros2-bridge/venv/lib/python3.10/site-packages/pip/_internal/models/__pycache__) by extensions ['cmake', 'python']
[2.445s] Level 1:colcon.colcon_core.package_identification:_identify(src/amiga-ros2-bridge/venv/lib/python3.10/site-packages/pip/_internal/models/__pycache__) by extension 'cmake'
[2.445s] Level 1:colcon.colcon_core.package_identification:_identify(src/amiga-ros2-bridge/venv/lib/python3.10/site-packages/pip/_internal/models/__pycache__) by extension 'python'
[2.445s] Level 1:colcon.colcon_core.package_identification:_identify(src/amiga-ros2-bridge/venv/lib/python3.10/site-packages/pip/_internal/models/__pycache__) by extensions ['python_setup_py']
[2.445s] Level 1:colcon.colcon_core.package_identification:_identify(src/amiga-ros2-bridge/venv/lib/python3.10/site-packages/pip/_internal/models/__pycache__) by extension 'python_setup_py'
[2.446s] Level 1:colcon.colcon_core.package_identification:_identify(src/amiga-ros2-bridge/venv/lib/python3.10/site-packages/pip/_internal/network) by extensions ['ignore', 'ignore_ament_install']
[2.446s] Level 1:colcon.colcon_core.package_identification:_identify(src/amiga-ros2-bridge/venv/lib/python3.10/site-packages/pip/_internal/network) by extension 'ignore'
[2.446s] Level 1:colcon.colcon_core.package_identification:_identify(src/amiga-ros2-bridge/venv/lib/python3.10/site-packages/pip/_internal/network) by extension 'ignore_ament_install'
[2.446s] Level 1:colcon.colcon_core.package_identification:_identify(src/amiga-ros2-bridge/venv/lib/python3.10/site-packages/pip/_internal/network) by extensions ['colcon_pkg']
[2.446s] Level 1:colcon.colcon_core.package_identification:_identify(src/amiga-ros2-bridge/venv/lib/python3.10/site-packages/pip/_internal/network) by extension 'colcon_pkg'
[2.446s] Level 1:colcon.colcon_core.package_identification:_identify(src/amiga-ros2-bridge/venv/lib/python3.10/site-packages/pip/_internal/network) by extensions ['colcon_meta']
[2.446s] Level 1:colcon.colcon_core.package_identification:_identify(src/amiga-ros2-bridge/venv/lib/python3.10/site-packages/pip/_internal/network) by extension 'colcon_meta'
[2.446s] Level 1:colcon.colcon_core.package_identification:_identify(src/amiga-ros2-bridge/venv/lib/python3.10/site-packages/pip/_internal/network) by extensions ['ros']
[2.446s] Level 1:colcon.colcon_core.package_identification:_identify(src/amiga-ros2-bridge/venv/lib/python3.10/site-packages/pip/_internal/network) by extension 'ros'
[2.447s] Level 1:colcon.colcon_core.package_identification:_identify(src/amiga-ros2-bridge/venv/lib/python3.10/site-packages/pip/_internal/network) by extensions ['cmake', 'python']
[2.447s] Level 1:colcon.colcon_core.package_identification:_identify(src/amiga-ros2-bridge/venv/lib/python3.10/site-packages/pip/_internal/network) by extension 'cmake'
[2.447s] Level 1:colcon.colcon_core.package_identification:_identify(src/amiga-ros2-bridge/venv/lib/python3.10/site-packages/pip/_internal/network) by extension 'python'
[2.447s] Level 1:colcon.colcon_core.package_identification:_identify(src/amiga-ros2-bridge/venv/lib/python3.10/site-packages/pip/_internal/network) by extensions ['python_setup_py']
[2.447s] Level 1:colcon.colcon_core.package_identification:_identify(src/amiga-ros2-bridge/venv/lib/python3.10/site-packages/pip/_internal/network) by extension 'python_setup_py'
[2.447s] Level 1:colcon.colcon_core.package_identification:_identify(src/amiga-ros2-bridge/venv/lib/python3.10/site-packages/pip/_internal/network/__pycache__) by extensions ['ignore', 'ignore_ament_install']
[2.447s] Level 1:colcon.colcon_core.package_identification:_identify(src/amiga-ros2-bridge/venv/lib/python3.10/site-packages/pip/_internal/network/__pycache__) by extension 'ignore'
[2.447s] Level 1:colcon.colcon_core.package_identification:_identify(src/amiga-ros2-bridge/venv/lib/python3.10/site-packages/pip/_internal/network/__pycache__) by extension 'ignore_ament_install'
[2.448s] Level 1:colcon.colcon_core.package_identification:_identify(src/amiga-ros2-bridge/venv/lib/python3.10/site-packages/pip/_internal/network/__pycache__) by extensions ['colcon_pkg']
[2.448s] Level 1:colcon.colcon_core.package_identification:_identify(src/amiga-ros2-bridge/venv/lib/python3.10/site-packages/pip/_internal/network/__pycache__) by extension 'colcon_pkg'
[2.448s] Level 1:colcon.colcon_core.package_identification:_identify(src/amiga-ros2-bridge/venv/lib/python3.10/site-packages/pip/_internal/network/__pycache__) by extensions ['colcon_meta']
[2.448s] Level 1:colcon.colcon_core.package_identification:_identify(src/amiga-ros2-bridge/venv/lib/python3.10/site-packages/pip/_internal/network/__pycache__) by extension 'colcon_meta'
[2.448s] Level 1:colcon.colcon_core.package_identification:_identify(src/amiga-ros2-bridge/venv/lib/python3.10/site-packages/pip/_internal/network/__pycache__) by extensions ['ros']
[2.448s] Level 1:colcon.colcon_core.package_identification:_identify(src/amiga-ros2-bridge/venv/lib/python3.10/site-packages/pip/_internal/network/__pycache__) by extension 'ros'
[2.448s] Level 1:colcon.colcon_core.package_identification:_identify(src/amiga-ros2-bridge/venv/lib/python3.10/site-packages/pip/_internal/network/__pycache__) by extensions ['cmake', 'python']
[2.448s] Level 1:colcon.colcon_core.package_identification:_identify(src/amiga-ros2-bridge/venv/lib/python3.10/site-packages/pip/_internal/network/__pycache__) by extension 'cmake'
[2.448s] Level 1:colcon.colcon_core.package_identification:_identify(src/amiga-ros2-bridge/venv/lib/python3.10/site-packages/pip/_internal/network/__pycache__) by extension 'python'
[2.448s] Level 1:colcon.colcon_core.package_identification:_identify(src/amiga-ros2-bridge/venv/lib/python3.10/site-packages/pip/_internal/network/__pycache__) by extensions ['python_setup_py']
[2.449s] Level 1:colcon.colcon_core.package_identification:_identify(src/amiga-ros2-bridge/venv/lib/python3.10/site-packages/pip/_internal/network/__pycache__) by extension 'python_setup_py'
[2.449s] Level 1:colcon.colcon_core.package_identification:_identify(src/amiga-ros2-bridge/venv/lib/python3.10/site-packages/pip/_internal/operations) by extensions ['ignore', 'ignore_ament_install']
[2.449s] Level 1:colcon.colcon_core.package_identification:_identify(src/amiga-ros2-bridge/venv/lib/python3.10/site-packages/pip/_internal/operations) by extension 'ignore'
[2.449s] Level 1:colcon.colcon_core.package_identification:_identify(src/amiga-ros2-bridge/venv/lib/python3.10/site-packages/pip/_internal/operations) by extension 'ignore_ament_install'
[2.449s] Level 1:colcon.colcon_core.package_identification:_identify(src/amiga-ros2-bridge/venv/lib/python3.10/site-packages/pip/_internal/operations) by extensions ['colcon_pkg']
[2.449s] Level 1:colcon.colcon_core.package_identification:_identify(src/amiga-ros2-bridge/venv/lib/python3.10/site-packages/pip/_internal/operations) by extension 'colcon_pkg'
[2.449s] Level 1:colcon.colcon_core.package_identification:_identify(src/amiga-ros2-bridge/venv/lib/python3.10/site-packages/pip/_internal/operations) by extensions ['colcon_meta']
[2.449s] Level 1:colcon.colcon_core.package_identification:_identify(src/amiga-ros2-bridge/venv/lib/python3.10/site-packages/pip/_internal/operations) by extension 'colcon_meta'
[2.450s] Level 1:colcon.colcon_core.package_identification:_identify(src/amiga-ros2-bridge/venv/lib/python3.10/site-packages/pip/_internal/operations) by extensions ['ros']
[2.450s] Level 1:colcon.colcon_core.package_identification:_identify(src/amiga-ros2-bridge/venv/lib/python3.10/site-packages/pip/_internal/operations) by extension 'ros'
[2.450s] Level 1:colcon.colcon_core.package_identification:_identify(src/amiga-ros2-bridge/venv/lib/python3.10/site-packages/pip/_internal/operations) by extensions ['cmake', 'python']
[2.450s] Level 1:colcon.colcon_core.package_identification:_identify(src/amiga-ros2-bridge/venv/lib/python3.10/site-packages/pip/_internal/operations) by extension 'cmake'
[2.450s] Level 1:colcon.colcon_core.package_identification:_identify(src/amiga-ros2-bridge/venv/lib/python3.10/site-packages/pip/_internal/operations) by extension 'python'
[2.450s] Level 1:colcon.colcon_core.package_identification:_identify(src/amiga-ros2-bridge/venv/lib/python3.10/site-packages/pip/_internal/operations) by extensions ['python_setup_py']
[2.450s] Level 1:colcon.colcon_core.package_identification:_identify(src/amiga-ros2-bridge/venv/lib/python3.10/site-packages/pip/_internal/operations) by extension 'python_setup_py'
[2.450s] Level 1:colcon.colcon_core.package_identification:_identify(src/amiga-ros2-bridge/venv/lib/python3.10/site-packages/pip/_internal/operations/__pycache__) by extensions ['ignore', 'ignore_ament_install']
[2.451s] Level 1:colcon.colcon_core.package_identification:_identify(src/amiga-ros2-bridge/venv/lib/python3.10/site-packages/pip/_internal/operations/__pycache__) by extension 'ignore'
[2.451s] Level 1:colcon.colcon_core.package_identification:_identify(src/amiga-ros2-bridge/venv/lib/python3.10/site-packages/pip/_internal/operations/__pycache__) by extension 'ignore_ament_install'
[2.451s] Level 1:colcon.colcon_core.package_identification:_identify(src/amiga-ros2-bridge/venv/lib/python3.10/site-packages/pip/_internal/operations/__pycache__) by extensions ['colcon_pkg']
[2.451s] Level 1:colcon.colcon_core.package_identification:_identify(src/amiga-ros2-bridge/venv/lib/python3.10/site-packages/pip/_internal/operations/__pycache__) by extension 'colcon_pkg'
[2.451s] Level 1:colcon.colcon_core.package_identification:_identify(src/amiga-ros2-bridge/venv/lib/python3.10/site-packages/pip/_internal/operations/__pycache__) by extensions ['colcon_meta']
[2.451s] Level 1:colcon.colcon_core.package_identification:_identify(src/amiga-ros2-bridge/venv/lib/python3.10/site-packages/pip/_internal/operations/__pycache__) by extension 'colcon_meta'
[2.451s] Level 1:colcon.colcon_core.package_identification:_identify(src/amiga-ros2-bridge/venv/lib/python3.10/site-packages/pip/_internal/operations/__pycache__) by extensions ['ros']
[2.451s] Level 1:colcon.colcon_core.package_identification:_identify(src/amiga-ros2-bridge/venv/lib/python3.10/site-packages/pip/_internal/operations/__pycache__) by extension 'ros'
[2.452s] Level 1:colcon.colcon_core.package_identification:_identify(src/amiga-ros2-bridge/venv/lib/python3.10/site-packages/pip/_internal/operations/__pycache__) by extensions ['cmake', 'python']
[2.452s] Level 1:colcon.colcon_core.package_identification:_identify(src/amiga-ros2-bridge/venv/lib/python3.10/site-packages/pip/_internal/operations/__pycache__) by extension 'cmake'
[2.452s] Level 1:colcon.colcon_core.package_identification:_identify(src/amiga-ros2-bridge/venv/lib/python3.10/site-packages/pip/_internal/operations/__pycache__) by extension 'python'
[2.452s] Level 1:colcon.colcon_core.package_identification:_identify(src/amiga-ros2-bridge/venv/lib/python3.10/site-packages/pip/_internal/operations/__pycache__) by extensions ['python_setup_py']
[2.452s] Level 1:colcon.colcon_core.package_identification:_identify(src/amiga-ros2-bridge/venv/lib/python3.10/site-packages/pip/_internal/operations/__pycache__) by extension 'python_setup_py'
[2.452s] Level 1:colcon.colcon_core.package_identification:_identify(src/amiga-ros2-bridge/venv/lib/python3.10/site-packages/pip/_internal/operations/build) by extensions ['ignore', 'ignore_ament_install']
[2.452s] Level 1:colcon.colcon_core.package_identification:_identify(src/amiga-ros2-bridge/venv/lib/python3.10/site-packages/pip/_internal/operations/build) by extension 'ignore'
[2.452s] Level 1:colcon.colcon_core.package_identification:_identify(src/amiga-ros2-bridge/venv/lib/python3.10/site-packages/pip/_internal/operations/build) by extension 'ignore_ament_install'
[2.453s] Level 1:colcon.colcon_core.package_identification:_identify(src/amiga-ros2-bridge/venv/lib/python3.10/site-packages/pip/_internal/operations/build) by extensions ['colcon_pkg']
[2.453s] Level 1:colcon.colcon_core.package_identification:_identify(src/amiga-ros2-bridge/venv/lib/python3.10/site-packages/pip/_internal/operations/build) by extension 'colcon_pkg'
[2.453s] Level 1:colcon.colcon_core.package_identification:_identify(src/amiga-ros2-bridge/venv/lib/python3.10/site-packages/pip/_internal/operations/build) by extensions ['colcon_meta']
[2.453s] Level 1:colcon.colcon_core.package_identification:_identify(src/amiga-ros2-bridge/venv/lib/python3.10/site-packages/pip/_internal/operations/build) by extension 'colcon_meta'
[2.453s] Level 1:colcon.colcon_core.package_identification:_identify(src/amiga-ros2-bridge/venv/lib/python3.10/site-packages/pip/_internal/operations/build) by extensions ['ros']
[2.453s] Level 1:colcon.colcon_core.package_identification:_identify(src/amiga-ros2-bridge/venv/lib/python3.10/site-packages/pip/_internal/operations/build) by extension 'ros'
[2.453s] Level 1:colcon.colcon_core.package_identification:_identify(src/amiga-ros2-bridge/venv/lib/python3.10/site-packages/pip/_internal/operations/build) by extensions ['cmake', 'python']
[2.453s] Level 1:colcon.colcon_core.package_identification:_identify(src/amiga-ros2-bridge/venv/lib/python3.10/site-packages/pip/_internal/operations/build) by extension 'cmake'
[2.453s] Level 1:colcon.colcon_core.package_identification:_identify(src/amiga-ros2-bridge/venv/lib/python3.10/site-packages/pip/_internal/operations/build) by extension 'python'
[2.453s] Level 1:colcon.colcon_core.package_identification:_identify(src/amiga-ros2-bridge/venv/lib/python3.10/site-packages/pip/_internal/operations/build) by extensions ['python_setup_py']
[2.454s] Level 1:colcon.colcon_core.package_identification:_identify(src/amiga-ros2-bridge/venv/lib/python3.10/site-packages/pip/_internal/operations/build) by extension 'python_setup_py'
[2.454s] Level 1:colcon.colcon_core.package_identification:_identify(src/amiga-ros2-bridge/venv/lib/python3.10/site-packages/pip/_internal/operations/build/__pycache__) by extensions ['ignore', 'ignore_ament_install']
[2.454s] Level 1:colcon.colcon_core.package_identification:_identify(src/amiga-ros2-bridge/venv/lib/python3.10/site-packages/pip/_internal/operations/build/__pycache__) by extension 'ignore'
[2.454s] Level 1:colcon.colcon_core.package_identification:_identify(src/amiga-ros2-bridge/venv/lib/python3.10/site-packages/pip/_internal/operations/build/__pycache__) by extension 'ignore_ament_install'
[2.454s] Level 1:colcon.colcon_core.package_identification:_identify(src/amiga-ros2-bridge/venv/lib/python3.10/site-packages/pip/_internal/operations/build/__pycache__) by extensions ['colcon_pkg']
[2.454s] Level 1:colcon.colcon_core.package_identification:_identify(src/amiga-ros2-bridge/venv/lib/python3.10/site-packages/pip/_internal/operations/build/__pycache__) by extension 'colcon_pkg'
[2.454s] Level 1:colcon.colcon_core.package_identification:_identify(src/amiga-ros2-bridge/venv/lib/python3.10/site-packages/pip/_internal/operations/build/__pycache__) by extensions ['colcon_meta']
[2.454s] Level 1:colcon.colcon_core.package_identification:_identify(src/amiga-ros2-bridge/venv/lib/python3.10/site-packages/pip/_internal/operations/build/__pycache__) by extension 'colcon_meta'
[2.455s] Level 1:colcon.colcon_core.package_identification:_identify(src/amiga-ros2-bridge/venv/lib/python3.10/site-packages/pip/_internal/operations/build/__pycache__) by extensions ['ros']
[2.455s] Level 1:colcon.colcon_core.package_identification:_identify(src/amiga-ros2-bridge/venv/lib/python3.10/site-packages/pip/_internal/operations/build/__pycache__) by extension 'ros'
[2.455s] Level 1:colcon.colcon_core.package_identification:_identify(src/amiga-ros2-bridge/venv/lib/python3.10/site-packages/pip/_internal/operations/build/__pycache__) by extensions ['cmake', 'python']
[2.455s] Level 1:colcon.colcon_core.package_identification:_identify(src/amiga-ros2-bridge/venv/lib/python3.10/site-packages/pip/_internal/operations/build/__pycache__) by extension 'cmake'
[2.455s] Level 1:colcon.colcon_core.package_identification:_identify(src/amiga-ros2-bridge/venv/lib/python3.10/site-packages/pip/_internal/operations/build/__pycache__) by extension 'python'
[2.455s] Level 1:colcon.colcon_core.package_identification:_identify(src/amiga-ros2-bridge/venv/lib/python3.10/site-packages/pip/_internal/operations/build/__pycache__) by extensions ['python_setup_py']
[2.455s] Level 1:colcon.colcon_core.package_identification:_identify(src/amiga-ros2-bridge/venv/lib/python3.10/site-packages/pip/_internal/operations/build/__pycache__) by extension 'python_setup_py'
[2.455s] Level 1:colcon.colcon_core.package_identification:_identify(src/amiga-ros2-bridge/venv/lib/python3.10/site-packages/pip/_internal/operations/install) by extensions ['ignore', 'ignore_ament_install']
[2.456s] Level 1:colcon.colcon_core.package_identification:_identify(src/amiga-ros2-bridge/venv/lib/python3.10/site-packages/pip/_internal/operations/install) by extension 'ignore'
[2.456s] Level 1:colcon.colcon_core.package_identification:_identify(src/amiga-ros2-bridge/venv/lib/python3.10/site-packages/pip/_internal/operations/install) by extension 'ignore_ament_install'
[2.456s] Level 1:colcon.colcon_core.package_identification:_identify(src/amiga-ros2-bridge/venv/lib/python3.10/site-packages/pip/_internal/operations/install) by extensions ['colcon_pkg']
[2.456s] Level 1:colcon.colcon_core.package_identification:_identify(src/amiga-ros2-bridge/venv/lib/python3.10/site-packages/pip/_internal/operations/install) by extension 'colcon_pkg'
[2.456s] Level 1:colcon.colcon_core.package_identification:_identify(src/amiga-ros2-bridge/venv/lib/python3.10/site-packages/pip/_internal/operations/install) by extensions ['colcon_meta']
[2.456s] Level 1:colcon.colcon_core.package_identification:_identify(src/amiga-ros2-bridge/venv/lib/python3.10/site-packages/pip/_internal/operations/install) by extension 'colcon_meta'
[2.456s] Level 1:colcon.colcon_core.package_identification:_identify(src/amiga-ros2-bridge/venv/lib/python3.10/site-packages/pip/_internal/operations/install) by extensions ['ros']
[2.456s] Level 1:colcon.colcon_core.package_identification:_identify(src/amiga-ros2-bridge/venv/lib/python3.10/site-packages/pip/_internal/operations/install) by extension 'ros'
[2.457s] Level 1:colcon.colcon_core.package_identification:_identify(src/amiga-ros2-bridge/venv/lib/python3.10/site-packages/pip/_internal/operations/install) by extensions ['cmake', 'python']
[2.457s] Level 1:colcon.colcon_core.package_identification:_identify(src/amiga-ros2-bridge/venv/lib/python3.10/site-packages/pip/_internal/operations/install) by extension 'cmake'
[2.457s] Level 1:colcon.colcon_core.package_identification:_identify(src/amiga-ros2-bridge/venv/lib/python3.10/site-packages/pip/_internal/operations/install) by extension 'python'
[2.457s] Level 1:colcon.colcon_core.package_identification:_identify(src/amiga-ros2-bridge/venv/lib/python3.10/site-packages/pip/_internal/operations/install) by extensions ['python_setup_py']
[2.457s] Level 1:colcon.colcon_core.package_identification:_identify(src/amiga-ros2-bridge/venv/lib/python3.10/site-packages/pip/_internal/operations/install) by extension 'python_setup_py'
[2.457s] Level 1:colcon.colcon_core.package_identification:_identify(src/amiga-ros2-bridge/venv/lib/python3.10/site-packages/pip/_internal/operations/install/__pycache__) by extensions ['ignore', 'ignore_ament_install']
[2.457s] Level 1:colcon.colcon_core.package_identification:_identify(src/amiga-ros2-bridge/venv/lib/python3.10/site-packages/pip/_internal/operations/install/__pycache__) by extension 'ignore'
[2.457s] Level 1:colcon.colcon_core.package_identification:_identify(src/amiga-ros2-bridge/venv/lib/python3.10/site-packages/pip/_internal/operations/install/__pycache__) by extension 'ignore_ament_install'
[2.458s] Level 1:colcon.colcon_core.package_identification:_identify(src/amiga-ros2-bridge/venv/lib/python3.10/site-packages/pip/_internal/operations/install/__pycache__) by extensions ['colcon_pkg']
[2.458s] Level 1:colcon.colcon_core.package_identification:_identify(src/amiga-ros2-bridge/venv/lib/python3.10/site-packages/pip/_internal/operations/install/__pycache__) by extension 'colcon_pkg'
[2.458s] Level 1:colcon.colcon_core.package_identification:_identify(src/amiga-ros2-bridge/venv/lib/python3.10/site-packages/pip/_internal/operations/install/__pycache__) by extensions ['colcon_meta']
[2.458s] Level 1:colcon.colcon_core.package_identification:_identify(src/amiga-ros2-bridge/venv/lib/python3.10/site-packages/pip/_internal/operations/install/__pycache__) by extension 'colcon_meta'
[2.458s] Level 1:colcon.colcon_core.package_identification:_identify(src/amiga-ros2-bridge/venv/lib/python3.10/site-packages/pip/_internal/operations/install/__pycache__) by extensions ['ros']
[2.458s] Level 1:colcon.colcon_core.package_identification:_identify(src/amiga-ros2-bridge/venv/lib/python3.10/site-packages/pip/_internal/operations/install/__pycache__) by extension 'ros'
[2.458s] Level 1:colcon.colcon_core.package_identification:_identify(src/amiga-ros2-bridge/venv/lib/python3.10/site-packages/pip/_internal/operations/install/__pycache__) by extensions ['cmake', 'python']
[2.458s] Level 1:colcon.colcon_core.package_identification:_identify(src/amiga-ros2-bridge/venv/lib/python3.10/site-packages/pip/_internal/operations/install/__pycache__) by extension 'cmake'
[2.458s] Level 1:colcon.colcon_core.package_identification:_identify(src/amiga-ros2-bridge/venv/lib/python3.10/site-packages/pip/_internal/operations/install/__pycache__) by extension 'python'
[2.458s] Level 1:colcon.colcon_core.package_identification:_identify(src/amiga-ros2-bridge/venv/lib/python3.10/site-packages/pip/_internal/operations/install/__pycache__) by extensions ['python_setup_py']
[2.458s] Level 1:colcon.colcon_core.package_identification:_identify(src/amiga-ros2-bridge/venv/lib/python3.10/site-packages/pip/_internal/operations/install/__pycache__) by extension 'python_setup_py'
[2.459s] Level 1:colcon.colcon_core.package_identification:_identify(src/amiga-ros2-bridge/venv/lib/python3.10/site-packages/pip/_internal/req) by extensions ['ignore', 'ignore_ament_install']
[2.459s] Level 1:colcon.colcon_core.package_identification:_identify(src/amiga-ros2-bridge/venv/lib/python3.10/site-packages/pip/_internal/req) by extension 'ignore'
[2.459s] Level 1:colcon.colcon_core.package_identification:_identify(src/amiga-ros2-bridge/venv/lib/python3.10/site-packages/pip/_internal/req) by extension 'ignore_ament_install'
[2.459s] Level 1:colcon.colcon_core.package_identification:_identify(src/amiga-ros2-bridge/venv/lib/python3.10/site-packages/pip/_internal/req) by extensions ['colcon_pkg']
[2.459s] Level 1:colcon.colcon_core.package_identification:_identify(src/amiga-ros2-bridge/venv/lib/python3.10/site-packages/pip/_internal/req) by extension 'colcon_pkg'
[2.459s] Level 1:colcon.colcon_core.package_identification:_identify(src/amiga-ros2-bridge/venv/lib/python3.10/site-packages/pip/_internal/req) by extensions ['colcon_meta']
[2.459s] Level 1:colcon.colcon_core.package_identification:_identify(src/amiga-ros2-bridge/venv/lib/python3.10/site-packages/pip/_internal/req) by extension 'colcon_meta'
[2.460s] Level 1:colcon.colcon_core.package_identification:_identify(src/amiga-ros2-bridge/venv/lib/python3.10/site-packages/pip/_internal/req) by extensions ['ros']
[2.460s] Level 1:colcon.colcon_core.package_identification:_identify(src/amiga-ros2-bridge/venv/lib/python3.10/site-packages/pip/_internal/req) by extension 'ros'
[2.460s] Level 1:colcon.colcon_core.package_identification:_identify(src/amiga-ros2-bridge/venv/lib/python3.10/site-packages/pip/_internal/req) by extensions ['cmake', 'python']
[2.460s] Level 1:colcon.colcon_core.package_identification:_identify(src/amiga-ros2-bridge/venv/lib/python3.10/site-packages/pip/_internal/req) by extension 'cmake'
[2.460s] Level 1:colcon.colcon_core.package_identification:_identify(src/amiga-ros2-bridge/venv/lib/python3.10/site-packages/pip/_internal/req) by extension 'python'
[2.460s] Level 1:colcon.colcon_core.package_identification:_identify(src/amiga-ros2-bridge/venv/lib/python3.10/site-packages/pip/_internal/req) by extensions ['python_setup_py']
[2.460s] Level 1:colcon.colcon_core.package_identification:_identify(src/amiga-ros2-bridge/venv/lib/python3.10/site-packages/pip/_internal/req) by extension 'python_setup_py'
[2.460s] Level 1:colcon.colcon_core.package_identification:_identify(src/amiga-ros2-bridge/venv/lib/python3.10/site-packages/pip/_internal/req/__pycache__) by extensions ['ignore', 'ignore_ament_install']
[2.461s] Level 1:colcon.colcon_core.package_identification:_identify(src/amiga-ros2-bridge/venv/lib/python3.10/site-packages/pip/_internal/req/__pycache__) by extension 'ignore'
[2.461s] Level 1:colcon.colcon_core.package_identification:_identify(src/amiga-ros2-bridge/venv/lib/python3.10/site-packages/pip/_internal/req/__pycache__) by extension 'ignore_ament_install'
[2.461s] Level 1:colcon.colcon_core.package_identification:_identify(src/amiga-ros2-bridge/venv/lib/python3.10/site-packages/pip/_internal/req/__pycache__) by extensions ['colcon_pkg']
[2.461s] Level 1:colcon.colcon_core.package_identification:_identify(src/amiga-ros2-bridge/venv/lib/python3.10/site-packages/pip/_internal/req/__pycache__) by extension 'colcon_pkg'
[2.461s] Level 1:colcon.colcon_core.package_identification:_identify(src/amiga-ros2-bridge/venv/lib/python3.10/site-packages/pip/_internal/req/__pycache__) by extensions ['colcon_meta']
[2.461s] Level 1:colcon.colcon_core.package_identification:_identify(src/amiga-ros2-bridge/venv/lib/python3.10/site-packages/pip/_internal/req/__pycache__) by extension 'colcon_meta'
[2.461s] Level 1:colcon.colcon_core.package_identification:_identify(src/amiga-ros2-bridge/venv/lib/python3.10/site-packages/pip/_internal/req/__pycache__) by extensions ['ros']
[2.461s] Level 1:colcon.colcon_core.package_identification:_identify(src/amiga-ros2-bridge/venv/lib/python3.10/site-packages/pip/_internal/req/__pycache__) by extension 'ros'
[2.461s] Level 1:colcon.colcon_core.package_identification:_identify(src/amiga-ros2-bridge/venv/lib/python3.10/site-packages/pip/_internal/req/__pycache__) by extensions ['cmake', 'python']
[2.462s] Level 1:colcon.colcon_core.package_identification:_identify(src/amiga-ros2-bridge/venv/lib/python3.10/site-packages/pip/_internal/req/__pycache__) by extension 'cmake'
[2.462s] Level 1:colcon.colcon_core.package_identification:_identify(src/amiga-ros2-bridge/venv/lib/python3.10/site-packages/pip/_internal/req/__pycache__) by extension 'python'
[2.462s] Level 1:colcon.colcon_core.package_identification:_identify(src/amiga-ros2-bridge/venv/lib/python3.10/site-packages/pip/_internal/req/__pycache__) by extensions ['python_setup_py']
[2.462s] Level 1:colcon.colcon_core.package_identification:_identify(src/amiga-ros2-bridge/venv/lib/python3.10/site-packages/pip/_internal/req/__pycache__) by extension 'python_setup_py'
[2.462s] Level 1:colcon.colcon_core.package_identification:_identify(src/amiga-ros2-bridge/venv/lib/python3.10/site-packages/pip/_internal/resolution) by extensions ['ignore', 'ignore_ament_install']
[2.462s] Level 1:colcon.colcon_core.package_identification:_identify(src/amiga-ros2-bridge/venv/lib/python3.10/site-packages/pip/_internal/resolution) by extension 'ignore'
[2.462s] Level 1:colcon.colcon_core.package_identification:_identify(src/amiga-ros2-bridge/venv/lib/python3.10/site-packages/pip/_internal/resolution) by extension 'ignore_ament_install'
[2.462s] Level 1:colcon.colcon_core.package_identification:_identify(src/amiga-ros2-bridge/venv/lib/python3.10/site-packages/pip/_internal/resolution) by extensions ['colcon_pkg']
[2.463s] Level 1:colcon.colcon_core.package_identification:_identify(src/amiga-ros2-bridge/venv/lib/python3.10/site-packages/pip/_internal/resolution) by extension 'colcon_pkg'
[2.463s] Level 1:colcon.colcon_core.package_identification:_identify(src/amiga-ros2-bridge/venv/lib/python3.10/site-packages/pip/_internal/resolution) by extensions ['colcon_meta']
[2.463s] Level 1:colcon.colcon_core.package_identification:_identify(src/amiga-ros2-bridge/venv/lib/python3.10/site-packages/pip/_internal/resolution) by extension 'colcon_meta'
[2.463s] Level 1:colcon.colcon_core.package_identification:_identify(src/amiga-ros2-bridge/venv/lib/python3.10/site-packages/pip/_internal/resolution) by extensions ['ros']
[2.463s] Level 1:colcon.colcon_core.package_identification:_identify(src/amiga-ros2-bridge/venv/lib/python3.10/site-packages/pip/_internal/resolution) by extension 'ros'
[2.463s] Level 1:colcon.colcon_core.package_identification:_identify(src/amiga-ros2-bridge/venv/lib/python3.10/site-packages/pip/_internal/resolution) by extensions ['cmake', 'python']
[2.463s] Level 1:colcon.colcon_core.package_identification:_identify(src/amiga-ros2-bridge/venv/lib/python3.10/site-packages/pip/_internal/resolution) by extension 'cmake'
[2.463s] Level 1:colcon.colcon_core.package_identification:_identify(src/amiga-ros2-bridge/venv/lib/python3.10/site-packages/pip/_internal/resolution) by extension 'python'
[2.463s] Level 1:colcon.colcon_core.package_identification:_identify(src/amiga-ros2-bridge/venv/lib/python3.10/site-packages/pip/_internal/resolution) by extensions ['python_setup_py']
[2.463s] Level 1:colcon.colcon_core.package_identification:_identify(src/amiga-ros2-bridge/venv/lib/python3.10/site-packages/pip/_internal/resolution) by extension 'python_setup_py'
[2.464s] Level 1:colcon.colcon_core.package_identification:_identify(src/amiga-ros2-bridge/venv/lib/python3.10/site-packages/pip/_internal/resolution/__pycache__) by extensions ['ignore', 'ignore_ament_install']
[2.464s] Level 1:colcon.colcon_core.package_identification:_identify(src/amiga-ros2-bridge/venv/lib/python3.10/site-packages/pip/_internal/resolution/__pycache__) by extension 'ignore'
[2.464s] Level 1:colcon.colcon_core.package_identification:_identify(src/amiga-ros2-bridge/venv/lib/python3.10/site-packages/pip/_internal/resolution/__pycache__) by extension 'ignore_ament_install'
[2.464s] Level 1:colcon.colcon_core.package_identification:_identify(src/amiga-ros2-bridge/venv/lib/python3.10/site-packages/pip/_internal/resolution/__pycache__) by extensions ['colcon_pkg']
[2.464s] Level 1:colcon.colcon_core.package_identification:_identify(src/amiga-ros2-bridge/venv/lib/python3.10/site-packages/pip/_internal/resolution/__pycache__) by extension 'colcon_pkg'
[2.464s] Level 1:colcon.colcon_core.package_identification:_identify(src/amiga-ros2-bridge/venv/lib/python3.10/site-packages/pip/_internal/resolution/__pycache__) by extensions ['colcon_meta']
[2.464s] Level 1:colcon.colcon_core.package_identification:_identify(src/amiga-ros2-bridge/venv/lib/python3.10/site-packages/pip/_internal/resolution/__pycache__) by extension 'colcon_meta'
[2.464s] Level 1:colcon.colcon_core.package_identification:_identify(src/amiga-ros2-bridge/venv/lib/python3.10/site-packages/pip/_internal/resolution/__pycache__) by extensions ['ros']
[2.465s] Level 1:colcon.colcon_core.package_identification:_identify(src/amiga-ros2-bridge/venv/lib/python3.10/site-packages/pip/_internal/resolution/__pycache__) by extension 'ros'
[2.465s] Level 1:colcon.colcon_core.package_identification:_identify(src/amiga-ros2-bridge/venv/lib/python3.10/site-packages/pip/_internal/resolution/__pycache__) by extensions ['cmake', 'python']
[2.465s] Level 1:colcon.colcon_core.package_identification:_identify(src/amiga-ros2-bridge/venv/lib/python3.10/site-packages/pip/_internal/resolution/__pycache__) by extension 'cmake'
[2.465s] Level 1:colcon.colcon_core.package_identification:_identify(src/amiga-ros2-bridge/venv/lib/python3.10/site-packages/pip/_internal/resolution/__pycache__) by extension 'python'
[2.465s] Level 1:colcon.colcon_core.package_identification:_identify(src/amiga-ros2-bridge/venv/lib/python3.10/site-packages/pip/_internal/resolution/__pycache__) by extensions ['python_setup_py']
[2.465s] Level 1:colcon.colcon_core.package_identification:_identify(src/amiga-ros2-bridge/venv/lib/python3.10/site-packages/pip/_internal/resolution/__pycache__) by extension 'python_setup_py'
[2.465s] Level 1:colcon.colcon_core.package_identification:_identify(src/amiga-ros2-bridge/venv/lib/python3.10/site-packages/pip/_internal/resolution/legacy) by extensions ['ignore', 'ignore_ament_install']
[2.466s] Level 1:colcon.colcon_core.package_identification:_identify(src/amiga-ros2-bridge/venv/lib/python3.10/site-packages/pip/_internal/resolution/legacy) by extension 'ignore'
[2.466s] Level 1:colcon.colcon_core.package_identification:_identify(src/amiga-ros2-bridge/venv/lib/python3.10/site-packages/pip/_internal/resolution/legacy) by extension 'ignore_ament_install'
[2.466s] Level 1:colcon.colcon_core.package_identification:_identify(src/amiga-ros2-bridge/venv/lib/python3.10/site-packages/pip/_internal/resolution/legacy) by extensions ['colcon_pkg']
[2.466s] Level 1:colcon.colcon_core.package_identification:_identify(src/amiga-ros2-bridge/venv/lib/python3.10/site-packages/pip/_internal/resolution/legacy) by extension 'colcon_pkg'
[2.466s] Level 1:colcon.colcon_core.package_identification:_identify(src/amiga-ros2-bridge/venv/lib/python3.10/site-packages/pip/_internal/resolution/legacy) by extensions ['colcon_meta']
[2.466s] Level 1:colcon.colcon_core.package_identification:_identify(src/amiga-ros2-bridge/venv/lib/python3.10/site-packages/pip/_internal/resolution/legacy) by extension 'colcon_meta'
[2.466s] Level 1:colcon.colcon_core.package_identification:_identify(src/amiga-ros2-bridge/venv/lib/python3.10/site-packages/pip/_internal/resolution/legacy) by extensions ['ros']
[2.466s] Level 1:colcon.colcon_core.package_identification:_identify(src/amiga-ros2-bridge/venv/lib/python3.10/site-packages/pip/_internal/resolution/legacy) by extension 'ros'
[2.466s] Level 1:colcon.colcon_core.package_identification:_identify(src/amiga-ros2-bridge/venv/lib/python3.10/site-packages/pip/_internal/resolution/legacy) by extensions ['cmake', 'python']
[2.466s] Level 1:colcon.colcon_core.package_identification:_identify(src/amiga-ros2-bridge/venv/lib/python3.10/site-packages/pip/_internal/resolution/legacy) by extension 'cmake'
[2.467s] Level 1:colcon.colcon_core.package_identification:_identify(src/amiga-ros2-bridge/venv/lib/python3.10/site-packages/pip/_internal/resolution/legacy) by extension 'python'
[2.467s] Level 1:colcon.colcon_core.package_identification:_identify(src/amiga-ros2-bridge/venv/lib/python3.10/site-packages/pip/_internal/resolution/legacy) by extensions ['python_setup_py']
[2.467s] Level 1:colcon.colcon_core.package_identification:_identify(src/amiga-ros2-bridge/venv/lib/python3.10/site-packages/pip/_internal/resolution/legacy) by extension 'python_setup_py'
[2.467s] Level 1:colcon.colcon_core.package_identification:_identify(src/amiga-ros2-bridge/venv/lib/python3.10/site-packages/pip/_internal/resolution/legacy/__pycache__) by extensions ['ignore', 'ignore_ament_install']
[2.467s] Level 1:colcon.colcon_core.package_identification:_identify(src/amiga-ros2-bridge/venv/lib/python3.10/site-packages/pip/_internal/resolution/legacy/__pycache__) by extension 'ignore'
[2.467s] Level 1:colcon.colcon_core.package_identification:_identify(src/amiga-ros2-bridge/venv/lib/python3.10/site-packages/pip/_internal/resolution/legacy/__pycache__) by extension 'ignore_ament_install'
[2.467s] Level 1:colcon.colcon_core.package_identification:_identify(src/amiga-ros2-bridge/venv/lib/python3.10/site-packages/pip/_internal/resolution/legacy/__pycache__) by extensions ['colcon_pkg']
[2.467s] Level 1:colcon.colcon_core.package_identification:_identify(src/amiga-ros2-bridge/venv/lib/python3.10/site-packages/pip/_internal/resolution/legacy/__pycache__) by extension 'colcon_pkg'
[2.468s] Level 1:colcon.colcon_core.package_identification:_identify(src/amiga-ros2-bridge/venv/lib/python3.10/site-packages/pip/_internal/resolution/legacy/__pycache__) by extensions ['colcon_meta']
[2.468s] Level 1:colcon.colcon_core.package_identification:_identify(src/amiga-ros2-bridge/venv/lib/python3.10/site-packages/pip/_internal/resolution/legacy/__pycache__) by extension 'colcon_meta'
[2.468s] Level 1:colcon.colcon_core.package_identification:_identify(src/amiga-ros2-bridge/venv/lib/python3.10/site-packages/pip/_internal/resolution/legacy/__pycache__) by extensions ['ros']
[2.468s] Level 1:colcon.colcon_core.package_identification:_identify(src/amiga-ros2-bridge/venv/lib/python3.10/site-packages/pip/_internal/resolution/legacy/__pycache__) by extension 'ros'
[2.468s] Level 1:colcon.colcon_core.package_identification:_identify(src/amiga-ros2-bridge/venv/lib/python3.10/site-packages/pip/_internal/resolution/legacy/__pycache__) by extensions ['cmake', 'python']
[2.468s] Level 1:colcon.colcon_core.package_identification:_identify(src/amiga-ros2-bridge/venv/lib/python3.10/site-packages/pip/_internal/resolution/legacy/__pycache__) by extension 'cmake'
[2.468s] Level 1:colcon.colcon_core.package_identification:_identify(src/amiga-ros2-bridge/venv/lib/python3.10/site-packages/pip/_internal/resolution/legacy/__pycache__) by extension 'python'
[2.468s] Level 1:colcon.colcon_core.package_identification:_identify(src/amiga-ros2-bridge/venv/lib/python3.10/site-packages/pip/_internal/resolution/legacy/__pycache__) by extensions ['python_setup_py']
[2.468s] Level 1:colcon.colcon_core.package_identification:_identify(src/amiga-ros2-bridge/venv/lib/python3.10/site-packages/pip/_internal/resolution/legacy/__pycache__) by extension 'python_setup_py'
[2.469s] Level 1:colcon.colcon_core.package_identification:_identify(src/amiga-ros2-bridge/venv/lib/python3.10/site-packages/pip/_internal/resolution/resolvelib) by extensions ['ignore', 'ignore_ament_install']
[2.469s] Level 1:colcon.colcon_core.package_identification:_identify(src/amiga-ros2-bridge/venv/lib/python3.10/site-packages/pip/_internal/resolution/resolvelib) by extension 'ignore'
[2.469s] Level 1:colcon.colcon_core.package_identification:_identify(src/amiga-ros2-bridge/venv/lib/python3.10/site-packages/pip/_internal/resolution/resolvelib) by extension 'ignore_ament_install'
[2.469s] Level 1:colcon.colcon_core.package_identification:_identify(src/amiga-ros2-bridge/venv/lib/python3.10/site-packages/pip/_internal/resolution/resolvelib) by extensions ['colcon_pkg']
[2.469s] Level 1:colcon.colcon_core.package_identification:_identify(src/amiga-ros2-bridge/venv/lib/python3.10/site-packages/pip/_internal/resolution/resolvelib) by extension 'colcon_pkg'
[2.469s] Level 1:colcon.colcon_core.package_identification:_identify(src/amiga-ros2-bridge/venv/lib/python3.10/site-packages/pip/_internal/resolution/resolvelib) by extensions ['colcon_meta']
[2.469s] Level 1:colcon.colcon_core.package_identification:_identify(src/amiga-ros2-bridge/venv/lib/python3.10/site-packages/pip/_internal/resolution/resolvelib) by extension 'colcon_meta'
[2.469s] Level 1:colcon.colcon_core.package_identification:_identify(src/amiga-ros2-bridge/venv/lib/python3.10/site-packages/pip/_internal/resolution/resolvelib) by extensions ['ros']
[2.470s] Level 1:colcon.colcon_core.package_identification:_identify(src/amiga-ros2-bridge/venv/lib/python3.10/site-packages/pip/_internal/resolution/resolvelib) by extension 'ros'
[2.470s] Level 1:colcon.colcon_core.package_identification:_identify(src/amiga-ros2-bridge/venv/lib/python3.10/site-packages/pip/_internal/resolution/resolvelib) by extensions ['cmake', 'python']
[2.470s] Level 1:colcon.colcon_core.package_identification:_identify(src/amiga-ros2-bridge/venv/lib/python3.10/site-packages/pip/_internal/resolution/resolvelib) by extension 'cmake'
[2.470s] Level 1:colcon.colcon_core.package_identification:_identify(src/amiga-ros2-bridge/venv/lib/python3.10/site-packages/pip/_internal/resolution/resolvelib) by extension 'python'
[2.470s] Level 1:colcon.colcon_core.package_identification:_identify(src/amiga-ros2-bridge/venv/lib/python3.10/site-packages/pip/_internal/resolution/resolvelib) by extensions ['python_setup_py']
[2.470s] Level 1:colcon.colcon_core.package_identification:_identify(src/amiga-ros2-bridge/venv/lib/python3.10/site-packages/pip/_internal/resolution/resolvelib) by extension 'python_setup_py'
[2.470s] Level 1:colcon.colcon_core.package_identification:_identify(src/amiga-ros2-bridge/venv/lib/python3.10/site-packages/pip/_internal/resolution/resolvelib/__pycache__) by extensions ['ignore', 'ignore_ament_install']
[2.470s] Level 1:colcon.colcon_core.package_identification:_identify(src/amiga-ros2-bridge/venv/lib/python3.10/site-packages/pip/_internal/resolution/resolvelib/__pycache__) by extension 'ignore'
[2.471s] Level 1:colcon.colcon_core.package_identification:_identify(src/amiga-ros2-bridge/venv/lib/python3.10/site-packages/pip/_internal/resolution/resolvelib/__pycache__) by extension 'ignore_ament_install'
[2.471s] Level 1:colcon.colcon_core.package_identification:_identify(src/amiga-ros2-bridge/venv/lib/python3.10/site-packages/pip/_internal/resolution/resolvelib/__pycache__) by extensions ['colcon_pkg']
[2.471s] Level 1:colcon.colcon_core.package_identification:_identify(src/amiga-ros2-bridge/venv/lib/python3.10/site-packages/pip/_internal/resolution/resolvelib/__pycache__) by extension 'colcon_pkg'
[2.471s] Level 1:colcon.colcon_core.package_identification:_identify(src/amiga-ros2-bridge/venv/lib/python3.10/site-packages/pip/_internal/resolution/resolvelib/__pycache__) by extensions ['colcon_meta']
[2.471s] Level 1:colcon.colcon_core.package_identification:_identify(src/amiga-ros2-bridge/venv/lib/python3.10/site-packages/pip/_internal/resolution/resolvelib/__pycache__) by extension 'colcon_meta'
[2.471s] Level 1:colcon.colcon_core.package_identification:_identify(src/amiga-ros2-bridge/venv/lib/python3.10/site-packages/pip/_internal/resolution/resolvelib/__pycache__) by extensions ['ros']
[2.471s] Level 1:colcon.colcon_core.package_identification:_identify(src/amiga-ros2-bridge/venv/lib/python3.10/site-packages/pip/_internal/resolution/resolvelib/__pycache__) by extension 'ros'
[2.471s] Level 1:colcon.colcon_core.package_identification:_identify(src/amiga-ros2-bridge/venv/lib/python3.10/site-packages/pip/_internal/resolution/resolvelib/__pycache__) by extensions ['cmake', 'python']
[2.471s] Level 1:colcon.colcon_core.package_identification:_identify(src/amiga-ros2-bridge/venv/lib/python3.10/site-packages/pip/_internal/resolution/resolvelib/__pycache__) by extension 'cmake'
[2.472s] Level 1:colcon.colcon_core.package_identification:_identify(src/amiga-ros2-bridge/venv/lib/python3.10/site-packages/pip/_internal/resolution/resolvelib/__pycache__) by extension 'python'
[2.472s] Level 1:colcon.colcon_core.package_identification:_identify(src/amiga-ros2-bridge/venv/lib/python3.10/site-packages/pip/_internal/resolution/resolvelib/__pycache__) by extensions ['python_setup_py']
[2.472s] Level 1:colcon.colcon_core.package_identification:_identify(src/amiga-ros2-bridge/venv/lib/python3.10/site-packages/pip/_internal/resolution/resolvelib/__pycache__) by extension 'python_setup_py'
[2.472s] Level 1:colcon.colcon_core.package_identification:_identify(src/amiga-ros2-bridge/venv/lib/python3.10/site-packages/pip/_internal/utils) by extensions ['ignore', 'ignore_ament_install']
[2.472s] Level 1:colcon.colcon_core.package_identification:_identify(src/amiga-ros2-bridge/venv/lib/python3.10/site-packages/pip/_internal/utils) by extension 'ignore'
[2.472s] Level 1:colcon.colcon_core.package_identification:_identify(src/amiga-ros2-bridge/venv/lib/python3.10/site-packages/pip/_internal/utils) by extension 'ignore_ament_install'
[2.472s] Level 1:colcon.colcon_core.package_identification:_identify(src/amiga-ros2-bridge/venv/lib/python3.10/site-packages/pip/_internal/utils) by extensions ['colcon_pkg']
[2.473s] Level 1:colcon.colcon_core.package_identification:_identify(src/amiga-ros2-bridge/venv/lib/python3.10/site-packages/pip/_internal/utils) by extension 'colcon_pkg'
[2.473s] Level 1:colcon.colcon_core.package_identification:_identify(src/amiga-ros2-bridge/venv/lib/python3.10/site-packages/pip/_internal/utils) by extensions ['colcon_meta']
[2.473s] Level 1:colcon.colcon_core.package_identification:_identify(src/amiga-ros2-bridge/venv/lib/python3.10/site-packages/pip/_internal/utils) by extension 'colcon_meta'
[2.473s] Level 1:colcon.colcon_core.package_identification:_identify(src/amiga-ros2-bridge/venv/lib/python3.10/site-packages/pip/_internal/utils) by extensions ['ros']
[2.473s] Level 1:colcon.colcon_core.package_identification:_identify(src/amiga-ros2-bridge/venv/lib/python3.10/site-packages/pip/_internal/utils) by extension 'ros'
[2.473s] Level 1:colcon.colcon_core.package_identification:_identify(src/amiga-ros2-bridge/venv/lib/python3.10/site-packages/pip/_internal/utils) by extensions ['cmake', 'python']
[2.473s] Level 1:colcon.colcon_core.package_identification:_identify(src/amiga-ros2-bridge/venv/lib/python3.10/site-packages/pip/_internal/utils) by extension 'cmake'
[2.473s] Level 1:colcon.colcon_core.package_identification:_identify(src/amiga-ros2-bridge/venv/lib/python3.10/site-packages/pip/_internal/utils) by extension 'python'
[2.473s] Level 1:colcon.colcon_core.package_identification:_identify(src/amiga-ros2-bridge/venv/lib/python3.10/site-packages/pip/_internal/utils) by extensions ['python_setup_py']
[2.473s] Level 1:colcon.colcon_core.package_identification:_identify(src/amiga-ros2-bridge/venv/lib/python3.10/site-packages/pip/_internal/utils) by extension 'python_setup_py'
[2.474s] Level 1:colcon.colcon_core.package_identification:_identify(src/amiga-ros2-bridge/venv/lib/python3.10/site-packages/pip/_internal/utils/__pycache__) by extensions ['ignore', 'ignore_ament_install']
[2.474s] Level 1:colcon.colcon_core.package_identification:_identify(src/amiga-ros2-bridge/venv/lib/python3.10/site-packages/pip/_internal/utils/__pycache__) by extension 'ignore'
[2.474s] Level 1:colcon.colcon_core.package_identification:_identify(src/amiga-ros2-bridge/venv/lib/python3.10/site-packages/pip/_internal/utils/__pycache__) by extension 'ignore_ament_install'
[2.474s] Level 1:colcon.colcon_core.package_identification:_identify(src/amiga-ros2-bridge/venv/lib/python3.10/site-packages/pip/_internal/utils/__pycache__) by extensions ['colcon_pkg']
[2.474s] Level 1:colcon.colcon_core.package_identification:_identify(src/amiga-ros2-bridge/venv/lib/python3.10/site-packages/pip/_internal/utils/__pycache__) by extension 'colcon_pkg'
[2.474s] Level 1:colcon.colcon_core.package_identification:_identify(src/amiga-ros2-bridge/venv/lib/python3.10/site-packages/pip/_internal/utils/__pycache__) by extensions ['colcon_meta']
[2.474s] Level 1:colcon.colcon_core.package_identification:_identify(src/amiga-ros2-bridge/venv/lib/python3.10/site-packages/pip/_internal/utils/__pycache__) by extension 'colcon_meta'
[2.474s] Level 1:colcon.colcon_core.package_identification:_identify(src/amiga-ros2-bridge/venv/lib/python3.10/site-packages/pip/_internal/utils/__pycache__) by extensions ['ros']
[2.475s] Level 1:colcon.colcon_core.package_identification:_identify(src/amiga-ros2-bridge/venv/lib/python3.10/site-packages/pip/_internal/utils/__pycache__) by extension 'ros'
[2.475s] Level 1:colcon.colcon_core.package_identification:_identify(src/amiga-ros2-bridge/venv/lib/python3.10/site-packages/pip/_internal/utils/__pycache__) by extensions ['cmake', 'python']
[2.475s] Level 1:colcon.colcon_core.package_identification:_identify(src/amiga-ros2-bridge/venv/lib/python3.10/site-packages/pip/_internal/utils/__pycache__) by extension 'cmake'
[2.475s] Level 1:colcon.colcon_core.package_identification:_identify(src/amiga-ros2-bridge/venv/lib/python3.10/site-packages/pip/_internal/utils/__pycache__) by extension 'python'
[2.475s] Level 1:colcon.colcon_core.package_identification:_identify(src/amiga-ros2-bridge/venv/lib/python3.10/site-packages/pip/_internal/utils/__pycache__) by extensions ['python_setup_py']
[2.475s] Level 1:colcon.colcon_core.package_identification:_identify(src/amiga-ros2-bridge/venv/lib/python3.10/site-packages/pip/_internal/utils/__pycache__) by extension 'python_setup_py'
[2.475s] Level 1:colcon.colcon_core.package_identification:_identify(src/amiga-ros2-bridge/venv/lib/python3.10/site-packages/pip/_internal/vcs) by extensions ['ignore', 'ignore_ament_install']
[2.476s] Level 1:colcon.colcon_core.package_identification:_identify(src/amiga-ros2-bridge/venv/lib/python3.10/site-packages/pip/_internal/vcs) by extension 'ignore'
[2.476s] Level 1:colcon.colcon_core.package_identification:_identify(src/amiga-ros2-bridge/venv/lib/python3.10/site-packages/pip/_internal/vcs) by extension 'ignore_ament_install'
[2.476s] Level 1:colcon.colcon_core.package_identification:_identify(src/amiga-ros2-bridge/venv/lib/python3.10/site-packages/pip/_internal/vcs) by extensions ['colcon_pkg']
[2.476s] Level 1:colcon.colcon_core.package_identification:_identify(src/amiga-ros2-bridge/venv/lib/python3.10/site-packages/pip/_internal/vcs) by extension 'colcon_pkg'
[2.476s] Level 1:colcon.colcon_core.package_identification:_identify(src/amiga-ros2-bridge/venv/lib/python3.10/site-packages/pip/_internal/vcs) by extensions ['colcon_meta']
[2.476s] Level 1:colcon.colcon_core.package_identification:_identify(src/amiga-ros2-bridge/venv/lib/python3.10/site-packages/pip/_internal/vcs) by extension 'colcon_meta'
[2.476s] Level 1:colcon.colcon_core.package_identification:_identify(src/amiga-ros2-bridge/venv/lib/python3.10/site-packages/pip/_internal/vcs) by extensions ['ros']
[2.476s] Level 1:colcon.colcon_core.package_identification:_identify(src/amiga-ros2-bridge/venv/lib/python3.10/site-packages/pip/_internal/vcs) by extension 'ros'
[2.476s] Level 1:colcon.colcon_core.package_identification:_identify(src/amiga-ros2-bridge/venv/lib/python3.10/site-packages/pip/_internal/vcs) by extensions ['cmake', 'python']
[2.476s] Level 1:colcon.colcon_core.package_identification:_identify(src/amiga-ros2-bridge/venv/lib/python3.10/site-packages/pip/_internal/vcs) by extension 'cmake'
[2.477s] Level 1:colcon.colcon_core.package_identification:_identify(src/amiga-ros2-bridge/venv/lib/python3.10/site-packages/pip/_internal/vcs) by extension 'python'
[2.477s] Level 1:colcon.colcon_core.package_identification:_identify(src/amiga-ros2-bridge/venv/lib/python3.10/site-packages/pip/_internal/vcs) by extensions ['python_setup_py']
[2.477s] Level 1:colcon.colcon_core.package_identification:_identify(src/amiga-ros2-bridge/venv/lib/python3.10/site-packages/pip/_internal/vcs) by extension 'python_setup_py'
[2.477s] Level 1:colcon.colcon_core.package_identification:_identify(src/amiga-ros2-bridge/venv/lib/python3.10/site-packages/pip/_internal/vcs/__pycache__) by extensions ['ignore', 'ignore_ament_install']
[2.477s] Level 1:colcon.colcon_core.package_identification:_identify(src/amiga-ros2-bridge/venv/lib/python3.10/site-packages/pip/_internal/vcs/__pycache__) by extension 'ignore'
[2.477s] Level 1:colcon.colcon_core.package_identification:_identify(src/amiga-ros2-bridge/venv/lib/python3.10/site-packages/pip/_internal/vcs/__pycache__) by extension 'ignore_ament_install'
[2.477s] Level 1:colcon.colcon_core.package_identification:_identify(src/amiga-ros2-bridge/venv/lib/python3.10/site-packages/pip/_internal/vcs/__pycache__) by extensions ['colcon_pkg']
[2.477s] Level 1:colcon.colcon_core.package_identification:_identify(src/amiga-ros2-bridge/venv/lib/python3.10/site-packages/pip/_internal/vcs/__pycache__) by extension 'colcon_pkg'
[2.478s] Level 1:colcon.colcon_core.package_identification:_identify(src/amiga-ros2-bridge/venv/lib/python3.10/site-packages/pip/_internal/vcs/__pycache__) by extensions ['colcon_meta']
[2.478s] Level 1:colcon.colcon_core.package_identification:_identify(src/amiga-ros2-bridge/venv/lib/python3.10/site-packages/pip/_internal/vcs/__pycache__) by extension 'colcon_meta'
[2.478s] Level 1:colcon.colcon_core.package_identification:_identify(src/amiga-ros2-bridge/venv/lib/python3.10/site-packages/pip/_internal/vcs/__pycache__) by extensions ['ros']
[2.478s] Level 1:colcon.colcon_core.package_identification:_identify(src/amiga-ros2-bridge/venv/lib/python3.10/site-packages/pip/_internal/vcs/__pycache__) by extension 'ros'
[2.478s] Level 1:colcon.colcon_core.package_identification:_identify(src/amiga-ros2-bridge/venv/lib/python3.10/site-packages/pip/_internal/vcs/__pycache__) by extensions ['cmake', 'python']
[2.478s] Level 1:colcon.colcon_core.package_identification:_identify(src/amiga-ros2-bridge/venv/lib/python3.10/site-packages/pip/_internal/vcs/__pycache__) by extension 'cmake'
[2.478s] Level 1:colcon.colcon_core.package_identification:_identify(src/amiga-ros2-bridge/venv/lib/python3.10/site-packages/pip/_internal/vcs/__pycache__) by extension 'python'
[2.478s] Level 1:colcon.colcon_core.package_identification:_identify(src/amiga-ros2-bridge/venv/lib/python3.10/site-packages/pip/_internal/vcs/__pycache__) by extensions ['python_setup_py']
[2.478s] Level 1:colcon.colcon_core.package_identification:_identify(src/amiga-ros2-bridge/venv/lib/python3.10/site-packages/pip/_internal/vcs/__pycache__) by extension 'python_setup_py'
[2.479s] Level 1:colcon.colcon_core.package_identification:_identify(src/amiga-ros2-bridge/venv/lib/python3.10/site-packages/pip/_vendor) by extensions ['ignore', 'ignore_ament_install']
[2.479s] Level 1:colcon.colcon_core.package_identification:_identify(src/amiga-ros2-bridge/venv/lib/python3.10/site-packages/pip/_vendor) by extension 'ignore'
[2.479s] Level 1:colcon.colcon_core.package_identification:_identify(src/amiga-ros2-bridge/venv/lib/python3.10/site-packages/pip/_vendor) by extension 'ignore_ament_install'
[2.479s] Level 1:colcon.colcon_core.package_identification:_identify(src/amiga-ros2-bridge/venv/lib/python3.10/site-packages/pip/_vendor) by extensions ['colcon_pkg']
[2.479s] Level 1:colcon.colcon_core.package_identification:_identify(src/amiga-ros2-bridge/venv/lib/python3.10/site-packages/pip/_vendor) by extension 'colcon_pkg'
[2.479s] Level 1:colcon.colcon_core.package_identification:_identify(src/amiga-ros2-bridge/venv/lib/python3.10/site-packages/pip/_vendor) by extensions ['colcon_meta']
[2.479s] Level 1:colcon.colcon_core.package_identification:_identify(src/amiga-ros2-bridge/venv/lib/python3.10/site-packages/pip/_vendor) by extension 'colcon_meta'
[2.479s] Level 1:colcon.colcon_core.package_identification:_identify(src/amiga-ros2-bridge/venv/lib/python3.10/site-packages/pip/_vendor) by extensions ['ros']
[2.479s] Level 1:colcon.colcon_core.package_identification:_identify(src/amiga-ros2-bridge/venv/lib/python3.10/site-packages/pip/_vendor) by extension 'ros'
[2.480s] Level 1:colcon.colcon_core.package_identification:_identify(src/amiga-ros2-bridge/venv/lib/python3.10/site-packages/pip/_vendor) by extensions ['cmake', 'python']
[2.480s] Level 1:colcon.colcon_core.package_identification:_identify(src/amiga-ros2-bridge/venv/lib/python3.10/site-packages/pip/_vendor) by extension 'cmake'
[2.480s] Level 1:colcon.colcon_core.package_identification:_identify(src/amiga-ros2-bridge/venv/lib/python3.10/site-packages/pip/_vendor) by extension 'python'
[2.480s] Level 1:colcon.colcon_core.package_identification:_identify(src/amiga-ros2-bridge/venv/lib/python3.10/site-packages/pip/_vendor) by extensions ['python_setup_py']
[2.480s] Level 1:colcon.colcon_core.package_identification:_identify(src/amiga-ros2-bridge/venv/lib/python3.10/site-packages/pip/_vendor) by extension 'python_setup_py'
[2.480s] Level 1:colcon.colcon_core.package_identification:_identify(src/amiga-ros2-bridge/venv/lib/python3.10/site-packages/pip/_vendor/__pycache__) by extensions ['ignore', 'ignore_ament_install']
[2.480s] Level 1:colcon.colcon_core.package_identification:_identify(src/amiga-ros2-bridge/venv/lib/python3.10/site-packages/pip/_vendor/__pycache__) by extension 'ignore'
[2.481s] Level 1:colcon.colcon_core.package_identification:_identify(src/amiga-ros2-bridge/venv/lib/python3.10/site-packages/pip/_vendor/__pycache__) by extension 'ignore_ament_install'
[2.481s] Level 1:colcon.colcon_core.package_identification:_identify(src/amiga-ros2-bridge/venv/lib/python3.10/site-packages/pip/_vendor/__pycache__) by extensions ['colcon_pkg']
[2.481s] Level 1:colcon.colcon_core.package_identification:_identify(src/amiga-ros2-bridge/venv/lib/python3.10/site-packages/pip/_vendor/__pycache__) by extension 'colcon_pkg'
[2.481s] Level 1:colcon.colcon_core.package_identification:_identify(src/amiga-ros2-bridge/venv/lib/python3.10/site-packages/pip/_vendor/__pycache__) by extensions ['colcon_meta']
[2.481s] Level 1:colcon.colcon_core.package_identification:_identify(src/amiga-ros2-bridge/venv/lib/python3.10/site-packages/pip/_vendor/__pycache__) by extension 'colcon_meta'
[2.481s] Level 1:colcon.colcon_core.package_identification:_identify(src/amiga-ros2-bridge/venv/lib/python3.10/site-packages/pip/_vendor/__pycache__) by extensions ['ros']
[2.481s] Level 1:colcon.colcon_core.package_identification:_identify(src/amiga-ros2-bridge/venv/lib/python3.10/site-packages/pip/_vendor/__pycache__) by extension 'ros'
[2.481s] Level 1:colcon.colcon_core.package_identification:_identify(src/amiga-ros2-bridge/venv/lib/python3.10/site-packages/pip/_vendor/__pycache__) by extensions ['cmake', 'python']
[2.481s] Level 1:colcon.colcon_core.package_identification:_identify(src/amiga-ros2-bridge/venv/lib/python3.10/site-packages/pip/_vendor/__pycache__) by extension 'cmake'
[2.481s] Level 1:colcon.colcon_core.package_identification:_identify(src/amiga-ros2-bridge/venv/lib/python3.10/site-packages/pip/_vendor/__pycache__) by extension 'python'
[2.482s] Level 1:colcon.colcon_core.package_identification:_identify(src/amiga-ros2-bridge/venv/lib/python3.10/site-packages/pip/_vendor/__pycache__) by extensions ['python_setup_py']
[2.482s] Level 1:colcon.colcon_core.package_identification:_identify(src/amiga-ros2-bridge/venv/lib/python3.10/site-packages/pip/_vendor/__pycache__) by extension 'python_setup_py'
[2.482s] Level 1:colcon.colcon_core.package_identification:_identify(src/amiga-ros2-bridge/venv/lib/python3.10/site-packages/pip/_vendor/cachecontrol) by extensions ['ignore', 'ignore_ament_install']
[2.482s] Level 1:colcon.colcon_core.package_identification:_identify(src/amiga-ros2-bridge/venv/lib/python3.10/site-packages/pip/_vendor/cachecontrol) by extension 'ignore'
[2.482s] Level 1:colcon.colcon_core.package_identification:_identify(src/amiga-ros2-bridge/venv/lib/python3.10/site-packages/pip/_vendor/cachecontrol) by extension 'ignore_ament_install'
[2.482s] Level 1:colcon.colcon_core.package_identification:_identify(src/amiga-ros2-bridge/venv/lib/python3.10/site-packages/pip/_vendor/cachecontrol) by extensions ['colcon_pkg']
[2.482s] Level 1:colcon.colcon_core.package_identification:_identify(src/amiga-ros2-bridge/venv/lib/python3.10/site-packages/pip/_vendor/cachecontrol) by extension 'colcon_pkg'
[2.482s] Level 1:colcon.colcon_core.package_identification:_identify(src/amiga-ros2-bridge/venv/lib/python3.10/site-packages/pip/_vendor/cachecontrol) by extensions ['colcon_meta']
[2.483s] Level 1:colcon.colcon_core.package_identification:_identify(src/amiga-ros2-bridge/venv/lib/python3.10/site-packages/pip/_vendor/cachecontrol) by extension 'colcon_meta'
[2.483s] Level 1:colcon.colcon_core.package_identification:_identify(src/amiga-ros2-bridge/venv/lib/python3.10/site-packages/pip/_vendor/cachecontrol) by extensions ['ros']
[2.483s] Level 1:colcon.colcon_core.package_identification:_identify(src/amiga-ros2-bridge/venv/lib/python3.10/site-packages/pip/_vendor/cachecontrol) by extension 'ros'
[2.483s] Level 1:colcon.colcon_core.package_identification:_identify(src/amiga-ros2-bridge/venv/lib/python3.10/site-packages/pip/_vendor/cachecontrol) by extensions ['cmake', 'python']
[2.483s] Level 1:colcon.colcon_core.package_identification:_identify(src/amiga-ros2-bridge/venv/lib/python3.10/site-packages/pip/_vendor/cachecontrol) by extension 'cmake'
[2.483s] Level 1:colcon.colcon_core.package_identification:_identify(src/amiga-ros2-bridge/venv/lib/python3.10/site-packages/pip/_vendor/cachecontrol) by extension 'python'
[2.483s] Level 1:colcon.colcon_core.package_identification:_identify(src/amiga-ros2-bridge/venv/lib/python3.10/site-packages/pip/_vendor/cachecontrol) by extensions ['python_setup_py']
[2.483s] Level 1:colcon.colcon_core.package_identification:_identify(src/amiga-ros2-bridge/venv/lib/python3.10/site-packages/pip/_vendor/cachecontrol) by extension 'python_setup_py'
[2.484s] Level 1:colcon.colcon_core.package_identification:_identify(src/amiga-ros2-bridge/venv/lib/python3.10/site-packages/pip/_vendor/cachecontrol/__pycache__) by extensions ['ignore', 'ignore_ament_install']
[2.484s] Level 1:colcon.colcon_core.package_identification:_identify(src/amiga-ros2-bridge/venv/lib/python3.10/site-packages/pip/_vendor/cachecontrol/__pycache__) by extension 'ignore'
[2.484s] Level 1:colcon.colcon_core.package_identification:_identify(src/amiga-ros2-bridge/venv/lib/python3.10/site-packages/pip/_vendor/cachecontrol/__pycache__) by extension 'ignore_ament_install'
[2.484s] Level 1:colcon.colcon_core.package_identification:_identify(src/amiga-ros2-bridge/venv/lib/python3.10/site-packages/pip/_vendor/cachecontrol/__pycache__) by extensions ['colcon_pkg']
[2.484s] Level 1:colcon.colcon_core.package_identification:_identify(src/amiga-ros2-bridge/venv/lib/python3.10/site-packages/pip/_vendor/cachecontrol/__pycache__) by extension 'colcon_pkg'
[2.484s] Level 1:colcon.colcon_core.package_identification:_identify(src/amiga-ros2-bridge/venv/lib/python3.10/site-packages/pip/_vendor/cachecontrol/__pycache__) by extensions ['colcon_meta']
[2.484s] Level 1:colcon.colcon_core.package_identification:_identify(src/amiga-ros2-bridge/venv/lib/python3.10/site-packages/pip/_vendor/cachecontrol/__pycache__) by extension 'colcon_meta'
[2.484s] Level 1:colcon.colcon_core.package_identification:_identify(src/amiga-ros2-bridge/venv/lib/python3.10/site-packages/pip/_vendor/cachecontrol/__pycache__) by extensions ['ros']
[2.484s] Level 1:colcon.colcon_core.package_identification:_identify(src/amiga-ros2-bridge/venv/lib/python3.10/site-packages/pip/_vendor/cachecontrol/__pycache__) by extension 'ros'
[2.485s] Level 1:colcon.colcon_core.package_identification:_identify(src/amiga-ros2-bridge/venv/lib/python3.10/site-packages/pip/_vendor/cachecontrol/__pycache__) by extensions ['cmake', 'python']
[2.485s] Level 1:colcon.colcon_core.package_identification:_identify(src/amiga-ros2-bridge/venv/lib/python3.10/site-packages/pip/_vendor/cachecontrol/__pycache__) by extension 'cmake'
[2.485s] Level 1:colcon.colcon_core.package_identification:_identify(src/amiga-ros2-bridge/venv/lib/python3.10/site-packages/pip/_vendor/cachecontrol/__pycache__) by extension 'python'
[2.485s] Level 1:colcon.colcon_core.package_identification:_identify(src/amiga-ros2-bridge/venv/lib/python3.10/site-packages/pip/_vendor/cachecontrol/__pycache__) by extensions ['python_setup_py']
[2.485s] Level 1:colcon.colcon_core.package_identification:_identify(src/amiga-ros2-bridge/venv/lib/python3.10/site-packages/pip/_vendor/cachecontrol/__pycache__) by extension 'python_setup_py'
[2.485s] Level 1:colcon.colcon_core.package_identification:_identify(src/amiga-ros2-bridge/venv/lib/python3.10/site-packages/pip/_vendor/cachecontrol/caches) by extensions ['ignore', 'ignore_ament_install']
[2.485s] Level 1:colcon.colcon_core.package_identification:_identify(src/amiga-ros2-bridge/venv/lib/python3.10/site-packages/pip/_vendor/cachecontrol/caches) by extension 'ignore'
[2.485s] Level 1:colcon.colcon_core.package_identification:_identify(src/amiga-ros2-bridge/venv/lib/python3.10/site-packages/pip/_vendor/cachecontrol/caches) by extension 'ignore_ament_install'
[2.486s] Level 1:colcon.colcon_core.package_identification:_identify(src/amiga-ros2-bridge/venv/lib/python3.10/site-packages/pip/_vendor/cachecontrol/caches) by extensions ['colcon_pkg']
[2.486s] Level 1:colcon.colcon_core.package_identification:_identify(src/amiga-ros2-bridge/venv/lib/python3.10/site-packages/pip/_vendor/cachecontrol/caches) by extension 'colcon_pkg'
[2.486s] Level 1:colcon.colcon_core.package_identification:_identify(src/amiga-ros2-bridge/venv/lib/python3.10/site-packages/pip/_vendor/cachecontrol/caches) by extensions ['colcon_meta']
[2.486s] Level 1:colcon.colcon_core.package_identification:_identify(src/amiga-ros2-bridge/venv/lib/python3.10/site-packages/pip/_vendor/cachecontrol/caches) by extension 'colcon_meta'
[2.486s] Level 1:colcon.colcon_core.package_identification:_identify(src/amiga-ros2-bridge/venv/lib/python3.10/site-packages/pip/_vendor/cachecontrol/caches) by extensions ['ros']
[2.486s] Level 1:colcon.colcon_core.package_identification:_identify(src/amiga-ros2-bridge/venv/lib/python3.10/site-packages/pip/_vendor/cachecontrol/caches) by extension 'ros'
[2.486s] Level 1:colcon.colcon_core.package_identification:_identify(src/amiga-ros2-bridge/venv/lib/python3.10/site-packages/pip/_vendor/cachecontrol/caches) by extensions ['cmake', 'python']
[2.486s] Level 1:colcon.colcon_core.package_identification:_identify(src/amiga-ros2-bridge/venv/lib/python3.10/site-packages/pip/_vendor/cachecontrol/caches) by extension 'cmake'
[2.486s] Level 1:colcon.colcon_core.package_identification:_identify(src/amiga-ros2-bridge/venv/lib/python3.10/site-packages/pip/_vendor/cachecontrol/caches) by extension 'python'
[2.486s] Level 1:colcon.colcon_core.package_identification:_identify(src/amiga-ros2-bridge/venv/lib/python3.10/site-packages/pip/_vendor/cachecontrol/caches) by extensions ['python_setup_py']
[2.487s] Level 1:colcon.colcon_core.package_identification:_identify(src/amiga-ros2-bridge/venv/lib/python3.10/site-packages/pip/_vendor/cachecontrol/caches) by extension 'python_setup_py'
[2.487s] Level 1:colcon.colcon_core.package_identification:_identify(src/amiga-ros2-bridge/venv/lib/python3.10/site-packages/pip/_vendor/cachecontrol/caches/__pycache__) by extensions ['ignore', 'ignore_ament_install']
[2.487s] Level 1:colcon.colcon_core.package_identification:_identify(src/amiga-ros2-bridge/venv/lib/python3.10/site-packages/pip/_vendor/cachecontrol/caches/__pycache__) by extension 'ignore'
[2.487s] Level 1:colcon.colcon_core.package_identification:_identify(src/amiga-ros2-bridge/venv/lib/python3.10/site-packages/pip/_vendor/cachecontrol/caches/__pycache__) by extension 'ignore_ament_install'
[2.487s] Level 1:colcon.colcon_core.package_identification:_identify(src/amiga-ros2-bridge/venv/lib/python3.10/site-packages/pip/_vendor/cachecontrol/caches/__pycache__) by extensions ['colcon_pkg']
[2.487s] Level 1:colcon.colcon_core.package_identification:_identify(src/amiga-ros2-bridge/venv/lib/python3.10/site-packages/pip/_vendor/cachecontrol/caches/__pycache__) by extension 'colcon_pkg'
[2.487s] Level 1:colcon.colcon_core.package_identification:_identify(src/amiga-ros2-bridge/venv/lib/python3.10/site-packages/pip/_vendor/cachecontrol/caches/__pycache__) by extensions ['colcon_meta']
[2.487s] Level 1:colcon.colcon_core.package_identification:_identify(src/amiga-ros2-bridge/venv/lib/python3.10/site-packages/pip/_vendor/cachecontrol/caches/__pycache__) by extension 'colcon_meta'
[2.488s] Level 1:colcon.colcon_core.package_identification:_identify(src/amiga-ros2-bridge/venv/lib/python3.10/site-packages/pip/_vendor/cachecontrol/caches/__pycache__) by extensions ['ros']
[2.488s] Level 1:colcon.colcon_core.package_identification:_identify(src/amiga-ros2-bridge/venv/lib/python3.10/site-packages/pip/_vendor/cachecontrol/caches/__pycache__) by extension 'ros'
[2.488s] Level 1:colcon.colcon_core.package_identification:_identify(src/amiga-ros2-bridge/venv/lib/python3.10/site-packages/pip/_vendor/cachecontrol/caches/__pycache__) by extensions ['cmake', 'python']
[2.488s] Level 1:colcon.colcon_core.package_identification:_identify(src/amiga-ros2-bridge/venv/lib/python3.10/site-packages/pip/_vendor/cachecontrol/caches/__pycache__) by extension 'cmake'
[2.488s] Level 1:colcon.colcon_core.package_identification:_identify(src/amiga-ros2-bridge/venv/lib/python3.10/site-packages/pip/_vendor/cachecontrol/caches/__pycache__) by extension 'python'
[2.488s] Level 1:colcon.colcon_core.package_identification:_identify(src/amiga-ros2-bridge/venv/lib/python3.10/site-packages/pip/_vendor/cachecontrol/caches/__pycache__) by extensions ['python_setup_py']
[2.488s] Level 1:colcon.colcon_core.package_identification:_identify(src/amiga-ros2-bridge/venv/lib/python3.10/site-packages/pip/_vendor/cachecontrol/caches/__pycache__) by extension 'python_setup_py'
[2.488s] Level 1:colcon.colcon_core.package_identification:_identify(src/amiga-ros2-bridge/venv/lib/python3.10/site-packages/pip/_vendor/certifi) by extensions ['ignore', 'ignore_ament_install']
[2.489s] Level 1:colcon.colcon_core.package_identification:_identify(src/amiga-ros2-bridge/venv/lib/python3.10/site-packages/pip/_vendor/certifi) by extension 'ignore'
[2.489s] Level 1:colcon.colcon_core.package_identification:_identify(src/amiga-ros2-bridge/venv/lib/python3.10/site-packages/pip/_vendor/certifi) by extension 'ignore_ament_install'
[2.489s] Level 1:colcon.colcon_core.package_identification:_identify(src/amiga-ros2-bridge/venv/lib/python3.10/site-packages/pip/_vendor/certifi) by extensions ['colcon_pkg']
[2.489s] Level 1:colcon.colcon_core.package_identification:_identify(src/amiga-ros2-bridge/venv/lib/python3.10/site-packages/pip/_vendor/certifi) by extension 'colcon_pkg'
[2.489s] Level 1:colcon.colcon_core.package_identification:_identify(src/amiga-ros2-bridge/venv/lib/python3.10/site-packages/pip/_vendor/certifi) by extensions ['colcon_meta']
[2.489s] Level 1:colcon.colcon_core.package_identification:_identify(src/amiga-ros2-bridge/venv/lib/python3.10/site-packages/pip/_vendor/certifi) by extension 'colcon_meta'
[2.489s] Level 1:colcon.colcon_core.package_identification:_identify(src/amiga-ros2-bridge/venv/lib/python3.10/site-packages/pip/_vendor/certifi) by extensions ['ros']
[2.489s] Level 1:colcon.colcon_core.package_identification:_identify(src/amiga-ros2-bridge/venv/lib/python3.10/site-packages/pip/_vendor/certifi) by extension 'ros'
[2.490s] Level 1:colcon.colcon_core.package_identification:_identify(src/amiga-ros2-bridge/venv/lib/python3.10/site-packages/pip/_vendor/certifi) by extensions ['cmake', 'python']
[2.490s] Level 1:colcon.colcon_core.package_identification:_identify(src/amiga-ros2-bridge/venv/lib/python3.10/site-packages/pip/_vendor/certifi) by extension 'cmake'
[2.490s] Level 1:colcon.colcon_core.package_identification:_identify(src/amiga-ros2-bridge/venv/lib/python3.10/site-packages/pip/_vendor/certifi) by extension 'python'
[2.490s] Level 1:colcon.colcon_core.package_identification:_identify(src/amiga-ros2-bridge/venv/lib/python3.10/site-packages/pip/_vendor/certifi) by extensions ['python_setup_py']
[2.490s] Level 1:colcon.colcon_core.package_identification:_identify(src/amiga-ros2-bridge/venv/lib/python3.10/site-packages/pip/_vendor/certifi) by extension 'python_setup_py'
[2.490s] Level 1:colcon.colcon_core.package_identification:_identify(src/amiga-ros2-bridge/venv/lib/python3.10/site-packages/pip/_vendor/certifi/__pycache__) by extensions ['ignore', 'ignore_ament_install']
[2.490s] Level 1:colcon.colcon_core.package_identification:_identify(src/amiga-ros2-bridge/venv/lib/python3.10/site-packages/pip/_vendor/certifi/__pycache__) by extension 'ignore'
[2.490s] Level 1:colcon.colcon_core.package_identification:_identify(src/amiga-ros2-bridge/venv/lib/python3.10/site-packages/pip/_vendor/certifi/__pycache__) by extension 'ignore_ament_install'
[2.491s] Level 1:colcon.colcon_core.package_identification:_identify(src/amiga-ros2-bridge/venv/lib/python3.10/site-packages/pip/_vendor/certifi/__pycache__) by extensions ['colcon_pkg']
[2.491s] Level 1:colcon.colcon_core.package_identification:_identify(src/amiga-ros2-bridge/venv/lib/python3.10/site-packages/pip/_vendor/certifi/__pycache__) by extension 'colcon_pkg'
[2.491s] Level 1:colcon.colcon_core.package_identification:_identify(src/amiga-ros2-bridge/venv/lib/python3.10/site-packages/pip/_vendor/certifi/__pycache__) by extensions ['colcon_meta']
[2.491s] Level 1:colcon.colcon_core.package_identification:_identify(src/amiga-ros2-bridge/venv/lib/python3.10/site-packages/pip/_vendor/certifi/__pycache__) by extension 'colcon_meta'
[2.491s] Level 1:colcon.colcon_core.package_identification:_identify(src/amiga-ros2-bridge/venv/lib/python3.10/site-packages/pip/_vendor/certifi/__pycache__) by extensions ['ros']
[2.491s] Level 1:colcon.colcon_core.package_identification:_identify(src/amiga-ros2-bridge/venv/lib/python3.10/site-packages/pip/_vendor/certifi/__pycache__) by extension 'ros'
[2.491s] Level 1:colcon.colcon_core.package_identification:_identify(src/amiga-ros2-bridge/venv/lib/python3.10/site-packages/pip/_vendor/certifi/__pycache__) by extensions ['cmake', 'python']
[2.491s] Level 1:colcon.colcon_core.package_identification:_identify(src/amiga-ros2-bridge/venv/lib/python3.10/site-packages/pip/_vendor/certifi/__pycache__) by extension 'cmake'
[2.491s] Level 1:colcon.colcon_core.package_identification:_identify(src/amiga-ros2-bridge/venv/lib/python3.10/site-packages/pip/_vendor/certifi/__pycache__) by extension 'python'
[2.491s] Level 1:colcon.colcon_core.package_identification:_identify(src/amiga-ros2-bridge/venv/lib/python3.10/site-packages/pip/_vendor/certifi/__pycache__) by extensions ['python_setup_py']
[2.492s] Level 1:colcon.colcon_core.package_identification:_identify(src/amiga-ros2-bridge/venv/lib/python3.10/site-packages/pip/_vendor/certifi/__pycache__) by extension 'python_setup_py'
[2.492s] Level 1:colcon.colcon_core.package_identification:_identify(src/amiga-ros2-bridge/venv/lib/python3.10/site-packages/pip/_vendor/distlib) by extensions ['ignore', 'ignore_ament_install']
[2.492s] Level 1:colcon.colcon_core.package_identification:_identify(src/amiga-ros2-bridge/venv/lib/python3.10/site-packages/pip/_vendor/distlib) by extension 'ignore'
[2.492s] Level 1:colcon.colcon_core.package_identification:_identify(src/amiga-ros2-bridge/venv/lib/python3.10/site-packages/pip/_vendor/distlib) by extension 'ignore_ament_install'
[2.492s] Level 1:colcon.colcon_core.package_identification:_identify(src/amiga-ros2-bridge/venv/lib/python3.10/site-packages/pip/_vendor/distlib) by extensions ['colcon_pkg']
[2.492s] Level 1:colcon.colcon_core.package_identification:_identify(src/amiga-ros2-bridge/venv/lib/python3.10/site-packages/pip/_vendor/distlib) by extension 'colcon_pkg'
[2.492s] Level 1:colcon.colcon_core.package_identification:_identify(src/amiga-ros2-bridge/venv/lib/python3.10/site-packages/pip/_vendor/distlib) by extensions ['colcon_meta']
[2.492s] Level 1:colcon.colcon_core.package_identification:_identify(src/amiga-ros2-bridge/venv/lib/python3.10/site-packages/pip/_vendor/distlib) by extension 'colcon_meta'
[2.493s] Level 1:colcon.colcon_core.package_identification:_identify(src/amiga-ros2-bridge/venv/lib/python3.10/site-packages/pip/_vendor/distlib) by extensions ['ros']
[2.493s] Level 1:colcon.colcon_core.package_identification:_identify(src/amiga-ros2-bridge/venv/lib/python3.10/site-packages/pip/_vendor/distlib) by extension 'ros'
[2.493s] Level 1:colcon.colcon_core.package_identification:_identify(src/amiga-ros2-bridge/venv/lib/python3.10/site-packages/pip/_vendor/distlib) by extensions ['cmake', 'python']
[2.493s] Level 1:colcon.colcon_core.package_identification:_identify(src/amiga-ros2-bridge/venv/lib/python3.10/site-packages/pip/_vendor/distlib) by extension 'cmake'
[2.493s] Level 1:colcon.colcon_core.package_identification:_identify(src/amiga-ros2-bridge/venv/lib/python3.10/site-packages/pip/_vendor/distlib) by extension 'python'
[2.493s] Level 1:colcon.colcon_core.package_identification:_identify(src/amiga-ros2-bridge/venv/lib/python3.10/site-packages/pip/_vendor/distlib) by extensions ['python_setup_py']
[2.493s] Level 1:colcon.colcon_core.package_identification:_identify(src/amiga-ros2-bridge/venv/lib/python3.10/site-packages/pip/_vendor/distlib) by extension 'python_setup_py'
[2.493s] Level 1:colcon.colcon_core.package_identification:_identify(src/amiga-ros2-bridge/venv/lib/python3.10/site-packages/pip/_vendor/distlib/__pycache__) by extensions ['ignore', 'ignore_ament_install']
[2.494s] Level 1:colcon.colcon_core.package_identification:_identify(src/amiga-ros2-bridge/venv/lib/python3.10/site-packages/pip/_vendor/distlib/__pycache__) by extension 'ignore'
[2.494s] Level 1:colcon.colcon_core.package_identification:_identify(src/amiga-ros2-bridge/venv/lib/python3.10/site-packages/pip/_vendor/distlib/__pycache__) by extension 'ignore_ament_install'
[2.494s] Level 1:colcon.colcon_core.package_identification:_identify(src/amiga-ros2-bridge/venv/lib/python3.10/site-packages/pip/_vendor/distlib/__pycache__) by extensions ['colcon_pkg']
[2.494s] Level 1:colcon.colcon_core.package_identification:_identify(src/amiga-ros2-bridge/venv/lib/python3.10/site-packages/pip/_vendor/distlib/__pycache__) by extension 'colcon_pkg'
[2.494s] Level 1:colcon.colcon_core.package_identification:_identify(src/amiga-ros2-bridge/venv/lib/python3.10/site-packages/pip/_vendor/distlib/__pycache__) by extensions ['colcon_meta']
[2.494s] Level 1:colcon.colcon_core.package_identification:_identify(src/amiga-ros2-bridge/venv/lib/python3.10/site-packages/pip/_vendor/distlib/__pycache__) by extension 'colcon_meta'
[2.494s] Level 1:colcon.colcon_core.package_identification:_identify(src/amiga-ros2-bridge/venv/lib/python3.10/site-packages/pip/_vendor/distlib/__pycache__) by extensions ['ros']
[2.494s] Level 1:colcon.colcon_core.package_identification:_identify(src/amiga-ros2-bridge/venv/lib/python3.10/site-packages/pip/_vendor/distlib/__pycache__) by extension 'ros'
[2.494s] Level 1:colcon.colcon_core.package_identification:_identify(src/amiga-ros2-bridge/venv/lib/python3.10/site-packages/pip/_vendor/distlib/__pycache__) by extensions ['cmake', 'python']
[2.495s] Level 1:colcon.colcon_core.package_identification:_identify(src/amiga-ros2-bridge/venv/lib/python3.10/site-packages/pip/_vendor/distlib/__pycache__) by extension 'cmake'
[2.495s] Level 1:colcon.colcon_core.package_identification:_identify(src/amiga-ros2-bridge/venv/lib/python3.10/site-packages/pip/_vendor/distlib/__pycache__) by extension 'python'
[2.495s] Level 1:colcon.colcon_core.package_identification:_identify(src/amiga-ros2-bridge/venv/lib/python3.10/site-packages/pip/_vendor/distlib/__pycache__) by extensions ['python_setup_py']
[2.495s] Level 1:colcon.colcon_core.package_identification:_identify(src/amiga-ros2-bridge/venv/lib/python3.10/site-packages/pip/_vendor/distlib/__pycache__) by extension 'python_setup_py'
[2.495s] Level 1:colcon.colcon_core.package_identification:_identify(src/amiga-ros2-bridge/venv/lib/python3.10/site-packages/pip/_vendor/distro) by extensions ['ignore', 'ignore_ament_install']
[2.495s] Level 1:colcon.colcon_core.package_identification:_identify(src/amiga-ros2-bridge/venv/lib/python3.10/site-packages/pip/_vendor/distro) by extension 'ignore'
[2.495s] Level 1:colcon.colcon_core.package_identification:_identify(src/amiga-ros2-bridge/venv/lib/python3.10/site-packages/pip/_vendor/distro) by extension 'ignore_ament_install'
[2.496s] Level 1:colcon.colcon_core.package_identification:_identify(src/amiga-ros2-bridge/venv/lib/python3.10/site-packages/pip/_vendor/distro) by extensions ['colcon_pkg']
[2.496s] Level 1:colcon.colcon_core.package_identification:_identify(src/amiga-ros2-bridge/venv/lib/python3.10/site-packages/pip/_vendor/distro) by extension 'colcon_pkg'
[2.496s] Level 1:colcon.colcon_core.package_identification:_identify(src/amiga-ros2-bridge/venv/lib/python3.10/site-packages/pip/_vendor/distro) by extensions ['colcon_meta']
[2.496s] Level 1:colcon.colcon_core.package_identification:_identify(src/amiga-ros2-bridge/venv/lib/python3.10/site-packages/pip/_vendor/distro) by extension 'colcon_meta'
[2.496s] Level 1:colcon.colcon_core.package_identification:_identify(src/amiga-ros2-bridge/venv/lib/python3.10/site-packages/pip/_vendor/distro) by extensions ['ros']
[2.496s] Level 1:colcon.colcon_core.package_identification:_identify(src/amiga-ros2-bridge/venv/lib/python3.10/site-packages/pip/_vendor/distro) by extension 'ros'
[2.496s] Level 1:colcon.colcon_core.package_identification:_identify(src/amiga-ros2-bridge/venv/lib/python3.10/site-packages/pip/_vendor/distro) by extensions ['cmake', 'python']
[2.496s] Level 1:colcon.colcon_core.package_identification:_identify(src/amiga-ros2-bridge/venv/lib/python3.10/site-packages/pip/_vendor/distro) by extension 'cmake'
[2.496s] Level 1:colcon.colcon_core.package_identification:_identify(src/amiga-ros2-bridge/venv/lib/python3.10/site-packages/pip/_vendor/distro) by extension 'python'
[2.496s] Level 1:colcon.colcon_core.package_identification:_identify(src/amiga-ros2-bridge/venv/lib/python3.10/site-packages/pip/_vendor/distro) by extensions ['python_setup_py']
[2.496s] Level 1:colcon.colcon_core.package_identification:_identify(src/amiga-ros2-bridge/venv/lib/python3.10/site-packages/pip/_vendor/distro) by extension 'python_setup_py'
[2.497s] Level 1:colcon.colcon_core.package_identification:_identify(src/amiga-ros2-bridge/venv/lib/python3.10/site-packages/pip/_vendor/distro/__pycache__) by extensions ['ignore', 'ignore_ament_install']
[2.497s] Level 1:colcon.colcon_core.package_identification:_identify(src/amiga-ros2-bridge/venv/lib/python3.10/site-packages/pip/_vendor/distro/__pycache__) by extension 'ignore'
[2.497s] Level 1:colcon.colcon_core.package_identification:_identify(src/amiga-ros2-bridge/venv/lib/python3.10/site-packages/pip/_vendor/distro/__pycache__) by extension 'ignore_ament_install'
[2.497s] Level 1:colcon.colcon_core.package_identification:_identify(src/amiga-ros2-bridge/venv/lib/python3.10/site-packages/pip/_vendor/distro/__pycache__) by extensions ['colcon_pkg']
[2.497s] Level 1:colcon.colcon_core.package_identification:_identify(src/amiga-ros2-bridge/venv/lib/python3.10/site-packages/pip/_vendor/distro/__pycache__) by extension 'colcon_pkg'
[2.497s] Level 1:colcon.colcon_core.package_identification:_identify(src/amiga-ros2-bridge/venv/lib/python3.10/site-packages/pip/_vendor/distro/__pycache__) by extensions ['colcon_meta']
[2.497s] Level 1:colcon.colcon_core.package_identification:_identify(src/amiga-ros2-bridge/venv/lib/python3.10/site-packages/pip/_vendor/distro/__pycache__) by extension 'colcon_meta'
[2.498s] Level 1:colcon.colcon_core.package_identification:_identify(src/amiga-ros2-bridge/venv/lib/python3.10/site-packages/pip/_vendor/distro/__pycache__) by extensions ['ros']
[2.498s] Level 1:colcon.colcon_core.package_identification:_identify(src/amiga-ros2-bridge/venv/lib/python3.10/site-packages/pip/_vendor/distro/__pycache__) by extension 'ros'
[2.498s] Level 1:colcon.colcon_core.package_identification:_identify(src/amiga-ros2-bridge/venv/lib/python3.10/site-packages/pip/_vendor/distro/__pycache__) by extensions ['cmake', 'python']
[2.498s] Level 1:colcon.colcon_core.package_identification:_identify(src/amiga-ros2-bridge/venv/lib/python3.10/site-packages/pip/_vendor/distro/__pycache__) by extension 'cmake'
[2.498s] Level 1:colcon.colcon_core.package_identification:_identify(src/amiga-ros2-bridge/venv/lib/python3.10/site-packages/pip/_vendor/distro/__pycache__) by extension 'python'
[2.498s] Level 1:colcon.colcon_core.package_identification:_identify(src/amiga-ros2-bridge/venv/lib/python3.10/site-packages/pip/_vendor/distro/__pycache__) by extensions ['python_setup_py']
[2.498s] Level 1:colcon.colcon_core.package_identification:_identify(src/amiga-ros2-bridge/venv/lib/python3.10/site-packages/pip/_vendor/distro/__pycache__) by extension 'python_setup_py'
[2.498s] Level 1:colcon.colcon_core.package_identification:_identify(src/amiga-ros2-bridge/venv/lib/python3.10/site-packages/pip/_vendor/idna) by extensions ['ignore', 'ignore_ament_install']
[2.499s] Level 1:colcon.colcon_core.package_identification:_identify(src/amiga-ros2-bridge/venv/lib/python3.10/site-packages/pip/_vendor/idna) by extension 'ignore'
[2.499s] Level 1:colcon.colcon_core.package_identification:_identify(src/amiga-ros2-bridge/venv/lib/python3.10/site-packages/pip/_vendor/idna) by extension 'ignore_ament_install'
[2.499s] Level 1:colcon.colcon_core.package_identification:_identify(src/amiga-ros2-bridge/venv/lib/python3.10/site-packages/pip/_vendor/idna) by extensions ['colcon_pkg']
[2.499s] Level 1:colcon.colcon_core.package_identification:_identify(src/amiga-ros2-bridge/venv/lib/python3.10/site-packages/pip/_vendor/idna) by extension 'colcon_pkg'
[2.499s] Level 1:colcon.colcon_core.package_identification:_identify(src/amiga-ros2-bridge/venv/lib/python3.10/site-packages/pip/_vendor/idna) by extensions ['colcon_meta']
[2.499s] Level 1:colcon.colcon_core.package_identification:_identify(src/amiga-ros2-bridge/venv/lib/python3.10/site-packages/pip/_vendor/idna) by extension 'colcon_meta'
[2.499s] Level 1:colcon.colcon_core.package_identification:_identify(src/amiga-ros2-bridge/venv/lib/python3.10/site-packages/pip/_vendor/idna) by extensions ['ros']
[2.499s] Level 1:colcon.colcon_core.package_identification:_identify(src/amiga-ros2-bridge/venv/lib/python3.10/site-packages/pip/_vendor/idna) by extension 'ros'
[2.499s] Level 1:colcon.colcon_core.package_identification:_identify(src/amiga-ros2-bridge/venv/lib/python3.10/site-packages/pip/_vendor/idna) by extensions ['cmake', 'python']
[2.500s] Level 1:colcon.colcon_core.package_identification:_identify(src/amiga-ros2-bridge/venv/lib/python3.10/site-packages/pip/_vendor/idna) by extension 'cmake'
[2.500s] Level 1:colcon.colcon_core.package_identification:_identify(src/amiga-ros2-bridge/venv/lib/python3.10/site-packages/pip/_vendor/idna) by extension 'python'
[2.500s] Level 1:colcon.colcon_core.package_identification:_identify(src/amiga-ros2-bridge/venv/lib/python3.10/site-packages/pip/_vendor/idna) by extensions ['python_setup_py']
[2.500s] Level 1:colcon.colcon_core.package_identification:_identify(src/amiga-ros2-bridge/venv/lib/python3.10/site-packages/pip/_vendor/idna) by extension 'python_setup_py'
[2.500s] Level 1:colcon.colcon_core.package_identification:_identify(src/amiga-ros2-bridge/venv/lib/python3.10/site-packages/pip/_vendor/idna/__pycache__) by extensions ['ignore', 'ignore_ament_install']
[2.500s] Level 1:colcon.colcon_core.package_identification:_identify(src/amiga-ros2-bridge/venv/lib/python3.10/site-packages/pip/_vendor/idna/__pycache__) by extension 'ignore'
[2.500s] Level 1:colcon.colcon_core.package_identification:_identify(src/amiga-ros2-bridge/venv/lib/python3.10/site-packages/pip/_vendor/idna/__pycache__) by extension 'ignore_ament_install'
[2.500s] Level 1:colcon.colcon_core.package_identification:_identify(src/amiga-ros2-bridge/venv/lib/python3.10/site-packages/pip/_vendor/idna/__pycache__) by extensions ['colcon_pkg']
[2.501s] Level 1:colcon.colcon_core.package_identification:_identify(src/amiga-ros2-bridge/venv/lib/python3.10/site-packages/pip/_vendor/idna/__pycache__) by extension 'colcon_pkg'
[2.501s] Level 1:colcon.colcon_core.package_identification:_identify(src/amiga-ros2-bridge/venv/lib/python3.10/site-packages/pip/_vendor/idna/__pycache__) by extensions ['colcon_meta']
[2.501s] Level 1:colcon.colcon_core.package_identification:_identify(src/amiga-ros2-bridge/venv/lib/python3.10/site-packages/pip/_vendor/idna/__pycache__) by extension 'colcon_meta'
[2.501s] Level 1:colcon.colcon_core.package_identification:_identify(src/amiga-ros2-bridge/venv/lib/python3.10/site-packages/pip/_vendor/idna/__pycache__) by extensions ['ros']
[2.501s] Level 1:colcon.colcon_core.package_identification:_identify(src/amiga-ros2-bridge/venv/lib/python3.10/site-packages/pip/_vendor/idna/__pycache__) by extension 'ros'
[2.501s] Level 1:colcon.colcon_core.package_identification:_identify(src/amiga-ros2-bridge/venv/lib/python3.10/site-packages/pip/_vendor/idna/__pycache__) by extensions ['cmake', 'python']
[2.501s] Level 1:colcon.colcon_core.package_identification:_identify(src/amiga-ros2-bridge/venv/lib/python3.10/site-packages/pip/_vendor/idna/__pycache__) by extension 'cmake'
[2.501s] Level 1:colcon.colcon_core.package_identification:_identify(src/amiga-ros2-bridge/venv/lib/python3.10/site-packages/pip/_vendor/idna/__pycache__) by extension 'python'
[2.501s] Level 1:colcon.colcon_core.package_identification:_identify(src/amiga-ros2-bridge/venv/lib/python3.10/site-packages/pip/_vendor/idna/__pycache__) by extensions ['python_setup_py']
[2.501s] Level 1:colcon.colcon_core.package_identification:_identify(src/amiga-ros2-bridge/venv/lib/python3.10/site-packages/pip/_vendor/idna/__pycache__) by extension 'python_setup_py'
[2.502s] Level 1:colcon.colcon_core.package_identification:_identify(src/amiga-ros2-bridge/venv/lib/python3.10/site-packages/pip/_vendor/msgpack) by extensions ['ignore', 'ignore_ament_install']
[2.502s] Level 1:colcon.colcon_core.package_identification:_identify(src/amiga-ros2-bridge/venv/lib/python3.10/site-packages/pip/_vendor/msgpack) by extension 'ignore'
[2.502s] Level 1:colcon.colcon_core.package_identification:_identify(src/amiga-ros2-bridge/venv/lib/python3.10/site-packages/pip/_vendor/msgpack) by extension 'ignore_ament_install'
[2.502s] Level 1:colcon.colcon_core.package_identification:_identify(src/amiga-ros2-bridge/venv/lib/python3.10/site-packages/pip/_vendor/msgpack) by extensions ['colcon_pkg']
[2.502s] Level 1:colcon.colcon_core.package_identification:_identify(src/amiga-ros2-bridge/venv/lib/python3.10/site-packages/pip/_vendor/msgpack) by extension 'colcon_pkg'
[2.502s] Level 1:colcon.colcon_core.package_identification:_identify(src/amiga-ros2-bridge/venv/lib/python3.10/site-packages/pip/_vendor/msgpack) by extensions ['colcon_meta']
[2.502s] Level 1:colcon.colcon_core.package_identification:_identify(src/amiga-ros2-bridge/venv/lib/python3.10/site-packages/pip/_vendor/msgpack) by extension 'colcon_meta'
[2.502s] Level 1:colcon.colcon_core.package_identification:_identify(src/amiga-ros2-bridge/venv/lib/python3.10/site-packages/pip/_vendor/msgpack) by extensions ['ros']
[2.503s] Level 1:colcon.colcon_core.package_identification:_identify(src/amiga-ros2-bridge/venv/lib/python3.10/site-packages/pip/_vendor/msgpack) by extension 'ros'
[2.503s] Level 1:colcon.colcon_core.package_identification:_identify(src/amiga-ros2-bridge/venv/lib/python3.10/site-packages/pip/_vendor/msgpack) by extensions ['cmake', 'python']
[2.503s] Level 1:colcon.colcon_core.package_identification:_identify(src/amiga-ros2-bridge/venv/lib/python3.10/site-packages/pip/_vendor/msgpack) by extension 'cmake'
[2.503s] Level 1:colcon.colcon_core.package_identification:_identify(src/amiga-ros2-bridge/venv/lib/python3.10/site-packages/pip/_vendor/msgpack) by extension 'python'
[2.503s] Level 1:colcon.colcon_core.package_identification:_identify(src/amiga-ros2-bridge/venv/lib/python3.10/site-packages/pip/_vendor/msgpack) by extensions ['python_setup_py']
[2.503s] Level 1:colcon.colcon_core.package_identification:_identify(src/amiga-ros2-bridge/venv/lib/python3.10/site-packages/pip/_vendor/msgpack) by extension 'python_setup_py'
[2.503s] Level 1:colcon.colcon_core.package_identification:_identify(src/amiga-ros2-bridge/venv/lib/python3.10/site-packages/pip/_vendor/msgpack/__pycache__) by extensions ['ignore', 'ignore_ament_install']
[2.503s] Level 1:colcon.colcon_core.package_identification:_identify(src/amiga-ros2-bridge/venv/lib/python3.10/site-packages/pip/_vendor/msgpack/__pycache__) by extension 'ignore'
[2.504s] Level 1:colcon.colcon_core.package_identification:_identify(src/amiga-ros2-bridge/venv/lib/python3.10/site-packages/pip/_vendor/msgpack/__pycache__) by extension 'ignore_ament_install'
[2.504s] Level 1:colcon.colcon_core.package_identification:_identify(src/amiga-ros2-bridge/venv/lib/python3.10/site-packages/pip/_vendor/msgpack/__pycache__) by extensions ['colcon_pkg']
[2.504s] Level 1:colcon.colcon_core.package_identification:_identify(src/amiga-ros2-bridge/venv/lib/python3.10/site-packages/pip/_vendor/msgpack/__pycache__) by extension 'colcon_pkg'
[2.504s] Level 1:colcon.colcon_core.package_identification:_identify(src/amiga-ros2-bridge/venv/lib/python3.10/site-packages/pip/_vendor/msgpack/__pycache__) by extensions ['colcon_meta']
[2.504s] Level 1:colcon.colcon_core.package_identification:_identify(src/amiga-ros2-bridge/venv/lib/python3.10/site-packages/pip/_vendor/msgpack/__pycache__) by extension 'colcon_meta'
[2.504s] Level 1:colcon.colcon_core.package_identification:_identify(src/amiga-ros2-bridge/venv/lib/python3.10/site-packages/pip/_vendor/msgpack/__pycache__) by extensions ['ros']
[2.504s] Level 1:colcon.colcon_core.package_identification:_identify(src/amiga-ros2-bridge/venv/lib/python3.10/site-packages/pip/_vendor/msgpack/__pycache__) by extension 'ros'
[2.504s] Level 1:colcon.colcon_core.package_identification:_identify(src/amiga-ros2-bridge/venv/lib/python3.10/site-packages/pip/_vendor/msgpack/__pycache__) by extensions ['cmake', 'python']
[2.504s] Level 1:colcon.colcon_core.package_identification:_identify(src/amiga-ros2-bridge/venv/lib/python3.10/site-packages/pip/_vendor/msgpack/__pycache__) by extension 'cmake'
[2.505s] Level 1:colcon.colcon_core.package_identification:_identify(src/amiga-ros2-bridge/venv/lib/python3.10/site-packages/pip/_vendor/msgpack/__pycache__) by extension 'python'
[2.505s] Level 1:colcon.colcon_core.package_identification:_identify(src/amiga-ros2-bridge/venv/lib/python3.10/site-packages/pip/_vendor/msgpack/__pycache__) by extensions ['python_setup_py']
[2.505s] Level 1:colcon.colcon_core.package_identification:_identify(src/amiga-ros2-bridge/venv/lib/python3.10/site-packages/pip/_vendor/msgpack/__pycache__) by extension 'python_setup_py'
[2.505s] Level 1:colcon.colcon_core.package_identification:_identify(src/amiga-ros2-bridge/venv/lib/python3.10/site-packages/pip/_vendor/packaging) by extensions ['ignore', 'ignore_ament_install']
[2.505s] Level 1:colcon.colcon_core.package_identification:_identify(src/amiga-ros2-bridge/venv/lib/python3.10/site-packages/pip/_vendor/packaging) by extension 'ignore'
[2.505s] Level 1:colcon.colcon_core.package_identification:_identify(src/amiga-ros2-bridge/venv/lib/python3.10/site-packages/pip/_vendor/packaging) by extension 'ignore_ament_install'
[2.505s] Level 1:colcon.colcon_core.package_identification:_identify(src/amiga-ros2-bridge/venv/lib/python3.10/site-packages/pip/_vendor/packaging) by extensions ['colcon_pkg']
[2.505s] Level 1:colcon.colcon_core.package_identification:_identify(src/amiga-ros2-bridge/venv/lib/python3.10/site-packages/pip/_vendor/packaging) by extension 'colcon_pkg'
[2.506s] Level 1:colcon.colcon_core.package_identification:_identify(src/amiga-ros2-bridge/venv/lib/python3.10/site-packages/pip/_vendor/packaging) by extensions ['colcon_meta']
[2.506s] Level 1:colcon.colcon_core.package_identification:_identify(src/amiga-ros2-bridge/venv/lib/python3.10/site-packages/pip/_vendor/packaging) by extension 'colcon_meta'
[2.506s] Level 1:colcon.colcon_core.package_identification:_identify(src/amiga-ros2-bridge/venv/lib/python3.10/site-packages/pip/_vendor/packaging) by extensions ['ros']
[2.506s] Level 1:colcon.colcon_core.package_identification:_identify(src/amiga-ros2-bridge/venv/lib/python3.10/site-packages/pip/_vendor/packaging) by extension 'ros'
[2.506s] Level 1:colcon.colcon_core.package_identification:_identify(src/amiga-ros2-bridge/venv/lib/python3.10/site-packages/pip/_vendor/packaging) by extensions ['cmake', 'python']
[2.506s] Level 1:colcon.colcon_core.package_identification:_identify(src/amiga-ros2-bridge/venv/lib/python3.10/site-packages/pip/_vendor/packaging) by extension 'cmake'
[2.506s] Level 1:colcon.colcon_core.package_identification:_identify(src/amiga-ros2-bridge/venv/lib/python3.10/site-packages/pip/_vendor/packaging) by extension 'python'
[2.506s] Level 1:colcon.colcon_core.package_identification:_identify(src/amiga-ros2-bridge/venv/lib/python3.10/site-packages/pip/_vendor/packaging) by extensions ['python_setup_py']
[2.506s] Level 1:colcon.colcon_core.package_identification:_identify(src/amiga-ros2-bridge/venv/lib/python3.10/site-packages/pip/_vendor/packaging) by extension 'python_setup_py'
[2.507s] Level 1:colcon.colcon_core.package_identification:_identify(src/amiga-ros2-bridge/venv/lib/python3.10/site-packages/pip/_vendor/packaging/__pycache__) by extensions ['ignore', 'ignore_ament_install']
[2.507s] Level 1:colcon.colcon_core.package_identification:_identify(src/amiga-ros2-bridge/venv/lib/python3.10/site-packages/pip/_vendor/packaging/__pycache__) by extension 'ignore'
[2.507s] Level 1:colcon.colcon_core.package_identification:_identify(src/amiga-ros2-bridge/venv/lib/python3.10/site-packages/pip/_vendor/packaging/__pycache__) by extension 'ignore_ament_install'
[2.507s] Level 1:colcon.colcon_core.package_identification:_identify(src/amiga-ros2-bridge/venv/lib/python3.10/site-packages/pip/_vendor/packaging/__pycache__) by extensions ['colcon_pkg']
[2.507s] Level 1:colcon.colcon_core.package_identification:_identify(src/amiga-ros2-bridge/venv/lib/python3.10/site-packages/pip/_vendor/packaging/__pycache__) by extension 'colcon_pkg'
[2.507s] Level 1:colcon.colcon_core.package_identification:_identify(src/amiga-ros2-bridge/venv/lib/python3.10/site-packages/pip/_vendor/packaging/__pycache__) by extensions ['colcon_meta']
[2.507s] Level 1:colcon.colcon_core.package_identification:_identify(src/amiga-ros2-bridge/venv/lib/python3.10/site-packages/pip/_vendor/packaging/__pycache__) by extension 'colcon_meta'
[2.507s] Level 1:colcon.colcon_core.package_identification:_identify(src/amiga-ros2-bridge/venv/lib/python3.10/site-packages/pip/_vendor/packaging/__pycache__) by extensions ['ros']
[2.507s] Level 1:colcon.colcon_core.package_identification:_identify(src/amiga-ros2-bridge/venv/lib/python3.10/site-packages/pip/_vendor/packaging/__pycache__) by extension 'ros'
[2.508s] Level 1:colcon.colcon_core.package_identification:_identify(src/amiga-ros2-bridge/venv/lib/python3.10/site-packages/pip/_vendor/packaging/__pycache__) by extensions ['cmake', 'python']
[2.508s] Level 1:colcon.colcon_core.package_identification:_identify(src/amiga-ros2-bridge/venv/lib/python3.10/site-packages/pip/_vendor/packaging/__pycache__) by extension 'cmake'
[2.508s] Level 1:colcon.colcon_core.package_identification:_identify(src/amiga-ros2-bridge/venv/lib/python3.10/site-packages/pip/_vendor/packaging/__pycache__) by extension 'python'
[2.508s] Level 1:colcon.colcon_core.package_identification:_identify(src/amiga-ros2-bridge/venv/lib/python3.10/site-packages/pip/_vendor/packaging/__pycache__) by extensions ['python_setup_py']
[2.508s] Level 1:colcon.colcon_core.package_identification:_identify(src/amiga-ros2-bridge/venv/lib/python3.10/site-packages/pip/_vendor/packaging/__pycache__) by extension 'python_setup_py'
[2.508s] Level 1:colcon.colcon_core.package_identification:_identify(src/amiga-ros2-bridge/venv/lib/python3.10/site-packages/pip/_vendor/packaging/licenses) by extensions ['ignore', 'ignore_ament_install']
[2.508s] Level 1:colcon.colcon_core.package_identification:_identify(src/amiga-ros2-bridge/venv/lib/python3.10/site-packages/pip/_vendor/packaging/licenses) by extension 'ignore'
[2.509s] Level 1:colcon.colcon_core.package_identification:_identify(src/amiga-ros2-bridge/venv/lib/python3.10/site-packages/pip/_vendor/packaging/licenses) by extension 'ignore_ament_install'
[2.509s] Level 1:colcon.colcon_core.package_identification:_identify(src/amiga-ros2-bridge/venv/lib/python3.10/site-packages/pip/_vendor/packaging/licenses) by extensions ['colcon_pkg']
[2.509s] Level 1:colcon.colcon_core.package_identification:_identify(src/amiga-ros2-bridge/venv/lib/python3.10/site-packages/pip/_vendor/packaging/licenses) by extension 'colcon_pkg'
[2.509s] Level 1:colcon.colcon_core.package_identification:_identify(src/amiga-ros2-bridge/venv/lib/python3.10/site-packages/pip/_vendor/packaging/licenses) by extensions ['colcon_meta']
[2.509s] Level 1:colcon.colcon_core.package_identification:_identify(src/amiga-ros2-bridge/venv/lib/python3.10/site-packages/pip/_vendor/packaging/licenses) by extension 'colcon_meta'
[2.509s] Level 1:colcon.colcon_core.package_identification:_identify(src/amiga-ros2-bridge/venv/lib/python3.10/site-packages/pip/_vendor/packaging/licenses) by extensions ['ros']
[2.509s] Level 1:colcon.colcon_core.package_identification:_identify(src/amiga-ros2-bridge/venv/lib/python3.10/site-packages/pip/_vendor/packaging/licenses) by extension 'ros'
[2.509s] Level 1:colcon.colcon_core.package_identification:_identify(src/amiga-ros2-bridge/venv/lib/python3.10/site-packages/pip/_vendor/packaging/licenses) by extensions ['cmake', 'python']
[2.509s] Level 1:colcon.colcon_core.package_identification:_identify(src/amiga-ros2-bridge/venv/lib/python3.10/site-packages/pip/_vendor/packaging/licenses) by extension 'cmake'
[2.509s] Level 1:colcon.colcon_core.package_identification:_identify(src/amiga-ros2-bridge/venv/lib/python3.10/site-packages/pip/_vendor/packaging/licenses) by extension 'python'
[2.510s] Level 1:colcon.colcon_core.package_identification:_identify(src/amiga-ros2-bridge/venv/lib/python3.10/site-packages/pip/_vendor/packaging/licenses) by extensions ['python_setup_py']
[2.510s] Level 1:colcon.colcon_core.package_identification:_identify(src/amiga-ros2-bridge/venv/lib/python3.10/site-packages/pip/_vendor/packaging/licenses) by extension 'python_setup_py'
[2.510s] Level 1:colcon.colcon_core.package_identification:_identify(src/amiga-ros2-bridge/venv/lib/python3.10/site-packages/pip/_vendor/packaging/licenses/__pycache__) by extensions ['ignore', 'ignore_ament_install']
[2.510s] Level 1:colcon.colcon_core.package_identification:_identify(src/amiga-ros2-bridge/venv/lib/python3.10/site-packages/pip/_vendor/packaging/licenses/__pycache__) by extension 'ignore'
[2.510s] Level 1:colcon.colcon_core.package_identification:_identify(src/amiga-ros2-bridge/venv/lib/python3.10/site-packages/pip/_vendor/packaging/licenses/__pycache__) by extension 'ignore_ament_install'
[2.510s] Level 1:colcon.colcon_core.package_identification:_identify(src/amiga-ros2-bridge/venv/lib/python3.10/site-packages/pip/_vendor/packaging/licenses/__pycache__) by extensions ['colcon_pkg']
[2.510s] Level 1:colcon.colcon_core.package_identification:_identify(src/amiga-ros2-bridge/venv/lib/python3.10/site-packages/pip/_vendor/packaging/licenses/__pycache__) by extension 'colcon_pkg'
[2.510s] Level 1:colcon.colcon_core.package_identification:_identify(src/amiga-ros2-bridge/venv/lib/python3.10/site-packages/pip/_vendor/packaging/licenses/__pycache__) by extensions ['colcon_meta']
[2.511s] Level 1:colcon.colcon_core.package_identification:_identify(src/amiga-ros2-bridge/venv/lib/python3.10/site-packages/pip/_vendor/packaging/licenses/__pycache__) by extension 'colcon_meta'
[2.511s] Level 1:colcon.colcon_core.package_identification:_identify(src/amiga-ros2-bridge/venv/lib/python3.10/site-packages/pip/_vendor/packaging/licenses/__pycache__) by extensions ['ros']
[2.511s] Level 1:colcon.colcon_core.package_identification:_identify(src/amiga-ros2-bridge/venv/lib/python3.10/site-packages/pip/_vendor/packaging/licenses/__pycache__) by extension 'ros'
[2.511s] Level 1:colcon.colcon_core.package_identification:_identify(src/amiga-ros2-bridge/venv/lib/python3.10/site-packages/pip/_vendor/packaging/licenses/__pycache__) by extensions ['cmake', 'python']
[2.511s] Level 1:colcon.colcon_core.package_identification:_identify(src/amiga-ros2-bridge/venv/lib/python3.10/site-packages/pip/_vendor/packaging/licenses/__pycache__) by extension 'cmake'
[2.511s] Level 1:colcon.colcon_core.package_identification:_identify(src/amiga-ros2-bridge/venv/lib/python3.10/site-packages/pip/_vendor/packaging/licenses/__pycache__) by extension 'python'
[2.511s] Level 1:colcon.colcon_core.package_identification:_identify(src/amiga-ros2-bridge/venv/lib/python3.10/site-packages/pip/_vendor/packaging/licenses/__pycache__) by extensions ['python_setup_py']
[2.511s] Level 1:colcon.colcon_core.package_identification:_identify(src/amiga-ros2-bridge/venv/lib/python3.10/site-packages/pip/_vendor/packaging/licenses/__pycache__) by extension 'python_setup_py'
[2.512s] Level 1:colcon.colcon_core.package_identification:_identify(src/amiga-ros2-bridge/venv/lib/python3.10/site-packages/pip/_vendor/pkg_resources) by extensions ['ignore', 'ignore_ament_install']
[2.512s] Level 1:colcon.colcon_core.package_identification:_identify(src/amiga-ros2-bridge/venv/lib/python3.10/site-packages/pip/_vendor/pkg_resources) by extension 'ignore'
[2.512s] Level 1:colcon.colcon_core.package_identification:_identify(src/amiga-ros2-bridge/venv/lib/python3.10/site-packages/pip/_vendor/pkg_resources) by extension 'ignore_ament_install'
[2.512s] Level 1:colcon.colcon_core.package_identification:_identify(src/amiga-ros2-bridge/venv/lib/python3.10/site-packages/pip/_vendor/pkg_resources) by extensions ['colcon_pkg']
[2.512s] Level 1:colcon.colcon_core.package_identification:_identify(src/amiga-ros2-bridge/venv/lib/python3.10/site-packages/pip/_vendor/pkg_resources) by extension 'colcon_pkg'
[2.512s] Level 1:colcon.colcon_core.package_identification:_identify(src/amiga-ros2-bridge/venv/lib/python3.10/site-packages/pip/_vendor/pkg_resources) by extensions ['colcon_meta']
[2.512s] Level 1:colcon.colcon_core.package_identification:_identify(src/amiga-ros2-bridge/venv/lib/python3.10/site-packages/pip/_vendor/pkg_resources) by extension 'colcon_meta'
[2.512s] Level 1:colcon.colcon_core.package_identification:_identify(src/amiga-ros2-bridge/venv/lib/python3.10/site-packages/pip/_vendor/pkg_resources) by extensions ['ros']
[2.512s] Level 1:colcon.colcon_core.package_identification:_identify(src/amiga-ros2-bridge/venv/lib/python3.10/site-packages/pip/_vendor/pkg_resources) by extension 'ros'
[2.513s] Level 1:colcon.colcon_core.package_identification:_identify(src/amiga-ros2-bridge/venv/lib/python3.10/site-packages/pip/_vendor/pkg_resources) by extensions ['cmake', 'python']
[2.513s] Level 1:colcon.colcon_core.package_identification:_identify(src/amiga-ros2-bridge/venv/lib/python3.10/site-packages/pip/_vendor/pkg_resources) by extension 'cmake'
[2.513s] Level 1:colcon.colcon_core.package_identification:_identify(src/amiga-ros2-bridge/venv/lib/python3.10/site-packages/pip/_vendor/pkg_resources) by extension 'python'
[2.513s] Level 1:colcon.colcon_core.package_identification:_identify(src/amiga-ros2-bridge/venv/lib/python3.10/site-packages/pip/_vendor/pkg_resources) by extensions ['python_setup_py']
[2.513s] Level 1:colcon.colcon_core.package_identification:_identify(src/amiga-ros2-bridge/venv/lib/python3.10/site-packages/pip/_vendor/pkg_resources) by extension 'python_setup_py'
[2.513s] Level 1:colcon.colcon_core.package_identification:_identify(src/amiga-ros2-bridge/venv/lib/python3.10/site-packages/pip/_vendor/pkg_resources/__pycache__) by extensions ['ignore', 'ignore_ament_install']
[2.513s] Level 1:colcon.colcon_core.package_identification:_identify(src/amiga-ros2-bridge/venv/lib/python3.10/site-packages/pip/_vendor/pkg_resources/__pycache__) by extension 'ignore'
[2.513s] Level 1:colcon.colcon_core.package_identification:_identify(src/amiga-ros2-bridge/venv/lib/python3.10/site-packages/pip/_vendor/pkg_resources/__pycache__) by extension 'ignore_ament_install'
[2.514s] Level 1:colcon.colcon_core.package_identification:_identify(src/amiga-ros2-bridge/venv/lib/python3.10/site-packages/pip/_vendor/pkg_resources/__pycache__) by extensions ['colcon_pkg']
[2.514s] Level 1:colcon.colcon_core.package_identification:_identify(src/amiga-ros2-bridge/venv/lib/python3.10/site-packages/pip/_vendor/pkg_resources/__pycache__) by extension 'colcon_pkg'
[2.514s] Level 1:colcon.colcon_core.package_identification:_identify(src/amiga-ros2-bridge/venv/lib/python3.10/site-packages/pip/_vendor/pkg_resources/__pycache__) by extensions ['colcon_meta']
[2.514s] Level 1:colcon.colcon_core.package_identification:_identify(src/amiga-ros2-bridge/venv/lib/python3.10/site-packages/pip/_vendor/pkg_resources/__pycache__) by extension 'colcon_meta'
[2.514s] Level 1:colcon.colcon_core.package_identification:_identify(src/amiga-ros2-bridge/venv/lib/python3.10/site-packages/pip/_vendor/pkg_resources/__pycache__) by extensions ['ros']
[2.514s] Level 1:colcon.colcon_core.package_identification:_identify(src/amiga-ros2-bridge/venv/lib/python3.10/site-packages/pip/_vendor/pkg_resources/__pycache__) by extension 'ros'
[2.514s] Level 1:colcon.colcon_core.package_identification:_identify(src/amiga-ros2-bridge/venv/lib/python3.10/site-packages/pip/_vendor/pkg_resources/__pycache__) by extensions ['cmake', 'python']
[2.514s] Level 1:colcon.colcon_core.package_identification:_identify(src/amiga-ros2-bridge/venv/lib/python3.10/site-packages/pip/_vendor/pkg_resources/__pycache__) by extension 'cmake'
[2.514s] Level 1:colcon.colcon_core.package_identification:_identify(src/amiga-ros2-bridge/venv/lib/python3.10/site-packages/pip/_vendor/pkg_resources/__pycache__) by extension 'python'
[2.514s] Level 1:colcon.colcon_core.package_identification:_identify(src/amiga-ros2-bridge/venv/lib/python3.10/site-packages/pip/_vendor/pkg_resources/__pycache__) by extensions ['python_setup_py']
[2.515s] Level 1:colcon.colcon_core.package_identification:_identify(src/amiga-ros2-bridge/venv/lib/python3.10/site-packages/pip/_vendor/pkg_resources/__pycache__) by extension 'python_setup_py'
[2.515s] Level 1:colcon.colcon_core.package_identification:_identify(src/amiga-ros2-bridge/venv/lib/python3.10/site-packages/pip/_vendor/platformdirs) by extensions ['ignore', 'ignore_ament_install']
[2.515s] Level 1:colcon.colcon_core.package_identification:_identify(src/amiga-ros2-bridge/venv/lib/python3.10/site-packages/pip/_vendor/platformdirs) by extension 'ignore'
[2.515s] Level 1:colcon.colcon_core.package_identification:_identify(src/amiga-ros2-bridge/venv/lib/python3.10/site-packages/pip/_vendor/platformdirs) by extension 'ignore_ament_install'
[2.515s] Level 1:colcon.colcon_core.package_identification:_identify(src/amiga-ros2-bridge/venv/lib/python3.10/site-packages/pip/_vendor/platformdirs) by extensions ['colcon_pkg']
[2.515s] Level 1:colcon.colcon_core.package_identification:_identify(src/amiga-ros2-bridge/venv/lib/python3.10/site-packages/pip/_vendor/platformdirs) by extension 'colcon_pkg'
[2.515s] Level 1:colcon.colcon_core.package_identification:_identify(src/amiga-ros2-bridge/venv/lib/python3.10/site-packages/pip/_vendor/platformdirs) by extensions ['colcon_meta']
[2.515s] Level 1:colcon.colcon_core.package_identification:_identify(src/amiga-ros2-bridge/venv/lib/python3.10/site-packages/pip/_vendor/platformdirs) by extension 'colcon_meta'
[2.516s] Level 1:colcon.colcon_core.package_identification:_identify(src/amiga-ros2-bridge/venv/lib/python3.10/site-packages/pip/_vendor/platformdirs) by extensions ['ros']
[2.516s] Level 1:colcon.colcon_core.package_identification:_identify(src/amiga-ros2-bridge/venv/lib/python3.10/site-packages/pip/_vendor/platformdirs) by extension 'ros'
[2.516s] Level 1:colcon.colcon_core.package_identification:_identify(src/amiga-ros2-bridge/venv/lib/python3.10/site-packages/pip/_vendor/platformdirs) by extensions ['cmake', 'python']
[2.516s] Level 1:colcon.colcon_core.package_identification:_identify(src/amiga-ros2-bridge/venv/lib/python3.10/site-packages/pip/_vendor/platformdirs) by extension 'cmake'
[2.516s] Level 1:colcon.colcon_core.package_identification:_identify(src/amiga-ros2-bridge/venv/lib/python3.10/site-packages/pip/_vendor/platformdirs) by extension 'python'
[2.516s] Level 1:colcon.colcon_core.package_identification:_identify(src/amiga-ros2-bridge/venv/lib/python3.10/site-packages/pip/_vendor/platformdirs) by extensions ['python_setup_py']
[2.516s] Level 1:colcon.colcon_core.package_identification:_identify(src/amiga-ros2-bridge/venv/lib/python3.10/site-packages/pip/_vendor/platformdirs) by extension 'python_setup_py'
[2.516s] Level 1:colcon.colcon_core.package_identification:_identify(src/amiga-ros2-bridge/venv/lib/python3.10/site-packages/pip/_vendor/platformdirs/__pycache__) by extensions ['ignore', 'ignore_ament_install']
[2.517s] Level 1:colcon.colcon_core.package_identification:_identify(src/amiga-ros2-bridge/venv/lib/python3.10/site-packages/pip/_vendor/platformdirs/__pycache__) by extension 'ignore'
[2.517s] Level 1:colcon.colcon_core.package_identification:_identify(src/amiga-ros2-bridge/venv/lib/python3.10/site-packages/pip/_vendor/platformdirs/__pycache__) by extension 'ignore_ament_install'
[2.517s] Level 1:colcon.colcon_core.package_identification:_identify(src/amiga-ros2-bridge/venv/lib/python3.10/site-packages/pip/_vendor/platformdirs/__pycache__) by extensions ['colcon_pkg']
[2.517s] Level 1:colcon.colcon_core.package_identification:_identify(src/amiga-ros2-bridge/venv/lib/python3.10/site-packages/pip/_vendor/platformdirs/__pycache__) by extension 'colcon_pkg'
[2.517s] Level 1:colcon.colcon_core.package_identification:_identify(src/amiga-ros2-bridge/venv/lib/python3.10/site-packages/pip/_vendor/platformdirs/__pycache__) by extensions ['colcon_meta']
[2.517s] Level 1:colcon.colcon_core.package_identification:_identify(src/amiga-ros2-bridge/venv/lib/python3.10/site-packages/pip/_vendor/platformdirs/__pycache__) by extension 'colcon_meta'
[2.517s] Level 1:colcon.colcon_core.package_identification:_identify(src/amiga-ros2-bridge/venv/lib/python3.10/site-packages/pip/_vendor/platformdirs/__pycache__) by extensions ['ros']
[2.517s] Level 1:colcon.colcon_core.package_identification:_identify(src/amiga-ros2-bridge/venv/lib/python3.10/site-packages/pip/_vendor/platformdirs/__pycache__) by extension 'ros'
[2.518s] Level 1:colcon.colcon_core.package_identification:_identify(src/amiga-ros2-bridge/venv/lib/python3.10/site-packages/pip/_vendor/platformdirs/__pycache__) by extensions ['cmake', 'python']
[2.518s] Level 1:colcon.colcon_core.package_identification:_identify(src/amiga-ros2-bridge/venv/lib/python3.10/site-packages/pip/_vendor/platformdirs/__pycache__) by extension 'cmake'
[2.518s] Level 1:colcon.colcon_core.package_identification:_identify(src/amiga-ros2-bridge/venv/lib/python3.10/site-packages/pip/_vendor/platformdirs/__pycache__) by extension 'python'
[2.518s] Level 1:colcon.colcon_core.package_identification:_identify(src/amiga-ros2-bridge/venv/lib/python3.10/site-packages/pip/_vendor/platformdirs/__pycache__) by extensions ['python_setup_py']
[2.518s] Level 1:colcon.colcon_core.package_identification:_identify(src/amiga-ros2-bridge/venv/lib/python3.10/site-packages/pip/_vendor/platformdirs/__pycache__) by extension 'python_setup_py'
[2.518s] Level 1:colcon.colcon_core.package_identification:_identify(src/amiga-ros2-bridge/venv/lib/python3.10/site-packages/pip/_vendor/pygments) by extensions ['ignore', 'ignore_ament_install']
[2.518s] Level 1:colcon.colcon_core.package_identification:_identify(src/amiga-ros2-bridge/venv/lib/python3.10/site-packages/pip/_vendor/pygments) by extension 'ignore'
[2.518s] Level 1:colcon.colcon_core.package_identification:_identify(src/amiga-ros2-bridge/venv/lib/python3.10/site-packages/pip/_vendor/pygments) by extension 'ignore_ament_install'
[2.519s] Level 1:colcon.colcon_core.package_identification:_identify(src/amiga-ros2-bridge/venv/lib/python3.10/site-packages/pip/_vendor/pygments) by extensions ['colcon_pkg']
[2.519s] Level 1:colcon.colcon_core.package_identification:_identify(src/amiga-ros2-bridge/venv/lib/python3.10/site-packages/pip/_vendor/pygments) by extension 'colcon_pkg'
[2.519s] Level 1:colcon.colcon_core.package_identification:_identify(src/amiga-ros2-bridge/venv/lib/python3.10/site-packages/pip/_vendor/pygments) by extensions ['colcon_meta']
[2.519s] Level 1:colcon.colcon_core.package_identification:_identify(src/amiga-ros2-bridge/venv/lib/python3.10/site-packages/pip/_vendor/pygments) by extension 'colcon_meta'
[2.519s] Level 1:colcon.colcon_core.package_identification:_identify(src/amiga-ros2-bridge/venv/lib/python3.10/site-packages/pip/_vendor/pygments) by extensions ['ros']
[2.519s] Level 1:colcon.colcon_core.package_identification:_identify(src/amiga-ros2-bridge/venv/lib/python3.10/site-packages/pip/_vendor/pygments) by extension 'ros'
[2.519s] Level 1:colcon.colcon_core.package_identification:_identify(src/amiga-ros2-bridge/venv/lib/python3.10/site-packages/pip/_vendor/pygments) by extensions ['cmake', 'python']
[2.519s] Level 1:colcon.colcon_core.package_identification:_identify(src/amiga-ros2-bridge/venv/lib/python3.10/site-packages/pip/_vendor/pygments) by extension 'cmake'
[2.519s] Level 1:colcon.colcon_core.package_identification:_identify(src/amiga-ros2-bridge/venv/lib/python3.10/site-packages/pip/_vendor/pygments) by extension 'python'
[2.519s] Level 1:colcon.colcon_core.package_identification:_identify(src/amiga-ros2-bridge/venv/lib/python3.10/site-packages/pip/_vendor/pygments) by extensions ['python_setup_py']
[2.520s] Level 1:colcon.colcon_core.package_identification:_identify(src/amiga-ros2-bridge/venv/lib/python3.10/site-packages/pip/_vendor/pygments) by extension 'python_setup_py'
[2.520s] Level 1:colcon.colcon_core.package_identification:_identify(src/amiga-ros2-bridge/venv/lib/python3.10/site-packages/pip/_vendor/pygments/__pycache__) by extensions ['ignore', 'ignore_ament_install']
[2.520s] Level 1:colcon.colcon_core.package_identification:_identify(src/amiga-ros2-bridge/venv/lib/python3.10/site-packages/pip/_vendor/pygments/__pycache__) by extension 'ignore'
[2.520s] Level 1:colcon.colcon_core.package_identification:_identify(src/amiga-ros2-bridge/venv/lib/python3.10/site-packages/pip/_vendor/pygments/__pycache__) by extension 'ignore_ament_install'
[2.520s] Level 1:colcon.colcon_core.package_identification:_identify(src/amiga-ros2-bridge/venv/lib/python3.10/site-packages/pip/_vendor/pygments/__pycache__) by extensions ['colcon_pkg']
[2.520s] Level 1:colcon.colcon_core.package_identification:_identify(src/amiga-ros2-bridge/venv/lib/python3.10/site-packages/pip/_vendor/pygments/__pycache__) by extension 'colcon_pkg'
[2.520s] Level 1:colcon.colcon_core.package_identification:_identify(src/amiga-ros2-bridge/venv/lib/python3.10/site-packages/pip/_vendor/pygments/__pycache__) by extensions ['colcon_meta']
[2.520s] Level 1:colcon.colcon_core.package_identification:_identify(src/amiga-ros2-bridge/venv/lib/python3.10/site-packages/pip/_vendor/pygments/__pycache__) by extension 'colcon_meta'
[2.521s] Level 1:colcon.colcon_core.package_identification:_identify(src/amiga-ros2-bridge/venv/lib/python3.10/site-packages/pip/_vendor/pygments/__pycache__) by extensions ['ros']
[2.521s] Level 1:colcon.colcon_core.package_identification:_identify(src/amiga-ros2-bridge/venv/lib/python3.10/site-packages/pip/_vendor/pygments/__pycache__) by extension 'ros'
[2.521s] Level 1:colcon.colcon_core.package_identification:_identify(src/amiga-ros2-bridge/venv/lib/python3.10/site-packages/pip/_vendor/pygments/__pycache__) by extensions ['cmake', 'python']
[2.521s] Level 1:colcon.colcon_core.package_identification:_identify(src/amiga-ros2-bridge/venv/lib/python3.10/site-packages/pip/_vendor/pygments/__pycache__) by extension 'cmake'
[2.521s] Level 1:colcon.colcon_core.package_identification:_identify(src/amiga-ros2-bridge/venv/lib/python3.10/site-packages/pip/_vendor/pygments/__pycache__) by extension 'python'
[2.521s] Level 1:colcon.colcon_core.package_identification:_identify(src/amiga-ros2-bridge/venv/lib/python3.10/site-packages/pip/_vendor/pygments/__pycache__) by extensions ['python_setup_py']
[2.521s] Level 1:colcon.colcon_core.package_identification:_identify(src/amiga-ros2-bridge/venv/lib/python3.10/site-packages/pip/_vendor/pygments/__pycache__) by extension 'python_setup_py'
[2.521s] Level 1:colcon.colcon_core.package_identification:_identify(src/amiga-ros2-bridge/venv/lib/python3.10/site-packages/pip/_vendor/pygments/filters) by extensions ['ignore', 'ignore_ament_install']
[2.522s] Level 1:colcon.colcon_core.package_identification:_identify(src/amiga-ros2-bridge/venv/lib/python3.10/site-packages/pip/_vendor/pygments/filters) by extension 'ignore'
[2.522s] Level 1:colcon.colcon_core.package_identification:_identify(src/amiga-ros2-bridge/venv/lib/python3.10/site-packages/pip/_vendor/pygments/filters) by extension 'ignore_ament_install'
[2.522s] Level 1:colcon.colcon_core.package_identification:_identify(src/amiga-ros2-bridge/venv/lib/python3.10/site-packages/pip/_vendor/pygments/filters) by extensions ['colcon_pkg']
[2.522s] Level 1:colcon.colcon_core.package_identification:_identify(src/amiga-ros2-bridge/venv/lib/python3.10/site-packages/pip/_vendor/pygments/filters) by extension 'colcon_pkg'
[2.522s] Level 1:colcon.colcon_core.package_identification:_identify(src/amiga-ros2-bridge/venv/lib/python3.10/site-packages/pip/_vendor/pygments/filters) by extensions ['colcon_meta']
[2.522s] Level 1:colcon.colcon_core.package_identification:_identify(src/amiga-ros2-bridge/venv/lib/python3.10/site-packages/pip/_vendor/pygments/filters) by extension 'colcon_meta'
[2.522s] Level 1:colcon.colcon_core.package_identification:_identify(src/amiga-ros2-bridge/venv/lib/python3.10/site-packages/pip/_vendor/pygments/filters) by extensions ['ros']
[2.522s] Level 1:colcon.colcon_core.package_identification:_identify(src/amiga-ros2-bridge/venv/lib/python3.10/site-packages/pip/_vendor/pygments/filters) by extension 'ros'
[2.522s] Level 1:colcon.colcon_core.package_identification:_identify(src/amiga-ros2-bridge/venv/lib/python3.10/site-packages/pip/_vendor/pygments/filters) by extensions ['cmake', 'python']
[2.523s] Level 1:colcon.colcon_core.package_identification:_identify(src/amiga-ros2-bridge/venv/lib/python3.10/site-packages/pip/_vendor/pygments/filters) by extension 'cmake'
[2.523s] Level 1:colcon.colcon_core.package_identification:_identify(src/amiga-ros2-bridge/venv/lib/python3.10/site-packages/pip/_vendor/pygments/filters) by extension 'python'
[2.523s] Level 1:colcon.colcon_core.package_identification:_identify(src/amiga-ros2-bridge/venv/lib/python3.10/site-packages/pip/_vendor/pygments/filters) by extensions ['python_setup_py']
[2.523s] Level 1:colcon.colcon_core.package_identification:_identify(src/amiga-ros2-bridge/venv/lib/python3.10/site-packages/pip/_vendor/pygments/filters) by extension 'python_setup_py'
[2.523s] Level 1:colcon.colcon_core.package_identification:_identify(src/amiga-ros2-bridge/venv/lib/python3.10/site-packages/pip/_vendor/pygments/filters/__pycache__) by extensions ['ignore', 'ignore_ament_install']
[2.523s] Level 1:colcon.colcon_core.package_identification:_identify(src/amiga-ros2-bridge/venv/lib/python3.10/site-packages/pip/_vendor/pygments/filters/__pycache__) by extension 'ignore'
[2.523s] Level 1:colcon.colcon_core.package_identification:_identify(src/amiga-ros2-bridge/venv/lib/python3.10/site-packages/pip/_vendor/pygments/filters/__pycache__) by extension 'ignore_ament_install'
[2.524s] Level 1:colcon.colcon_core.package_identification:_identify(src/amiga-ros2-bridge/venv/lib/python3.10/site-packages/pip/_vendor/pygments/filters/__pycache__) by extensions ['colcon_pkg']
[2.524s] Level 1:colcon.colcon_core.package_identification:_identify(src/amiga-ros2-bridge/venv/lib/python3.10/site-packages/pip/_vendor/pygments/filters/__pycache__) by extension 'colcon_pkg'
[2.524s] Level 1:colcon.colcon_core.package_identification:_identify(src/amiga-ros2-bridge/venv/lib/python3.10/site-packages/pip/_vendor/pygments/filters/__pycache__) by extensions ['colcon_meta']
[2.524s] Level 1:colcon.colcon_core.package_identification:_identify(src/amiga-ros2-bridge/venv/lib/python3.10/site-packages/pip/_vendor/pygments/filters/__pycache__) by extension 'colcon_meta'
[2.524s] Level 1:colcon.colcon_core.package_identification:_identify(src/amiga-ros2-bridge/venv/lib/python3.10/site-packages/pip/_vendor/pygments/filters/__pycache__) by extensions ['ros']
[2.524s] Level 1:colcon.colcon_core.package_identification:_identify(src/amiga-ros2-bridge/venv/lib/python3.10/site-packages/pip/_vendor/pygments/filters/__pycache__) by extension 'ros'
[2.524s] Level 1:colcon.colcon_core.package_identification:_identify(src/amiga-ros2-bridge/venv/lib/python3.10/site-packages/pip/_vendor/pygments/filters/__pycache__) by extensions ['cmake', 'python']
[2.524s] Level 1:colcon.colcon_core.package_identification:_identify(src/amiga-ros2-bridge/venv/lib/python3.10/site-packages/pip/_vendor/pygments/filters/__pycache__) by extension 'cmake'
[2.524s] Level 1:colcon.colcon_core.package_identification:_identify(src/amiga-ros2-bridge/venv/lib/python3.10/site-packages/pip/_vendor/pygments/filters/__pycache__) by extension 'python'
[2.524s] Level 1:colcon.colcon_core.package_identification:_identify(src/amiga-ros2-bridge/venv/lib/python3.10/site-packages/pip/_vendor/pygments/filters/__pycache__) by extensions ['python_setup_py']
[2.524s] Level 1:colcon.colcon_core.package_identification:_identify(src/amiga-ros2-bridge/venv/lib/python3.10/site-packages/pip/_vendor/pygments/filters/__pycache__) by extension 'python_setup_py'
[2.525s] Level 1:colcon.colcon_core.package_identification:_identify(src/amiga-ros2-bridge/venv/lib/python3.10/site-packages/pip/_vendor/pygments/formatters) by extensions ['ignore', 'ignore_ament_install']
[2.525s] Level 1:colcon.colcon_core.package_identification:_identify(src/amiga-ros2-bridge/venv/lib/python3.10/site-packages/pip/_vendor/pygments/formatters) by extension 'ignore'
[2.525s] Level 1:colcon.colcon_core.package_identification:_identify(src/amiga-ros2-bridge/venv/lib/python3.10/site-packages/pip/_vendor/pygments/formatters) by extension 'ignore_ament_install'
[2.525s] Level 1:colcon.colcon_core.package_identification:_identify(src/amiga-ros2-bridge/venv/lib/python3.10/site-packages/pip/_vendor/pygments/formatters) by extensions ['colcon_pkg']
[2.525s] Level 1:colcon.colcon_core.package_identification:_identify(src/amiga-ros2-bridge/venv/lib/python3.10/site-packages/pip/_vendor/pygments/formatters) by extension 'colcon_pkg'
[2.525s] Level 1:colcon.colcon_core.package_identification:_identify(src/amiga-ros2-bridge/venv/lib/python3.10/site-packages/pip/_vendor/pygments/formatters) by extensions ['colcon_meta']
[2.525s] Level 1:colcon.colcon_core.package_identification:_identify(src/amiga-ros2-bridge/venv/lib/python3.10/site-packages/pip/_vendor/pygments/formatters) by extension 'colcon_meta'
[2.526s] Level 1:colcon.colcon_core.package_identification:_identify(src/amiga-ros2-bridge/venv/lib/python3.10/site-packages/pip/_vendor/pygments/formatters) by extensions ['ros']
[2.526s] Level 1:colcon.colcon_core.package_identification:_identify(src/amiga-ros2-bridge/venv/lib/python3.10/site-packages/pip/_vendor/pygments/formatters) by extension 'ros'
[2.526s] Level 1:colcon.colcon_core.package_identification:_identify(src/amiga-ros2-bridge/venv/lib/python3.10/site-packages/pip/_vendor/pygments/formatters) by extensions ['cmake', 'python']
[2.526s] Level 1:colcon.colcon_core.package_identification:_identify(src/amiga-ros2-bridge/venv/lib/python3.10/site-packages/pip/_vendor/pygments/formatters) by extension 'cmake'
[2.526s] Level 1:colcon.colcon_core.package_identification:_identify(src/amiga-ros2-bridge/venv/lib/python3.10/site-packages/pip/_vendor/pygments/formatters) by extension 'python'
[2.526s] Level 1:colcon.colcon_core.package_identification:_identify(src/amiga-ros2-bridge/venv/lib/python3.10/site-packages/pip/_vendor/pygments/formatters) by extensions ['python_setup_py']
[2.526s] Level 1:colcon.colcon_core.package_identification:_identify(src/amiga-ros2-bridge/venv/lib/python3.10/site-packages/pip/_vendor/pygments/formatters) by extension 'python_setup_py'
[2.526s] Level 1:colcon.colcon_core.package_identification:_identify(src/amiga-ros2-bridge/venv/lib/python3.10/site-packages/pip/_vendor/pygments/formatters/__pycache__) by extensions ['ignore', 'ignore_ament_install']
[2.527s] Level 1:colcon.colcon_core.package_identification:_identify(src/amiga-ros2-bridge/venv/lib/python3.10/site-packages/pip/_vendor/pygments/formatters/__pycache__) by extension 'ignore'
[2.527s] Level 1:colcon.colcon_core.package_identification:_identify(src/amiga-ros2-bridge/venv/lib/python3.10/site-packages/pip/_vendor/pygments/formatters/__pycache__) by extension 'ignore_ament_install'
[2.527s] Level 1:colcon.colcon_core.package_identification:_identify(src/amiga-ros2-bridge/venv/lib/python3.10/site-packages/pip/_vendor/pygments/formatters/__pycache__) by extensions ['colcon_pkg']
[2.527s] Level 1:colcon.colcon_core.package_identification:_identify(src/amiga-ros2-bridge/venv/lib/python3.10/site-packages/pip/_vendor/pygments/formatters/__pycache__) by extension 'colcon_pkg'
[2.527s] Level 1:colcon.colcon_core.package_identification:_identify(src/amiga-ros2-bridge/venv/lib/python3.10/site-packages/pip/_vendor/pygments/formatters/__pycache__) by extensions ['colcon_meta']
[2.527s] Level 1:colcon.colcon_core.package_identification:_identify(src/amiga-ros2-bridge/venv/lib/python3.10/site-packages/pip/_vendor/pygments/formatters/__pycache__) by extension 'colcon_meta'
[2.527s] Level 1:colcon.colcon_core.package_identification:_identify(src/amiga-ros2-bridge/venv/lib/python3.10/site-packages/pip/_vendor/pygments/formatters/__pycache__) by extensions ['ros']
[2.527s] Level 1:colcon.colcon_core.package_identification:_identify(src/amiga-ros2-bridge/venv/lib/python3.10/site-packages/pip/_vendor/pygments/formatters/__pycache__) by extension 'ros'
[2.528s] Level 1:colcon.colcon_core.package_identification:_identify(src/amiga-ros2-bridge/venv/lib/python3.10/site-packages/pip/_vendor/pygments/formatters/__pycache__) by extensions ['cmake', 'python']
[2.528s] Level 1:colcon.colcon_core.package_identification:_identify(src/amiga-ros2-bridge/venv/lib/python3.10/site-packages/pip/_vendor/pygments/formatters/__pycache__) by extension 'cmake'
[2.528s] Level 1:colcon.colcon_core.package_identification:_identify(src/amiga-ros2-bridge/venv/lib/python3.10/site-packages/pip/_vendor/pygments/formatters/__pycache__) by extension 'python'
[2.528s] Level 1:colcon.colcon_core.package_identification:_identify(src/amiga-ros2-bridge/venv/lib/python3.10/site-packages/pip/_vendor/pygments/formatters/__pycache__) by extensions ['python_setup_py']
[2.528s] Level 1:colcon.colcon_core.package_identification:_identify(src/amiga-ros2-bridge/venv/lib/python3.10/site-packages/pip/_vendor/pygments/formatters/__pycache__) by extension 'python_setup_py'
[2.528s] Level 1:colcon.colcon_core.package_identification:_identify(src/amiga-ros2-bridge/venv/lib/python3.10/site-packages/pip/_vendor/pygments/lexers) by extensions ['ignore', 'ignore_ament_install']
[2.528s] Level 1:colcon.colcon_core.package_identification:_identify(src/amiga-ros2-bridge/venv/lib/python3.10/site-packages/pip/_vendor/pygments/lexers) by extension 'ignore'
[2.528s] Level 1:colcon.colcon_core.package_identification:_identify(src/amiga-ros2-bridge/venv/lib/python3.10/site-packages/pip/_vendor/pygments/lexers) by extension 'ignore_ament_install'
[2.529s] Level 1:colcon.colcon_core.package_identification:_identify(src/amiga-ros2-bridge/venv/lib/python3.10/site-packages/pip/_vendor/pygments/lexers) by extensions ['colcon_pkg']
[2.529s] Level 1:colcon.colcon_core.package_identification:_identify(src/amiga-ros2-bridge/venv/lib/python3.10/site-packages/pip/_vendor/pygments/lexers) by extension 'colcon_pkg'
[2.529s] Level 1:colcon.colcon_core.package_identification:_identify(src/amiga-ros2-bridge/venv/lib/python3.10/site-packages/pip/_vendor/pygments/lexers) by extensions ['colcon_meta']
[2.529s] Level 1:colcon.colcon_core.package_identification:_identify(src/amiga-ros2-bridge/venv/lib/python3.10/site-packages/pip/_vendor/pygments/lexers) by extension 'colcon_meta'
[2.529s] Level 1:colcon.colcon_core.package_identification:_identify(src/amiga-ros2-bridge/venv/lib/python3.10/site-packages/pip/_vendor/pygments/lexers) by extensions ['ros']
[2.529s] Level 1:colcon.colcon_core.package_identification:_identify(src/amiga-ros2-bridge/venv/lib/python3.10/site-packages/pip/_vendor/pygments/lexers) by extension 'ros'
[2.529s] Level 1:colcon.colcon_core.package_identification:_identify(src/amiga-ros2-bridge/venv/lib/python3.10/site-packages/pip/_vendor/pygments/lexers) by extensions ['cmake', 'python']
[2.529s] Level 1:colcon.colcon_core.package_identification:_identify(src/amiga-ros2-bridge/venv/lib/python3.10/site-packages/pip/_vendor/pygments/lexers) by extension 'cmake'
[2.529s] Level 1:colcon.colcon_core.package_identification:_identify(src/amiga-ros2-bridge/venv/lib/python3.10/site-packages/pip/_vendor/pygments/lexers) by extension 'python'
[2.529s] Level 1:colcon.colcon_core.package_identification:_identify(src/amiga-ros2-bridge/venv/lib/python3.10/site-packages/pip/_vendor/pygments/lexers) by extensions ['python_setup_py']
[2.529s] Level 1:colcon.colcon_core.package_identification:_identify(src/amiga-ros2-bridge/venv/lib/python3.10/site-packages/pip/_vendor/pygments/lexers) by extension 'python_setup_py'
[2.530s] Level 1:colcon.colcon_core.package_identification:_identify(src/amiga-ros2-bridge/venv/lib/python3.10/site-packages/pip/_vendor/pygments/lexers/__pycache__) by extensions ['ignore', 'ignore_ament_install']
[2.530s] Level 1:colcon.colcon_core.package_identification:_identify(src/amiga-ros2-bridge/venv/lib/python3.10/site-packages/pip/_vendor/pygments/lexers/__pycache__) by extension 'ignore'
[2.530s] Level 1:colcon.colcon_core.package_identification:_identify(src/amiga-ros2-bridge/venv/lib/python3.10/site-packages/pip/_vendor/pygments/lexers/__pycache__) by extension 'ignore_ament_install'
[2.530s] Level 1:colcon.colcon_core.package_identification:_identify(src/amiga-ros2-bridge/venv/lib/python3.10/site-packages/pip/_vendor/pygments/lexers/__pycache__) by extensions ['colcon_pkg']
[2.530s] Level 1:colcon.colcon_core.package_identification:_identify(src/amiga-ros2-bridge/venv/lib/python3.10/site-packages/pip/_vendor/pygments/lexers/__pycache__) by extension 'colcon_pkg'
[2.530s] Level 1:colcon.colcon_core.package_identification:_identify(src/amiga-ros2-bridge/venv/lib/python3.10/site-packages/pip/_vendor/pygments/lexers/__pycache__) by extensions ['colcon_meta']
[2.530s] Level 1:colcon.colcon_core.package_identification:_identify(src/amiga-ros2-bridge/venv/lib/python3.10/site-packages/pip/_vendor/pygments/lexers/__pycache__) by extension 'colcon_meta'
[2.531s] Level 1:colcon.colcon_core.package_identification:_identify(src/amiga-ros2-bridge/venv/lib/python3.10/site-packages/pip/_vendor/pygments/lexers/__pycache__) by extensions ['ros']
[2.531s] Level 1:colcon.colcon_core.package_identification:_identify(src/amiga-ros2-bridge/venv/lib/python3.10/site-packages/pip/_vendor/pygments/lexers/__pycache__) by extension 'ros'
[2.531s] Level 1:colcon.colcon_core.package_identification:_identify(src/amiga-ros2-bridge/venv/lib/python3.10/site-packages/pip/_vendor/pygments/lexers/__pycache__) by extensions ['cmake', 'python']
[2.531s] Level 1:colcon.colcon_core.package_identification:_identify(src/amiga-ros2-bridge/venv/lib/python3.10/site-packages/pip/_vendor/pygments/lexers/__pycache__) by extension 'cmake'
[2.531s] Level 1:colcon.colcon_core.package_identification:_identify(src/amiga-ros2-bridge/venv/lib/python3.10/site-packages/pip/_vendor/pygments/lexers/__pycache__) by extension 'python'
[2.531s] Level 1:colcon.colcon_core.package_identification:_identify(src/amiga-ros2-bridge/venv/lib/python3.10/site-packages/pip/_vendor/pygments/lexers/__pycache__) by extensions ['python_setup_py']
[2.531s] Level 1:colcon.colcon_core.package_identification:_identify(src/amiga-ros2-bridge/venv/lib/python3.10/site-packages/pip/_vendor/pygments/lexers/__pycache__) by extension 'python_setup_py'
[2.531s] Level 1:colcon.colcon_core.package_identification:_identify(src/amiga-ros2-bridge/venv/lib/python3.10/site-packages/pip/_vendor/pygments/styles) by extensions ['ignore', 'ignore_ament_install']
[2.532s] Level 1:colcon.colcon_core.package_identification:_identify(src/amiga-ros2-bridge/venv/lib/python3.10/site-packages/pip/_vendor/pygments/styles) by extension 'ignore'
[2.532s] Level 1:colcon.colcon_core.package_identification:_identify(src/amiga-ros2-bridge/venv/lib/python3.10/site-packages/pip/_vendor/pygments/styles) by extension 'ignore_ament_install'
[2.532s] Level 1:colcon.colcon_core.package_identification:_identify(src/amiga-ros2-bridge/venv/lib/python3.10/site-packages/pip/_vendor/pygments/styles) by extensions ['colcon_pkg']
[2.532s] Level 1:colcon.colcon_core.package_identification:_identify(src/amiga-ros2-bridge/venv/lib/python3.10/site-packages/pip/_vendor/pygments/styles) by extension 'colcon_pkg'
[2.532s] Level 1:colcon.colcon_core.package_identification:_identify(src/amiga-ros2-bridge/venv/lib/python3.10/site-packages/pip/_vendor/pygments/styles) by extensions ['colcon_meta']
[2.532s] Level 1:colcon.colcon_core.package_identification:_identify(src/amiga-ros2-bridge/venv/lib/python3.10/site-packages/pip/_vendor/pygments/styles) by extension 'colcon_meta'
[2.532s] Level 1:colcon.colcon_core.package_identification:_identify(src/amiga-ros2-bridge/venv/lib/python3.10/site-packages/pip/_vendor/pygments/styles) by extensions ['ros']
[2.532s] Level 1:colcon.colcon_core.package_identification:_identify(src/amiga-ros2-bridge/venv/lib/python3.10/site-packages/pip/_vendor/pygments/styles) by extension 'ros'
[2.532s] Level 1:colcon.colcon_core.package_identification:_identify(src/amiga-ros2-bridge/venv/lib/python3.10/site-packages/pip/_vendor/pygments/styles) by extensions ['cmake', 'python']
[2.533s] Level 1:colcon.colcon_core.package_identification:_identify(src/amiga-ros2-bridge/venv/lib/python3.10/site-packages/pip/_vendor/pygments/styles) by extension 'cmake'
[2.533s] Level 1:colcon.colcon_core.package_identification:_identify(src/amiga-ros2-bridge/venv/lib/python3.10/site-packages/pip/_vendor/pygments/styles) by extension 'python'
[2.533s] Level 1:colcon.colcon_core.package_identification:_identify(src/amiga-ros2-bridge/venv/lib/python3.10/site-packages/pip/_vendor/pygments/styles) by extensions ['python_setup_py']
[2.533s] Level 1:colcon.colcon_core.package_identification:_identify(src/amiga-ros2-bridge/venv/lib/python3.10/site-packages/pip/_vendor/pygments/styles) by extension 'python_setup_py'
[2.533s] Level 1:colcon.colcon_core.package_identification:_identify(src/amiga-ros2-bridge/venv/lib/python3.10/site-packages/pip/_vendor/pygments/styles/__pycache__) by extensions ['ignore', 'ignore_ament_install']
[2.533s] Level 1:colcon.colcon_core.package_identification:_identify(src/amiga-ros2-bridge/venv/lib/python3.10/site-packages/pip/_vendor/pygments/styles/__pycache__) by extension 'ignore'
[2.533s] Level 1:colcon.colcon_core.package_identification:_identify(src/amiga-ros2-bridge/venv/lib/python3.10/site-packages/pip/_vendor/pygments/styles/__pycache__) by extension 'ignore_ament_install'
[2.533s] Level 1:colcon.colcon_core.package_identification:_identify(src/amiga-ros2-bridge/venv/lib/python3.10/site-packages/pip/_vendor/pygments/styles/__pycache__) by extensions ['colcon_pkg']
[2.534s] Level 1:colcon.colcon_core.package_identification:_identify(src/amiga-ros2-bridge/venv/lib/python3.10/site-packages/pip/_vendor/pygments/styles/__pycache__) by extension 'colcon_pkg'
[2.534s] Level 1:colcon.colcon_core.package_identification:_identify(src/amiga-ros2-bridge/venv/lib/python3.10/site-packages/pip/_vendor/pygments/styles/__pycache__) by extensions ['colcon_meta']
[2.534s] Level 1:colcon.colcon_core.package_identification:_identify(src/amiga-ros2-bridge/venv/lib/python3.10/site-packages/pip/_vendor/pygments/styles/__pycache__) by extension 'colcon_meta'
[2.534s] Level 1:colcon.colcon_core.package_identification:_identify(src/amiga-ros2-bridge/venv/lib/python3.10/site-packages/pip/_vendor/pygments/styles/__pycache__) by extensions ['ros']
[2.534s] Level 1:colcon.colcon_core.package_identification:_identify(src/amiga-ros2-bridge/venv/lib/python3.10/site-packages/pip/_vendor/pygments/styles/__pycache__) by extension 'ros'
[2.534s] Level 1:colcon.colcon_core.package_identification:_identify(src/amiga-ros2-bridge/venv/lib/python3.10/site-packages/pip/_vendor/pygments/styles/__pycache__) by extensions ['cmake', 'python']
[2.534s] Level 1:colcon.colcon_core.package_identification:_identify(src/amiga-ros2-bridge/venv/lib/python3.10/site-packages/pip/_vendor/pygments/styles/__pycache__) by extension 'cmake'
[2.534s] Level 1:colcon.colcon_core.package_identification:_identify(src/amiga-ros2-bridge/venv/lib/python3.10/site-packages/pip/_vendor/pygments/styles/__pycache__) by extension 'python'
[2.534s] Level 1:colcon.colcon_core.package_identification:_identify(src/amiga-ros2-bridge/venv/lib/python3.10/site-packages/pip/_vendor/pygments/styles/__pycache__) by extensions ['python_setup_py']
[2.534s] Level 1:colcon.colcon_core.package_identification:_identify(src/amiga-ros2-bridge/venv/lib/python3.10/site-packages/pip/_vendor/pygments/styles/__pycache__) by extension 'python_setup_py'
[2.535s] Level 1:colcon.colcon_core.package_identification:_identify(src/amiga-ros2-bridge/venv/lib/python3.10/site-packages/pip/_vendor/pyproject_hooks) by extensions ['ignore', 'ignore_ament_install']
[2.535s] Level 1:colcon.colcon_core.package_identification:_identify(src/amiga-ros2-bridge/venv/lib/python3.10/site-packages/pip/_vendor/pyproject_hooks) by extension 'ignore'
[2.535s] Level 1:colcon.colcon_core.package_identification:_identify(src/amiga-ros2-bridge/venv/lib/python3.10/site-packages/pip/_vendor/pyproject_hooks) by extension 'ignore_ament_install'
[2.535s] Level 1:colcon.colcon_core.package_identification:_identify(src/amiga-ros2-bridge/venv/lib/python3.10/site-packages/pip/_vendor/pyproject_hooks) by extensions ['colcon_pkg']
[2.535s] Level 1:colcon.colcon_core.package_identification:_identify(src/amiga-ros2-bridge/venv/lib/python3.10/site-packages/pip/_vendor/pyproject_hooks) by extension 'colcon_pkg'
[2.535s] Level 1:colcon.colcon_core.package_identification:_identify(src/amiga-ros2-bridge/venv/lib/python3.10/site-packages/pip/_vendor/pyproject_hooks) by extensions ['colcon_meta']
[2.535s] Level 1:colcon.colcon_core.package_identification:_identify(src/amiga-ros2-bridge/venv/lib/python3.10/site-packages/pip/_vendor/pyproject_hooks) by extension 'colcon_meta'
[2.536s] Level 1:colcon.colcon_core.package_identification:_identify(src/amiga-ros2-bridge/venv/lib/python3.10/site-packages/pip/_vendor/pyproject_hooks) by extensions ['ros']
[2.536s] Level 1:colcon.colcon_core.package_identification:_identify(src/amiga-ros2-bridge/venv/lib/python3.10/site-packages/pip/_vendor/pyproject_hooks) by extension 'ros'
[2.536s] Level 1:colcon.colcon_core.package_identification:_identify(src/amiga-ros2-bridge/venv/lib/python3.10/site-packages/pip/_vendor/pyproject_hooks) by extensions ['cmake', 'python']
[2.536s] Level 1:colcon.colcon_core.package_identification:_identify(src/amiga-ros2-bridge/venv/lib/python3.10/site-packages/pip/_vendor/pyproject_hooks) by extension 'cmake'
[2.536s] Level 1:colcon.colcon_core.package_identification:_identify(src/amiga-ros2-bridge/venv/lib/python3.10/site-packages/pip/_vendor/pyproject_hooks) by extension 'python'
[2.536s] Level 1:colcon.colcon_core.package_identification:_identify(src/amiga-ros2-bridge/venv/lib/python3.10/site-packages/pip/_vendor/pyproject_hooks) by extensions ['python_setup_py']
[2.536s] Level 1:colcon.colcon_core.package_identification:_identify(src/amiga-ros2-bridge/venv/lib/python3.10/site-packages/pip/_vendor/pyproject_hooks) by extension 'python_setup_py'
[2.536s] Level 1:colcon.colcon_core.package_identification:_identify(src/amiga-ros2-bridge/venv/lib/python3.10/site-packages/pip/_vendor/pyproject_hooks/__pycache__) by extensions ['ignore', 'ignore_ament_install']
[2.537s] Level 1:colcon.colcon_core.package_identification:_identify(src/amiga-ros2-bridge/venv/lib/python3.10/site-packages/pip/_vendor/pyproject_hooks/__pycache__) by extension 'ignore'
[2.537s] Level 1:colcon.colcon_core.package_identification:_identify(src/amiga-ros2-bridge/venv/lib/python3.10/site-packages/pip/_vendor/pyproject_hooks/__pycache__) by extension 'ignore_ament_install'
[2.537s] Level 1:colcon.colcon_core.package_identification:_identify(src/amiga-ros2-bridge/venv/lib/python3.10/site-packages/pip/_vendor/pyproject_hooks/__pycache__) by extensions ['colcon_pkg']
[2.537s] Level 1:colcon.colcon_core.package_identification:_identify(src/amiga-ros2-bridge/venv/lib/python3.10/site-packages/pip/_vendor/pyproject_hooks/__pycache__) by extension 'colcon_pkg'
[2.537s] Level 1:colcon.colcon_core.package_identification:_identify(src/amiga-ros2-bridge/venv/lib/python3.10/site-packages/pip/_vendor/pyproject_hooks/__pycache__) by extensions ['colcon_meta']
[2.537s] Level 1:colcon.colcon_core.package_identification:_identify(src/amiga-ros2-bridge/venv/lib/python3.10/site-packages/pip/_vendor/pyproject_hooks/__pycache__) by extension 'colcon_meta'
[2.537s] Level 1:colcon.colcon_core.package_identification:_identify(src/amiga-ros2-bridge/venv/lib/python3.10/site-packages/pip/_vendor/pyproject_hooks/__pycache__) by extensions ['ros']
[2.537s] Level 1:colcon.colcon_core.package_identification:_identify(src/amiga-ros2-bridge/venv/lib/python3.10/site-packages/pip/_vendor/pyproject_hooks/__pycache__) by extension 'ros'
[2.537s] Level 1:colcon.colcon_core.package_identification:_identify(src/amiga-ros2-bridge/venv/lib/python3.10/site-packages/pip/_vendor/pyproject_hooks/__pycache__) by extensions ['cmake', 'python']
[2.538s] Level 1:colcon.colcon_core.package_identification:_identify(src/amiga-ros2-bridge/venv/lib/python3.10/site-packages/pip/_vendor/pyproject_hooks/__pycache__) by extension 'cmake'
[2.538s] Level 1:colcon.colcon_core.package_identification:_identify(src/amiga-ros2-bridge/venv/lib/python3.10/site-packages/pip/_vendor/pyproject_hooks/__pycache__) by extension 'python'
[2.538s] Level 1:colcon.colcon_core.package_identification:_identify(src/amiga-ros2-bridge/venv/lib/python3.10/site-packages/pip/_vendor/pyproject_hooks/__pycache__) by extensions ['python_setup_py']
[2.538s] Level 1:colcon.colcon_core.package_identification:_identify(src/amiga-ros2-bridge/venv/lib/python3.10/site-packages/pip/_vendor/pyproject_hooks/__pycache__) by extension 'python_setup_py'
[2.538s] Level 1:colcon.colcon_core.package_identification:_identify(src/amiga-ros2-bridge/venv/lib/python3.10/site-packages/pip/_vendor/pyproject_hooks/_in_process) by extensions ['ignore', 'ignore_ament_install']
[2.538s] Level 1:colcon.colcon_core.package_identification:_identify(src/amiga-ros2-bridge/venv/lib/python3.10/site-packages/pip/_vendor/pyproject_hooks/_in_process) by extension 'ignore'
[2.538s] Level 1:colcon.colcon_core.package_identification:_identify(src/amiga-ros2-bridge/venv/lib/python3.10/site-packages/pip/_vendor/pyproject_hooks/_in_process) by extension 'ignore_ament_install'
[2.538s] Level 1:colcon.colcon_core.package_identification:_identify(src/amiga-ros2-bridge/venv/lib/python3.10/site-packages/pip/_vendor/pyproject_hooks/_in_process) by extensions ['colcon_pkg']
[2.539s] Level 1:colcon.colcon_core.package_identification:_identify(src/amiga-ros2-bridge/venv/lib/python3.10/site-packages/pip/_vendor/pyproject_hooks/_in_process) by extension 'colcon_pkg'
[2.539s] Level 1:colcon.colcon_core.package_identification:_identify(src/amiga-ros2-bridge/venv/lib/python3.10/site-packages/pip/_vendor/pyproject_hooks/_in_process) by extensions ['colcon_meta']
[2.539s] Level 1:colcon.colcon_core.package_identification:_identify(src/amiga-ros2-bridge/venv/lib/python3.10/site-packages/pip/_vendor/pyproject_hooks/_in_process) by extension 'colcon_meta'
[2.539s] Level 1:colcon.colcon_core.package_identification:_identify(src/amiga-ros2-bridge/venv/lib/python3.10/site-packages/pip/_vendor/pyproject_hooks/_in_process) by extensions ['ros']
[2.539s] Level 1:colcon.colcon_core.package_identification:_identify(src/amiga-ros2-bridge/venv/lib/python3.10/site-packages/pip/_vendor/pyproject_hooks/_in_process) by extension 'ros'
[2.539s] Level 1:colcon.colcon_core.package_identification:_identify(src/amiga-ros2-bridge/venv/lib/python3.10/site-packages/pip/_vendor/pyproject_hooks/_in_process) by extensions ['cmake', 'python']
[2.539s] Level 1:colcon.colcon_core.package_identification:_identify(src/amiga-ros2-bridge/venv/lib/python3.10/site-packages/pip/_vendor/pyproject_hooks/_in_process) by extension 'cmake'
[2.539s] Level 1:colcon.colcon_core.package_identification:_identify(src/amiga-ros2-bridge/venv/lib/python3.10/site-packages/pip/_vendor/pyproject_hooks/_in_process) by extension 'python'
[2.539s] Level 1:colcon.colcon_core.package_identification:_identify(src/amiga-ros2-bridge/venv/lib/python3.10/site-packages/pip/_vendor/pyproject_hooks/_in_process) by extensions ['python_setup_py']
[2.539s] Level 1:colcon.colcon_core.package_identification:_identify(src/amiga-ros2-bridge/venv/lib/python3.10/site-packages/pip/_vendor/pyproject_hooks/_in_process) by extension 'python_setup_py'
[2.540s] Level 1:colcon.colcon_core.package_identification:_identify(src/amiga-ros2-bridge/venv/lib/python3.10/site-packages/pip/_vendor/pyproject_hooks/_in_process/__pycache__) by extensions ['ignore', 'ignore_ament_install']
[2.540s] Level 1:colcon.colcon_core.package_identification:_identify(src/amiga-ros2-bridge/venv/lib/python3.10/site-packages/pip/_vendor/pyproject_hooks/_in_process/__pycache__) by extension 'ignore'
[2.540s] Level 1:colcon.colcon_core.package_identification:_identify(src/amiga-ros2-bridge/venv/lib/python3.10/site-packages/pip/_vendor/pyproject_hooks/_in_process/__pycache__) by extension 'ignore_ament_install'
[2.540s] Level 1:colcon.colcon_core.package_identification:_identify(src/amiga-ros2-bridge/venv/lib/python3.10/site-packages/pip/_vendor/pyproject_hooks/_in_process/__pycache__) by extensions ['colcon_pkg']
[2.540s] Level 1:colcon.colcon_core.package_identification:_identify(src/amiga-ros2-bridge/venv/lib/python3.10/site-packages/pip/_vendor/pyproject_hooks/_in_process/__pycache__) by extension 'colcon_pkg'
[2.540s] Level 1:colcon.colcon_core.package_identification:_identify(src/amiga-ros2-bridge/venv/lib/python3.10/site-packages/pip/_vendor/pyproject_hooks/_in_process/__pycache__) by extensions ['colcon_meta']
[2.540s] Level 1:colcon.colcon_core.package_identification:_identify(src/amiga-ros2-bridge/venv/lib/python3.10/site-packages/pip/_vendor/pyproject_hooks/_in_process/__pycache__) by extension 'colcon_meta'
[2.541s] Level 1:colcon.colcon_core.package_identification:_identify(src/amiga-ros2-bridge/venv/lib/python3.10/site-packages/pip/_vendor/pyproject_hooks/_in_process/__pycache__) by extensions ['ros']
[2.541s] Level 1:colcon.colcon_core.package_identification:_identify(src/amiga-ros2-bridge/venv/lib/python3.10/site-packages/pip/_vendor/pyproject_hooks/_in_process/__pycache__) by extension 'ros'
[2.541s] Level 1:colcon.colcon_core.package_identification:_identify(src/amiga-ros2-bridge/venv/lib/python3.10/site-packages/pip/_vendor/pyproject_hooks/_in_process/__pycache__) by extensions ['cmake', 'python']
[2.541s] Level 1:colcon.colcon_core.package_identification:_identify(src/amiga-ros2-bridge/venv/lib/python3.10/site-packages/pip/_vendor/pyproject_hooks/_in_process/__pycache__) by extension 'cmake'
[2.541s] Level 1:colcon.colcon_core.package_identification:_identify(src/amiga-ros2-bridge/venv/lib/python3.10/site-packages/pip/_vendor/pyproject_hooks/_in_process/__pycache__) by extension 'python'
[2.541s] Level 1:colcon.colcon_core.package_identification:_identify(src/amiga-ros2-bridge/venv/lib/python3.10/site-packages/pip/_vendor/pyproject_hooks/_in_process/__pycache__) by extensions ['python_setup_py']
[2.541s] Level 1:colcon.colcon_core.package_identification:_identify(src/amiga-ros2-bridge/venv/lib/python3.10/site-packages/pip/_vendor/pyproject_hooks/_in_process/__pycache__) by extension 'python_setup_py'
[2.541s] Level 1:colcon.colcon_core.package_identification:_identify(src/amiga-ros2-bridge/venv/lib/python3.10/site-packages/pip/_vendor/requests) by extensions ['ignore', 'ignore_ament_install']
[2.542s] Level 1:colcon.colcon_core.package_identification:_identify(src/amiga-ros2-bridge/venv/lib/python3.10/site-packages/pip/_vendor/requests) by extension 'ignore'
[2.542s] Level 1:colcon.colcon_core.package_identification:_identify(src/amiga-ros2-bridge/venv/lib/python3.10/site-packages/pip/_vendor/requests) by extension 'ignore_ament_install'
[2.542s] Level 1:colcon.colcon_core.package_identification:_identify(src/amiga-ros2-bridge/venv/lib/python3.10/site-packages/pip/_vendor/requests) by extensions ['colcon_pkg']
[2.542s] Level 1:colcon.colcon_core.package_identification:_identify(src/amiga-ros2-bridge/venv/lib/python3.10/site-packages/pip/_vendor/requests) by extension 'colcon_pkg'
[2.542s] Level 1:colcon.colcon_core.package_identification:_identify(src/amiga-ros2-bridge/venv/lib/python3.10/site-packages/pip/_vendor/requests) by extensions ['colcon_meta']
[2.542s] Level 1:colcon.colcon_core.package_identification:_identify(src/amiga-ros2-bridge/venv/lib/python3.10/site-packages/pip/_vendor/requests) by extension 'colcon_meta'
[2.542s] Level 1:colcon.colcon_core.package_identification:_identify(src/amiga-ros2-bridge/venv/lib/python3.10/site-packages/pip/_vendor/requests) by extensions ['ros']
[2.542s] Level 1:colcon.colcon_core.package_identification:_identify(src/amiga-ros2-bridge/venv/lib/python3.10/site-packages/pip/_vendor/requests) by extension 'ros'
[2.542s] Level 1:colcon.colcon_core.package_identification:_identify(src/amiga-ros2-bridge/venv/lib/python3.10/site-packages/pip/_vendor/requests) by extensions ['cmake', 'python']
[2.543s] Level 1:colcon.colcon_core.package_identification:_identify(src/amiga-ros2-bridge/venv/lib/python3.10/site-packages/pip/_vendor/requests) by extension 'cmake'
[2.543s] Level 1:colcon.colcon_core.package_identification:_identify(src/amiga-ros2-bridge/venv/lib/python3.10/site-packages/pip/_vendor/requests) by extension 'python'
[2.543s] Level 1:colcon.colcon_core.package_identification:_identify(src/amiga-ros2-bridge/venv/lib/python3.10/site-packages/pip/_vendor/requests) by extensions ['python_setup_py']
[2.543s] Level 1:colcon.colcon_core.package_identification:_identify(src/amiga-ros2-bridge/venv/lib/python3.10/site-packages/pip/_vendor/requests) by extension 'python_setup_py'
[2.543s] Level 1:colcon.colcon_core.package_identification:_identify(src/amiga-ros2-bridge/venv/lib/python3.10/site-packages/pip/_vendor/requests/__pycache__) by extensions ['ignore', 'ignore_ament_install']
[2.543s] Level 1:colcon.colcon_core.package_identification:_identify(src/amiga-ros2-bridge/venv/lib/python3.10/site-packages/pip/_vendor/requests/__pycache__) by extension 'ignore'
[2.543s] Level 1:colcon.colcon_core.package_identification:_identify(src/amiga-ros2-bridge/venv/lib/python3.10/site-packages/pip/_vendor/requests/__pycache__) by extension 'ignore_ament_install'
[2.544s] Level 1:colcon.colcon_core.package_identification:_identify(src/amiga-ros2-bridge/venv/lib/python3.10/site-packages/pip/_vendor/requests/__pycache__) by extensions ['colcon_pkg']
[2.544s] Level 1:colcon.colcon_core.package_identification:_identify(src/amiga-ros2-bridge/venv/lib/python3.10/site-packages/pip/_vendor/requests/__pycache__) by extension 'colcon_pkg'
[2.544s] Level 1:colcon.colcon_core.package_identification:_identify(src/amiga-ros2-bridge/venv/lib/python3.10/site-packages/pip/_vendor/requests/__pycache__) by extensions ['colcon_meta']
[2.544s] Level 1:colcon.colcon_core.package_identification:_identify(src/amiga-ros2-bridge/venv/lib/python3.10/site-packages/pip/_vendor/requests/__pycache__) by extension 'colcon_meta'
[2.544s] Level 1:colcon.colcon_core.package_identification:_identify(src/amiga-ros2-bridge/venv/lib/python3.10/site-packages/pip/_vendor/requests/__pycache__) by extensions ['ros']
[2.544s] Level 1:colcon.colcon_core.package_identification:_identify(src/amiga-ros2-bridge/venv/lib/python3.10/site-packages/pip/_vendor/requests/__pycache__) by extension 'ros'
[2.544s] Level 1:colcon.colcon_core.package_identification:_identify(src/amiga-ros2-bridge/venv/lib/python3.10/site-packages/pip/_vendor/requests/__pycache__) by extensions ['cmake', 'python']
[2.544s] Level 1:colcon.colcon_core.package_identification:_identify(src/amiga-ros2-bridge/venv/lib/python3.10/site-packages/pip/_vendor/requests/__pycache__) by extension 'cmake'
[2.544s] Level 1:colcon.colcon_core.package_identification:_identify(src/amiga-ros2-bridge/venv/lib/python3.10/site-packages/pip/_vendor/requests/__pycache__) by extension 'python'
[2.544s] Level 1:colcon.colcon_core.package_identification:_identify(src/amiga-ros2-bridge/venv/lib/python3.10/site-packages/pip/_vendor/requests/__pycache__) by extensions ['python_setup_py']
[2.544s] Level 1:colcon.colcon_core.package_identification:_identify(src/amiga-ros2-bridge/venv/lib/python3.10/site-packages/pip/_vendor/requests/__pycache__) by extension 'python_setup_py'
[2.545s] Level 1:colcon.colcon_core.package_identification:_identify(src/amiga-ros2-bridge/venv/lib/python3.10/site-packages/pip/_vendor/resolvelib) by extensions ['ignore', 'ignore_ament_install']
[2.545s] Level 1:colcon.colcon_core.package_identification:_identify(src/amiga-ros2-bridge/venv/lib/python3.10/site-packages/pip/_vendor/resolvelib) by extension 'ignore'
[2.545s] Level 1:colcon.colcon_core.package_identification:_identify(src/amiga-ros2-bridge/venv/lib/python3.10/site-packages/pip/_vendor/resolvelib) by extension 'ignore_ament_install'
[2.545s] Level 1:colcon.colcon_core.package_identification:_identify(src/amiga-ros2-bridge/venv/lib/python3.10/site-packages/pip/_vendor/resolvelib) by extensions ['colcon_pkg']
[2.545s] Level 1:colcon.colcon_core.package_identification:_identify(src/amiga-ros2-bridge/venv/lib/python3.10/site-packages/pip/_vendor/resolvelib) by extension 'colcon_pkg'
[2.545s] Level 1:colcon.colcon_core.package_identification:_identify(src/amiga-ros2-bridge/venv/lib/python3.10/site-packages/pip/_vendor/resolvelib) by extensions ['colcon_meta']
[2.545s] Level 1:colcon.colcon_core.package_identification:_identify(src/amiga-ros2-bridge/venv/lib/python3.10/site-packages/pip/_vendor/resolvelib) by extension 'colcon_meta'
[2.546s] Level 1:colcon.colcon_core.package_identification:_identify(src/amiga-ros2-bridge/venv/lib/python3.10/site-packages/pip/_vendor/resolvelib) by extensions ['ros']
[2.546s] Level 1:colcon.colcon_core.package_identification:_identify(src/amiga-ros2-bridge/venv/lib/python3.10/site-packages/pip/_vendor/resolvelib) by extension 'ros'
[2.546s] Level 1:colcon.colcon_core.package_identification:_identify(src/amiga-ros2-bridge/venv/lib/python3.10/site-packages/pip/_vendor/resolvelib) by extensions ['cmake', 'python']
[2.546s] Level 1:colcon.colcon_core.package_identification:_identify(src/amiga-ros2-bridge/venv/lib/python3.10/site-packages/pip/_vendor/resolvelib) by extension 'cmake'
[2.546s] Level 1:colcon.colcon_core.package_identification:_identify(src/amiga-ros2-bridge/venv/lib/python3.10/site-packages/pip/_vendor/resolvelib) by extension 'python'
[2.546s] Level 1:colcon.colcon_core.package_identification:_identify(src/amiga-ros2-bridge/venv/lib/python3.10/site-packages/pip/_vendor/resolvelib) by extensions ['python_setup_py']
[2.546s] Level 1:colcon.colcon_core.package_identification:_identify(src/amiga-ros2-bridge/venv/lib/python3.10/site-packages/pip/_vendor/resolvelib) by extension 'python_setup_py'
[2.546s] Level 1:colcon.colcon_core.package_identification:_identify(src/amiga-ros2-bridge/venv/lib/python3.10/site-packages/pip/_vendor/resolvelib/__pycache__) by extensions ['ignore', 'ignore_ament_install']
[2.547s] Level 1:colcon.colcon_core.package_identification:_identify(src/amiga-ros2-bridge/venv/lib/python3.10/site-packages/pip/_vendor/resolvelib/__pycache__) by extension 'ignore'
[2.547s] Level 1:colcon.colcon_core.package_identification:_identify(src/amiga-ros2-bridge/venv/lib/python3.10/site-packages/pip/_vendor/resolvelib/__pycache__) by extension 'ignore_ament_install'
[2.547s] Level 1:colcon.colcon_core.package_identification:_identify(src/amiga-ros2-bridge/venv/lib/python3.10/site-packages/pip/_vendor/resolvelib/__pycache__) by extensions ['colcon_pkg']
[2.547s] Level 1:colcon.colcon_core.package_identification:_identify(src/amiga-ros2-bridge/venv/lib/python3.10/site-packages/pip/_vendor/resolvelib/__pycache__) by extension 'colcon_pkg'
[2.547s] Level 1:colcon.colcon_core.package_identification:_identify(src/amiga-ros2-bridge/venv/lib/python3.10/site-packages/pip/_vendor/resolvelib/__pycache__) by extensions ['colcon_meta']
[2.547s] Level 1:colcon.colcon_core.package_identification:_identify(src/amiga-ros2-bridge/venv/lib/python3.10/site-packages/pip/_vendor/resolvelib/__pycache__) by extension 'colcon_meta'
[2.547s] Level 1:colcon.colcon_core.package_identification:_identify(src/amiga-ros2-bridge/venv/lib/python3.10/site-packages/pip/_vendor/resolvelib/__pycache__) by extensions ['ros']
[2.547s] Level 1:colcon.colcon_core.package_identification:_identify(src/amiga-ros2-bridge/venv/lib/python3.10/site-packages/pip/_vendor/resolvelib/__pycache__) by extension 'ros'
[2.547s] Level 1:colcon.colcon_core.package_identification:_identify(src/amiga-ros2-bridge/venv/lib/python3.10/site-packages/pip/_vendor/resolvelib/__pycache__) by extensions ['cmake', 'python']
[2.548s] Level 1:colcon.colcon_core.package_identification:_identify(src/amiga-ros2-bridge/venv/lib/python3.10/site-packages/pip/_vendor/resolvelib/__pycache__) by extension 'cmake'
[2.548s] Level 1:colcon.colcon_core.package_identification:_identify(src/amiga-ros2-bridge/venv/lib/python3.10/site-packages/pip/_vendor/resolvelib/__pycache__) by extension 'python'
[2.548s] Level 1:colcon.colcon_core.package_identification:_identify(src/amiga-ros2-bridge/venv/lib/python3.10/site-packages/pip/_vendor/resolvelib/__pycache__) by extensions ['python_setup_py']
[2.548s] Level 1:colcon.colcon_core.package_identification:_identify(src/amiga-ros2-bridge/venv/lib/python3.10/site-packages/pip/_vendor/resolvelib/__pycache__) by extension 'python_setup_py'
[2.548s] Level 1:colcon.colcon_core.package_identification:_identify(src/amiga-ros2-bridge/venv/lib/python3.10/site-packages/pip/_vendor/resolvelib/compat) by extensions ['ignore', 'ignore_ament_install']
[2.548s] Level 1:colcon.colcon_core.package_identification:_identify(src/amiga-ros2-bridge/venv/lib/python3.10/site-packages/pip/_vendor/resolvelib/compat) by extension 'ignore'
[2.548s] Level 1:colcon.colcon_core.package_identification:_identify(src/amiga-ros2-bridge/venv/lib/python3.10/site-packages/pip/_vendor/resolvelib/compat) by extension 'ignore_ament_install'
[2.548s] Level 1:colcon.colcon_core.package_identification:_identify(src/amiga-ros2-bridge/venv/lib/python3.10/site-packages/pip/_vendor/resolvelib/compat) by extensions ['colcon_pkg']
[2.549s] Level 1:colcon.colcon_core.package_identification:_identify(src/amiga-ros2-bridge/venv/lib/python3.10/site-packages/pip/_vendor/resolvelib/compat) by extension 'colcon_pkg'
[2.549s] Level 1:colcon.colcon_core.package_identification:_identify(src/amiga-ros2-bridge/venv/lib/python3.10/site-packages/pip/_vendor/resolvelib/compat) by extensions ['colcon_meta']
[2.549s] Level 1:colcon.colcon_core.package_identification:_identify(src/amiga-ros2-bridge/venv/lib/python3.10/site-packages/pip/_vendor/resolvelib/compat) by extension 'colcon_meta'
[2.549s] Level 1:colcon.colcon_core.package_identification:_identify(src/amiga-ros2-bridge/venv/lib/python3.10/site-packages/pip/_vendor/resolvelib/compat) by extensions ['ros']
[2.549s] Level 1:colcon.colcon_core.package_identification:_identify(src/amiga-ros2-bridge/venv/lib/python3.10/site-packages/pip/_vendor/resolvelib/compat) by extension 'ros'
[2.549s] Level 1:colcon.colcon_core.package_identification:_identify(src/amiga-ros2-bridge/venv/lib/python3.10/site-packages/pip/_vendor/resolvelib/compat) by extensions ['cmake', 'python']
[2.549s] Level 1:colcon.colcon_core.package_identification:_identify(src/amiga-ros2-bridge/venv/lib/python3.10/site-packages/pip/_vendor/resolvelib/compat) by extension 'cmake'
[2.549s] Level 1:colcon.colcon_core.package_identification:_identify(src/amiga-ros2-bridge/venv/lib/python3.10/site-packages/pip/_vendor/resolvelib/compat) by extension 'python'
[2.549s] Level 1:colcon.colcon_core.package_identification:_identify(src/amiga-ros2-bridge/venv/lib/python3.10/site-packages/pip/_vendor/resolvelib/compat) by extensions ['python_setup_py']
[2.549s] Level 1:colcon.colcon_core.package_identification:_identify(src/amiga-ros2-bridge/venv/lib/python3.10/site-packages/pip/_vendor/resolvelib/compat) by extension 'python_setup_py'
[2.550s] Level 1:colcon.colcon_core.package_identification:_identify(src/amiga-ros2-bridge/venv/lib/python3.10/site-packages/pip/_vendor/resolvelib/compat/__pycache__) by extensions ['ignore', 'ignore_ament_install']
[2.550s] Level 1:colcon.colcon_core.package_identification:_identify(src/amiga-ros2-bridge/venv/lib/python3.10/site-packages/pip/_vendor/resolvelib/compat/__pycache__) by extension 'ignore'
[2.550s] Level 1:colcon.colcon_core.package_identification:_identify(src/amiga-ros2-bridge/venv/lib/python3.10/site-packages/pip/_vendor/resolvelib/compat/__pycache__) by extension 'ignore_ament_install'
[2.550s] Level 1:colcon.colcon_core.package_identification:_identify(src/amiga-ros2-bridge/venv/lib/python3.10/site-packages/pip/_vendor/resolvelib/compat/__pycache__) by extensions ['colcon_pkg']
[2.550s] Level 1:colcon.colcon_core.package_identification:_identify(src/amiga-ros2-bridge/venv/lib/python3.10/site-packages/pip/_vendor/resolvelib/compat/__pycache__) by extension 'colcon_pkg'
[2.550s] Level 1:colcon.colcon_core.package_identification:_identify(src/amiga-ros2-bridge/venv/lib/python3.10/site-packages/pip/_vendor/resolvelib/compat/__pycache__) by extensions ['colcon_meta']
[2.550s] Level 1:colcon.colcon_core.package_identification:_identify(src/amiga-ros2-bridge/venv/lib/python3.10/site-packages/pip/_vendor/resolvelib/compat/__pycache__) by extension 'colcon_meta'
[2.551s] Level 1:colcon.colcon_core.package_identification:_identify(src/amiga-ros2-bridge/venv/lib/python3.10/site-packages/pip/_vendor/resolvelib/compat/__pycache__) by extensions ['ros']
[2.551s] Level 1:colcon.colcon_core.package_identification:_identify(src/amiga-ros2-bridge/venv/lib/python3.10/site-packages/pip/_vendor/resolvelib/compat/__pycache__) by extension 'ros'
[2.551s] Level 1:colcon.colcon_core.package_identification:_identify(src/amiga-ros2-bridge/venv/lib/python3.10/site-packages/pip/_vendor/resolvelib/compat/__pycache__) by extensions ['cmake', 'python']
[2.551s] Level 1:colcon.colcon_core.package_identification:_identify(src/amiga-ros2-bridge/venv/lib/python3.10/site-packages/pip/_vendor/resolvelib/compat/__pycache__) by extension 'cmake'
[2.551s] Level 1:colcon.colcon_core.package_identification:_identify(src/amiga-ros2-bridge/venv/lib/python3.10/site-packages/pip/_vendor/resolvelib/compat/__pycache__) by extension 'python'
[2.551s] Level 1:colcon.colcon_core.package_identification:_identify(src/amiga-ros2-bridge/venv/lib/python3.10/site-packages/pip/_vendor/resolvelib/compat/__pycache__) by extensions ['python_setup_py']
[2.551s] Level 1:colcon.colcon_core.package_identification:_identify(src/amiga-ros2-bridge/venv/lib/python3.10/site-packages/pip/_vendor/resolvelib/compat/__pycache__) by extension 'python_setup_py'
[2.551s] Level 1:colcon.colcon_core.package_identification:_identify(src/amiga-ros2-bridge/venv/lib/python3.10/site-packages/pip/_vendor/rich) by extensions ['ignore', 'ignore_ament_install']
[2.552s] Level 1:colcon.colcon_core.package_identification:_identify(src/amiga-ros2-bridge/venv/lib/python3.10/site-packages/pip/_vendor/rich) by extension 'ignore'
[2.552s] Level 1:colcon.colcon_core.package_identification:_identify(src/amiga-ros2-bridge/venv/lib/python3.10/site-packages/pip/_vendor/rich) by extension 'ignore_ament_install'
[2.552s] Level 1:colcon.colcon_core.package_identification:_identify(src/amiga-ros2-bridge/venv/lib/python3.10/site-packages/pip/_vendor/rich) by extensions ['colcon_pkg']
[2.552s] Level 1:colcon.colcon_core.package_identification:_identify(src/amiga-ros2-bridge/venv/lib/python3.10/site-packages/pip/_vendor/rich) by extension 'colcon_pkg'
[2.552s] Level 1:colcon.colcon_core.package_identification:_identify(src/amiga-ros2-bridge/venv/lib/python3.10/site-packages/pip/_vendor/rich) by extensions ['colcon_meta']
[2.552s] Level 1:colcon.colcon_core.package_identification:_identify(src/amiga-ros2-bridge/venv/lib/python3.10/site-packages/pip/_vendor/rich) by extension 'colcon_meta'
[2.552s] Level 1:colcon.colcon_core.package_identification:_identify(src/amiga-ros2-bridge/venv/lib/python3.10/site-packages/pip/_vendor/rich) by extensions ['ros']
[2.552s] Level 1:colcon.colcon_core.package_identification:_identify(src/amiga-ros2-bridge/venv/lib/python3.10/site-packages/pip/_vendor/rich) by extension 'ros'
[2.553s] Level 1:colcon.colcon_core.package_identification:_identify(src/amiga-ros2-bridge/venv/lib/python3.10/site-packages/pip/_vendor/rich) by extensions ['cmake', 'python']
[2.553s] Level 1:colcon.colcon_core.package_identification:_identify(src/amiga-ros2-bridge/venv/lib/python3.10/site-packages/pip/_vendor/rich) by extension 'cmake'
[2.553s] Level 1:colcon.colcon_core.package_identification:_identify(src/amiga-ros2-bridge/venv/lib/python3.10/site-packages/pip/_vendor/rich) by extension 'python'
[2.553s] Level 1:colcon.colcon_core.package_identification:_identify(src/amiga-ros2-bridge/venv/lib/python3.10/site-packages/pip/_vendor/rich) by extensions ['python_setup_py']
[2.553s] Level 1:colcon.colcon_core.package_identification:_identify(src/amiga-ros2-bridge/venv/lib/python3.10/site-packages/pip/_vendor/rich) by extension 'python_setup_py'
[2.553s] Level 1:colcon.colcon_core.package_identification:_identify(src/amiga-ros2-bridge/venv/lib/python3.10/site-packages/pip/_vendor/rich/__pycache__) by extensions ['ignore', 'ignore_ament_install']
[2.553s] Level 1:colcon.colcon_core.package_identification:_identify(src/amiga-ros2-bridge/venv/lib/python3.10/site-packages/pip/_vendor/rich/__pycache__) by extension 'ignore'
[2.554s] Level 1:colcon.colcon_core.package_identification:_identify(src/amiga-ros2-bridge/venv/lib/python3.10/site-packages/pip/_vendor/rich/__pycache__) by extension 'ignore_ament_install'
[2.554s] Level 1:colcon.colcon_core.package_identification:_identify(src/amiga-ros2-bridge/venv/lib/python3.10/site-packages/pip/_vendor/rich/__pycache__) by extensions ['colcon_pkg']
[2.554s] Level 1:colcon.colcon_core.package_identification:_identify(src/amiga-ros2-bridge/venv/lib/python3.10/site-packages/pip/_vendor/rich/__pycache__) by extension 'colcon_pkg'
[2.554s] Level 1:colcon.colcon_core.package_identification:_identify(src/amiga-ros2-bridge/venv/lib/python3.10/site-packages/pip/_vendor/rich/__pycache__) by extensions ['colcon_meta']
[2.554s] Level 1:colcon.colcon_core.package_identification:_identify(src/amiga-ros2-bridge/venv/lib/python3.10/site-packages/pip/_vendor/rich/__pycache__) by extension 'colcon_meta'
[2.554s] Level 1:colcon.colcon_core.package_identification:_identify(src/amiga-ros2-bridge/venv/lib/python3.10/site-packages/pip/_vendor/rich/__pycache__) by extensions ['ros']
[2.554s] Level 1:colcon.colcon_core.package_identification:_identify(src/amiga-ros2-bridge/venv/lib/python3.10/site-packages/pip/_vendor/rich/__pycache__) by extension 'ros'
[2.554s] Level 1:colcon.colcon_core.package_identification:_identify(src/amiga-ros2-bridge/venv/lib/python3.10/site-packages/pip/_vendor/rich/__pycache__) by extensions ['cmake', 'python']
[2.554s] Level 1:colcon.colcon_core.package_identification:_identify(src/amiga-ros2-bridge/venv/lib/python3.10/site-packages/pip/_vendor/rich/__pycache__) by extension 'cmake'
[2.555s] Level 1:colcon.colcon_core.package_identification:_identify(src/amiga-ros2-bridge/venv/lib/python3.10/site-packages/pip/_vendor/rich/__pycache__) by extension 'python'
[2.555s] Level 1:colcon.colcon_core.package_identification:_identify(src/amiga-ros2-bridge/venv/lib/python3.10/site-packages/pip/_vendor/rich/__pycache__) by extensions ['python_setup_py']
[2.555s] Level 1:colcon.colcon_core.package_identification:_identify(src/amiga-ros2-bridge/venv/lib/python3.10/site-packages/pip/_vendor/rich/__pycache__) by extension 'python_setup_py'
[2.555s] Level 1:colcon.colcon_core.package_identification:_identify(src/amiga-ros2-bridge/venv/lib/python3.10/site-packages/pip/_vendor/tomli) by extensions ['ignore', 'ignore_ament_install']
[2.555s] Level 1:colcon.colcon_core.package_identification:_identify(src/amiga-ros2-bridge/venv/lib/python3.10/site-packages/pip/_vendor/tomli) by extension 'ignore'
[2.555s] Level 1:colcon.colcon_core.package_identification:_identify(src/amiga-ros2-bridge/venv/lib/python3.10/site-packages/pip/_vendor/tomli) by extension 'ignore_ament_install'
[2.555s] Level 1:colcon.colcon_core.package_identification:_identify(src/amiga-ros2-bridge/venv/lib/python3.10/site-packages/pip/_vendor/tomli) by extensions ['colcon_pkg']
[2.555s] Level 1:colcon.colcon_core.package_identification:_identify(src/amiga-ros2-bridge/venv/lib/python3.10/site-packages/pip/_vendor/tomli) by extension 'colcon_pkg'
[2.556s] Level 1:colcon.colcon_core.package_identification:_identify(src/amiga-ros2-bridge/venv/lib/python3.10/site-packages/pip/_vendor/tomli) by extensions ['colcon_meta']
[2.556s] Level 1:colcon.colcon_core.package_identification:_identify(src/amiga-ros2-bridge/venv/lib/python3.10/site-packages/pip/_vendor/tomli) by extension 'colcon_meta'
[2.556s] Level 1:colcon.colcon_core.package_identification:_identify(src/amiga-ros2-bridge/venv/lib/python3.10/site-packages/pip/_vendor/tomli) by extensions ['ros']
[2.556s] Level 1:colcon.colcon_core.package_identification:_identify(src/amiga-ros2-bridge/venv/lib/python3.10/site-packages/pip/_vendor/tomli) by extension 'ros'
[2.556s] Level 1:colcon.colcon_core.package_identification:_identify(src/amiga-ros2-bridge/venv/lib/python3.10/site-packages/pip/_vendor/tomli) by extensions ['cmake', 'python']
[2.556s] Level 1:colcon.colcon_core.package_identification:_identify(src/amiga-ros2-bridge/venv/lib/python3.10/site-packages/pip/_vendor/tomli) by extension 'cmake'
[2.556s] Level 1:colcon.colcon_core.package_identification:_identify(src/amiga-ros2-bridge/venv/lib/python3.10/site-packages/pip/_vendor/tomli) by extension 'python'
[2.556s] Level 1:colcon.colcon_core.package_identification:_identify(src/amiga-ros2-bridge/venv/lib/python3.10/site-packages/pip/_vendor/tomli) by extensions ['python_setup_py']
[2.556s] Level 1:colcon.colcon_core.package_identification:_identify(src/amiga-ros2-bridge/venv/lib/python3.10/site-packages/pip/_vendor/tomli) by extension 'python_setup_py'
[2.557s] Level 1:colcon.colcon_core.package_identification:_identify(src/amiga-ros2-bridge/venv/lib/python3.10/site-packages/pip/_vendor/tomli/__pycache__) by extensions ['ignore', 'ignore_ament_install']
[2.557s] Level 1:colcon.colcon_core.package_identification:_identify(src/amiga-ros2-bridge/venv/lib/python3.10/site-packages/pip/_vendor/tomli/__pycache__) by extension 'ignore'
[2.557s] Level 1:colcon.colcon_core.package_identification:_identify(src/amiga-ros2-bridge/venv/lib/python3.10/site-packages/pip/_vendor/tomli/__pycache__) by extension 'ignore_ament_install'
[2.557s] Level 1:colcon.colcon_core.package_identification:_identify(src/amiga-ros2-bridge/venv/lib/python3.10/site-packages/pip/_vendor/tomli/__pycache__) by extensions ['colcon_pkg']
[2.557s] Level 1:colcon.colcon_core.package_identification:_identify(src/amiga-ros2-bridge/venv/lib/python3.10/site-packages/pip/_vendor/tomli/__pycache__) by extension 'colcon_pkg'
[2.557s] Level 1:colcon.colcon_core.package_identification:_identify(src/amiga-ros2-bridge/venv/lib/python3.10/site-packages/pip/_vendor/tomli/__pycache__) by extensions ['colcon_meta']
[2.557s] Level 1:colcon.colcon_core.package_identification:_identify(src/amiga-ros2-bridge/venv/lib/python3.10/site-packages/pip/_vendor/tomli/__pycache__) by extension 'colcon_meta'
[2.557s] Level 1:colcon.colcon_core.package_identification:_identify(src/amiga-ros2-bridge/venv/lib/python3.10/site-packages/pip/_vendor/tomli/__pycache__) by extensions ['ros']
[2.557s] Level 1:colcon.colcon_core.package_identification:_identify(src/amiga-ros2-bridge/venv/lib/python3.10/site-packages/pip/_vendor/tomli/__pycache__) by extension 'ros'
[2.558s] Level 1:colcon.colcon_core.package_identification:_identify(src/amiga-ros2-bridge/venv/lib/python3.10/site-packages/pip/_vendor/tomli/__pycache__) by extensions ['cmake', 'python']
[2.558s] Level 1:colcon.colcon_core.package_identification:_identify(src/amiga-ros2-bridge/venv/lib/python3.10/site-packages/pip/_vendor/tomli/__pycache__) by extension 'cmake'
[2.558s] Level 1:colcon.colcon_core.package_identification:_identify(src/amiga-ros2-bridge/venv/lib/python3.10/site-packages/pip/_vendor/tomli/__pycache__) by extension 'python'
[2.558s] Level 1:colcon.colcon_core.package_identification:_identify(src/amiga-ros2-bridge/venv/lib/python3.10/site-packages/pip/_vendor/tomli/__pycache__) by extensions ['python_setup_py']
[2.558s] Level 1:colcon.colcon_core.package_identification:_identify(src/amiga-ros2-bridge/venv/lib/python3.10/site-packages/pip/_vendor/tomli/__pycache__) by extension 'python_setup_py'
[2.558s] Level 1:colcon.colcon_core.package_identification:_identify(src/amiga-ros2-bridge/venv/lib/python3.10/site-packages/pip/_vendor/truststore) by extensions ['ignore', 'ignore_ament_install']
[2.558s] Level 1:colcon.colcon_core.package_identification:_identify(src/amiga-ros2-bridge/venv/lib/python3.10/site-packages/pip/_vendor/truststore) by extension 'ignore'
[2.559s] Level 1:colcon.colcon_core.package_identification:_identify(src/amiga-ros2-bridge/venv/lib/python3.10/site-packages/pip/_vendor/truststore) by extension 'ignore_ament_install'
[2.559s] Level 1:colcon.colcon_core.package_identification:_identify(src/amiga-ros2-bridge/venv/lib/python3.10/site-packages/pip/_vendor/truststore) by extensions ['colcon_pkg']
[2.559s] Level 1:colcon.colcon_core.package_identification:_identify(src/amiga-ros2-bridge/venv/lib/python3.10/site-packages/pip/_vendor/truststore) by extension 'colcon_pkg'
[2.559s] Level 1:colcon.colcon_core.package_identification:_identify(src/amiga-ros2-bridge/venv/lib/python3.10/site-packages/pip/_vendor/truststore) by extensions ['colcon_meta']
[2.559s] Level 1:colcon.colcon_core.package_identification:_identify(src/amiga-ros2-bridge/venv/lib/python3.10/site-packages/pip/_vendor/truststore) by extension 'colcon_meta'
[2.559s] Level 1:colcon.colcon_core.package_identification:_identify(src/amiga-ros2-bridge/venv/lib/python3.10/site-packages/pip/_vendor/truststore) by extensions ['ros']
[2.559s] Level 1:colcon.colcon_core.package_identification:_identify(src/amiga-ros2-bridge/venv/lib/python3.10/site-packages/pip/_vendor/truststore) by extension 'ros'
[2.559s] Level 1:colcon.colcon_core.package_identification:_identify(src/amiga-ros2-bridge/venv/lib/python3.10/site-packages/pip/_vendor/truststore) by extensions ['cmake', 'python']
[2.559s] Level 1:colcon.colcon_core.package_identification:_identify(src/amiga-ros2-bridge/venv/lib/python3.10/site-packages/pip/_vendor/truststore) by extension 'cmake'
[2.560s] Level 1:colcon.colcon_core.package_identification:_identify(src/amiga-ros2-bridge/venv/lib/python3.10/site-packages/pip/_vendor/truststore) by extension 'python'
[2.560s] Level 1:colcon.colcon_core.package_identification:_identify(src/amiga-ros2-bridge/venv/lib/python3.10/site-packages/pip/_vendor/truststore) by extensions ['python_setup_py']
[2.560s] Level 1:colcon.colcon_core.package_identification:_identify(src/amiga-ros2-bridge/venv/lib/python3.10/site-packages/pip/_vendor/truststore) by extension 'python_setup_py'
[2.560s] Level 1:colcon.colcon_core.package_identification:_identify(src/amiga-ros2-bridge/venv/lib/python3.10/site-packages/pip/_vendor/truststore/__pycache__) by extensions ['ignore', 'ignore_ament_install']
[2.560s] Level 1:colcon.colcon_core.package_identification:_identify(src/amiga-ros2-bridge/venv/lib/python3.10/site-packages/pip/_vendor/truststore/__pycache__) by extension 'ignore'
[2.560s] Level 1:colcon.colcon_core.package_identification:_identify(src/amiga-ros2-bridge/venv/lib/python3.10/site-packages/pip/_vendor/truststore/__pycache__) by extension 'ignore_ament_install'
[2.560s] Level 1:colcon.colcon_core.package_identification:_identify(src/amiga-ros2-bridge/venv/lib/python3.10/site-packages/pip/_vendor/truststore/__pycache__) by extensions ['colcon_pkg']
[2.560s] Level 1:colcon.colcon_core.package_identification:_identify(src/amiga-ros2-bridge/venv/lib/python3.10/site-packages/pip/_vendor/truststore/__pycache__) by extension 'colcon_pkg'
[2.561s] Level 1:colcon.colcon_core.package_identification:_identify(src/amiga-ros2-bridge/venv/lib/python3.10/site-packages/pip/_vendor/truststore/__pycache__) by extensions ['colcon_meta']
[2.561s] Level 1:colcon.colcon_core.package_identification:_identify(src/amiga-ros2-bridge/venv/lib/python3.10/site-packages/pip/_vendor/truststore/__pycache__) by extension 'colcon_meta'
[2.561s] Level 1:colcon.colcon_core.package_identification:_identify(src/amiga-ros2-bridge/venv/lib/python3.10/site-packages/pip/_vendor/truststore/__pycache__) by extensions ['ros']
[2.561s] Level 1:colcon.colcon_core.package_identification:_identify(src/amiga-ros2-bridge/venv/lib/python3.10/site-packages/pip/_vendor/truststore/__pycache__) by extension 'ros'
[2.561s] Level 1:colcon.colcon_core.package_identification:_identify(src/amiga-ros2-bridge/venv/lib/python3.10/site-packages/pip/_vendor/truststore/__pycache__) by extensions ['cmake', 'python']
[2.561s] Level 1:colcon.colcon_core.package_identification:_identify(src/amiga-ros2-bridge/venv/lib/python3.10/site-packages/pip/_vendor/truststore/__pycache__) by extension 'cmake'
[2.561s] Level 1:colcon.colcon_core.package_identification:_identify(src/amiga-ros2-bridge/venv/lib/python3.10/site-packages/pip/_vendor/truststore/__pycache__) by extension 'python'
[2.561s] Level 1:colcon.colcon_core.package_identification:_identify(src/amiga-ros2-bridge/venv/lib/python3.10/site-packages/pip/_vendor/truststore/__pycache__) by extensions ['python_setup_py']
[2.561s] Level 1:colcon.colcon_core.package_identification:_identify(src/amiga-ros2-bridge/venv/lib/python3.10/site-packages/pip/_vendor/truststore/__pycache__) by extension 'python_setup_py'
[2.562s] Level 1:colcon.colcon_core.package_identification:_identify(src/amiga-ros2-bridge/venv/lib/python3.10/site-packages/pip/_vendor/urllib3) by extensions ['ignore', 'ignore_ament_install']
[2.562s] Level 1:colcon.colcon_core.package_identification:_identify(src/amiga-ros2-bridge/venv/lib/python3.10/site-packages/pip/_vendor/urllib3) by extension 'ignore'
[2.562s] Level 1:colcon.colcon_core.package_identification:_identify(src/amiga-ros2-bridge/venv/lib/python3.10/site-packages/pip/_vendor/urllib3) by extension 'ignore_ament_install'
[2.562s] Level 1:colcon.colcon_core.package_identification:_identify(src/amiga-ros2-bridge/venv/lib/python3.10/site-packages/pip/_vendor/urllib3) by extensions ['colcon_pkg']
[2.562s] Level 1:colcon.colcon_core.package_identification:_identify(src/amiga-ros2-bridge/venv/lib/python3.10/site-packages/pip/_vendor/urllib3) by extension 'colcon_pkg'
[2.562s] Level 1:colcon.colcon_core.package_identification:_identify(src/amiga-ros2-bridge/venv/lib/python3.10/site-packages/pip/_vendor/urllib3) by extensions ['colcon_meta']
[2.562s] Level 1:colcon.colcon_core.package_identification:_identify(src/amiga-ros2-bridge/venv/lib/python3.10/site-packages/pip/_vendor/urllib3) by extension 'colcon_meta'
[2.562s] Level 1:colcon.colcon_core.package_identification:_identify(src/amiga-ros2-bridge/venv/lib/python3.10/site-packages/pip/_vendor/urllib3) by extensions ['ros']
[2.562s] Level 1:colcon.colcon_core.package_identification:_identify(src/amiga-ros2-bridge/venv/lib/python3.10/site-packages/pip/_vendor/urllib3) by extension 'ros'
[2.563s] Level 1:colcon.colcon_core.package_identification:_identify(src/amiga-ros2-bridge/venv/lib/python3.10/site-packages/pip/_vendor/urllib3) by extensions ['cmake', 'python']
[2.563s] Level 1:colcon.colcon_core.package_identification:_identify(src/amiga-ros2-bridge/venv/lib/python3.10/site-packages/pip/_vendor/urllib3) by extension 'cmake'
[2.563s] Level 1:colcon.colcon_core.package_identification:_identify(src/amiga-ros2-bridge/venv/lib/python3.10/site-packages/pip/_vendor/urllib3) by extension 'python'
[2.563s] Level 1:colcon.colcon_core.package_identification:_identify(src/amiga-ros2-bridge/venv/lib/python3.10/site-packages/pip/_vendor/urllib3) by extensions ['python_setup_py']
[2.563s] Level 1:colcon.colcon_core.package_identification:_identify(src/amiga-ros2-bridge/venv/lib/python3.10/site-packages/pip/_vendor/urllib3) by extension 'python_setup_py'
[2.563s] Level 1:colcon.colcon_core.package_identification:_identify(src/amiga-ros2-bridge/venv/lib/python3.10/site-packages/pip/_vendor/urllib3/__pycache__) by extensions ['ignore', 'ignore_ament_install']
[2.563s] Level 1:colcon.colcon_core.package_identification:_identify(src/amiga-ros2-bridge/venv/lib/python3.10/site-packages/pip/_vendor/urllib3/__pycache__) by extension 'ignore'
[2.564s] Level 1:colcon.colcon_core.package_identification:_identify(src/amiga-ros2-bridge/venv/lib/python3.10/site-packages/pip/_vendor/urllib3/__pycache__) by extension 'ignore_ament_install'
[2.564s] Level 1:colcon.colcon_core.package_identification:_identify(src/amiga-ros2-bridge/venv/lib/python3.10/site-packages/pip/_vendor/urllib3/__pycache__) by extensions ['colcon_pkg']
[2.564s] Level 1:colcon.colcon_core.package_identification:_identify(src/amiga-ros2-bridge/venv/lib/python3.10/site-packages/pip/_vendor/urllib3/__pycache__) by extension 'colcon_pkg'
[2.564s] Level 1:colcon.colcon_core.package_identification:_identify(src/amiga-ros2-bridge/venv/lib/python3.10/site-packages/pip/_vendor/urllib3/__pycache__) by extensions ['colcon_meta']
[2.564s] Level 1:colcon.colcon_core.package_identification:_identify(src/amiga-ros2-bridge/venv/lib/python3.10/site-packages/pip/_vendor/urllib3/__pycache__) by extension 'colcon_meta'
[2.564s] Level 1:colcon.colcon_core.package_identification:_identify(src/amiga-ros2-bridge/venv/lib/python3.10/site-packages/pip/_vendor/urllib3/__pycache__) by extensions ['ros']
[2.564s] Level 1:colcon.colcon_core.package_identification:_identify(src/amiga-ros2-bridge/venv/lib/python3.10/site-packages/pip/_vendor/urllib3/__pycache__) by extension 'ros'
[2.564s] Level 1:colcon.colcon_core.package_identification:_identify(src/amiga-ros2-bridge/venv/lib/python3.10/site-packages/pip/_vendor/urllib3/__pycache__) by extensions ['cmake', 'python']
[2.564s] Level 1:colcon.colcon_core.package_identification:_identify(src/amiga-ros2-bridge/venv/lib/python3.10/site-packages/pip/_vendor/urllib3/__pycache__) by extension 'cmake'
[2.564s] Level 1:colcon.colcon_core.package_identification:_identify(src/amiga-ros2-bridge/venv/lib/python3.10/site-packages/pip/_vendor/urllib3/__pycache__) by extension 'python'
[2.565s] Level 1:colcon.colcon_core.package_identification:_identify(src/amiga-ros2-bridge/venv/lib/python3.10/site-packages/pip/_vendor/urllib3/__pycache__) by extensions ['python_setup_py']
[2.565s] Level 1:colcon.colcon_core.package_identification:_identify(src/amiga-ros2-bridge/venv/lib/python3.10/site-packages/pip/_vendor/urllib3/__pycache__) by extension 'python_setup_py'
[2.565s] Level 1:colcon.colcon_core.package_identification:_identify(src/amiga-ros2-bridge/venv/lib/python3.10/site-packages/pip/_vendor/urllib3/contrib) by extensions ['ignore', 'ignore_ament_install']
[2.565s] Level 1:colcon.colcon_core.package_identification:_identify(src/amiga-ros2-bridge/venv/lib/python3.10/site-packages/pip/_vendor/urllib3/contrib) by extension 'ignore'
[2.565s] Level 1:colcon.colcon_core.package_identification:_identify(src/amiga-ros2-bridge/venv/lib/python3.10/site-packages/pip/_vendor/urllib3/contrib) by extension 'ignore_ament_install'
[2.565s] Level 1:colcon.colcon_core.package_identification:_identify(src/amiga-ros2-bridge/venv/lib/python3.10/site-packages/pip/_vendor/urllib3/contrib) by extensions ['colcon_pkg']
[2.565s] Level 1:colcon.colcon_core.package_identification:_identify(src/amiga-ros2-bridge/venv/lib/python3.10/site-packages/pip/_vendor/urllib3/contrib) by extension 'colcon_pkg'
[2.565s] Level 1:colcon.colcon_core.package_identification:_identify(src/amiga-ros2-bridge/venv/lib/python3.10/site-packages/pip/_vendor/urllib3/contrib) by extensions ['colcon_meta']
[2.566s] Level 1:colcon.colcon_core.package_identification:_identify(src/amiga-ros2-bridge/venv/lib/python3.10/site-packages/pip/_vendor/urllib3/contrib) by extension 'colcon_meta'
[2.566s] Level 1:colcon.colcon_core.package_identification:_identify(src/amiga-ros2-bridge/venv/lib/python3.10/site-packages/pip/_vendor/urllib3/contrib) by extensions ['ros']
[2.566s] Level 1:colcon.colcon_core.package_identification:_identify(src/amiga-ros2-bridge/venv/lib/python3.10/site-packages/pip/_vendor/urllib3/contrib) by extension 'ros'
[2.566s] Level 1:colcon.colcon_core.package_identification:_identify(src/amiga-ros2-bridge/venv/lib/python3.10/site-packages/pip/_vendor/urllib3/contrib) by extensions ['cmake', 'python']
[2.566s] Level 1:colcon.colcon_core.package_identification:_identify(src/amiga-ros2-bridge/venv/lib/python3.10/site-packages/pip/_vendor/urllib3/contrib) by extension 'cmake'
[2.566s] Level 1:colcon.colcon_core.package_identification:_identify(src/amiga-ros2-bridge/venv/lib/python3.10/site-packages/pip/_vendor/urllib3/contrib) by extension 'python'
[2.566s] Level 1:colcon.colcon_core.package_identification:_identify(src/amiga-ros2-bridge/venv/lib/python3.10/site-packages/pip/_vendor/urllib3/contrib) by extensions ['python_setup_py']
[2.566s] Level 1:colcon.colcon_core.package_identification:_identify(src/amiga-ros2-bridge/venv/lib/python3.10/site-packages/pip/_vendor/urllib3/contrib) by extension 'python_setup_py'
[2.567s] Level 1:colcon.colcon_core.package_identification:_identify(src/amiga-ros2-bridge/venv/lib/python3.10/site-packages/pip/_vendor/urllib3/contrib/__pycache__) by extensions ['ignore', 'ignore_ament_install']
[2.567s] Level 1:colcon.colcon_core.package_identification:_identify(src/amiga-ros2-bridge/venv/lib/python3.10/site-packages/pip/_vendor/urllib3/contrib/__pycache__) by extension 'ignore'
[2.567s] Level 1:colcon.colcon_core.package_identification:_identify(src/amiga-ros2-bridge/venv/lib/python3.10/site-packages/pip/_vendor/urllib3/contrib/__pycache__) by extension 'ignore_ament_install'
[2.567s] Level 1:colcon.colcon_core.package_identification:_identify(src/amiga-ros2-bridge/venv/lib/python3.10/site-packages/pip/_vendor/urllib3/contrib/__pycache__) by extensions ['colcon_pkg']
[2.567s] Level 1:colcon.colcon_core.package_identification:_identify(src/amiga-ros2-bridge/venv/lib/python3.10/site-packages/pip/_vendor/urllib3/contrib/__pycache__) by extension 'colcon_pkg'
[2.567s] Level 1:colcon.colcon_core.package_identification:_identify(src/amiga-ros2-bridge/venv/lib/python3.10/site-packages/pip/_vendor/urllib3/contrib/__pycache__) by extensions ['colcon_meta']
[2.567s] Level 1:colcon.colcon_core.package_identification:_identify(src/amiga-ros2-bridge/venv/lib/python3.10/site-packages/pip/_vendor/urllib3/contrib/__pycache__) by extension 'colcon_meta'
[2.567s] Level 1:colcon.colcon_core.package_identification:_identify(src/amiga-ros2-bridge/venv/lib/python3.10/site-packages/pip/_vendor/urllib3/contrib/__pycache__) by extensions ['ros']
[2.567s] Level 1:colcon.colcon_core.package_identification:_identify(src/amiga-ros2-bridge/venv/lib/python3.10/site-packages/pip/_vendor/urllib3/contrib/__pycache__) by extension 'ros'
[2.568s] Level 1:colcon.colcon_core.package_identification:_identify(src/amiga-ros2-bridge/venv/lib/python3.10/site-packages/pip/_vendor/urllib3/contrib/__pycache__) by extensions ['cmake', 'python']
[2.568s] Level 1:colcon.colcon_core.package_identification:_identify(src/amiga-ros2-bridge/venv/lib/python3.10/site-packages/pip/_vendor/urllib3/contrib/__pycache__) by extension 'cmake'
[2.568s] Level 1:colcon.colcon_core.package_identification:_identify(src/amiga-ros2-bridge/venv/lib/python3.10/site-packages/pip/_vendor/urllib3/contrib/__pycache__) by extension 'python'
[2.568s] Level 1:colcon.colcon_core.package_identification:_identify(src/amiga-ros2-bridge/venv/lib/python3.10/site-packages/pip/_vendor/urllib3/contrib/__pycache__) by extensions ['python_setup_py']
[2.568s] Level 1:colcon.colcon_core.package_identification:_identify(src/amiga-ros2-bridge/venv/lib/python3.10/site-packages/pip/_vendor/urllib3/contrib/__pycache__) by extension 'python_setup_py'
[2.568s] Level 1:colcon.colcon_core.package_identification:_identify(src/amiga-ros2-bridge/venv/lib/python3.10/site-packages/pip/_vendor/urllib3/contrib/_securetransport) by extensions ['ignore', 'ignore_ament_install']
[2.568s] Level 1:colcon.colcon_core.package_identification:_identify(src/amiga-ros2-bridge/venv/lib/python3.10/site-packages/pip/_vendor/urllib3/contrib/_securetransport) by extension 'ignore'
[2.569s] Level 1:colcon.colcon_core.package_identification:_identify(src/amiga-ros2-bridge/venv/lib/python3.10/site-packages/pip/_vendor/urllib3/contrib/_securetransport) by extension 'ignore_ament_install'
[2.569s] Level 1:colcon.colcon_core.package_identification:_identify(src/amiga-ros2-bridge/venv/lib/python3.10/site-packages/pip/_vendor/urllib3/contrib/_securetransport) by extensions ['colcon_pkg']
[2.569s] Level 1:colcon.colcon_core.package_identification:_identify(src/amiga-ros2-bridge/venv/lib/python3.10/site-packages/pip/_vendor/urllib3/contrib/_securetransport) by extension 'colcon_pkg'
[2.569s] Level 1:colcon.colcon_core.package_identification:_identify(src/amiga-ros2-bridge/venv/lib/python3.10/site-packages/pip/_vendor/urllib3/contrib/_securetransport) by extensions ['colcon_meta']
[2.569s] Level 1:colcon.colcon_core.package_identification:_identify(src/amiga-ros2-bridge/venv/lib/python3.10/site-packages/pip/_vendor/urllib3/contrib/_securetransport) by extension 'colcon_meta'
[2.569s] Level 1:colcon.colcon_core.package_identification:_identify(src/amiga-ros2-bridge/venv/lib/python3.10/site-packages/pip/_vendor/urllib3/contrib/_securetransport) by extensions ['ros']
[2.569s] Level 1:colcon.colcon_core.package_identification:_identify(src/amiga-ros2-bridge/venv/lib/python3.10/site-packages/pip/_vendor/urllib3/contrib/_securetransport) by extension 'ros'
[2.569s] Level 1:colcon.colcon_core.package_identification:_identify(src/amiga-ros2-bridge/venv/lib/python3.10/site-packages/pip/_vendor/urllib3/contrib/_securetransport) by extensions ['cmake', 'python']
[2.569s] Level 1:colcon.colcon_core.package_identification:_identify(src/amiga-ros2-bridge/venv/lib/python3.10/site-packages/pip/_vendor/urllib3/contrib/_securetransport) by extension 'cmake'
[2.569s] Level 1:colcon.colcon_core.package_identification:_identify(src/amiga-ros2-bridge/venv/lib/python3.10/site-packages/pip/_vendor/urllib3/contrib/_securetransport) by extension 'python'
[2.570s] Level 1:colcon.colcon_core.package_identification:_identify(src/amiga-ros2-bridge/venv/lib/python3.10/site-packages/pip/_vendor/urllib3/contrib/_securetransport) by extensions ['python_setup_py']
[2.570s] Level 1:colcon.colcon_core.package_identification:_identify(src/amiga-ros2-bridge/venv/lib/python3.10/site-packages/pip/_vendor/urllib3/contrib/_securetransport) by extension 'python_setup_py'
[2.570s] Level 1:colcon.colcon_core.package_identification:_identify(src/amiga-ros2-bridge/venv/lib/python3.10/site-packages/pip/_vendor/urllib3/contrib/_securetransport/__pycache__) by extensions ['ignore', 'ignore_ament_install']
[2.570s] Level 1:colcon.colcon_core.package_identification:_identify(src/amiga-ros2-bridge/venv/lib/python3.10/site-packages/pip/_vendor/urllib3/contrib/_securetransport/__pycache__) by extension 'ignore'
[2.570s] Level 1:colcon.colcon_core.package_identification:_identify(src/amiga-ros2-bridge/venv/lib/python3.10/site-packages/pip/_vendor/urllib3/contrib/_securetransport/__pycache__) by extension 'ignore_ament_install'
[2.570s] Level 1:colcon.colcon_core.package_identification:_identify(src/amiga-ros2-bridge/venv/lib/python3.10/site-packages/pip/_vendor/urllib3/contrib/_securetransport/__pycache__) by extensions ['colcon_pkg']
[2.570s] Level 1:colcon.colcon_core.package_identification:_identify(src/amiga-ros2-bridge/venv/lib/python3.10/site-packages/pip/_vendor/urllib3/contrib/_securetransport/__pycache__) by extension 'colcon_pkg'
[2.571s] Level 1:colcon.colcon_core.package_identification:_identify(src/amiga-ros2-bridge/venv/lib/python3.10/site-packages/pip/_vendor/urllib3/contrib/_securetransport/__pycache__) by extensions ['colcon_meta']
[2.571s] Level 1:colcon.colcon_core.package_identification:_identify(src/amiga-ros2-bridge/venv/lib/python3.10/site-packages/pip/_vendor/urllib3/contrib/_securetransport/__pycache__) by extension 'colcon_meta'
[2.571s] Level 1:colcon.colcon_core.package_identification:_identify(src/amiga-ros2-bridge/venv/lib/python3.10/site-packages/pip/_vendor/urllib3/contrib/_securetransport/__pycache__) by extensions ['ros']
[2.571s] Level 1:colcon.colcon_core.package_identification:_identify(src/amiga-ros2-bridge/venv/lib/python3.10/site-packages/pip/_vendor/urllib3/contrib/_securetransport/__pycache__) by extension 'ros'
[2.571s] Level 1:colcon.colcon_core.package_identification:_identify(src/amiga-ros2-bridge/venv/lib/python3.10/site-packages/pip/_vendor/urllib3/contrib/_securetransport/__pycache__) by extensions ['cmake', 'python']
[2.571s] Level 1:colcon.colcon_core.package_identification:_identify(src/amiga-ros2-bridge/venv/lib/python3.10/site-packages/pip/_vendor/urllib3/contrib/_securetransport/__pycache__) by extension 'cmake'
[2.571s] Level 1:colcon.colcon_core.package_identification:_identify(src/amiga-ros2-bridge/venv/lib/python3.10/site-packages/pip/_vendor/urllib3/contrib/_securetransport/__pycache__) by extension 'python'
[2.571s] Level 1:colcon.colcon_core.package_identification:_identify(src/amiga-ros2-bridge/venv/lib/python3.10/site-packages/pip/_vendor/urllib3/contrib/_securetransport/__pycache__) by extensions ['python_setup_py']
[2.571s] Level 1:colcon.colcon_core.package_identification:_identify(src/amiga-ros2-bridge/venv/lib/python3.10/site-packages/pip/_vendor/urllib3/contrib/_securetransport/__pycache__) by extension 'python_setup_py'
[2.572s] Level 1:colcon.colcon_core.package_identification:_identify(src/amiga-ros2-bridge/venv/lib/python3.10/site-packages/pip/_vendor/urllib3/packages) by extensions ['ignore', 'ignore_ament_install']
[2.572s] Level 1:colcon.colcon_core.package_identification:_identify(src/amiga-ros2-bridge/venv/lib/python3.10/site-packages/pip/_vendor/urllib3/packages) by extension 'ignore'
[2.572s] Level 1:colcon.colcon_core.package_identification:_identify(src/amiga-ros2-bridge/venv/lib/python3.10/site-packages/pip/_vendor/urllib3/packages) by extension 'ignore_ament_install'
[2.572s] Level 1:colcon.colcon_core.package_identification:_identify(src/amiga-ros2-bridge/venv/lib/python3.10/site-packages/pip/_vendor/urllib3/packages) by extensions ['colcon_pkg']
[2.572s] Level 1:colcon.colcon_core.package_identification:_identify(src/amiga-ros2-bridge/venv/lib/python3.10/site-packages/pip/_vendor/urllib3/packages) by extension 'colcon_pkg'
[2.572s] Level 1:colcon.colcon_core.package_identification:_identify(src/amiga-ros2-bridge/venv/lib/python3.10/site-packages/pip/_vendor/urllib3/packages) by extensions ['colcon_meta']
[2.572s] Level 1:colcon.colcon_core.package_identification:_identify(src/amiga-ros2-bridge/venv/lib/python3.10/site-packages/pip/_vendor/urllib3/packages) by extension 'colcon_meta'
[2.572s] Level 1:colcon.colcon_core.package_identification:_identify(src/amiga-ros2-bridge/venv/lib/python3.10/site-packages/pip/_vendor/urllib3/packages) by extensions ['ros']
[2.573s] Level 1:colcon.colcon_core.package_identification:_identify(src/amiga-ros2-bridge/venv/lib/python3.10/site-packages/pip/_vendor/urllib3/packages) by extension 'ros'
[2.573s] Level 1:colcon.colcon_core.package_identification:_identify(src/amiga-ros2-bridge/venv/lib/python3.10/site-packages/pip/_vendor/urllib3/packages) by extensions ['cmake', 'python']
[2.573s] Level 1:colcon.colcon_core.package_identification:_identify(src/amiga-ros2-bridge/venv/lib/python3.10/site-packages/pip/_vendor/urllib3/packages) by extension 'cmake'
[2.573s] Level 1:colcon.colcon_core.package_identification:_identify(src/amiga-ros2-bridge/venv/lib/python3.10/site-packages/pip/_vendor/urllib3/packages) by extension 'python'
[2.573s] Level 1:colcon.colcon_core.package_identification:_identify(src/amiga-ros2-bridge/venv/lib/python3.10/site-packages/pip/_vendor/urllib3/packages) by extensions ['python_setup_py']
[2.573s] Level 1:colcon.colcon_core.package_identification:_identify(src/amiga-ros2-bridge/venv/lib/python3.10/site-packages/pip/_vendor/urllib3/packages) by extension 'python_setup_py'
[2.573s] Level 1:colcon.colcon_core.package_identification:_identify(src/amiga-ros2-bridge/venv/lib/python3.10/site-packages/pip/_vendor/urllib3/packages/__pycache__) by extensions ['ignore', 'ignore_ament_install']
[2.573s] Level 1:colcon.colcon_core.package_identification:_identify(src/amiga-ros2-bridge/venv/lib/python3.10/site-packages/pip/_vendor/urllib3/packages/__pycache__) by extension 'ignore'
[2.574s] Level 1:colcon.colcon_core.package_identification:_identify(src/amiga-ros2-bridge/venv/lib/python3.10/site-packages/pip/_vendor/urllib3/packages/__pycache__) by extension 'ignore_ament_install'
[2.574s] Level 1:colcon.colcon_core.package_identification:_identify(src/amiga-ros2-bridge/venv/lib/python3.10/site-packages/pip/_vendor/urllib3/packages/__pycache__) by extensions ['colcon_pkg']
[2.574s] Level 1:colcon.colcon_core.package_identification:_identify(src/amiga-ros2-bridge/venv/lib/python3.10/site-packages/pip/_vendor/urllib3/packages/__pycache__) by extension 'colcon_pkg'
[2.574s] Level 1:colcon.colcon_core.package_identification:_identify(src/amiga-ros2-bridge/venv/lib/python3.10/site-packages/pip/_vendor/urllib3/packages/__pycache__) by extensions ['colcon_meta']
[2.574s] Level 1:colcon.colcon_core.package_identification:_identify(src/amiga-ros2-bridge/venv/lib/python3.10/site-packages/pip/_vendor/urllib3/packages/__pycache__) by extension 'colcon_meta'
[2.574s] Level 1:colcon.colcon_core.package_identification:_identify(src/amiga-ros2-bridge/venv/lib/python3.10/site-packages/pip/_vendor/urllib3/packages/__pycache__) by extensions ['ros']
[2.574s] Level 1:colcon.colcon_core.package_identification:_identify(src/amiga-ros2-bridge/venv/lib/python3.10/site-packages/pip/_vendor/urllib3/packages/__pycache__) by extension 'ros'
[2.574s] Level 1:colcon.colcon_core.package_identification:_identify(src/amiga-ros2-bridge/venv/lib/python3.10/site-packages/pip/_vendor/urllib3/packages/__pycache__) by extensions ['cmake', 'python']
[2.574s] Level 1:colcon.colcon_core.package_identification:_identify(src/amiga-ros2-bridge/venv/lib/python3.10/site-packages/pip/_vendor/urllib3/packages/__pycache__) by extension 'cmake'
[2.574s] Level 1:colcon.colcon_core.package_identification:_identify(src/amiga-ros2-bridge/venv/lib/python3.10/site-packages/pip/_vendor/urllib3/packages/__pycache__) by extension 'python'
[2.575s] Level 1:colcon.colcon_core.package_identification:_identify(src/amiga-ros2-bridge/venv/lib/python3.10/site-packages/pip/_vendor/urllib3/packages/__pycache__) by extensions ['python_setup_py']
[2.575s] Level 1:colcon.colcon_core.package_identification:_identify(src/amiga-ros2-bridge/venv/lib/python3.10/site-packages/pip/_vendor/urllib3/packages/__pycache__) by extension 'python_setup_py'
[2.575s] Level 1:colcon.colcon_core.package_identification:_identify(src/amiga-ros2-bridge/venv/lib/python3.10/site-packages/pip/_vendor/urllib3/packages/backports) by extensions ['ignore', 'ignore_ament_install']
[2.575s] Level 1:colcon.colcon_core.package_identification:_identify(src/amiga-ros2-bridge/venv/lib/python3.10/site-packages/pip/_vendor/urllib3/packages/backports) by extension 'ignore'
[2.575s] Level 1:colcon.colcon_core.package_identification:_identify(src/amiga-ros2-bridge/venv/lib/python3.10/site-packages/pip/_vendor/urllib3/packages/backports) by extension 'ignore_ament_install'
[2.575s] Level 1:colcon.colcon_core.package_identification:_identify(src/amiga-ros2-bridge/venv/lib/python3.10/site-packages/pip/_vendor/urllib3/packages/backports) by extensions ['colcon_pkg']
[2.575s] Level 1:colcon.colcon_core.package_identification:_identify(src/amiga-ros2-bridge/venv/lib/python3.10/site-packages/pip/_vendor/urllib3/packages/backports) by extension 'colcon_pkg'
[2.576s] Level 1:colcon.colcon_core.package_identification:_identify(src/amiga-ros2-bridge/venv/lib/python3.10/site-packages/pip/_vendor/urllib3/packages/backports) by extensions ['colcon_meta']
[2.576s] Level 1:colcon.colcon_core.package_identification:_identify(src/amiga-ros2-bridge/venv/lib/python3.10/site-packages/pip/_vendor/urllib3/packages/backports) by extension 'colcon_meta'
[2.576s] Level 1:colcon.colcon_core.package_identification:_identify(src/amiga-ros2-bridge/venv/lib/python3.10/site-packages/pip/_vendor/urllib3/packages/backports) by extensions ['ros']
[2.576s] Level 1:colcon.colcon_core.package_identification:_identify(src/amiga-ros2-bridge/venv/lib/python3.10/site-packages/pip/_vendor/urllib3/packages/backports) by extension 'ros'
[2.576s] Level 1:colcon.colcon_core.package_identification:_identify(src/amiga-ros2-bridge/venv/lib/python3.10/site-packages/pip/_vendor/urllib3/packages/backports) by extensions ['cmake', 'python']
[2.576s] Level 1:colcon.colcon_core.package_identification:_identify(src/amiga-ros2-bridge/venv/lib/python3.10/site-packages/pip/_vendor/urllib3/packages/backports) by extension 'cmake'
[2.576s] Level 1:colcon.colcon_core.package_identification:_identify(src/amiga-ros2-bridge/venv/lib/python3.10/site-packages/pip/_vendor/urllib3/packages/backports) by extension 'python'
[2.576s] Level 1:colcon.colcon_core.package_identification:_identify(src/amiga-ros2-bridge/venv/lib/python3.10/site-packages/pip/_vendor/urllib3/packages/backports) by extensions ['python_setup_py']
[2.576s] Level 1:colcon.colcon_core.package_identification:_identify(src/amiga-ros2-bridge/venv/lib/python3.10/site-packages/pip/_vendor/urllib3/packages/backports) by extension 'python_setup_py'
[2.577s] Level 1:colcon.colcon_core.package_identification:_identify(src/amiga-ros2-bridge/venv/lib/python3.10/site-packages/pip/_vendor/urllib3/packages/backports/__pycache__) by extensions ['ignore', 'ignore_ament_install']
[2.577s] Level 1:colcon.colcon_core.package_identification:_identify(src/amiga-ros2-bridge/venv/lib/python3.10/site-packages/pip/_vendor/urllib3/packages/backports/__pycache__) by extension 'ignore'
[2.577s] Level 1:colcon.colcon_core.package_identification:_identify(src/amiga-ros2-bridge/venv/lib/python3.10/site-packages/pip/_vendor/urllib3/packages/backports/__pycache__) by extension 'ignore_ament_install'
[2.577s] Level 1:colcon.colcon_core.package_identification:_identify(src/amiga-ros2-bridge/venv/lib/python3.10/site-packages/pip/_vendor/urllib3/packages/backports/__pycache__) by extensions ['colcon_pkg']
[2.577s] Level 1:colcon.colcon_core.package_identification:_identify(src/amiga-ros2-bridge/venv/lib/python3.10/site-packages/pip/_vendor/urllib3/packages/backports/__pycache__) by extension 'colcon_pkg'
[2.577s] Level 1:colcon.colcon_core.package_identification:_identify(src/amiga-ros2-bridge/venv/lib/python3.10/site-packages/pip/_vendor/urllib3/packages/backports/__pycache__) by extensions ['colcon_meta']
[2.577s] Level 1:colcon.colcon_core.package_identification:_identify(src/amiga-ros2-bridge/venv/lib/python3.10/site-packages/pip/_vendor/urllib3/packages/backports/__pycache__) by extension 'colcon_meta'
[2.577s] Level 1:colcon.colcon_core.package_identification:_identify(src/amiga-ros2-bridge/venv/lib/python3.10/site-packages/pip/_vendor/urllib3/packages/backports/__pycache__) by extensions ['ros']
[2.577s] Level 1:colcon.colcon_core.package_identification:_identify(src/amiga-ros2-bridge/venv/lib/python3.10/site-packages/pip/_vendor/urllib3/packages/backports/__pycache__) by extension 'ros'
[2.578s] Level 1:colcon.colcon_core.package_identification:_identify(src/amiga-ros2-bridge/venv/lib/python3.10/site-packages/pip/_vendor/urllib3/packages/backports/__pycache__) by extensions ['cmake', 'python']
[2.578s] Level 1:colcon.colcon_core.package_identification:_identify(src/amiga-ros2-bridge/venv/lib/python3.10/site-packages/pip/_vendor/urllib3/packages/backports/__pycache__) by extension 'cmake'
[2.578s] Level 1:colcon.colcon_core.package_identification:_identify(src/amiga-ros2-bridge/venv/lib/python3.10/site-packages/pip/_vendor/urllib3/packages/backports/__pycache__) by extension 'python'
[2.578s] Level 1:colcon.colcon_core.package_identification:_identify(src/amiga-ros2-bridge/venv/lib/python3.10/site-packages/pip/_vendor/urllib3/packages/backports/__pycache__) by extensions ['python_setup_py']
[2.578s] Level 1:colcon.colcon_core.package_identification:_identify(src/amiga-ros2-bridge/venv/lib/python3.10/site-packages/pip/_vendor/urllib3/packages/backports/__pycache__) by extension 'python_setup_py'
[2.578s] Level 1:colcon.colcon_core.package_identification:_identify(src/amiga-ros2-bridge/venv/lib/python3.10/site-packages/pip/_vendor/urllib3/util) by extensions ['ignore', 'ignore_ament_install']
[2.578s] Level 1:colcon.colcon_core.package_identification:_identify(src/amiga-ros2-bridge/venv/lib/python3.10/site-packages/pip/_vendor/urllib3/util) by extension 'ignore'
[2.579s] Level 1:colcon.colcon_core.package_identification:_identify(src/amiga-ros2-bridge/venv/lib/python3.10/site-packages/pip/_vendor/urllib3/util) by extension 'ignore_ament_install'
[2.579s] Level 1:colcon.colcon_core.package_identification:_identify(src/amiga-ros2-bridge/venv/lib/python3.10/site-packages/pip/_vendor/urllib3/util) by extensions ['colcon_pkg']
[2.579s] Level 1:colcon.colcon_core.package_identification:_identify(src/amiga-ros2-bridge/venv/lib/python3.10/site-packages/pip/_vendor/urllib3/util) by extension 'colcon_pkg'
[2.579s] Level 1:colcon.colcon_core.package_identification:_identify(src/amiga-ros2-bridge/venv/lib/python3.10/site-packages/pip/_vendor/urllib3/util) by extensions ['colcon_meta']
[2.579s] Level 1:colcon.colcon_core.package_identification:_identify(src/amiga-ros2-bridge/venv/lib/python3.10/site-packages/pip/_vendor/urllib3/util) by extension 'colcon_meta'
[2.579s] Level 1:colcon.colcon_core.package_identification:_identify(src/amiga-ros2-bridge/venv/lib/python3.10/site-packages/pip/_vendor/urllib3/util) by extensions ['ros']
[2.579s] Level 1:colcon.colcon_core.package_identification:_identify(src/amiga-ros2-bridge/venv/lib/python3.10/site-packages/pip/_vendor/urllib3/util) by extension 'ros'
[2.579s] Level 1:colcon.colcon_core.package_identification:_identify(src/amiga-ros2-bridge/venv/lib/python3.10/site-packages/pip/_vendor/urllib3/util) by extensions ['cmake', 'python']
[2.579s] Level 1:colcon.colcon_core.package_identification:_identify(src/amiga-ros2-bridge/venv/lib/python3.10/site-packages/pip/_vendor/urllib3/util) by extension 'cmake'
[2.580s] Level 1:colcon.colcon_core.package_identification:_identify(src/amiga-ros2-bridge/venv/lib/python3.10/site-packages/pip/_vendor/urllib3/util) by extension 'python'
[2.580s] Level 1:colcon.colcon_core.package_identification:_identify(src/amiga-ros2-bridge/venv/lib/python3.10/site-packages/pip/_vendor/urllib3/util) by extensions ['python_setup_py']
[2.580s] Level 1:colcon.colcon_core.package_identification:_identify(src/amiga-ros2-bridge/venv/lib/python3.10/site-packages/pip/_vendor/urllib3/util) by extension 'python_setup_py'
[2.580s] Level 1:colcon.colcon_core.package_identification:_identify(src/amiga-ros2-bridge/venv/lib/python3.10/site-packages/pip/_vendor/urllib3/util/__pycache__) by extensions ['ignore', 'ignore_ament_install']
[2.580s] Level 1:colcon.colcon_core.package_identification:_identify(src/amiga-ros2-bridge/venv/lib/python3.10/site-packages/pip/_vendor/urllib3/util/__pycache__) by extension 'ignore'
[2.580s] Level 1:colcon.colcon_core.package_identification:_identify(src/amiga-ros2-bridge/venv/lib/python3.10/site-packages/pip/_vendor/urllib3/util/__pycache__) by extension 'ignore_ament_install'
[2.580s] Level 1:colcon.colcon_core.package_identification:_identify(src/amiga-ros2-bridge/venv/lib/python3.10/site-packages/pip/_vendor/urllib3/util/__pycache__) by extensions ['colcon_pkg']
[2.580s] Level 1:colcon.colcon_core.package_identification:_identify(src/amiga-ros2-bridge/venv/lib/python3.10/site-packages/pip/_vendor/urllib3/util/__pycache__) by extension 'colcon_pkg'
[2.581s] Level 1:colcon.colcon_core.package_identification:_identify(src/amiga-ros2-bridge/venv/lib/python3.10/site-packages/pip/_vendor/urllib3/util/__pycache__) by extensions ['colcon_meta']
[2.581s] Level 1:colcon.colcon_core.package_identification:_identify(src/amiga-ros2-bridge/venv/lib/python3.10/site-packages/pip/_vendor/urllib3/util/__pycache__) by extension 'colcon_meta'
[2.581s] Level 1:colcon.colcon_core.package_identification:_identify(src/amiga-ros2-bridge/venv/lib/python3.10/site-packages/pip/_vendor/urllib3/util/__pycache__) by extensions ['ros']
[2.581s] Level 1:colcon.colcon_core.package_identification:_identify(src/amiga-ros2-bridge/venv/lib/python3.10/site-packages/pip/_vendor/urllib3/util/__pycache__) by extension 'ros'
[2.581s] Level 1:colcon.colcon_core.package_identification:_identify(src/amiga-ros2-bridge/venv/lib/python3.10/site-packages/pip/_vendor/urllib3/util/__pycache__) by extensions ['cmake', 'python']
[2.581s] Level 1:colcon.colcon_core.package_identification:_identify(src/amiga-ros2-bridge/venv/lib/python3.10/site-packages/pip/_vendor/urllib3/util/__pycache__) by extension 'cmake'
[2.581s] Level 1:colcon.colcon_core.package_identification:_identify(src/amiga-ros2-bridge/venv/lib/python3.10/site-packages/pip/_vendor/urllib3/util/__pycache__) by extension 'python'
[2.581s] Level 1:colcon.colcon_core.package_identification:_identify(src/amiga-ros2-bridge/venv/lib/python3.10/site-packages/pip/_vendor/urllib3/util/__pycache__) by extensions ['python_setup_py']
[2.581s] Level 1:colcon.colcon_core.package_identification:_identify(src/amiga-ros2-bridge/venv/lib/python3.10/site-packages/pip/_vendor/urllib3/util/__pycache__) by extension 'python_setup_py'
[2.582s] Level 1:colcon.colcon_core.package_identification:_identify(src/amiga-ros2-bridge/venv/lib/python3.10/site-packages/pip-25.0.1.dist-info) by extensions ['ignore', 'ignore_ament_install']
[2.582s] Level 1:colcon.colcon_core.package_identification:_identify(src/amiga-ros2-bridge/venv/lib/python3.10/site-packages/pip-25.0.1.dist-info) by extension 'ignore'
[2.582s] Level 1:colcon.colcon_core.package_identification:_identify(src/amiga-ros2-bridge/venv/lib/python3.10/site-packages/pip-25.0.1.dist-info) by extension 'ignore_ament_install'
[2.582s] Level 1:colcon.colcon_core.package_identification:_identify(src/amiga-ros2-bridge/venv/lib/python3.10/site-packages/pip-25.0.1.dist-info) by extensions ['colcon_pkg']
[2.582s] Level 1:colcon.colcon_core.package_identification:_identify(src/amiga-ros2-bridge/venv/lib/python3.10/site-packages/pip-25.0.1.dist-info) by extension 'colcon_pkg'
[2.582s] Level 1:colcon.colcon_core.package_identification:_identify(src/amiga-ros2-bridge/venv/lib/python3.10/site-packages/pip-25.0.1.dist-info) by extensions ['colcon_meta']
[2.582s] Level 1:colcon.colcon_core.package_identification:_identify(src/amiga-ros2-bridge/venv/lib/python3.10/site-packages/pip-25.0.1.dist-info) by extension 'colcon_meta'
[2.582s] Level 1:colcon.colcon_core.package_identification:_identify(src/amiga-ros2-bridge/venv/lib/python3.10/site-packages/pip-25.0.1.dist-info) by extensions ['ros']
[2.583s] Level 1:colcon.colcon_core.package_identification:_identify(src/amiga-ros2-bridge/venv/lib/python3.10/site-packages/pip-25.0.1.dist-info) by extension 'ros'
[2.583s] Level 1:colcon.colcon_core.package_identification:_identify(src/amiga-ros2-bridge/venv/lib/python3.10/site-packages/pip-25.0.1.dist-info) by extensions ['cmake', 'python']
[2.583s] Level 1:colcon.colcon_core.package_identification:_identify(src/amiga-ros2-bridge/venv/lib/python3.10/site-packages/pip-25.0.1.dist-info) by extension 'cmake'
[2.583s] Level 1:colcon.colcon_core.package_identification:_identify(src/amiga-ros2-bridge/venv/lib/python3.10/site-packages/pip-25.0.1.dist-info) by extension 'python'
[2.583s] Level 1:colcon.colcon_core.package_identification:_identify(src/amiga-ros2-bridge/venv/lib/python3.10/site-packages/pip-25.0.1.dist-info) by extensions ['python_setup_py']
[2.583s] Level 1:colcon.colcon_core.package_identification:_identify(src/amiga-ros2-bridge/venv/lib/python3.10/site-packages/pip-25.0.1.dist-info) by extension 'python_setup_py'
[2.583s] Level 1:colcon.colcon_core.package_identification:_identify(src/amiga-ros2-bridge/venv/lib/python3.10/site-packages/pkg_resources) by extensions ['ignore', 'ignore_ament_install']
[2.583s] Level 1:colcon.colcon_core.package_identification:_identify(src/amiga-ros2-bridge/venv/lib/python3.10/site-packages/pkg_resources) by extension 'ignore'
[2.584s] Level 1:colcon.colcon_core.package_identification:_identify(src/amiga-ros2-bridge/venv/lib/python3.10/site-packages/pkg_resources) by extension 'ignore_ament_install'
[2.584s] Level 1:colcon.colcon_core.package_identification:_identify(src/amiga-ros2-bridge/venv/lib/python3.10/site-packages/pkg_resources) by extensions ['colcon_pkg']
[2.584s] Level 1:colcon.colcon_core.package_identification:_identify(src/amiga-ros2-bridge/venv/lib/python3.10/site-packages/pkg_resources) by extension 'colcon_pkg'
[2.584s] Level 1:colcon.colcon_core.package_identification:_identify(src/amiga-ros2-bridge/venv/lib/python3.10/site-packages/pkg_resources) by extensions ['colcon_meta']
[2.584s] Level 1:colcon.colcon_core.package_identification:_identify(src/amiga-ros2-bridge/venv/lib/python3.10/site-packages/pkg_resources) by extension 'colcon_meta'
[2.584s] Level 1:colcon.colcon_core.package_identification:_identify(src/amiga-ros2-bridge/venv/lib/python3.10/site-packages/pkg_resources) by extensions ['ros']
[2.584s] Level 1:colcon.colcon_core.package_identification:_identify(src/amiga-ros2-bridge/venv/lib/python3.10/site-packages/pkg_resources) by extension 'ros'
[2.584s] Level 1:colcon.colcon_core.package_identification:_identify(src/amiga-ros2-bridge/venv/lib/python3.10/site-packages/pkg_resources) by extensions ['cmake', 'python']
[2.584s] Level 1:colcon.colcon_core.package_identification:_identify(src/amiga-ros2-bridge/venv/lib/python3.10/site-packages/pkg_resources) by extension 'cmake'
[2.584s] Level 1:colcon.colcon_core.package_identification:_identify(src/amiga-ros2-bridge/venv/lib/python3.10/site-packages/pkg_resources) by extension 'python'
[2.585s] Level 1:colcon.colcon_core.package_identification:_identify(src/amiga-ros2-bridge/venv/lib/python3.10/site-packages/pkg_resources) by extensions ['python_setup_py']
[2.585s] Level 1:colcon.colcon_core.package_identification:_identify(src/amiga-ros2-bridge/venv/lib/python3.10/site-packages/pkg_resources) by extension 'python_setup_py'
[2.585s] Level 1:colcon.colcon_core.package_identification:_identify(src/amiga-ros2-bridge/venv/lib/python3.10/site-packages/pkg_resources/__pycache__) by extensions ['ignore', 'ignore_ament_install']
[2.585s] Level 1:colcon.colcon_core.package_identification:_identify(src/amiga-ros2-bridge/venv/lib/python3.10/site-packages/pkg_resources/__pycache__) by extension 'ignore'
[2.585s] Level 1:colcon.colcon_core.package_identification:_identify(src/amiga-ros2-bridge/venv/lib/python3.10/site-packages/pkg_resources/__pycache__) by extension 'ignore_ament_install'
[2.585s] Level 1:colcon.colcon_core.package_identification:_identify(src/amiga-ros2-bridge/venv/lib/python3.10/site-packages/pkg_resources/__pycache__) by extensions ['colcon_pkg']
[2.585s] Level 1:colcon.colcon_core.package_identification:_identify(src/amiga-ros2-bridge/venv/lib/python3.10/site-packages/pkg_resources/__pycache__) by extension 'colcon_pkg'
[2.585s] Level 1:colcon.colcon_core.package_identification:_identify(src/amiga-ros2-bridge/venv/lib/python3.10/site-packages/pkg_resources/__pycache__) by extensions ['colcon_meta']
[2.586s] Level 1:colcon.colcon_core.package_identification:_identify(src/amiga-ros2-bridge/venv/lib/python3.10/site-packages/pkg_resources/__pycache__) by extension 'colcon_meta'
[2.586s] Level 1:colcon.colcon_core.package_identification:_identify(src/amiga-ros2-bridge/venv/lib/python3.10/site-packages/pkg_resources/__pycache__) by extensions ['ros']
[2.586s] Level 1:colcon.colcon_core.package_identification:_identify(src/amiga-ros2-bridge/venv/lib/python3.10/site-packages/pkg_resources/__pycache__) by extension 'ros'
[2.586s] Level 1:colcon.colcon_core.package_identification:_identify(src/amiga-ros2-bridge/venv/lib/python3.10/site-packages/pkg_resources/__pycache__) by extensions ['cmake', 'python']
[2.586s] Level 1:colcon.colcon_core.package_identification:_identify(src/amiga-ros2-bridge/venv/lib/python3.10/site-packages/pkg_resources/__pycache__) by extension 'cmake'
[2.586s] Level 1:colcon.colcon_core.package_identification:_identify(src/amiga-ros2-bridge/venv/lib/python3.10/site-packages/pkg_resources/__pycache__) by extension 'python'
[2.586s] Level 1:colcon.colcon_core.package_identification:_identify(src/amiga-ros2-bridge/venv/lib/python3.10/site-packages/pkg_resources/__pycache__) by extensions ['python_setup_py']
[2.586s] Level 1:colcon.colcon_core.package_identification:_identify(src/amiga-ros2-bridge/venv/lib/python3.10/site-packages/pkg_resources/__pycache__) by extension 'python_setup_py'
[2.586s] Level 1:colcon.colcon_core.package_identification:_identify(src/amiga-ros2-bridge/venv/lib/python3.10/site-packages/pkg_resources/_vendor) by extensions ['ignore', 'ignore_ament_install']
[2.587s] Level 1:colcon.colcon_core.package_identification:_identify(src/amiga-ros2-bridge/venv/lib/python3.10/site-packages/pkg_resources/_vendor) by extension 'ignore'
[2.587s] Level 1:colcon.colcon_core.package_identification:_identify(src/amiga-ros2-bridge/venv/lib/python3.10/site-packages/pkg_resources/_vendor) by extension 'ignore_ament_install'
[2.587s] Level 1:colcon.colcon_core.package_identification:_identify(src/amiga-ros2-bridge/venv/lib/python3.10/site-packages/pkg_resources/_vendor) by extensions ['colcon_pkg']
[2.587s] Level 1:colcon.colcon_core.package_identification:_identify(src/amiga-ros2-bridge/venv/lib/python3.10/site-packages/pkg_resources/_vendor) by extension 'colcon_pkg'
[2.587s] Level 1:colcon.colcon_core.package_identification:_identify(src/amiga-ros2-bridge/venv/lib/python3.10/site-packages/pkg_resources/_vendor) by extensions ['colcon_meta']
[2.587s] Level 1:colcon.colcon_core.package_identification:_identify(src/amiga-ros2-bridge/venv/lib/python3.10/site-packages/pkg_resources/_vendor) by extension 'colcon_meta'
[2.587s] Level 1:colcon.colcon_core.package_identification:_identify(src/amiga-ros2-bridge/venv/lib/python3.10/site-packages/pkg_resources/_vendor) by extensions ['ros']
[2.587s] Level 1:colcon.colcon_core.package_identification:_identify(src/amiga-ros2-bridge/venv/lib/python3.10/site-packages/pkg_resources/_vendor) by extension 'ros'
[2.588s] Level 1:colcon.colcon_core.package_identification:_identify(src/amiga-ros2-bridge/venv/lib/python3.10/site-packages/pkg_resources/_vendor) by extensions ['cmake', 'python']
[2.588s] Level 1:colcon.colcon_core.package_identification:_identify(src/amiga-ros2-bridge/venv/lib/python3.10/site-packages/pkg_resources/_vendor) by extension 'cmake'
[2.588s] Level 1:colcon.colcon_core.package_identification:_identify(src/amiga-ros2-bridge/venv/lib/python3.10/site-packages/pkg_resources/_vendor) by extension 'python'
[2.588s] Level 1:colcon.colcon_core.package_identification:_identify(src/amiga-ros2-bridge/venv/lib/python3.10/site-packages/pkg_resources/_vendor) by extensions ['python_setup_py']
[2.588s] Level 1:colcon.colcon_core.package_identification:_identify(src/amiga-ros2-bridge/venv/lib/python3.10/site-packages/pkg_resources/_vendor) by extension 'python_setup_py'
[2.588s] Level 1:colcon.colcon_core.package_identification:_identify(src/amiga-ros2-bridge/venv/lib/python3.10/site-packages/pkg_resources/_vendor/__pycache__) by extensions ['ignore', 'ignore_ament_install']
[2.588s] Level 1:colcon.colcon_core.package_identification:_identify(src/amiga-ros2-bridge/venv/lib/python3.10/site-packages/pkg_resources/_vendor/__pycache__) by extension 'ignore'
[2.588s] Level 1:colcon.colcon_core.package_identification:_identify(src/amiga-ros2-bridge/venv/lib/python3.10/site-packages/pkg_resources/_vendor/__pycache__) by extension 'ignore_ament_install'
[2.588s] Level 1:colcon.colcon_core.package_identification:_identify(src/amiga-ros2-bridge/venv/lib/python3.10/site-packages/pkg_resources/_vendor/__pycache__) by extensions ['colcon_pkg']
[2.589s] Level 1:colcon.colcon_core.package_identification:_identify(src/amiga-ros2-bridge/venv/lib/python3.10/site-packages/pkg_resources/_vendor/__pycache__) by extension 'colcon_pkg'
[2.589s] Level 1:colcon.colcon_core.package_identification:_identify(src/amiga-ros2-bridge/venv/lib/python3.10/site-packages/pkg_resources/_vendor/__pycache__) by extensions ['colcon_meta']
[2.589s] Level 1:colcon.colcon_core.package_identification:_identify(src/amiga-ros2-bridge/venv/lib/python3.10/site-packages/pkg_resources/_vendor/__pycache__) by extension 'colcon_meta'
[2.589s] Level 1:colcon.colcon_core.package_identification:_identify(src/amiga-ros2-bridge/venv/lib/python3.10/site-packages/pkg_resources/_vendor/__pycache__) by extensions ['ros']
[2.589s] Level 1:colcon.colcon_core.package_identification:_identify(src/amiga-ros2-bridge/venv/lib/python3.10/site-packages/pkg_resources/_vendor/__pycache__) by extension 'ros'
[2.589s] Level 1:colcon.colcon_core.package_identification:_identify(src/amiga-ros2-bridge/venv/lib/python3.10/site-packages/pkg_resources/_vendor/__pycache__) by extensions ['cmake', 'python']
[2.589s] Level 1:colcon.colcon_core.package_identification:_identify(src/amiga-ros2-bridge/venv/lib/python3.10/site-packages/pkg_resources/_vendor/__pycache__) by extension 'cmake'
[2.589s] Level 1:colcon.colcon_core.package_identification:_identify(src/amiga-ros2-bridge/venv/lib/python3.10/site-packages/pkg_resources/_vendor/__pycache__) by extension 'python'
[2.589s] Level 1:colcon.colcon_core.package_identification:_identify(src/amiga-ros2-bridge/venv/lib/python3.10/site-packages/pkg_resources/_vendor/__pycache__) by extensions ['python_setup_py']
[2.589s] Level 1:colcon.colcon_core.package_identification:_identify(src/amiga-ros2-bridge/venv/lib/python3.10/site-packages/pkg_resources/_vendor/__pycache__) by extension 'python_setup_py'
[2.590s] Level 1:colcon.colcon_core.package_identification:_identify(src/amiga-ros2-bridge/venv/lib/python3.10/site-packages/pkg_resources/_vendor/packaging) by extensions ['ignore', 'ignore_ament_install']
[2.590s] Level 1:colcon.colcon_core.package_identification:_identify(src/amiga-ros2-bridge/venv/lib/python3.10/site-packages/pkg_resources/_vendor/packaging) by extension 'ignore'
[2.590s] Level 1:colcon.colcon_core.package_identification:_identify(src/amiga-ros2-bridge/venv/lib/python3.10/site-packages/pkg_resources/_vendor/packaging) by extension 'ignore_ament_install'
[2.590s] Level 1:colcon.colcon_core.package_identification:_identify(src/amiga-ros2-bridge/venv/lib/python3.10/site-packages/pkg_resources/_vendor/packaging) by extensions ['colcon_pkg']
[2.590s] Level 1:colcon.colcon_core.package_identification:_identify(src/amiga-ros2-bridge/venv/lib/python3.10/site-packages/pkg_resources/_vendor/packaging) by extension 'colcon_pkg'
[2.590s] Level 1:colcon.colcon_core.package_identification:_identify(src/amiga-ros2-bridge/venv/lib/python3.10/site-packages/pkg_resources/_vendor/packaging) by extensions ['colcon_meta']
[2.590s] Level 1:colcon.colcon_core.package_identification:_identify(src/amiga-ros2-bridge/venv/lib/python3.10/site-packages/pkg_resources/_vendor/packaging) by extension 'colcon_meta'
[2.590s] Level 1:colcon.colcon_core.package_identification:_identify(src/amiga-ros2-bridge/venv/lib/python3.10/site-packages/pkg_resources/_vendor/packaging) by extensions ['ros']
[2.591s] Level 1:colcon.colcon_core.package_identification:_identify(src/amiga-ros2-bridge/venv/lib/python3.10/site-packages/pkg_resources/_vendor/packaging) by extension 'ros'
[2.591s] Level 1:colcon.colcon_core.package_identification:_identify(src/amiga-ros2-bridge/venv/lib/python3.10/site-packages/pkg_resources/_vendor/packaging) by extensions ['cmake', 'python']
[2.591s] Level 1:colcon.colcon_core.package_identification:_identify(src/amiga-ros2-bridge/venv/lib/python3.10/site-packages/pkg_resources/_vendor/packaging) by extension 'cmake'
[2.591s] Level 1:colcon.colcon_core.package_identification:_identify(src/amiga-ros2-bridge/venv/lib/python3.10/site-packages/pkg_resources/_vendor/packaging) by extension 'python'
[2.591s] Level 1:colcon.colcon_core.package_identification:_identify(src/amiga-ros2-bridge/venv/lib/python3.10/site-packages/pkg_resources/_vendor/packaging) by extensions ['python_setup_py']
[2.591s] Level 1:colcon.colcon_core.package_identification:_identify(src/amiga-ros2-bridge/venv/lib/python3.10/site-packages/pkg_resources/_vendor/packaging) by extension 'python_setup_py'
[2.591s] Level 1:colcon.colcon_core.package_identification:_identify(src/amiga-ros2-bridge/venv/lib/python3.10/site-packages/pkg_resources/_vendor/packaging/__pycache__) by extensions ['ignore', 'ignore_ament_install']
[2.592s] Level 1:colcon.colcon_core.package_identification:_identify(src/amiga-ros2-bridge/venv/lib/python3.10/site-packages/pkg_resources/_vendor/packaging/__pycache__) by extension 'ignore'
[2.592s] Level 1:colcon.colcon_core.package_identification:_identify(src/amiga-ros2-bridge/venv/lib/python3.10/site-packages/pkg_resources/_vendor/packaging/__pycache__) by extension 'ignore_ament_install'
[2.592s] Level 1:colcon.colcon_core.package_identification:_identify(src/amiga-ros2-bridge/venv/lib/python3.10/site-packages/pkg_resources/_vendor/packaging/__pycache__) by extensions ['colcon_pkg']
[2.592s] Level 1:colcon.colcon_core.package_identification:_identify(src/amiga-ros2-bridge/venv/lib/python3.10/site-packages/pkg_resources/_vendor/packaging/__pycache__) by extension 'colcon_pkg'
[2.592s] Level 1:colcon.colcon_core.package_identification:_identify(src/amiga-ros2-bridge/venv/lib/python3.10/site-packages/pkg_resources/_vendor/packaging/__pycache__) by extensions ['colcon_meta']
[2.592s] Level 1:colcon.colcon_core.package_identification:_identify(src/amiga-ros2-bridge/venv/lib/python3.10/site-packages/pkg_resources/_vendor/packaging/__pycache__) by extension 'colcon_meta'
[2.592s] Level 1:colcon.colcon_core.package_identification:_identify(src/amiga-ros2-bridge/venv/lib/python3.10/site-packages/pkg_resources/_vendor/packaging/__pycache__) by extensions ['ros']
[2.592s] Level 1:colcon.colcon_core.package_identification:_identify(src/amiga-ros2-bridge/venv/lib/python3.10/site-packages/pkg_resources/_vendor/packaging/__pycache__) by extension 'ros'
[2.592s] Level 1:colcon.colcon_core.package_identification:_identify(src/amiga-ros2-bridge/venv/lib/python3.10/site-packages/pkg_resources/_vendor/packaging/__pycache__) by extensions ['cmake', 'python']
[2.592s] Level 1:colcon.colcon_core.package_identification:_identify(src/amiga-ros2-bridge/venv/lib/python3.10/site-packages/pkg_resources/_vendor/packaging/__pycache__) by extension 'cmake'
[2.593s] Level 1:colcon.colcon_core.package_identification:_identify(src/amiga-ros2-bridge/venv/lib/python3.10/site-packages/pkg_resources/_vendor/packaging/__pycache__) by extension 'python'
[2.593s] Level 1:colcon.colcon_core.package_identification:_identify(src/amiga-ros2-bridge/venv/lib/python3.10/site-packages/pkg_resources/_vendor/packaging/__pycache__) by extensions ['python_setup_py']
[2.593s] Level 1:colcon.colcon_core.package_identification:_identify(src/amiga-ros2-bridge/venv/lib/python3.10/site-packages/pkg_resources/_vendor/packaging/__pycache__) by extension 'python_setup_py'
[2.593s] Level 1:colcon.colcon_core.package_identification:_identify(src/amiga-ros2-bridge/venv/lib/python3.10/site-packages/pkg_resources/extern) by extensions ['ignore', 'ignore_ament_install']
[2.593s] Level 1:colcon.colcon_core.package_identification:_identify(src/amiga-ros2-bridge/venv/lib/python3.10/site-packages/pkg_resources/extern) by extension 'ignore'
[2.593s] Level 1:colcon.colcon_core.package_identification:_identify(src/amiga-ros2-bridge/venv/lib/python3.10/site-packages/pkg_resources/extern) by extension 'ignore_ament_install'
[2.593s] Level 1:colcon.colcon_core.package_identification:_identify(src/amiga-ros2-bridge/venv/lib/python3.10/site-packages/pkg_resources/extern) by extensions ['colcon_pkg']
[2.593s] Level 1:colcon.colcon_core.package_identification:_identify(src/amiga-ros2-bridge/venv/lib/python3.10/site-packages/pkg_resources/extern) by extension 'colcon_pkg'
[2.594s] Level 1:colcon.colcon_core.package_identification:_identify(src/amiga-ros2-bridge/venv/lib/python3.10/site-packages/pkg_resources/extern) by extensions ['colcon_meta']
[2.594s] Level 1:colcon.colcon_core.package_identification:_identify(src/amiga-ros2-bridge/venv/lib/python3.10/site-packages/pkg_resources/extern) by extension 'colcon_meta'
[2.594s] Level 1:colcon.colcon_core.package_identification:_identify(src/amiga-ros2-bridge/venv/lib/python3.10/site-packages/pkg_resources/extern) by extensions ['ros']
[2.594s] Level 1:colcon.colcon_core.package_identification:_identify(src/amiga-ros2-bridge/venv/lib/python3.10/site-packages/pkg_resources/extern) by extension 'ros'
[2.594s] Level 1:colcon.colcon_core.package_identification:_identify(src/amiga-ros2-bridge/venv/lib/python3.10/site-packages/pkg_resources/extern) by extensions ['cmake', 'python']
[2.594s] Level 1:colcon.colcon_core.package_identification:_identify(src/amiga-ros2-bridge/venv/lib/python3.10/site-packages/pkg_resources/extern) by extension 'cmake'
[2.594s] Level 1:colcon.colcon_core.package_identification:_identify(src/amiga-ros2-bridge/venv/lib/python3.10/site-packages/pkg_resources/extern) by extension 'python'
[2.594s] Level 1:colcon.colcon_core.package_identification:_identify(src/amiga-ros2-bridge/venv/lib/python3.10/site-packages/pkg_resources/extern) by extensions ['python_setup_py']
[2.594s] Level 1:colcon.colcon_core.package_identification:_identify(src/amiga-ros2-bridge/venv/lib/python3.10/site-packages/pkg_resources/extern) by extension 'python_setup_py'
[2.595s] Level 1:colcon.colcon_core.package_identification:_identify(src/amiga-ros2-bridge/venv/lib/python3.10/site-packages/pkg_resources/extern/__pycache__) by extensions ['ignore', 'ignore_ament_install']
[2.595s] Level 1:colcon.colcon_core.package_identification:_identify(src/amiga-ros2-bridge/venv/lib/python3.10/site-packages/pkg_resources/extern/__pycache__) by extension 'ignore'
[2.595s] Level 1:colcon.colcon_core.package_identification:_identify(src/amiga-ros2-bridge/venv/lib/python3.10/site-packages/pkg_resources/extern/__pycache__) by extension 'ignore_ament_install'
[2.595s] Level 1:colcon.colcon_core.package_identification:_identify(src/amiga-ros2-bridge/venv/lib/python3.10/site-packages/pkg_resources/extern/__pycache__) by extensions ['colcon_pkg']
[2.595s] Level 1:colcon.colcon_core.package_identification:_identify(src/amiga-ros2-bridge/venv/lib/python3.10/site-packages/pkg_resources/extern/__pycache__) by extension 'colcon_pkg'
[2.595s] Level 1:colcon.colcon_core.package_identification:_identify(src/amiga-ros2-bridge/venv/lib/python3.10/site-packages/pkg_resources/extern/__pycache__) by extensions ['colcon_meta']
[2.595s] Level 1:colcon.colcon_core.package_identification:_identify(src/amiga-ros2-bridge/venv/lib/python3.10/site-packages/pkg_resources/extern/__pycache__) by extension 'colcon_meta'
[2.595s] Level 1:colcon.colcon_core.package_identification:_identify(src/amiga-ros2-bridge/venv/lib/python3.10/site-packages/pkg_resources/extern/__pycache__) by extensions ['ros']
[2.595s] Level 1:colcon.colcon_core.package_identification:_identify(src/amiga-ros2-bridge/venv/lib/python3.10/site-packages/pkg_resources/extern/__pycache__) by extension 'ros'
[2.596s] Level 1:colcon.colcon_core.package_identification:_identify(src/amiga-ros2-bridge/venv/lib/python3.10/site-packages/pkg_resources/extern/__pycache__) by extensions ['cmake', 'python']
[2.596s] Level 1:colcon.colcon_core.package_identification:_identify(src/amiga-ros2-bridge/venv/lib/python3.10/site-packages/pkg_resources/extern/__pycache__) by extension 'cmake'
[2.596s] Level 1:colcon.colcon_core.package_identification:_identify(src/amiga-ros2-bridge/venv/lib/python3.10/site-packages/pkg_resources/extern/__pycache__) by extension 'python'
[2.596s] Level 1:colcon.colcon_core.package_identification:_identify(src/amiga-ros2-bridge/venv/lib/python3.10/site-packages/pkg_resources/extern/__pycache__) by extensions ['python_setup_py']
[2.596s] Level 1:colcon.colcon_core.package_identification:_identify(src/amiga-ros2-bridge/venv/lib/python3.10/site-packages/pkg_resources/extern/__pycache__) by extension 'python_setup_py'
[2.596s] Level 1:colcon.colcon_core.package_identification:_identify(src/amiga-ros2-bridge/venv/lib/python3.10/site-packages/pkg_resources/tests) by extensions ['ignore', 'ignore_ament_install']
[2.596s] Level 1:colcon.colcon_core.package_identification:_identify(src/amiga-ros2-bridge/venv/lib/python3.10/site-packages/pkg_resources/tests) by extension 'ignore'
[2.596s] Level 1:colcon.colcon_core.package_identification:_identify(src/amiga-ros2-bridge/venv/lib/python3.10/site-packages/pkg_resources/tests) by extension 'ignore_ament_install'
[2.597s] Level 1:colcon.colcon_core.package_identification:_identify(src/amiga-ros2-bridge/venv/lib/python3.10/site-packages/pkg_resources/tests) by extensions ['colcon_pkg']
[2.597s] Level 1:colcon.colcon_core.package_identification:_identify(src/amiga-ros2-bridge/venv/lib/python3.10/site-packages/pkg_resources/tests) by extension 'colcon_pkg'
[2.597s] Level 1:colcon.colcon_core.package_identification:_identify(src/amiga-ros2-bridge/venv/lib/python3.10/site-packages/pkg_resources/tests) by extensions ['colcon_meta']
[2.597s] Level 1:colcon.colcon_core.package_identification:_identify(src/amiga-ros2-bridge/venv/lib/python3.10/site-packages/pkg_resources/tests) by extension 'colcon_meta'
[2.597s] Level 1:colcon.colcon_core.package_identification:_identify(src/amiga-ros2-bridge/venv/lib/python3.10/site-packages/pkg_resources/tests) by extensions ['ros']
[2.597s] Level 1:colcon.colcon_core.package_identification:_identify(src/amiga-ros2-bridge/venv/lib/python3.10/site-packages/pkg_resources/tests) by extension 'ros'
[2.597s] Level 1:colcon.colcon_core.package_identification:_identify(src/amiga-ros2-bridge/venv/lib/python3.10/site-packages/pkg_resources/tests) by extensions ['cmake', 'python']
[2.597s] Level 1:colcon.colcon_core.package_identification:_identify(src/amiga-ros2-bridge/venv/lib/python3.10/site-packages/pkg_resources/tests) by extension 'cmake'
[2.597s] Level 1:colcon.colcon_core.package_identification:_identify(src/amiga-ros2-bridge/venv/lib/python3.10/site-packages/pkg_resources/tests) by extension 'python'
[2.597s] Level 1:colcon.colcon_core.package_identification:_identify(src/amiga-ros2-bridge/venv/lib/python3.10/site-packages/pkg_resources/tests) by extensions ['python_setup_py']
[2.598s] Level 1:colcon.colcon_core.package_identification:_identify(src/amiga-ros2-bridge/venv/lib/python3.10/site-packages/pkg_resources/tests) by extension 'python_setup_py'
[2.598s] Level 1:colcon.colcon_core.package_identification:_identify(src/amiga-ros2-bridge/venv/lib/python3.10/site-packages/pkg_resources/tests/data) by extensions ['ignore', 'ignore_ament_install']
[2.598s] Level 1:colcon.colcon_core.package_identification:_identify(src/amiga-ros2-bridge/venv/lib/python3.10/site-packages/pkg_resources/tests/data) by extension 'ignore'
[2.598s] Level 1:colcon.colcon_core.package_identification:_identify(src/amiga-ros2-bridge/venv/lib/python3.10/site-packages/pkg_resources/tests/data) by extension 'ignore_ament_install'
[2.598s] Level 1:colcon.colcon_core.package_identification:_identify(src/amiga-ros2-bridge/venv/lib/python3.10/site-packages/pkg_resources/tests/data) by extensions ['colcon_pkg']
[2.598s] Level 1:colcon.colcon_core.package_identification:_identify(src/amiga-ros2-bridge/venv/lib/python3.10/site-packages/pkg_resources/tests/data) by extension 'colcon_pkg'
[2.598s] Level 1:colcon.colcon_core.package_identification:_identify(src/amiga-ros2-bridge/venv/lib/python3.10/site-packages/pkg_resources/tests/data) by extensions ['colcon_meta']
[2.598s] Level 1:colcon.colcon_core.package_identification:_identify(src/amiga-ros2-bridge/venv/lib/python3.10/site-packages/pkg_resources/tests/data) by extension 'colcon_meta'
[2.599s] Level 1:colcon.colcon_core.package_identification:_identify(src/amiga-ros2-bridge/venv/lib/python3.10/site-packages/pkg_resources/tests/data) by extensions ['ros']
[2.599s] Level 1:colcon.colcon_core.package_identification:_identify(src/amiga-ros2-bridge/venv/lib/python3.10/site-packages/pkg_resources/tests/data) by extension 'ros'
[2.599s] Level 1:colcon.colcon_core.package_identification:_identify(src/amiga-ros2-bridge/venv/lib/python3.10/site-packages/pkg_resources/tests/data) by extensions ['cmake', 'python']
[2.599s] Level 1:colcon.colcon_core.package_identification:_identify(src/amiga-ros2-bridge/venv/lib/python3.10/site-packages/pkg_resources/tests/data) by extension 'cmake'
[2.599s] Level 1:colcon.colcon_core.package_identification:_identify(src/amiga-ros2-bridge/venv/lib/python3.10/site-packages/pkg_resources/tests/data) by extension 'python'
[2.599s] Level 1:colcon.colcon_core.package_identification:_identify(src/amiga-ros2-bridge/venv/lib/python3.10/site-packages/pkg_resources/tests/data) by extensions ['python_setup_py']
[2.599s] Level 1:colcon.colcon_core.package_identification:_identify(src/amiga-ros2-bridge/venv/lib/python3.10/site-packages/pkg_resources/tests/data) by extension 'python_setup_py'
[2.599s] Level 1:colcon.colcon_core.package_identification:_identify(src/amiga-ros2-bridge/venv/lib/python3.10/site-packages/pkg_resources/tests/data/my-test-package-source) by extensions ['ignore', 'ignore_ament_install']
[2.600s] Level 1:colcon.colcon_core.package_identification:_identify(src/amiga-ros2-bridge/venv/lib/python3.10/site-packages/pkg_resources/tests/data/my-test-package-source) by extension 'ignore'
[2.600s] Level 1:colcon.colcon_core.package_identification:_identify(src/amiga-ros2-bridge/venv/lib/python3.10/site-packages/pkg_resources/tests/data/my-test-package-source) by extension 'ignore_ament_install'
[2.600s] Level 1:colcon.colcon_core.package_identification:_identify(src/amiga-ros2-bridge/venv/lib/python3.10/site-packages/pkg_resources/tests/data/my-test-package-source) by extensions ['colcon_pkg']
[2.600s] Level 1:colcon.colcon_core.package_identification:_identify(src/amiga-ros2-bridge/venv/lib/python3.10/site-packages/pkg_resources/tests/data/my-test-package-source) by extension 'colcon_pkg'
[2.600s] Level 1:colcon.colcon_core.package_identification:_identify(src/amiga-ros2-bridge/venv/lib/python3.10/site-packages/pkg_resources/tests/data/my-test-package-source) by extensions ['colcon_meta']
[2.600s] Level 1:colcon.colcon_core.package_identification:_identify(src/amiga-ros2-bridge/venv/lib/python3.10/site-packages/pkg_resources/tests/data/my-test-package-source) by extension 'colcon_meta'
[2.600s] Level 1:colcon.colcon_core.package_identification:_identify(src/amiga-ros2-bridge/venv/lib/python3.10/site-packages/pkg_resources/tests/data/my-test-package-source) by extensions ['ros']
[2.600s] Level 1:colcon.colcon_core.package_identification:_identify(src/amiga-ros2-bridge/venv/lib/python3.10/site-packages/pkg_resources/tests/data/my-test-package-source) by extension 'ros'
[2.600s] Level 1:colcon.colcon_core.package_identification:_identify(src/amiga-ros2-bridge/venv/lib/python3.10/site-packages/pkg_resources/tests/data/my-test-package-source) by extensions ['cmake', 'python']
[2.601s] Level 1:colcon.colcon_core.package_identification:_identify(src/amiga-ros2-bridge/venv/lib/python3.10/site-packages/pkg_resources/tests/data/my-test-package-source) by extension 'cmake'
[2.601s] Level 1:colcon.colcon_core.package_identification:_identify(src/amiga-ros2-bridge/venv/lib/python3.10/site-packages/pkg_resources/tests/data/my-test-package-source) by extension 'python'
[2.601s] Level 1:colcon.colcon_core.package_identification:_identify(src/amiga-ros2-bridge/venv/lib/python3.10/site-packages/pkg_resources/tests/data/my-test-package-source) by extensions ['python_setup_py']
[2.601s] Level 1:colcon.colcon_core.package_identification:_identify(src/amiga-ros2-bridge/venv/lib/python3.10/site-packages/pkg_resources/tests/data/my-test-package-source) by extension 'python_setup_py'
[3.182s] DEBUG:colcon.colcon_core.package_identification:Package 'src/amiga-ros2-bridge/venv/lib/python3.10/site-packages/pkg_resources/tests/data/my-test-package-source' with type 'python' and name 'my-test-package'
[3.183s] Level 1:colcon.colcon_core.package_identification:_identify(src/amiga-ros2-bridge/venv/lib/python3.10/site-packages/protobuf-5.27.5.dist-info) by extensions ['ignore', 'ignore_ament_install']
[3.183s] Level 1:colcon.colcon_core.package_identification:_identify(src/amiga-ros2-bridge/venv/lib/python3.10/site-packages/protobuf-5.27.5.dist-info) by extension 'ignore'
[3.184s] Level 1:colcon.colcon_core.package_identification:_identify(src/amiga-ros2-bridge/venv/lib/python3.10/site-packages/protobuf-5.27.5.dist-info) by extension 'ignore_ament_install'
[3.184s] Level 1:colcon.colcon_core.package_identification:_identify(src/amiga-ros2-bridge/venv/lib/python3.10/site-packages/protobuf-5.27.5.dist-info) by extensions ['colcon_pkg']
[3.184s] Level 1:colcon.colcon_core.package_identification:_identify(src/amiga-ros2-bridge/venv/lib/python3.10/site-packages/protobuf-5.27.5.dist-info) by extension 'colcon_pkg'
[3.184s] Level 1:colcon.colcon_core.package_identification:_identify(src/amiga-ros2-bridge/venv/lib/python3.10/site-packages/protobuf-5.27.5.dist-info) by extensions ['colcon_meta']
[3.184s] Level 1:colcon.colcon_core.package_identification:_identify(src/amiga-ros2-bridge/venv/lib/python3.10/site-packages/protobuf-5.27.5.dist-info) by extension 'colcon_meta'
[3.184s] Level 1:colcon.colcon_core.package_identification:_identify(src/amiga-ros2-bridge/venv/lib/python3.10/site-packages/protobuf-5.27.5.dist-info) by extensions ['ros']
[3.184s] Level 1:colcon.colcon_core.package_identification:_identify(src/amiga-ros2-bridge/venv/lib/python3.10/site-packages/protobuf-5.27.5.dist-info) by extension 'ros'
[3.185s] Level 1:colcon.colcon_core.package_identification:_identify(src/amiga-ros2-bridge/venv/lib/python3.10/site-packages/protobuf-5.27.5.dist-info) by extensions ['cmake', 'python']
[3.185s] Level 1:colcon.colcon_core.package_identification:_identify(src/amiga-ros2-bridge/venv/lib/python3.10/site-packages/protobuf-5.27.5.dist-info) by extension 'cmake'
[3.185s] Level 1:colcon.colcon_core.package_identification:_identify(src/amiga-ros2-bridge/venv/lib/python3.10/site-packages/protobuf-5.27.5.dist-info) by extension 'python'
[3.185s] Level 1:colcon.colcon_core.package_identification:_identify(src/amiga-ros2-bridge/venv/lib/python3.10/site-packages/protobuf-5.27.5.dist-info) by extensions ['python_setup_py']
[3.185s] Level 1:colcon.colcon_core.package_identification:_identify(src/amiga-ros2-bridge/venv/lib/python3.10/site-packages/protobuf-5.27.5.dist-info) by extension 'python_setup_py'
[3.185s] Level 1:colcon.colcon_core.package_identification:_identify(src/amiga-ros2-bridge/venv/lib/python3.10/site-packages/psutil) by extensions ['ignore', 'ignore_ament_install']
[3.186s] Level 1:colcon.colcon_core.package_identification:_identify(src/amiga-ros2-bridge/venv/lib/python3.10/site-packages/psutil) by extension 'ignore'
[3.186s] Level 1:colcon.colcon_core.package_identification:_identify(src/amiga-ros2-bridge/venv/lib/python3.10/site-packages/psutil) by extension 'ignore_ament_install'
[3.186s] Level 1:colcon.colcon_core.package_identification:_identify(src/amiga-ros2-bridge/venv/lib/python3.10/site-packages/psutil) by extensions ['colcon_pkg']
[3.186s] Level 1:colcon.colcon_core.package_identification:_identify(src/amiga-ros2-bridge/venv/lib/python3.10/site-packages/psutil) by extension 'colcon_pkg'
[3.186s] Level 1:colcon.colcon_core.package_identification:_identify(src/amiga-ros2-bridge/venv/lib/python3.10/site-packages/psutil) by extensions ['colcon_meta']
[3.186s] Level 1:colcon.colcon_core.package_identification:_identify(src/amiga-ros2-bridge/venv/lib/python3.10/site-packages/psutil) by extension 'colcon_meta'
[3.186s] Level 1:colcon.colcon_core.package_identification:_identify(src/amiga-ros2-bridge/venv/lib/python3.10/site-packages/psutil) by extensions ['ros']
[3.186s] Level 1:colcon.colcon_core.package_identification:_identify(src/amiga-ros2-bridge/venv/lib/python3.10/site-packages/psutil) by extension 'ros'
[3.186s] Level 1:colcon.colcon_core.package_identification:_identify(src/amiga-ros2-bridge/venv/lib/python3.10/site-packages/psutil) by extensions ['cmake', 'python']
[3.187s] Level 1:colcon.colcon_core.package_identification:_identify(src/amiga-ros2-bridge/venv/lib/python3.10/site-packages/psutil) by extension 'cmake'
[3.187s] Level 1:colcon.colcon_core.package_identification:_identify(src/amiga-ros2-bridge/venv/lib/python3.10/site-packages/psutil) by extension 'python'
[3.187s] Level 1:colcon.colcon_core.package_identification:_identify(src/amiga-ros2-bridge/venv/lib/python3.10/site-packages/psutil) by extensions ['python_setup_py']
[3.187s] Level 1:colcon.colcon_core.package_identification:_identify(src/amiga-ros2-bridge/venv/lib/python3.10/site-packages/psutil) by extension 'python_setup_py'
[3.187s] Level 1:colcon.colcon_core.package_identification:_identify(src/amiga-ros2-bridge/venv/lib/python3.10/site-packages/psutil/__pycache__) by extensions ['ignore', 'ignore_ament_install']
[3.187s] Level 1:colcon.colcon_core.package_identification:_identify(src/amiga-ros2-bridge/venv/lib/python3.10/site-packages/psutil/__pycache__) by extension 'ignore'
[3.188s] Level 1:colcon.colcon_core.package_identification:_identify(src/amiga-ros2-bridge/venv/lib/python3.10/site-packages/psutil/__pycache__) by extension 'ignore_ament_install'
[3.188s] Level 1:colcon.colcon_core.package_identification:_identify(src/amiga-ros2-bridge/venv/lib/python3.10/site-packages/psutil/__pycache__) by extensions ['colcon_pkg']
[3.188s] Level 1:colcon.colcon_core.package_identification:_identify(src/amiga-ros2-bridge/venv/lib/python3.10/site-packages/psutil/__pycache__) by extension 'colcon_pkg'
[3.188s] Level 1:colcon.colcon_core.package_identification:_identify(src/amiga-ros2-bridge/venv/lib/python3.10/site-packages/psutil/__pycache__) by extensions ['colcon_meta']
[3.188s] Level 1:colcon.colcon_core.package_identification:_identify(src/amiga-ros2-bridge/venv/lib/python3.10/site-packages/psutil/__pycache__) by extension 'colcon_meta'
[3.188s] Level 1:colcon.colcon_core.package_identification:_identify(src/amiga-ros2-bridge/venv/lib/python3.10/site-packages/psutil/__pycache__) by extensions ['ros']
[3.188s] Level 1:colcon.colcon_core.package_identification:_identify(src/amiga-ros2-bridge/venv/lib/python3.10/site-packages/psutil/__pycache__) by extension 'ros'
[3.188s] Level 1:colcon.colcon_core.package_identification:_identify(src/amiga-ros2-bridge/venv/lib/python3.10/site-packages/psutil/__pycache__) by extensions ['cmake', 'python']
[3.188s] Level 1:colcon.colcon_core.package_identification:_identify(src/amiga-ros2-bridge/venv/lib/python3.10/site-packages/psutil/__pycache__) by extension 'cmake'
[3.189s] Level 1:colcon.colcon_core.package_identification:_identify(src/amiga-ros2-bridge/venv/lib/python3.10/site-packages/psutil/__pycache__) by extension 'python'
[3.189s] Level 1:colcon.colcon_core.package_identification:_identify(src/amiga-ros2-bridge/venv/lib/python3.10/site-packages/psutil/__pycache__) by extensions ['python_setup_py']
[3.189s] Level 1:colcon.colcon_core.package_identification:_identify(src/amiga-ros2-bridge/venv/lib/python3.10/site-packages/psutil/__pycache__) by extension 'python_setup_py'
[3.189s] Level 1:colcon.colcon_core.package_identification:_identify(src/amiga-ros2-bridge/venv/lib/python3.10/site-packages/psutil/tests) by extensions ['ignore', 'ignore_ament_install']
[3.189s] Level 1:colcon.colcon_core.package_identification:_identify(src/amiga-ros2-bridge/venv/lib/python3.10/site-packages/psutil/tests) by extension 'ignore'
[3.189s] Level 1:colcon.colcon_core.package_identification:_identify(src/amiga-ros2-bridge/venv/lib/python3.10/site-packages/psutil/tests) by extension 'ignore_ament_install'
[3.190s] Level 1:colcon.colcon_core.package_identification:_identify(src/amiga-ros2-bridge/venv/lib/python3.10/site-packages/psutil/tests) by extensions ['colcon_pkg']
[3.190s] Level 1:colcon.colcon_core.package_identification:_identify(src/amiga-ros2-bridge/venv/lib/python3.10/site-packages/psutil/tests) by extension 'colcon_pkg'
[3.190s] Level 1:colcon.colcon_core.package_identification:_identify(src/amiga-ros2-bridge/venv/lib/python3.10/site-packages/psutil/tests) by extensions ['colcon_meta']
[3.190s] Level 1:colcon.colcon_core.package_identification:_identify(src/amiga-ros2-bridge/venv/lib/python3.10/site-packages/psutil/tests) by extension 'colcon_meta'
[3.190s] Level 1:colcon.colcon_core.package_identification:_identify(src/amiga-ros2-bridge/venv/lib/python3.10/site-packages/psutil/tests) by extensions ['ros']
[3.190s] Level 1:colcon.colcon_core.package_identification:_identify(src/amiga-ros2-bridge/venv/lib/python3.10/site-packages/psutil/tests) by extension 'ros'
[3.190s] Level 1:colcon.colcon_core.package_identification:_identify(src/amiga-ros2-bridge/venv/lib/python3.10/site-packages/psutil/tests) by extensions ['cmake', 'python']
[3.190s] Level 1:colcon.colcon_core.package_identification:_identify(src/amiga-ros2-bridge/venv/lib/python3.10/site-packages/psutil/tests) by extension 'cmake'
[3.190s] Level 1:colcon.colcon_core.package_identification:_identify(src/amiga-ros2-bridge/venv/lib/python3.10/site-packages/psutil/tests) by extension 'python'
[3.190s] Level 1:colcon.colcon_core.package_identification:_identify(src/amiga-ros2-bridge/venv/lib/python3.10/site-packages/psutil/tests) by extensions ['python_setup_py']
[3.191s] Level 1:colcon.colcon_core.package_identification:_identify(src/amiga-ros2-bridge/venv/lib/python3.10/site-packages/psutil/tests) by extension 'python_setup_py'
[3.191s] Level 1:colcon.colcon_core.package_identification:_identify(src/amiga-ros2-bridge/venv/lib/python3.10/site-packages/psutil/tests/__pycache__) by extensions ['ignore', 'ignore_ament_install']
[3.191s] Level 1:colcon.colcon_core.package_identification:_identify(src/amiga-ros2-bridge/venv/lib/python3.10/site-packages/psutil/tests/__pycache__) by extension 'ignore'
[3.191s] Level 1:colcon.colcon_core.package_identification:_identify(src/amiga-ros2-bridge/venv/lib/python3.10/site-packages/psutil/tests/__pycache__) by extension 'ignore_ament_install'
[3.191s] Level 1:colcon.colcon_core.package_identification:_identify(src/amiga-ros2-bridge/venv/lib/python3.10/site-packages/psutil/tests/__pycache__) by extensions ['colcon_pkg']
[3.191s] Level 1:colcon.colcon_core.package_identification:_identify(src/amiga-ros2-bridge/venv/lib/python3.10/site-packages/psutil/tests/__pycache__) by extension 'colcon_pkg'
[3.192s] Level 1:colcon.colcon_core.package_identification:_identify(src/amiga-ros2-bridge/venv/lib/python3.10/site-packages/psutil/tests/__pycache__) by extensions ['colcon_meta']
[3.192s] Level 1:colcon.colcon_core.package_identification:_identify(src/amiga-ros2-bridge/venv/lib/python3.10/site-packages/psutil/tests/__pycache__) by extension 'colcon_meta'
[3.192s] Level 1:colcon.colcon_core.package_identification:_identify(src/amiga-ros2-bridge/venv/lib/python3.10/site-packages/psutil/tests/__pycache__) by extensions ['ros']
[3.192s] Level 1:colcon.colcon_core.package_identification:_identify(src/amiga-ros2-bridge/venv/lib/python3.10/site-packages/psutil/tests/__pycache__) by extension 'ros'
[3.192s] Level 1:colcon.colcon_core.package_identification:_identify(src/amiga-ros2-bridge/venv/lib/python3.10/site-packages/psutil/tests/__pycache__) by extensions ['cmake', 'python']
[3.192s] Level 1:colcon.colcon_core.package_identification:_identify(src/amiga-ros2-bridge/venv/lib/python3.10/site-packages/psutil/tests/__pycache__) by extension 'cmake'
[3.192s] Level 1:colcon.colcon_core.package_identification:_identify(src/amiga-ros2-bridge/venv/lib/python3.10/site-packages/psutil/tests/__pycache__) by extension 'python'
[3.192s] Level 1:colcon.colcon_core.package_identification:_identify(src/amiga-ros2-bridge/venv/lib/python3.10/site-packages/psutil/tests/__pycache__) by extensions ['python_setup_py']
[3.192s] Level 1:colcon.colcon_core.package_identification:_identify(src/amiga-ros2-bridge/venv/lib/python3.10/site-packages/psutil/tests/__pycache__) by extension 'python_setup_py'
[3.193s] Level 1:colcon.colcon_core.package_identification:_identify(src/amiga-ros2-bridge/venv/lib/python3.10/site-packages/psutil-7.0.0.dist-info) by extensions ['ignore', 'ignore_ament_install']
[3.193s] Level 1:colcon.colcon_core.package_identification:_identify(src/amiga-ros2-bridge/venv/lib/python3.10/site-packages/psutil-7.0.0.dist-info) by extension 'ignore'
[3.193s] Level 1:colcon.colcon_core.package_identification:_identify(src/amiga-ros2-bridge/venv/lib/python3.10/site-packages/psutil-7.0.0.dist-info) by extension 'ignore_ament_install'
[3.193s] Level 1:colcon.colcon_core.package_identification:_identify(src/amiga-ros2-bridge/venv/lib/python3.10/site-packages/psutil-7.0.0.dist-info) by extensions ['colcon_pkg']
[3.193s] Level 1:colcon.colcon_core.package_identification:_identify(src/amiga-ros2-bridge/venv/lib/python3.10/site-packages/psutil-7.0.0.dist-info) by extension 'colcon_pkg'
[3.193s] Level 1:colcon.colcon_core.package_identification:_identify(src/amiga-ros2-bridge/venv/lib/python3.10/site-packages/psutil-7.0.0.dist-info) by extensions ['colcon_meta']
[3.193s] Level 1:colcon.colcon_core.package_identification:_identify(src/amiga-ros2-bridge/venv/lib/python3.10/site-packages/psutil-7.0.0.dist-info) by extension 'colcon_meta'
[3.194s] Level 1:colcon.colcon_core.package_identification:_identify(src/amiga-ros2-bridge/venv/lib/python3.10/site-packages/psutil-7.0.0.dist-info) by extensions ['ros']
[3.194s] Level 1:colcon.colcon_core.package_identification:_identify(src/amiga-ros2-bridge/venv/lib/python3.10/site-packages/psutil-7.0.0.dist-info) by extension 'ros'
[3.194s] Level 1:colcon.colcon_core.package_identification:_identify(src/amiga-ros2-bridge/venv/lib/python3.10/site-packages/psutil-7.0.0.dist-info) by extensions ['cmake', 'python']
[3.194s] Level 1:colcon.colcon_core.package_identification:_identify(src/amiga-ros2-bridge/venv/lib/python3.10/site-packages/psutil-7.0.0.dist-info) by extension 'cmake'
[3.194s] Level 1:colcon.colcon_core.package_identification:_identify(src/amiga-ros2-bridge/venv/lib/python3.10/site-packages/psutil-7.0.0.dist-info) by extension 'python'
[3.194s] Level 1:colcon.colcon_core.package_identification:_identify(src/amiga-ros2-bridge/venv/lib/python3.10/site-packages/psutil-7.0.0.dist-info) by extensions ['python_setup_py']
[3.194s] Level 1:colcon.colcon_core.package_identification:_identify(src/amiga-ros2-bridge/venv/lib/python3.10/site-packages/psutil-7.0.0.dist-info) by extension 'python_setup_py'
[3.195s] Level 1:colcon.colcon_core.package_identification:_identify(src/amiga-ros2-bridge/venv/lib/python3.10/site-packages/setuptools) by extensions ['ignore', 'ignore_ament_install']
[3.195s] Level 1:colcon.colcon_core.package_identification:_identify(src/amiga-ros2-bridge/venv/lib/python3.10/site-packages/setuptools) by extension 'ignore'
[3.195s] Level 1:colcon.colcon_core.package_identification:_identify(src/amiga-ros2-bridge/venv/lib/python3.10/site-packages/setuptools) by extension 'ignore_ament_install'
[3.195s] Level 1:colcon.colcon_core.package_identification:_identify(src/amiga-ros2-bridge/venv/lib/python3.10/site-packages/setuptools) by extensions ['colcon_pkg']
[3.195s] Level 1:colcon.colcon_core.package_identification:_identify(src/amiga-ros2-bridge/venv/lib/python3.10/site-packages/setuptools) by extension 'colcon_pkg'
[3.195s] Level 1:colcon.colcon_core.package_identification:_identify(src/amiga-ros2-bridge/venv/lib/python3.10/site-packages/setuptools) by extensions ['colcon_meta']
[3.195s] Level 1:colcon.colcon_core.package_identification:_identify(src/amiga-ros2-bridge/venv/lib/python3.10/site-packages/setuptools) by extension 'colcon_meta'
[3.196s] Level 1:colcon.colcon_core.package_identification:_identify(src/amiga-ros2-bridge/venv/lib/python3.10/site-packages/setuptools) by extensions ['ros']
[3.196s] Level 1:colcon.colcon_core.package_identification:_identify(src/amiga-ros2-bridge/venv/lib/python3.10/site-packages/setuptools) by extension 'ros'
[3.196s] Level 1:colcon.colcon_core.package_identification:_identify(src/amiga-ros2-bridge/venv/lib/python3.10/site-packages/setuptools) by extensions ['cmake', 'python']
[3.196s] Level 1:colcon.colcon_core.package_identification:_identify(src/amiga-ros2-bridge/venv/lib/python3.10/site-packages/setuptools) by extension 'cmake'
[3.196s] Level 1:colcon.colcon_core.package_identification:_identify(src/amiga-ros2-bridge/venv/lib/python3.10/site-packages/setuptools) by extension 'python'
[3.196s] Level 1:colcon.colcon_core.package_identification:_identify(src/amiga-ros2-bridge/venv/lib/python3.10/site-packages/setuptools) by extensions ['python_setup_py']
[3.196s] Level 1:colcon.colcon_core.package_identification:_identify(src/amiga-ros2-bridge/venv/lib/python3.10/site-packages/setuptools) by extension 'python_setup_py'
[3.196s] Level 1:colcon.colcon_core.package_identification:_identify(src/amiga-ros2-bridge/venv/lib/python3.10/site-packages/setuptools/__pycache__) by extensions ['ignore', 'ignore_ament_install']
[3.197s] Level 1:colcon.colcon_core.package_identification:_identify(src/amiga-ros2-bridge/venv/lib/python3.10/site-packages/setuptools/__pycache__) by extension 'ignore'
[3.197s] Level 1:colcon.colcon_core.package_identification:_identify(src/amiga-ros2-bridge/venv/lib/python3.10/site-packages/setuptools/__pycache__) by extension 'ignore_ament_install'
[3.197s] Level 1:colcon.colcon_core.package_identification:_identify(src/amiga-ros2-bridge/venv/lib/python3.10/site-packages/setuptools/__pycache__) by extensions ['colcon_pkg']
[3.197s] Level 1:colcon.colcon_core.package_identification:_identify(src/amiga-ros2-bridge/venv/lib/python3.10/site-packages/setuptools/__pycache__) by extension 'colcon_pkg'
[3.197s] Level 1:colcon.colcon_core.package_identification:_identify(src/amiga-ros2-bridge/venv/lib/python3.10/site-packages/setuptools/__pycache__) by extensions ['colcon_meta']
[3.197s] Level 1:colcon.colcon_core.package_identification:_identify(src/amiga-ros2-bridge/venv/lib/python3.10/site-packages/setuptools/__pycache__) by extension 'colcon_meta'
[3.197s] Level 1:colcon.colcon_core.package_identification:_identify(src/amiga-ros2-bridge/venv/lib/python3.10/site-packages/setuptools/__pycache__) by extensions ['ros']
[3.197s] Level 1:colcon.colcon_core.package_identification:_identify(src/amiga-ros2-bridge/venv/lib/python3.10/site-packages/setuptools/__pycache__) by extension 'ros'
[3.198s] Level 1:colcon.colcon_core.package_identification:_identify(src/amiga-ros2-bridge/venv/lib/python3.10/site-packages/setuptools/__pycache__) by extensions ['cmake', 'python']
[3.198s] Level 1:colcon.colcon_core.package_identification:_identify(src/amiga-ros2-bridge/venv/lib/python3.10/site-packages/setuptools/__pycache__) by extension 'cmake'
[3.198s] Level 1:colcon.colcon_core.package_identification:_identify(src/amiga-ros2-bridge/venv/lib/python3.10/site-packages/setuptools/__pycache__) by extension 'python'
[3.198s] Level 1:colcon.colcon_core.package_identification:_identify(src/amiga-ros2-bridge/venv/lib/python3.10/site-packages/setuptools/__pycache__) by extensions ['python_setup_py']
[3.198s] Level 1:colcon.colcon_core.package_identification:_identify(src/amiga-ros2-bridge/venv/lib/python3.10/site-packages/setuptools/__pycache__) by extension 'python_setup_py'
[3.198s] Level 1:colcon.colcon_core.package_identification:_identify(src/amiga-ros2-bridge/venv/lib/python3.10/site-packages/setuptools/_distutils) by extensions ['ignore', 'ignore_ament_install']
[3.199s] Level 1:colcon.colcon_core.package_identification:_identify(src/amiga-ros2-bridge/venv/lib/python3.10/site-packages/setuptools/_distutils) by extension 'ignore'
[3.199s] Level 1:colcon.colcon_core.package_identification:_identify(src/amiga-ros2-bridge/venv/lib/python3.10/site-packages/setuptools/_distutils) by extension 'ignore_ament_install'
[3.199s] Level 1:colcon.colcon_core.package_identification:_identify(src/amiga-ros2-bridge/venv/lib/python3.10/site-packages/setuptools/_distutils) by extensions ['colcon_pkg']
[3.199s] Level 1:colcon.colcon_core.package_identification:_identify(src/amiga-ros2-bridge/venv/lib/python3.10/site-packages/setuptools/_distutils) by extension 'colcon_pkg'
[3.199s] Level 1:colcon.colcon_core.package_identification:_identify(src/amiga-ros2-bridge/venv/lib/python3.10/site-packages/setuptools/_distutils) by extensions ['colcon_meta']
[3.199s] Level 1:colcon.colcon_core.package_identification:_identify(src/amiga-ros2-bridge/venv/lib/python3.10/site-packages/setuptools/_distutils) by extension 'colcon_meta'
[3.199s] Level 1:colcon.colcon_core.package_identification:_identify(src/amiga-ros2-bridge/venv/lib/python3.10/site-packages/setuptools/_distutils) by extensions ['ros']
[3.199s] Level 1:colcon.colcon_core.package_identification:_identify(src/amiga-ros2-bridge/venv/lib/python3.10/site-packages/setuptools/_distutils) by extension 'ros'
[3.200s] Level 1:colcon.colcon_core.package_identification:_identify(src/amiga-ros2-bridge/venv/lib/python3.10/site-packages/setuptools/_distutils) by extensions ['cmake', 'python']
[3.200s] Level 1:colcon.colcon_core.package_identification:_identify(src/amiga-ros2-bridge/venv/lib/python3.10/site-packages/setuptools/_distutils) by extension 'cmake'
[3.200s] Level 1:colcon.colcon_core.package_identification:_identify(src/amiga-ros2-bridge/venv/lib/python3.10/site-packages/setuptools/_distutils) by extension 'python'
[3.200s] Level 1:colcon.colcon_core.package_identification:_identify(src/amiga-ros2-bridge/venv/lib/python3.10/site-packages/setuptools/_distutils) by extensions ['python_setup_py']
[3.200s] Level 1:colcon.colcon_core.package_identification:_identify(src/amiga-ros2-bridge/venv/lib/python3.10/site-packages/setuptools/_distutils) by extension 'python_setup_py'
[3.200s] Level 1:colcon.colcon_core.package_identification:_identify(src/amiga-ros2-bridge/venv/lib/python3.10/site-packages/setuptools/_distutils/__pycache__) by extensions ['ignore', 'ignore_ament_install']
[3.200s] Level 1:colcon.colcon_core.package_identification:_identify(src/amiga-ros2-bridge/venv/lib/python3.10/site-packages/setuptools/_distutils/__pycache__) by extension 'ignore'
[3.201s] Level 1:colcon.colcon_core.package_identification:_identify(src/amiga-ros2-bridge/venv/lib/python3.10/site-packages/setuptools/_distutils/__pycache__) by extension 'ignore_ament_install'
[3.201s] Level 1:colcon.colcon_core.package_identification:_identify(src/amiga-ros2-bridge/venv/lib/python3.10/site-packages/setuptools/_distutils/__pycache__) by extensions ['colcon_pkg']
[3.201s] Level 1:colcon.colcon_core.package_identification:_identify(src/amiga-ros2-bridge/venv/lib/python3.10/site-packages/setuptools/_distutils/__pycache__) by extension 'colcon_pkg'
[3.201s] Level 1:colcon.colcon_core.package_identification:_identify(src/amiga-ros2-bridge/venv/lib/python3.10/site-packages/setuptools/_distutils/__pycache__) by extensions ['colcon_meta']
[3.201s] Level 1:colcon.colcon_core.package_identification:_identify(src/amiga-ros2-bridge/venv/lib/python3.10/site-packages/setuptools/_distutils/__pycache__) by extension 'colcon_meta'
[3.201s] Level 1:colcon.colcon_core.package_identification:_identify(src/amiga-ros2-bridge/venv/lib/python3.10/site-packages/setuptools/_distutils/__pycache__) by extensions ['ros']
[3.201s] Level 1:colcon.colcon_core.package_identification:_identify(src/amiga-ros2-bridge/venv/lib/python3.10/site-packages/setuptools/_distutils/__pycache__) by extension 'ros'
[3.201s] Level 1:colcon.colcon_core.package_identification:_identify(src/amiga-ros2-bridge/venv/lib/python3.10/site-packages/setuptools/_distutils/__pycache__) by extensions ['cmake', 'python']
[3.202s] Level 1:colcon.colcon_core.package_identification:_identify(src/amiga-ros2-bridge/venv/lib/python3.10/site-packages/setuptools/_distutils/__pycache__) by extension 'cmake'
[3.202s] Level 1:colcon.colcon_core.package_identification:_identify(src/amiga-ros2-bridge/venv/lib/python3.10/site-packages/setuptools/_distutils/__pycache__) by extension 'python'
[3.202s] Level 1:colcon.colcon_core.package_identification:_identify(src/amiga-ros2-bridge/venv/lib/python3.10/site-packages/setuptools/_distutils/__pycache__) by extensions ['python_setup_py']
[3.202s] Level 1:colcon.colcon_core.package_identification:_identify(src/amiga-ros2-bridge/venv/lib/python3.10/site-packages/setuptools/_distutils/__pycache__) by extension 'python_setup_py'
[3.202s] Level 1:colcon.colcon_core.package_identification:_identify(src/amiga-ros2-bridge/venv/lib/python3.10/site-packages/setuptools/_distutils/command) by extensions ['ignore', 'ignore_ament_install']
[3.202s] Level 1:colcon.colcon_core.package_identification:_identify(src/amiga-ros2-bridge/venv/lib/python3.10/site-packages/setuptools/_distutils/command) by extension 'ignore'
[3.202s] Level 1:colcon.colcon_core.package_identification:_identify(src/amiga-ros2-bridge/venv/lib/python3.10/site-packages/setuptools/_distutils/command) by extension 'ignore_ament_install'
[3.203s] Level 1:colcon.colcon_core.package_identification:_identify(src/amiga-ros2-bridge/venv/lib/python3.10/site-packages/setuptools/_distutils/command) by extensions ['colcon_pkg']
[3.203s] Level 1:colcon.colcon_core.package_identification:_identify(src/amiga-ros2-bridge/venv/lib/python3.10/site-packages/setuptools/_distutils/command) by extension 'colcon_pkg'
[3.203s] Level 1:colcon.colcon_core.package_identification:_identify(src/amiga-ros2-bridge/venv/lib/python3.10/site-packages/setuptools/_distutils/command) by extensions ['colcon_meta']
[3.203s] Level 1:colcon.colcon_core.package_identification:_identify(src/amiga-ros2-bridge/venv/lib/python3.10/site-packages/setuptools/_distutils/command) by extension 'colcon_meta'
[3.203s] Level 1:colcon.colcon_core.package_identification:_identify(src/amiga-ros2-bridge/venv/lib/python3.10/site-packages/setuptools/_distutils/command) by extensions ['ros']
[3.203s] Level 1:colcon.colcon_core.package_identification:_identify(src/amiga-ros2-bridge/venv/lib/python3.10/site-packages/setuptools/_distutils/command) by extension 'ros'
[3.203s] Level 1:colcon.colcon_core.package_identification:_identify(src/amiga-ros2-bridge/venv/lib/python3.10/site-packages/setuptools/_distutils/command) by extensions ['cmake', 'python']
[3.203s] Level 1:colcon.colcon_core.package_identification:_identify(src/amiga-ros2-bridge/venv/lib/python3.10/site-packages/setuptools/_distutils/command) by extension 'cmake'
[3.204s] Level 1:colcon.colcon_core.package_identification:_identify(src/amiga-ros2-bridge/venv/lib/python3.10/site-packages/setuptools/_distutils/command) by extension 'python'
[3.204s] Level 1:colcon.colcon_core.package_identification:_identify(src/amiga-ros2-bridge/venv/lib/python3.10/site-packages/setuptools/_distutils/command) by extensions ['python_setup_py']
[3.204s] Level 1:colcon.colcon_core.package_identification:_identify(src/amiga-ros2-bridge/venv/lib/python3.10/site-packages/setuptools/_distutils/command) by extension 'python_setup_py'
[3.204s] Level 1:colcon.colcon_core.package_identification:_identify(src/amiga-ros2-bridge/venv/lib/python3.10/site-packages/setuptools/_distutils/command/__pycache__) by extensions ['ignore', 'ignore_ament_install']
[3.204s] Level 1:colcon.colcon_core.package_identification:_identify(src/amiga-ros2-bridge/venv/lib/python3.10/site-packages/setuptools/_distutils/command/__pycache__) by extension 'ignore'
[3.204s] Level 1:colcon.colcon_core.package_identification:_identify(src/amiga-ros2-bridge/venv/lib/python3.10/site-packages/setuptools/_distutils/command/__pycache__) by extension 'ignore_ament_install'
[3.205s] Level 1:colcon.colcon_core.package_identification:_identify(src/amiga-ros2-bridge/venv/lib/python3.10/site-packages/setuptools/_distutils/command/__pycache__) by extensions ['colcon_pkg']
[3.205s] Level 1:colcon.colcon_core.package_identification:_identify(src/amiga-ros2-bridge/venv/lib/python3.10/site-packages/setuptools/_distutils/command/__pycache__) by extension 'colcon_pkg'
[3.205s] Level 1:colcon.colcon_core.package_identification:_identify(src/amiga-ros2-bridge/venv/lib/python3.10/site-packages/setuptools/_distutils/command/__pycache__) by extensions ['colcon_meta']
[3.205s] Level 1:colcon.colcon_core.package_identification:_identify(src/amiga-ros2-bridge/venv/lib/python3.10/site-packages/setuptools/_distutils/command/__pycache__) by extension 'colcon_meta'
[3.205s] Level 1:colcon.colcon_core.package_identification:_identify(src/amiga-ros2-bridge/venv/lib/python3.10/site-packages/setuptools/_distutils/command/__pycache__) by extensions ['ros']
[3.205s] Level 1:colcon.colcon_core.package_identification:_identify(src/amiga-ros2-bridge/venv/lib/python3.10/site-packages/setuptools/_distutils/command/__pycache__) by extension 'ros'
[3.205s] Level 1:colcon.colcon_core.package_identification:_identify(src/amiga-ros2-bridge/venv/lib/python3.10/site-packages/setuptools/_distutils/command/__pycache__) by extensions ['cmake', 'python']
[3.205s] Level 1:colcon.colcon_core.package_identification:_identify(src/amiga-ros2-bridge/venv/lib/python3.10/site-packages/setuptools/_distutils/command/__pycache__) by extension 'cmake'
[3.205s] Level 1:colcon.colcon_core.package_identification:_identify(src/amiga-ros2-bridge/venv/lib/python3.10/site-packages/setuptools/_distutils/command/__pycache__) by extension 'python'
[3.205s] Level 1:colcon.colcon_core.package_identification:_identify(src/amiga-ros2-bridge/venv/lib/python3.10/site-packages/setuptools/_distutils/command/__pycache__) by extensions ['python_setup_py']
[3.206s] Level 1:colcon.colcon_core.package_identification:_identify(src/amiga-ros2-bridge/venv/lib/python3.10/site-packages/setuptools/_distutils/command/__pycache__) by extension 'python_setup_py'
[3.206s] Level 1:colcon.colcon_core.package_identification:_identify(src/amiga-ros2-bridge/venv/lib/python3.10/site-packages/setuptools/_vendor) by extensions ['ignore', 'ignore_ament_install']
[3.206s] Level 1:colcon.colcon_core.package_identification:_identify(src/amiga-ros2-bridge/venv/lib/python3.10/site-packages/setuptools/_vendor) by extension 'ignore'
[3.206s] Level 1:colcon.colcon_core.package_identification:_identify(src/amiga-ros2-bridge/venv/lib/python3.10/site-packages/setuptools/_vendor) by extension 'ignore_ament_install'
[3.206s] Level 1:colcon.colcon_core.package_identification:_identify(src/amiga-ros2-bridge/venv/lib/python3.10/site-packages/setuptools/_vendor) by extensions ['colcon_pkg']
[3.206s] Level 1:colcon.colcon_core.package_identification:_identify(src/amiga-ros2-bridge/venv/lib/python3.10/site-packages/setuptools/_vendor) by extension 'colcon_pkg'
[3.206s] Level 1:colcon.colcon_core.package_identification:_identify(src/amiga-ros2-bridge/venv/lib/python3.10/site-packages/setuptools/_vendor) by extensions ['colcon_meta']
[3.207s] Level 1:colcon.colcon_core.package_identification:_identify(src/amiga-ros2-bridge/venv/lib/python3.10/site-packages/setuptools/_vendor) by extension 'colcon_meta'
[3.207s] Level 1:colcon.colcon_core.package_identification:_identify(src/amiga-ros2-bridge/venv/lib/python3.10/site-packages/setuptools/_vendor) by extensions ['ros']
[3.207s] Level 1:colcon.colcon_core.package_identification:_identify(src/amiga-ros2-bridge/venv/lib/python3.10/site-packages/setuptools/_vendor) by extension 'ros'
[3.207s] Level 1:colcon.colcon_core.package_identification:_identify(src/amiga-ros2-bridge/venv/lib/python3.10/site-packages/setuptools/_vendor) by extensions ['cmake', 'python']
[3.207s] Level 1:colcon.colcon_core.package_identification:_identify(src/amiga-ros2-bridge/venv/lib/python3.10/site-packages/setuptools/_vendor) by extension 'cmake'
[3.207s] Level 1:colcon.colcon_core.package_identification:_identify(src/amiga-ros2-bridge/venv/lib/python3.10/site-packages/setuptools/_vendor) by extension 'python'
[3.207s] Level 1:colcon.colcon_core.package_identification:_identify(src/amiga-ros2-bridge/venv/lib/python3.10/site-packages/setuptools/_vendor) by extensions ['python_setup_py']
[3.207s] Level 1:colcon.colcon_core.package_identification:_identify(src/amiga-ros2-bridge/venv/lib/python3.10/site-packages/setuptools/_vendor) by extension 'python_setup_py'
[3.208s] Level 1:colcon.colcon_core.package_identification:_identify(src/amiga-ros2-bridge/venv/lib/python3.10/site-packages/setuptools/_vendor/__pycache__) by extensions ['ignore', 'ignore_ament_install']
[3.208s] Level 1:colcon.colcon_core.package_identification:_identify(src/amiga-ros2-bridge/venv/lib/python3.10/site-packages/setuptools/_vendor/__pycache__) by extension 'ignore'
[3.208s] Level 1:colcon.colcon_core.package_identification:_identify(src/amiga-ros2-bridge/venv/lib/python3.10/site-packages/setuptools/_vendor/__pycache__) by extension 'ignore_ament_install'
[3.208s] Level 1:colcon.colcon_core.package_identification:_identify(src/amiga-ros2-bridge/venv/lib/python3.10/site-packages/setuptools/_vendor/__pycache__) by extensions ['colcon_pkg']
[3.208s] Level 1:colcon.colcon_core.package_identification:_identify(src/amiga-ros2-bridge/venv/lib/python3.10/site-packages/setuptools/_vendor/__pycache__) by extension 'colcon_pkg'
[3.208s] Level 1:colcon.colcon_core.package_identification:_identify(src/amiga-ros2-bridge/venv/lib/python3.10/site-packages/setuptools/_vendor/__pycache__) by extensions ['colcon_meta']
[3.208s] Level 1:colcon.colcon_core.package_identification:_identify(src/amiga-ros2-bridge/venv/lib/python3.10/site-packages/setuptools/_vendor/__pycache__) by extension 'colcon_meta'
[3.209s] Level 1:colcon.colcon_core.package_identification:_identify(src/amiga-ros2-bridge/venv/lib/python3.10/site-packages/setuptools/_vendor/__pycache__) by extensions ['ros']
[3.209s] Level 1:colcon.colcon_core.package_identification:_identify(src/amiga-ros2-bridge/venv/lib/python3.10/site-packages/setuptools/_vendor/__pycache__) by extension 'ros'
[3.209s] Level 1:colcon.colcon_core.package_identification:_identify(src/amiga-ros2-bridge/venv/lib/python3.10/site-packages/setuptools/_vendor/__pycache__) by extensions ['cmake', 'python']
[3.209s] Level 1:colcon.colcon_core.package_identification:_identify(src/amiga-ros2-bridge/venv/lib/python3.10/site-packages/setuptools/_vendor/__pycache__) by extension 'cmake'
[3.209s] Level 1:colcon.colcon_core.package_identification:_identify(src/amiga-ros2-bridge/venv/lib/python3.10/site-packages/setuptools/_vendor/__pycache__) by extension 'python'
[3.209s] Level 1:colcon.colcon_core.package_identification:_identify(src/amiga-ros2-bridge/venv/lib/python3.10/site-packages/setuptools/_vendor/__pycache__) by extensions ['python_setup_py']
[3.209s] Level 1:colcon.colcon_core.package_identification:_identify(src/amiga-ros2-bridge/venv/lib/python3.10/site-packages/setuptools/_vendor/__pycache__) by extension 'python_setup_py'
[3.209s] Level 1:colcon.colcon_core.package_identification:_identify(src/amiga-ros2-bridge/venv/lib/python3.10/site-packages/setuptools/_vendor/more_itertools) by extensions ['ignore', 'ignore_ament_install']
[3.210s] Level 1:colcon.colcon_core.package_identification:_identify(src/amiga-ros2-bridge/venv/lib/python3.10/site-packages/setuptools/_vendor/more_itertools) by extension 'ignore'
[3.210s] Level 1:colcon.colcon_core.package_identification:_identify(src/amiga-ros2-bridge/venv/lib/python3.10/site-packages/setuptools/_vendor/more_itertools) by extension 'ignore_ament_install'
[3.210s] Level 1:colcon.colcon_core.package_identification:_identify(src/amiga-ros2-bridge/venv/lib/python3.10/site-packages/setuptools/_vendor/more_itertools) by extensions ['colcon_pkg']
[3.210s] Level 1:colcon.colcon_core.package_identification:_identify(src/amiga-ros2-bridge/venv/lib/python3.10/site-packages/setuptools/_vendor/more_itertools) by extension 'colcon_pkg'
[3.210s] Level 1:colcon.colcon_core.package_identification:_identify(src/amiga-ros2-bridge/venv/lib/python3.10/site-packages/setuptools/_vendor/more_itertools) by extensions ['colcon_meta']
[3.210s] Level 1:colcon.colcon_core.package_identification:_identify(src/amiga-ros2-bridge/venv/lib/python3.10/site-packages/setuptools/_vendor/more_itertools) by extension 'colcon_meta'
[3.210s] Level 1:colcon.colcon_core.package_identification:_identify(src/amiga-ros2-bridge/venv/lib/python3.10/site-packages/setuptools/_vendor/more_itertools) by extensions ['ros']
[3.210s] Level 1:colcon.colcon_core.package_identification:_identify(src/amiga-ros2-bridge/venv/lib/python3.10/site-packages/setuptools/_vendor/more_itertools) by extension 'ros'
[3.211s] Level 1:colcon.colcon_core.package_identification:_identify(src/amiga-ros2-bridge/venv/lib/python3.10/site-packages/setuptools/_vendor/more_itertools) by extensions ['cmake', 'python']
[3.211s] Level 1:colcon.colcon_core.package_identification:_identify(src/amiga-ros2-bridge/venv/lib/python3.10/site-packages/setuptools/_vendor/more_itertools) by extension 'cmake'
[3.211s] Level 1:colcon.colcon_core.package_identification:_identify(src/amiga-ros2-bridge/venv/lib/python3.10/site-packages/setuptools/_vendor/more_itertools) by extension 'python'
[3.211s] Level 1:colcon.colcon_core.package_identification:_identify(src/amiga-ros2-bridge/venv/lib/python3.10/site-packages/setuptools/_vendor/more_itertools) by extensions ['python_setup_py']
[3.211s] Level 1:colcon.colcon_core.package_identification:_identify(src/amiga-ros2-bridge/venv/lib/python3.10/site-packages/setuptools/_vendor/more_itertools) by extension 'python_setup_py'
[3.211s] Level 1:colcon.colcon_core.package_identification:_identify(src/amiga-ros2-bridge/venv/lib/python3.10/site-packages/setuptools/_vendor/more_itertools/__pycache__) by extensions ['ignore', 'ignore_ament_install']
[3.212s] Level 1:colcon.colcon_core.package_identification:_identify(src/amiga-ros2-bridge/venv/lib/python3.10/site-packages/setuptools/_vendor/more_itertools/__pycache__) by extension 'ignore'
[3.212s] Level 1:colcon.colcon_core.package_identification:_identify(src/amiga-ros2-bridge/venv/lib/python3.10/site-packages/setuptools/_vendor/more_itertools/__pycache__) by extension 'ignore_ament_install'
[3.212s] Level 1:colcon.colcon_core.package_identification:_identify(src/amiga-ros2-bridge/venv/lib/python3.10/site-packages/setuptools/_vendor/more_itertools/__pycache__) by extensions ['colcon_pkg']
[3.212s] Level 1:colcon.colcon_core.package_identification:_identify(src/amiga-ros2-bridge/venv/lib/python3.10/site-packages/setuptools/_vendor/more_itertools/__pycache__) by extension 'colcon_pkg'
[3.212s] Level 1:colcon.colcon_core.package_identification:_identify(src/amiga-ros2-bridge/venv/lib/python3.10/site-packages/setuptools/_vendor/more_itertools/__pycache__) by extensions ['colcon_meta']
[3.212s] Level 1:colcon.colcon_core.package_identification:_identify(src/amiga-ros2-bridge/venv/lib/python3.10/site-packages/setuptools/_vendor/more_itertools/__pycache__) by extension 'colcon_meta'
[3.212s] Level 1:colcon.colcon_core.package_identification:_identify(src/amiga-ros2-bridge/venv/lib/python3.10/site-packages/setuptools/_vendor/more_itertools/__pycache__) by extensions ['ros']
[3.212s] Level 1:colcon.colcon_core.package_identification:_identify(src/amiga-ros2-bridge/venv/lib/python3.10/site-packages/setuptools/_vendor/more_itertools/__pycache__) by extension 'ros'
[3.212s] Level 1:colcon.colcon_core.package_identification:_identify(src/amiga-ros2-bridge/venv/lib/python3.10/site-packages/setuptools/_vendor/more_itertools/__pycache__) by extensions ['cmake', 'python']
[3.213s] Level 1:colcon.colcon_core.package_identification:_identify(src/amiga-ros2-bridge/venv/lib/python3.10/site-packages/setuptools/_vendor/more_itertools/__pycache__) by extension 'cmake'
[3.213s] Level 1:colcon.colcon_core.package_identification:_identify(src/amiga-ros2-bridge/venv/lib/python3.10/site-packages/setuptools/_vendor/more_itertools/__pycache__) by extension 'python'
[3.213s] Level 1:colcon.colcon_core.package_identification:_identify(src/amiga-ros2-bridge/venv/lib/python3.10/site-packages/setuptools/_vendor/more_itertools/__pycache__) by extensions ['python_setup_py']
[3.213s] Level 1:colcon.colcon_core.package_identification:_identify(src/amiga-ros2-bridge/venv/lib/python3.10/site-packages/setuptools/_vendor/more_itertools/__pycache__) by extension 'python_setup_py'
[3.213s] Level 1:colcon.colcon_core.package_identification:_identify(src/amiga-ros2-bridge/venv/lib/python3.10/site-packages/setuptools/_vendor/packaging) by extensions ['ignore', 'ignore_ament_install']
[3.213s] Level 1:colcon.colcon_core.package_identification:_identify(src/amiga-ros2-bridge/venv/lib/python3.10/site-packages/setuptools/_vendor/packaging) by extension 'ignore'
[3.213s] Level 1:colcon.colcon_core.package_identification:_identify(src/amiga-ros2-bridge/venv/lib/python3.10/site-packages/setuptools/_vendor/packaging) by extension 'ignore_ament_install'
[3.214s] Level 1:colcon.colcon_core.package_identification:_identify(src/amiga-ros2-bridge/venv/lib/python3.10/site-packages/setuptools/_vendor/packaging) by extensions ['colcon_pkg']
[3.214s] Level 1:colcon.colcon_core.package_identification:_identify(src/amiga-ros2-bridge/venv/lib/python3.10/site-packages/setuptools/_vendor/packaging) by extension 'colcon_pkg'
[3.214s] Level 1:colcon.colcon_core.package_identification:_identify(src/amiga-ros2-bridge/venv/lib/python3.10/site-packages/setuptools/_vendor/packaging) by extensions ['colcon_meta']
[3.214s] Level 1:colcon.colcon_core.package_identification:_identify(src/amiga-ros2-bridge/venv/lib/python3.10/site-packages/setuptools/_vendor/packaging) by extension 'colcon_meta'
[3.214s] Level 1:colcon.colcon_core.package_identification:_identify(src/amiga-ros2-bridge/venv/lib/python3.10/site-packages/setuptools/_vendor/packaging) by extensions ['ros']
[3.214s] Level 1:colcon.colcon_core.package_identification:_identify(src/amiga-ros2-bridge/venv/lib/python3.10/site-packages/setuptools/_vendor/packaging) by extension 'ros'
[3.214s] Level 1:colcon.colcon_core.package_identification:_identify(src/amiga-ros2-bridge/venv/lib/python3.10/site-packages/setuptools/_vendor/packaging) by extensions ['cmake', 'python']
[3.214s] Level 1:colcon.colcon_core.package_identification:_identify(src/amiga-ros2-bridge/venv/lib/python3.10/site-packages/setuptools/_vendor/packaging) by extension 'cmake'
[3.214s] Level 1:colcon.colcon_core.package_identification:_identify(src/amiga-ros2-bridge/venv/lib/python3.10/site-packages/setuptools/_vendor/packaging) by extension 'python'
[3.215s] Level 1:colcon.colcon_core.package_identification:_identify(src/amiga-ros2-bridge/venv/lib/python3.10/site-packages/setuptools/_vendor/packaging) by extensions ['python_setup_py']
[3.215s] Level 1:colcon.colcon_core.package_identification:_identify(src/amiga-ros2-bridge/venv/lib/python3.10/site-packages/setuptools/_vendor/packaging) by extension 'python_setup_py'
[3.215s] Level 1:colcon.colcon_core.package_identification:_identify(src/amiga-ros2-bridge/venv/lib/python3.10/site-packages/setuptools/_vendor/packaging/__pycache__) by extensions ['ignore', 'ignore_ament_install']
[3.215s] Level 1:colcon.colcon_core.package_identification:_identify(src/amiga-ros2-bridge/venv/lib/python3.10/site-packages/setuptools/_vendor/packaging/__pycache__) by extension 'ignore'
[3.215s] Level 1:colcon.colcon_core.package_identification:_identify(src/amiga-ros2-bridge/venv/lib/python3.10/site-packages/setuptools/_vendor/packaging/__pycache__) by extension 'ignore_ament_install'
[3.215s] Level 1:colcon.colcon_core.package_identification:_identify(src/amiga-ros2-bridge/venv/lib/python3.10/site-packages/setuptools/_vendor/packaging/__pycache__) by extensions ['colcon_pkg']
[3.215s] Level 1:colcon.colcon_core.package_identification:_identify(src/amiga-ros2-bridge/venv/lib/python3.10/site-packages/setuptools/_vendor/packaging/__pycache__) by extension 'colcon_pkg'
[3.216s] Level 1:colcon.colcon_core.package_identification:_identify(src/amiga-ros2-bridge/venv/lib/python3.10/site-packages/setuptools/_vendor/packaging/__pycache__) by extensions ['colcon_meta']
[3.216s] Level 1:colcon.colcon_core.package_identification:_identify(src/amiga-ros2-bridge/venv/lib/python3.10/site-packages/setuptools/_vendor/packaging/__pycache__) by extension 'colcon_meta'
[3.216s] Level 1:colcon.colcon_core.package_identification:_identify(src/amiga-ros2-bridge/venv/lib/python3.10/site-packages/setuptools/_vendor/packaging/__pycache__) by extensions ['ros']
[3.216s] Level 1:colcon.colcon_core.package_identification:_identify(src/amiga-ros2-bridge/venv/lib/python3.10/site-packages/setuptools/_vendor/packaging/__pycache__) by extension 'ros'
[3.216s] Level 1:colcon.colcon_core.package_identification:_identify(src/amiga-ros2-bridge/venv/lib/python3.10/site-packages/setuptools/_vendor/packaging/__pycache__) by extensions ['cmake', 'python']
[3.216s] Level 1:colcon.colcon_core.package_identification:_identify(src/amiga-ros2-bridge/venv/lib/python3.10/site-packages/setuptools/_vendor/packaging/__pycache__) by extension 'cmake'
[3.216s] Level 1:colcon.colcon_core.package_identification:_identify(src/amiga-ros2-bridge/venv/lib/python3.10/site-packages/setuptools/_vendor/packaging/__pycache__) by extension 'python'
[3.216s] Level 1:colcon.colcon_core.package_identification:_identify(src/amiga-ros2-bridge/venv/lib/python3.10/site-packages/setuptools/_vendor/packaging/__pycache__) by extensions ['python_setup_py']
[3.216s] Level 1:colcon.colcon_core.package_identification:_identify(src/amiga-ros2-bridge/venv/lib/python3.10/site-packages/setuptools/_vendor/packaging/__pycache__) by extension 'python_setup_py'
[3.217s] Level 1:colcon.colcon_core.package_identification:_identify(src/amiga-ros2-bridge/venv/lib/python3.10/site-packages/setuptools/command) by extensions ['ignore', 'ignore_ament_install']
[3.217s] Level 1:colcon.colcon_core.package_identification:_identify(src/amiga-ros2-bridge/venv/lib/python3.10/site-packages/setuptools/command) by extension 'ignore'
[3.217s] Level 1:colcon.colcon_core.package_identification:_identify(src/amiga-ros2-bridge/venv/lib/python3.10/site-packages/setuptools/command) by extension 'ignore_ament_install'
[3.217s] Level 1:colcon.colcon_core.package_identification:_identify(src/amiga-ros2-bridge/venv/lib/python3.10/site-packages/setuptools/command) by extensions ['colcon_pkg']
[3.217s] Level 1:colcon.colcon_core.package_identification:_identify(src/amiga-ros2-bridge/venv/lib/python3.10/site-packages/setuptools/command) by extension 'colcon_pkg'
[3.217s] Level 1:colcon.colcon_core.package_identification:_identify(src/amiga-ros2-bridge/venv/lib/python3.10/site-packages/setuptools/command) by extensions ['colcon_meta']
[3.217s] Level 1:colcon.colcon_core.package_identification:_identify(src/amiga-ros2-bridge/venv/lib/python3.10/site-packages/setuptools/command) by extension 'colcon_meta'
[3.218s] Level 1:colcon.colcon_core.package_identification:_identify(src/amiga-ros2-bridge/venv/lib/python3.10/site-packages/setuptools/command) by extensions ['ros']
[3.218s] Level 1:colcon.colcon_core.package_identification:_identify(src/amiga-ros2-bridge/venv/lib/python3.10/site-packages/setuptools/command) by extension 'ros'
[3.218s] Level 1:colcon.colcon_core.package_identification:_identify(src/amiga-ros2-bridge/venv/lib/python3.10/site-packages/setuptools/command) by extensions ['cmake', 'python']
[3.218s] Level 1:colcon.colcon_core.package_identification:_identify(src/amiga-ros2-bridge/venv/lib/python3.10/site-packages/setuptools/command) by extension 'cmake'
[3.218s] Level 1:colcon.colcon_core.package_identification:_identify(src/amiga-ros2-bridge/venv/lib/python3.10/site-packages/setuptools/command) by extension 'python'
[3.218s] Level 1:colcon.colcon_core.package_identification:_identify(src/amiga-ros2-bridge/venv/lib/python3.10/site-packages/setuptools/command) by extensions ['python_setup_py']
[3.218s] Level 1:colcon.colcon_core.package_identification:_identify(src/amiga-ros2-bridge/venv/lib/python3.10/site-packages/setuptools/command) by extension 'python_setup_py'
[3.219s] Level 1:colcon.colcon_core.package_identification:_identify(src/amiga-ros2-bridge/venv/lib/python3.10/site-packages/setuptools/command/__pycache__) by extensions ['ignore', 'ignore_ament_install']
[3.219s] Level 1:colcon.colcon_core.package_identification:_identify(src/amiga-ros2-bridge/venv/lib/python3.10/site-packages/setuptools/command/__pycache__) by extension 'ignore'
[3.219s] Level 1:colcon.colcon_core.package_identification:_identify(src/amiga-ros2-bridge/venv/lib/python3.10/site-packages/setuptools/command/__pycache__) by extension 'ignore_ament_install'
[3.219s] Level 1:colcon.colcon_core.package_identification:_identify(src/amiga-ros2-bridge/venv/lib/python3.10/site-packages/setuptools/command/__pycache__) by extensions ['colcon_pkg']
[3.219s] Level 1:colcon.colcon_core.package_identification:_identify(src/amiga-ros2-bridge/venv/lib/python3.10/site-packages/setuptools/command/__pycache__) by extension 'colcon_pkg'
[3.219s] Level 1:colcon.colcon_core.package_identification:_identify(src/amiga-ros2-bridge/venv/lib/python3.10/site-packages/setuptools/command/__pycache__) by extensions ['colcon_meta']
[3.219s] Level 1:colcon.colcon_core.package_identification:_identify(src/amiga-ros2-bridge/venv/lib/python3.10/site-packages/setuptools/command/__pycache__) by extension 'colcon_meta'
[3.219s] Level 1:colcon.colcon_core.package_identification:_identify(src/amiga-ros2-bridge/venv/lib/python3.10/site-packages/setuptools/command/__pycache__) by extensions ['ros']
[3.220s] Level 1:colcon.colcon_core.package_identification:_identify(src/amiga-ros2-bridge/venv/lib/python3.10/site-packages/setuptools/command/__pycache__) by extension 'ros'
[3.220s] Level 1:colcon.colcon_core.package_identification:_identify(src/amiga-ros2-bridge/venv/lib/python3.10/site-packages/setuptools/command/__pycache__) by extensions ['cmake', 'python']
[3.220s] Level 1:colcon.colcon_core.package_identification:_identify(src/amiga-ros2-bridge/venv/lib/python3.10/site-packages/setuptools/command/__pycache__) by extension 'cmake'
[3.220s] Level 1:colcon.colcon_core.package_identification:_identify(src/amiga-ros2-bridge/venv/lib/python3.10/site-packages/setuptools/command/__pycache__) by extension 'python'
[3.220s] Level 1:colcon.colcon_core.package_identification:_identify(src/amiga-ros2-bridge/venv/lib/python3.10/site-packages/setuptools/command/__pycache__) by extensions ['python_setup_py']
[3.220s] Level 1:colcon.colcon_core.package_identification:_identify(src/amiga-ros2-bridge/venv/lib/python3.10/site-packages/setuptools/command/__pycache__) by extension 'python_setup_py'
[3.220s] Level 1:colcon.colcon_core.package_identification:_identify(src/amiga-ros2-bridge/venv/lib/python3.10/site-packages/setuptools/extern) by extensions ['ignore', 'ignore_ament_install']
[3.221s] Level 1:colcon.colcon_core.package_identification:_identify(src/amiga-ros2-bridge/venv/lib/python3.10/site-packages/setuptools/extern) by extension 'ignore'
[3.221s] Level 1:colcon.colcon_core.package_identification:_identify(src/amiga-ros2-bridge/venv/lib/python3.10/site-packages/setuptools/extern) by extension 'ignore_ament_install'
[3.221s] Level 1:colcon.colcon_core.package_identification:_identify(src/amiga-ros2-bridge/venv/lib/python3.10/site-packages/setuptools/extern) by extensions ['colcon_pkg']
[3.221s] Level 1:colcon.colcon_core.package_identification:_identify(src/amiga-ros2-bridge/venv/lib/python3.10/site-packages/setuptools/extern) by extension 'colcon_pkg'
[3.221s] Level 1:colcon.colcon_core.package_identification:_identify(src/amiga-ros2-bridge/venv/lib/python3.10/site-packages/setuptools/extern) by extensions ['colcon_meta']
[3.221s] Level 1:colcon.colcon_core.package_identification:_identify(src/amiga-ros2-bridge/venv/lib/python3.10/site-packages/setuptools/extern) by extension 'colcon_meta'
[3.221s] Level 1:colcon.colcon_core.package_identification:_identify(src/amiga-ros2-bridge/venv/lib/python3.10/site-packages/setuptools/extern) by extensions ['ros']
[3.221s] Level 1:colcon.colcon_core.package_identification:_identify(src/amiga-ros2-bridge/venv/lib/python3.10/site-packages/setuptools/extern) by extension 'ros'
[3.221s] Level 1:colcon.colcon_core.package_identification:_identify(src/amiga-ros2-bridge/venv/lib/python3.10/site-packages/setuptools/extern) by extensions ['cmake', 'python']
[3.222s] Level 1:colcon.colcon_core.package_identification:_identify(src/amiga-ros2-bridge/venv/lib/python3.10/site-packages/setuptools/extern) by extension 'cmake'
[3.222s] Level 1:colcon.colcon_core.package_identification:_identify(src/amiga-ros2-bridge/venv/lib/python3.10/site-packages/setuptools/extern) by extension 'python'
[3.222s] Level 1:colcon.colcon_core.package_identification:_identify(src/amiga-ros2-bridge/venv/lib/python3.10/site-packages/setuptools/extern) by extensions ['python_setup_py']
[3.222s] Level 1:colcon.colcon_core.package_identification:_identify(src/amiga-ros2-bridge/venv/lib/python3.10/site-packages/setuptools/extern) by extension 'python_setup_py'
[3.222s] Level 1:colcon.colcon_core.package_identification:_identify(src/amiga-ros2-bridge/venv/lib/python3.10/site-packages/setuptools/extern/__pycache__) by extensions ['ignore', 'ignore_ament_install']
[3.222s] Level 1:colcon.colcon_core.package_identification:_identify(src/amiga-ros2-bridge/venv/lib/python3.10/site-packages/setuptools/extern/__pycache__) by extension 'ignore'
[3.222s] Level 1:colcon.colcon_core.package_identification:_identify(src/amiga-ros2-bridge/venv/lib/python3.10/site-packages/setuptools/extern/__pycache__) by extension 'ignore_ament_install'
[3.223s] Level 1:colcon.colcon_core.package_identification:_identify(src/amiga-ros2-bridge/venv/lib/python3.10/site-packages/setuptools/extern/__pycache__) by extensions ['colcon_pkg']
[3.223s] Level 1:colcon.colcon_core.package_identification:_identify(src/amiga-ros2-bridge/venv/lib/python3.10/site-packages/setuptools/extern/__pycache__) by extension 'colcon_pkg'
[3.223s] Level 1:colcon.colcon_core.package_identification:_identify(src/amiga-ros2-bridge/venv/lib/python3.10/site-packages/setuptools/extern/__pycache__) by extensions ['colcon_meta']
[3.223s] Level 1:colcon.colcon_core.package_identification:_identify(src/amiga-ros2-bridge/venv/lib/python3.10/site-packages/setuptools/extern/__pycache__) by extension 'colcon_meta'
[3.223s] Level 1:colcon.colcon_core.package_identification:_identify(src/amiga-ros2-bridge/venv/lib/python3.10/site-packages/setuptools/extern/__pycache__) by extensions ['ros']
[3.223s] Level 1:colcon.colcon_core.package_identification:_identify(src/amiga-ros2-bridge/venv/lib/python3.10/site-packages/setuptools/extern/__pycache__) by extension 'ros'
[3.223s] Level 1:colcon.colcon_core.package_identification:_identify(src/amiga-ros2-bridge/venv/lib/python3.10/site-packages/setuptools/extern/__pycache__) by extensions ['cmake', 'python']
[3.223s] Level 1:colcon.colcon_core.package_identification:_identify(src/amiga-ros2-bridge/venv/lib/python3.10/site-packages/setuptools/extern/__pycache__) by extension 'cmake'
[3.223s] Level 1:colcon.colcon_core.package_identification:_identify(src/amiga-ros2-bridge/venv/lib/python3.10/site-packages/setuptools/extern/__pycache__) by extension 'python'
[3.224s] Level 1:colcon.colcon_core.package_identification:_identify(src/amiga-ros2-bridge/venv/lib/python3.10/site-packages/setuptools/extern/__pycache__) by extensions ['python_setup_py']
[3.224s] Level 1:colcon.colcon_core.package_identification:_identify(src/amiga-ros2-bridge/venv/lib/python3.10/site-packages/setuptools/extern/__pycache__) by extension 'python_setup_py'
[3.224s] Level 1:colcon.colcon_core.package_identification:_identify(src/amiga-ros2-bridge/venv/lib/python3.10/site-packages/setuptools-59.6.0.dist-info) by extensions ['ignore', 'ignore_ament_install']
[3.224s] Level 1:colcon.colcon_core.package_identification:_identify(src/amiga-ros2-bridge/venv/lib/python3.10/site-packages/setuptools-59.6.0.dist-info) by extension 'ignore'
[3.224s] Level 1:colcon.colcon_core.package_identification:_identify(src/amiga-ros2-bridge/venv/lib/python3.10/site-packages/setuptools-59.6.0.dist-info) by extension 'ignore_ament_install'
[3.224s] Level 1:colcon.colcon_core.package_identification:_identify(src/amiga-ros2-bridge/venv/lib/python3.10/site-packages/setuptools-59.6.0.dist-info) by extensions ['colcon_pkg']
[3.224s] Level 1:colcon.colcon_core.package_identification:_identify(src/amiga-ros2-bridge/venv/lib/python3.10/site-packages/setuptools-59.6.0.dist-info) by extension 'colcon_pkg'
[3.225s] Level 1:colcon.colcon_core.package_identification:_identify(src/amiga-ros2-bridge/venv/lib/python3.10/site-packages/setuptools-59.6.0.dist-info) by extensions ['colcon_meta']
[3.225s] Level 1:colcon.colcon_core.package_identification:_identify(src/amiga-ros2-bridge/venv/lib/python3.10/site-packages/setuptools-59.6.0.dist-info) by extension 'colcon_meta'
[3.225s] Level 1:colcon.colcon_core.package_identification:_identify(src/amiga-ros2-bridge/venv/lib/python3.10/site-packages/setuptools-59.6.0.dist-info) by extensions ['ros']
[3.225s] Level 1:colcon.colcon_core.package_identification:_identify(src/amiga-ros2-bridge/venv/lib/python3.10/site-packages/setuptools-59.6.0.dist-info) by extension 'ros'
[3.225s] Level 1:colcon.colcon_core.package_identification:_identify(src/amiga-ros2-bridge/venv/lib/python3.10/site-packages/setuptools-59.6.0.dist-info) by extensions ['cmake', 'python']
[3.225s] Level 1:colcon.colcon_core.package_identification:_identify(src/amiga-ros2-bridge/venv/lib/python3.10/site-packages/setuptools-59.6.0.dist-info) by extension 'cmake'
[3.225s] Level 1:colcon.colcon_core.package_identification:_identify(src/amiga-ros2-bridge/venv/lib/python3.10/site-packages/setuptools-59.6.0.dist-info) by extension 'python'
[3.225s] Level 1:colcon.colcon_core.package_identification:_identify(src/amiga-ros2-bridge/venv/lib/python3.10/site-packages/setuptools-59.6.0.dist-info) by extensions ['python_setup_py']
[3.225s] Level 1:colcon.colcon_core.package_identification:_identify(src/amiga-ros2-bridge/venv/lib/python3.10/site-packages/setuptools-59.6.0.dist-info) by extension 'python_setup_py'
[3.226s] Level 1:colcon.colcon_core.package_identification:_identify(src/navigation) by extensions ['ignore', 'ignore_ament_install']
[3.226s] Level 1:colcon.colcon_core.package_identification:_identify(src/navigation) by extension 'ignore'
[3.226s] Level 1:colcon.colcon_core.package_identification:_identify(src/navigation) by extension 'ignore_ament_install'
[3.226s] Level 1:colcon.colcon_core.package_identification:_identify(src/navigation) by extensions ['colcon_pkg']
[3.226s] Level 1:colcon.colcon_core.package_identification:_identify(src/navigation) by extension 'colcon_pkg'
[3.226s] Level 1:colcon.colcon_core.package_identification:_identify(src/navigation) by extensions ['colcon_meta']
[3.226s] Level 1:colcon.colcon_core.package_identification:_identify(src/navigation) by extension 'colcon_meta'
[3.226s] Level 1:colcon.colcon_core.package_identification:_identify(src/navigation) by extensions ['ros']
[3.227s] Level 1:colcon.colcon_core.package_identification:_identify(src/navigation) by extension 'ros'
[3.228s] DEBUG:colcon.colcon_core.package_identification:Package 'src/navigation' with type 'ros.ament_cmake' and name 'navigation'
[3.228s] Level 1:colcon.colcon_core.package_identification:_identify(src/safety) by extensions ['ignore', 'ignore_ament_install']
[3.229s] Level 1:colcon.colcon_core.package_identification:_identify(src/safety) by extension 'ignore'
[3.229s] Level 1:colcon.colcon_core.package_identification:_identify(src/safety) by extension 'ignore_ament_install'
[3.229s] Level 1:colcon.colcon_core.package_identification:_identify(src/safety) by extensions ['colcon_pkg']
[3.229s] Level 1:colcon.colcon_core.package_identification:_identify(src/safety) by extension 'colcon_pkg'
[3.229s] Level 1:colcon.colcon_core.package_identification:_identify(src/safety) by extensions ['colcon_meta']
[3.229s] Level 1:colcon.colcon_core.package_identification:_identify(src/safety) by extension 'colcon_meta'
[3.229s] Level 1:colcon.colcon_core.package_identification:_identify(src/safety) by extensions ['ros']
[3.229s] Level 1:colcon.colcon_core.package_identification:_identify(src/safety) by extension 'ros'
[3.231s] DEBUG:colcon.colcon_core.package_identification:Package 'src/safety' with type 'ros.ament_cmake' and name 'safety'
[3.231s] Level 1:colcon.colcon_core.package_identification:_identify(src/weeding_mechanism) by extensions ['ignore', 'ignore_ament_install']
[3.231s] Level 1:colcon.colcon_core.package_identification:_identify(src/weeding_mechanism) by extension 'ignore'
[3.231s] Level 1:colcon.colcon_core.package_identification:_identify(src/weeding_mechanism) by extension 'ignore_ament_install'
[3.231s] Level 1:colcon.colcon_core.package_identification:_identify(src/weeding_mechanism) by extensions ['colcon_pkg']
[3.232s] Level 1:colcon.colcon_core.package_identification:_identify(src/weeding_mechanism) by extension 'colcon_pkg'
[3.232s] Level 1:colcon.colcon_core.package_identification:_identify(src/weeding_mechanism) by extensions ['colcon_meta']
[3.232s] Level 1:colcon.colcon_core.package_identification:_identify(src/weeding_mechanism) by extension 'colcon_meta'
[3.232s] Level 1:colcon.colcon_core.package_identification:_identify(src/weeding_mechanism) by extensions ['ros']
[3.232s] Level 1:colcon.colcon_core.package_identification:_identify(src/weeding_mechanism) by extension 'ros'
[3.233s] DEBUG:colcon.colcon_core.package_identification:Package 'src/weeding_mechanism' with type 'ros.ament_cmake' and name 'weeding_mechanism'
[3.233s] Level 1:colcon.colcon_core.package_discovery:discover_packages(recursive) using defaults
[3.233s] Level 1:colcon.colcon_core.package_discovery:discover_packages(ignore) discover
[3.234s] Level 1:colcon.colcon_core.package_discovery:discover_packages(ignore) using defaults
[3.234s] Level 1:colcon.colcon_core.package_discovery:discover_packages(path) discover
[3.234s] Level 1:colcon.colcon_core.package_discovery:discover_packages(path) using defaults
[3.307s] Level 1:colcon.colcon_core.package_discovery:discover_packages(prefix_path) check parameters
[3.307s] Level 1:colcon.colcon_core.package_discovery:discover_packages(prefix_path) discover
[3.311s] DEBUG:colcon.colcon_installed_package_information.package_discovery:Found 5 installed packages in /home/jetson-amiga/ros2_ws/install
[3.314s] DEBUG:colcon.colcon_installed_package_information.package_discovery:Found 271 installed packages in /opt/ros/humble
[3.316s] Level 1:colcon.colcon_core.package_discovery:discover_packages(prefix_path) using defaults
[3.402s] Level 5:colcon.colcon_core.verb:set package 'amiga_ros2_bridge' build argument 'cmake_args' from command line to 'None'
[3.402s] Level 5:colcon.colcon_core.verb:set package 'amiga_ros2_bridge' build argument 'cmake_target' from command line to 'None'
[3.402s] Level 5:colcon.colcon_core.verb:set package 'amiga_ros2_bridge' build argument 'cmake_target_skip_unavailable' from command line to 'False'
[3.402s] Level 5:colcon.colcon_core.verb:set package 'amiga_ros2_bridge' build argument 'cmake_clean_cache' from command line to 'False'
[3.402s] Level 5:colcon.colcon_core.verb:set package 'amiga_ros2_bridge' build argument 'cmake_clean_first' from command line to 'False'
[3.402s] Level 5:colcon.colcon_core.verb:set package 'amiga_ros2_bridge' build argument 'cmake_force_configure' from command line to 'False'
[3.402s] Level 5:colcon.colcon_core.verb:set package 'amiga_ros2_bridge' build argument 'ament_cmake_args' from command line to 'None'
[3.402s] Level 5:colcon.colcon_core.verb:set package 'amiga_ros2_bridge' build argument 'catkin_cmake_args' from command line to 'None'
[3.402s] Level 5:colcon.colcon_core.verb:set package 'amiga_ros2_bridge' build argument 'catkin_skip_building_tests' from command line to 'False'
[3.403s] DEBUG:colcon.colcon_core.verb:Building package 'amiga_ros2_bridge' with the following arguments: {'ament_cmake_args': None, 'build_base': '/home/jetson-amiga/ros2_ws/build/amiga_ros2_bridge', 'catkin_cmake_args': None, 'catkin_skip_building_tests': False, 'cmake_args': None, 'cmake_clean_cache': False, 'cmake_clean_first': False, 'cmake_force_configure': False, 'cmake_target': None, 'cmake_target_skip_unavailable': False, 'install_base': '/home/jetson-amiga/ros2_ws/install/amiga_ros2_bridge', 'merge_install': False, 'path': '/home/jetson-amiga/ros2_ws/src/amiga-ros2-bridge/amiga_ros2_bridge', 'symlink_install': False, 'test_result_base': None}
[3.403s] Level 5:colcon.colcon_core.verb:set package 'my-test-package' build argument 'cmake_args' from command line to 'None'
[3.404s] Level 5:colcon.colcon_core.verb:set package 'my-test-package' build argument 'cmake_target' from command line to 'None'
[3.404s] Level 5:colcon.colcon_core.verb:set package 'my-test-package' build argument 'cmake_target_skip_unavailable' from command line to 'False'
[3.404s] Level 5:colcon.colcon_core.verb:set package 'my-test-package' build argument 'cmake_clean_cache' from command line to 'False'
[3.404s] Level 5:colcon.colcon_core.verb:set package 'my-test-package' build argument 'cmake_clean_first' from command line to 'False'
[3.404s] Level 5:colcon.colcon_core.verb:set package 'my-test-package' build argument 'cmake_force_configure' from command line to 'False'
[3.404s] Level 5:colcon.colcon_core.verb:set package 'my-test-package' build argument 'ament_cmake_args' from command line to 'None'
[3.404s] Level 5:colcon.colcon_core.verb:set package 'my-test-package' build argument 'catkin_cmake_args' from command line to 'None'
[3.404s] Level 5:colcon.colcon_core.verb:set package 'my-test-package' build argument 'catkin_skip_building_tests' from command line to 'False'
[3.404s] DEBUG:colcon.colcon_core.verb:Building package 'my-test-package' with the following arguments: {'ament_cmake_args': None, 'build_base': '/home/jetson-amiga/ros2_ws/build/my-test-package', 'catkin_cmake_args': None, 'catkin_skip_building_tests': False, 'cmake_args': None, 'cmake_clean_cache': False, 'cmake_clean_first': False, 'cmake_force_configure': False, 'cmake_target': None, 'cmake_target_skip_unavailable': False, 'install_base': '/home/jetson-amiga/ros2_ws/install/my-test-package', 'merge_install': False, 'path': '/home/jetson-amiga/ros2_ws/src/amiga-ros2-bridge/venv/lib/python3.10/site-packages/pkg_resources/tests/data/my-test-package-source', 'symlink_install': False, 'test_result_base': None}
[3.405s] Level 5:colcon.colcon_core.verb:set package 'navigation' build argument 'cmake_args' from command line to 'None'
[3.405s] Level 5:colcon.colcon_core.verb:set package 'navigation' build argument 'cmake_target' from command line to 'None'
[3.405s] Level 5:colcon.colcon_core.verb:set package 'navigation' build argument 'cmake_target_skip_unavailable' from command line to 'False'
[3.405s] Level 5:colcon.colcon_core.verb:set package 'navigation' build argument 'cmake_clean_cache' from command line to 'False'
[3.405s] Level 5:colcon.colcon_core.verb:set package 'navigation' build argument 'cmake_clean_first' from command line to 'False'
[3.405s] Level 5:colcon.colcon_core.verb:set package 'navigation' build argument 'cmake_force_configure' from command line to 'False'
[3.405s] Level 5:colcon.colcon_core.verb:set package 'navigation' build argument 'ament_cmake_args' from command line to 'None'
[3.405s] Level 5:colcon.colcon_core.verb:set package 'navigation' build argument 'catkin_cmake_args' from command line to 'None'
[3.405s] Level 5:colcon.colcon_core.verb:set package 'navigation' build argument 'catkin_skip_building_tests' from command line to 'False'
[3.405s] DEBUG:colcon.colcon_core.verb:Building package 'navigation' with the following arguments: {'ament_cmake_args': None, 'build_base': '/home/jetson-amiga/ros2_ws/build/navigation', 'catkin_cmake_args': None, 'catkin_skip_building_tests': False, 'cmake_args': None, 'cmake_clean_cache': False, 'cmake_clean_first': False, 'cmake_force_configure': False, 'cmake_target': None, 'cmake_target_skip_unavailable': False, 'install_base': '/home/jetson-amiga/ros2_ws/install/navigation', 'merge_install': False, 'path': '/home/jetson-amiga/ros2_ws/src/navigation', 'symlink_install': False, 'test_result_base': None}
[3.406s] Level 5:colcon.colcon_core.verb:set package 'safety' build argument 'cmake_args' from command line to 'None'
[3.406s] Level 5:colcon.colcon_core.verb:set package 'safety' build argument 'cmake_target' from command line to 'None'
[3.406s] Level 5:colcon.colcon_core.verb:set package 'safety' build argument 'cmake_target_skip_unavailable' from command line to 'False'
[3.406s] Level 5:colcon.colcon_core.verb:set package 'safety' build argument 'cmake_clean_cache' from command line to 'False'
[3.406s] Level 5:colcon.colcon_core.verb:set package 'safety' build argument 'cmake_clean_first' from command line to 'False'
[3.406s] Level 5:colcon.colcon_core.verb:set package 'safety' build argument 'cmake_force_configure' from command line to 'False'
[3.406s] Level 5:colcon.colcon_core.verb:set package 'safety' build argument 'ament_cmake_args' from command line to 'None'
[3.406s] Level 5:colcon.colcon_core.verb:set package 'safety' build argument 'catkin_cmake_args' from command line to 'None'
[3.406s] Level 5:colcon.colcon_core.verb:set package 'safety' build argument 'catkin_skip_building_tests' from command line to 'False'
[3.407s] DEBUG:colcon.colcon_core.verb:Building package 'safety' with the following arguments: {'ament_cmake_args': None, 'build_base': '/home/jetson-amiga/ros2_ws/build/safety', 'catkin_cmake_args': None, 'catkin_skip_building_tests': False, 'cmake_args': None, 'cmake_clean_cache': False, 'cmake_clean_first': False, 'cmake_force_configure': False, 'cmake_target': None, 'cmake_target_skip_unavailable': False, 'install_base': '/home/jetson-amiga/ros2_ws/install/safety', 'merge_install': False, 'path': '/home/jetson-amiga/ros2_ws/src/safety', 'symlink_install': False, 'test_result_base': None}
[3.407s] Level 5:colcon.colcon_core.verb:set package 'weeding_mechanism' build argument 'cmake_args' from command line to 'None'
[3.407s] Level 5:colcon.colcon_core.verb:set package 'weeding_mechanism' build argument 'cmake_target' from command line to 'None'
[3.407s] Level 5:colcon.colcon_core.verb:set package 'weeding_mechanism' build argument 'cmake_target_skip_unavailable' from command line to 'False'
[3.407s] Level 5:colcon.colcon_core.verb:set package 'weeding_mechanism' build argument 'cmake_clean_cache' from command line to 'False'
[3.408s] Level 5:colcon.colcon_core.verb:set package 'weeding_mechanism' build argument 'cmake_clean_first' from command line to 'False'
[3.408s] Level 5:colcon.colcon_core.verb:set package 'weeding_mechanism' build argument 'cmake_force_configure' from command line to 'False'
[3.408s] Level 5:colcon.colcon_core.verb:set package 'weeding_mechanism' build argument 'ament_cmake_args' from command line to 'None'
[3.408s] Level 5:colcon.colcon_core.verb:set package 'weeding_mechanism' build argument 'catkin_cmake_args' from command line to 'None'
[3.408s] Level 5:colcon.colcon_core.verb:set package 'weeding_mechanism' build argument 'catkin_skip_building_tests' from command line to 'False'
[3.408s] DEBUG:colcon.colcon_core.verb:Building package 'weeding_mechanism' with the following arguments: {'ament_cmake_args': None, 'build_base': '/home/jetson-amiga/ros2_ws/build/weeding_mechanism', 'catkin_cmake_args': None, 'catkin_skip_building_tests': False, 'cmake_args': None, 'cmake_clean_cache': False, 'cmake_clean_first': False, 'cmake_force_configure': False, 'cmake_target': None, 'cmake_target_skip_unavailable': False, 'install_base': '/home/jetson-amiga/ros2_ws/install/weeding_mechanism', 'merge_install': False, 'path': '/home/jetson-amiga/ros2_ws/src/weeding_mechanism', 'symlink_install': False, 'test_result_base': None}
[3.408s] INFO:colcon.colcon_core.executor:Executing jobs using 'parallel' executor
[3.411s] DEBUG:colcon.colcon_parallel_executor.executor.parallel:run_until_complete
[3.411s] INFO:colcon.colcon_ros.task.ament_python.build:Building ROS package in '/home/jetson-amiga/ros2_ws/src/amiga-ros2-bridge/amiga_ros2_bridge' with build type 'ament_python'
[3.412s] Level 1:colcon.colcon_core.shell:create_environment_hook('amiga_ros2_bridge', 'ament_prefix_path')
[3.417s] INFO:colcon.colcon_core.plugin_system:Skipping extension 'colcon_core.shell.bat': Not used on non-Windows systems
[3.417s] INFO:colcon.colcon_core.shell:Creating environment hook '/home/jetson-amiga/ros2_ws/install/amiga_ros2_bridge/share/amiga_ros2_bridge/hook/ament_prefix_path.ps1'
[3.419s] INFO:colcon.colcon_core.shell:Creating environment descriptor '/home/jetson-amiga/ros2_ws/install/amiga_ros2_bridge/share/amiga_ros2_bridge/hook/ament_prefix_path.dsv'
[3.420s] INFO:colcon.colcon_core.shell:Creating environment hook '/home/jetson-amiga/ros2_ws/install/amiga_ros2_bridge/share/amiga_ros2_bridge/hook/ament_prefix_path.sh'
[3.422s] INFO:colcon.colcon_core.shell:Skip shell extension 'powershell' for command environment: Not usable outside of PowerShell
[3.422s] DEBUG:colcon.colcon_core.shell:Skip shell extension 'dsv' for command environment
[3.430s] INFO:colcon.colcon_core.task.python.build:Building Python package in '/home/jetson-amiga/ros2_ws/src/amiga-ros2-bridge/venv/lib/python3.10/site-packages/pkg_resources/tests/data/my-test-package-source'
[3.430s] INFO:colcon.colcon_core.shell:Skip shell extension 'powershell' for command environment: Not usable outside of PowerShell
[3.431s] DEBUG:colcon.colcon_core.shell:Skip shell extension 'dsv' for command environment
[3.438s] INFO:colcon.colcon_ros.task.ament_cmake.build:Building ROS package in '/home/jetson-amiga/ros2_ws/src/navigation' with build type 'ament_cmake'
[3.438s] INFO:colcon.colcon_cmake.task.cmake.build:Building CMake package in '/home/jetson-amiga/ros2_ws/src/navigation'
[3.439s] INFO:colcon.colcon_core.shell:Skip shell extension 'powershell' for command environment: Not usable outside of PowerShell
[3.439s] DEBUG:colcon.colcon_core.shell:Skip shell extension 'dsv' for command environment
[3.446s] INFO:colcon.colcon_ros.task.ament_cmake.build:Building ROS package in '/home/jetson-amiga/ros2_ws/src/safety' with build type 'ament_cmake'
[3.446s] INFO:colcon.colcon_cmake.task.cmake.build:Building CMake package in '/home/jetson-amiga/ros2_ws/src/safety'
[3.447s] INFO:colcon.colcon_core.shell:Skip shell extension 'powershell' for command environment: Not usable outside of PowerShell
[3.447s] DEBUG:colcon.colcon_core.shell:Skip shell extension 'dsv' for command environment
[3.454s] INFO:colcon.colcon_ros.task.ament_cmake.build:Building ROS package in '/home/jetson-amiga/ros2_ws/src/weeding_mechanism' with build type 'ament_cmake'
[3.455s] INFO:colcon.colcon_cmake.task.cmake.build:Building CMake package in '/home/jetson-amiga/ros2_ws/src/weeding_mechanism'
[3.456s] INFO:colcon.colcon_core.shell:Skip shell extension 'powershell' for command environment: Not usable outside of PowerShell
[3.456s] DEBUG:colcon.colcon_core.shell:Skip shell extension 'dsv' for command environment
[4.086s] INFO:colcon.colcon_core.task.python.build:Building Python package in '/home/jetson-amiga/ros2_ws/src/amiga-ros2-bridge/amiga_ros2_bridge'
[4.087s] INFO:colcon.colcon_core.shell:Skip shell extension 'powershell' for command environment: Not usable outside of PowerShell
[4.087s] DEBUG:colcon.colcon_core.shell:Skip shell extension 'dsv' for command environment
[4.706s] DEBUG:colcon.colcon_core.event_handler.log_command:Invoking command in '/home/jetson-amiga/ros2_ws/build/navigation': CMAKE_PREFIX_PATH=${CMAKE_PREFIX_PATH}:/home/jetson-amiga/ros2_ws/install/amiga_ros2_bridge:/opt/ros/humble /usr/bin/cmake --build /home/jetson-amiga/ros2_ws/build/navigation -- -j6 -l6
[4.711s] DEBUG:colcon.colcon_core.event_handler.log_command:Invoking command in '/home/jetson-amiga/ros2_ws/build/safety': CMAKE_PREFIX_PATH=${CMAKE_PREFIX_PATH}:/home/jetson-amiga/ros2_ws/install/amiga_ros2_bridge:/opt/ros/humble /usr/bin/cmake --build /home/jetson-amiga/ros2_ws/build/safety -- -j6 -l6
[4.724s] DEBUG:colcon.colcon_core.event_handler.log_command:Invoking command in '/home/jetson-amiga/ros2_ws/build/weeding_mechanism': CMAKE_PREFIX_PATH=${CMAKE_PREFIX_PATH}:/home/jetson-amiga/ros2_ws/install/amiga_ros2_bridge:/opt/ros/humble /usr/bin/cmake --build /home/jetson-amiga/ros2_ws/build/weeding_mechanism -- -j6 -l6
[4.798s] DEBUG:colcon.colcon_core.event_handler.log_command:Invoked command in '/home/jetson-amiga/ros2_ws/build/navigation' returned '0': CMAKE_PREFIX_PATH=${CMAKE_PREFIX_PATH}:/home/jetson-amiga/ros2_ws/install/amiga_ros2_bridge:/opt/ros/humble /usr/bin/cmake --build /home/jetson-amiga/ros2_ws/build/navigation -- -j6 -l6
[4.817s] DEBUG:colcon.colcon_core.event_handler.log_command:Invoking command in '/home/jetson-amiga/ros2_ws/build/navigation': CMAKE_PREFIX_PATH=${CMAKE_PREFIX_PATH}:/home/jetson-amiga/ros2_ws/install/amiga_ros2_bridge:/opt/ros/humble /usr/bin/cmake --install /home/jetson-amiga/ros2_ws/build/navigation
[4.821s] DEBUG:colcon.colcon_core.event_handler.log_command:Invoked command in '/home/jetson-amiga/ros2_ws/build/safety' returned '0': CMAKE_PREFIX_PATH=${CMAKE_PREFIX_PATH}:/home/jetson-amiga/ros2_ws/install/amiga_ros2_bridge:/opt/ros/humble /usr/bin/cmake --build /home/jetson-amiga/ros2_ws/build/safety -- -j6 -l6
[4.825s] DEBUG:colcon.colcon_core.event_handler.log_command:Invoking command in '/home/jetson-amiga/ros2_ws/build/safety': CMAKE_PREFIX_PATH=${CMAKE_PREFIX_PATH}:/home/jetson-amiga/ros2_ws/install/amiga_ros2_bridge:/opt/ros/humble /usr/bin/cmake --install /home/jetson-amiga/ros2_ws/build/safety
[4.827s] DEBUG:colcon.colcon_core.event_handler.log_command:Invoked command in '/home/jetson-amiga/ros2_ws/build/weeding_mechanism' returned '0': CMAKE_PREFIX_PATH=${CMAKE_PREFIX_PATH}:/home/jetson-amiga/ros2_ws/install/amiga_ros2_bridge:/opt/ros/humble /usr/bin/cmake --build /home/jetson-amiga/ros2_ws/build/weeding_mechanism -- -j6 -l6
[4.830s] DEBUG:colcon.colcon_core.event_handler.log_command:Invoking command in '/home/jetson-amiga/ros2_ws/build/weeding_mechanism': CMAKE_PREFIX_PATH=${CMAKE_PREFIX_PATH}:/home/jetson-amiga/ros2_ws/install/amiga_ros2_bridge:/opt/ros/humble /usr/bin/cmake --install /home/jetson-amiga/ros2_ws/build/weeding_mechanism
[4.840s] Level 1:colcon.colcon_core.environment:create_environment_scripts_only(navigation)
[4.843s] DEBUG:colcon.colcon_core.event_handler.log_command:Invoked command in '/home/jetson-amiga/ros2_ws/build/navigation' returned '0': CMAKE_PREFIX_PATH=${CMAKE_PREFIX_PATH}:/home/jetson-amiga/ros2_ws/install/amiga_ros2_bridge:/opt/ros/humble /usr/bin/cmake --install /home/jetson-amiga/ros2_ws/build/navigation
[4.856s] Level 1:colcon.colcon_core.environment:checking '/home/jetson-amiga/ros2_ws/install/navigation' for CMake module files
[4.857s] Level 1:colcon.colcon_core.environment:checking '/home/jetson-amiga/ros2_ws/install/navigation' for CMake config files
[4.858s] Level 1:colcon.colcon_core.shell:create_environment_hook('navigation', 'cmake_prefix_path')
[4.859s] INFO:colcon.colcon_core.shell:Creating environment hook '/home/jetson-amiga/ros2_ws/install/navigation/share/navigation/hook/cmake_prefix_path.ps1'
[4.861s] INFO:colcon.colcon_core.shell:Creating environment descriptor '/home/jetson-amiga/ros2_ws/install/navigation/share/navigation/hook/cmake_prefix_path.dsv'
[4.861s] INFO:colcon.colcon_core.shell:Creating environment hook '/home/jetson-amiga/ros2_ws/install/navigation/share/navigation/hook/cmake_prefix_path.sh'
[4.863s] Level 1:colcon.colcon_core.environment:checking '/home/jetson-amiga/ros2_ws/install/navigation/bin'
[4.863s] Level 1:colcon.colcon_core.environment:checking '/home/jetson-amiga/ros2_ws/install/navigation/lib/pkgconfig/navigation.pc'
[4.864s] Level 1:colcon.colcon_core.environment:checking '/home/jetson-amiga/ros2_ws/install/navigation/lib/python3.10/site-packages'
[4.864s] Level 1:colcon.colcon_core.environment:checking '/home/jetson-amiga/ros2_ws/install/navigation/bin'
[4.865s] INFO:colcon.colcon_core.shell:Creating package script '/home/jetson-amiga/ros2_ws/install/navigation/share/navigation/package.ps1'
[4.867s] INFO:colcon.colcon_core.shell:Creating package descriptor '/home/jetson-amiga/ros2_ws/install/navigation/share/navigation/package.dsv'
[4.868s] INFO:colcon.colcon_core.shell:Creating package script '/home/jetson-amiga/ros2_ws/install/navigation/share/navigation/package.sh'
[4.870s] INFO:colcon.colcon_core.shell:Creating package script '/home/jetson-amiga/ros2_ws/install/navigation/share/navigation/package.bash'
[4.872s] INFO:colcon.colcon_core.shell:Creating package script '/home/jetson-amiga/ros2_ws/install/navigation/share/navigation/package.zsh'
[4.873s] Level 1:colcon.colcon_core.environment:create_file_with_runtime_dependencies(/home/jetson-amiga/ros2_ws/install/navigation/share/colcon-core/packages/navigation)
[4.875s] Level 1:colcon.colcon_core.environment:create_environment_scripts_only(navigation)
[4.875s] Level 1:colcon.colcon_core.environment:checking '/home/jetson-amiga/ros2_ws/install/navigation' for CMake module files
[4.876s] Level 1:colcon.colcon_core.environment:checking '/home/jetson-amiga/ros2_ws/install/navigation' for CMake config files
[4.877s] Level 1:colcon.colcon_core.shell:create_environment_hook('navigation', 'cmake_prefix_path')
[4.877s] INFO:colcon.colcon_core.shell:Creating environment hook '/home/jetson-amiga/ros2_ws/install/navigation/share/navigation/hook/cmake_prefix_path.ps1'
[4.878s] INFO:colcon.colcon_core.shell:Creating environment descriptor '/home/jetson-amiga/ros2_ws/install/navigation/share/navigation/hook/cmake_prefix_path.dsv'
[4.879s] INFO:colcon.colcon_core.shell:Creating environment hook '/home/jetson-amiga/ros2_ws/install/navigation/share/navigation/hook/cmake_prefix_path.sh'
[4.880s] Level 1:colcon.colcon_core.environment:checking '/home/jetson-amiga/ros2_ws/install/navigation/bin'
[4.881s] Level 1:colcon.colcon_core.environment:checking '/home/jetson-amiga/ros2_ws/install/navigation/lib/pkgconfig/navigation.pc'
[4.881s] Level 1:colcon.colcon_core.environment:checking '/home/jetson-amiga/ros2_ws/install/navigation/lib/python3.10/site-packages'
[4.882s] Level 1:colcon.colcon_core.environment:checking '/home/jetson-amiga/ros2_ws/install/navigation/bin'
[4.882s] INFO:colcon.colcon_core.shell:Creating package script '/home/jetson-amiga/ros2_ws/install/navigation/share/navigation/package.ps1'
[4.883s] INFO:colcon.colcon_core.shell:Creating package descriptor '/home/jetson-amiga/ros2_ws/install/navigation/share/navigation/package.dsv'
[4.884s] INFO:colcon.colcon_core.shell:Creating package script '/home/jetson-amiga/ros2_ws/install/navigation/share/navigation/package.sh'
[4.885s] INFO:colcon.colcon_core.shell:Creating package script '/home/jetson-amiga/ros2_ws/install/navigation/share/navigation/package.bash'
[4.887s] INFO:colcon.colcon_core.shell:Creating package script '/home/jetson-amiga/ros2_ws/install/navigation/share/navigation/package.zsh'
[4.887s] Level 1:colcon.colcon_core.environment:create_file_with_runtime_dependencies(/home/jetson-amiga/ros2_ws/install/navigation/share/colcon-core/packages/navigation)
[4.890s] Level 1:colcon.colcon_core.environment:create_environment_scripts_only(safety)
[4.891s] Level 1:colcon.colcon_core.environment:checking '/home/jetson-amiga/ros2_ws/install/safety' for CMake module files
[4.892s] DEBUG:colcon.colcon_core.event_handler.log_command:Invoked command in '/home/jetson-amiga/ros2_ws/build/safety' returned '0': CMAKE_PREFIX_PATH=${CMAKE_PREFIX_PATH}:/home/jetson-amiga/ros2_ws/install/amiga_ros2_bridge:/opt/ros/humble /usr/bin/cmake --install /home/jetson-amiga/ros2_ws/build/safety
[4.893s] Level 1:colcon.colcon_core.environment:checking '/home/jetson-amiga/ros2_ws/install/safety' for CMake config files
[4.894s] Level 1:colcon.colcon_core.shell:create_environment_hook('safety', 'cmake_prefix_path')
[4.894s] INFO:colcon.colcon_core.shell:Creating environment hook '/home/jetson-amiga/ros2_ws/install/safety/share/safety/hook/cmake_prefix_path.ps1'
[4.896s] INFO:colcon.colcon_core.shell:Creating environment descriptor '/home/jetson-amiga/ros2_ws/install/safety/share/safety/hook/cmake_prefix_path.dsv'
[4.897s] INFO:colcon.colcon_core.shell:Creating environment hook '/home/jetson-amiga/ros2_ws/install/safety/share/safety/hook/cmake_prefix_path.sh'
[4.898s] Level 1:colcon.colcon_core.environment:checking '/home/jetson-amiga/ros2_ws/install/safety/bin'
[4.898s] Level 1:colcon.colcon_core.environment:checking '/home/jetson-amiga/ros2_ws/install/safety/lib/pkgconfig/safety.pc'
[4.899s] Level 1:colcon.colcon_core.environment:checking '/home/jetson-amiga/ros2_ws/install/safety/lib/python3.10/site-packages'
[4.899s] Level 1:colcon.colcon_core.environment:checking '/home/jetson-amiga/ros2_ws/install/safety/bin'
[4.900s] INFO:colcon.colcon_core.shell:Creating package script '/home/jetson-amiga/ros2_ws/install/safety/share/safety/package.ps1'
[4.901s] INFO:colcon.colcon_core.shell:Creating package descriptor '/home/jetson-amiga/ros2_ws/install/safety/share/safety/package.dsv'
[4.902s] INFO:colcon.colcon_core.shell:Creating package script '/home/jetson-amiga/ros2_ws/install/safety/share/safety/package.sh'
[4.903s] INFO:colcon.colcon_core.shell:Creating package script '/home/jetson-amiga/ros2_ws/install/safety/share/safety/package.bash'
[4.904s] INFO:colcon.colcon_core.shell:Creating package script '/home/jetson-amiga/ros2_ws/install/safety/share/safety/package.zsh'
[4.905s] Level 1:colcon.colcon_core.environment:create_file_with_runtime_dependencies(/home/jetson-amiga/ros2_ws/install/safety/share/colcon-core/packages/safety)
[4.906s] Level 1:colcon.colcon_core.environment:create_environment_scripts_only(safety)
[4.907s] Level 1:colcon.colcon_core.environment:checking '/home/jetson-amiga/ros2_ws/install/safety' for CMake module files
[4.908s] Level 1:colcon.colcon_core.environment:checking '/home/jetson-amiga/ros2_ws/install/safety' for CMake config files
[4.908s] Level 1:colcon.colcon_core.shell:create_environment_hook('safety', 'cmake_prefix_path')
[4.909s] INFO:colcon.colcon_core.shell:Creating environment hook '/home/jetson-amiga/ros2_ws/install/safety/share/safety/hook/cmake_prefix_path.ps1'
[4.910s] INFO:colcon.colcon_core.shell:Creating environment descriptor '/home/jetson-amiga/ros2_ws/install/safety/share/safety/hook/cmake_prefix_path.dsv'
[4.911s] INFO:colcon.colcon_core.shell:Creating environment hook '/home/jetson-amiga/ros2_ws/install/safety/share/safety/hook/cmake_prefix_path.sh'
[4.912s] Level 1:colcon.colcon_core.environment:checking '/home/jetson-amiga/ros2_ws/install/safety/bin'
[4.912s] Level 1:colcon.colcon_core.environment:checking '/home/jetson-amiga/ros2_ws/install/safety/lib/pkgconfig/safety.pc'
[4.913s] Level 1:colcon.colcon_core.environment:checking '/home/jetson-amiga/ros2_ws/install/safety/lib/python3.10/site-packages'
[4.913s] Level 1:colcon.colcon_core.environment:checking '/home/jetson-amiga/ros2_ws/install/safety/bin'
[4.914s] INFO:colcon.colcon_core.shell:Creating package script '/home/jetson-amiga/ros2_ws/install/safety/share/safety/package.ps1'
[4.915s] INFO:colcon.colcon_core.shell:Creating package descriptor '/home/jetson-amiga/ros2_ws/install/safety/share/safety/package.dsv'
[4.916s] INFO:colcon.colcon_core.shell:Creating package script '/home/jetson-amiga/ros2_ws/install/safety/share/safety/package.sh'
[4.917s] INFO:colcon.colcon_core.shell:Creating package script '/home/jetson-amiga/ros2_ws/install/safety/share/safety/package.bash'
[4.919s] INFO:colcon.colcon_core.shell:Creating package script '/home/jetson-amiga/ros2_ws/install/safety/share/safety/package.zsh'
[4.920s] Level 1:colcon.colcon_core.environment:create_file_with_runtime_dependencies(/home/jetson-amiga/ros2_ws/install/safety/share/colcon-core/packages/safety)
[4.922s] Level 1:colcon.colcon_core.environment:create_environment_scripts_only(weeding_mechanism)
[4.923s] Level 1:colcon.colcon_core.environment:checking '/home/jetson-amiga/ros2_ws/install/weeding_mechanism' for CMake module files
[4.925s] DEBUG:colcon.colcon_core.event_handler.log_command:Invoked command in '/home/jetson-amiga/ros2_ws/build/weeding_mechanism' returned '0': CMAKE_PREFIX_PATH=${CMAKE_PREFIX_PATH}:/home/jetson-amiga/ros2_ws/install/amiga_ros2_bridge:/opt/ros/humble /usr/bin/cmake --install /home/jetson-amiga/ros2_ws/build/weeding_mechanism
[4.926s] Level 1:colcon.colcon_core.environment:checking '/home/jetson-amiga/ros2_ws/install/weeding_mechanism' for CMake config files
[4.927s] Level 1:colcon.colcon_core.shell:create_environment_hook('weeding_mechanism', 'cmake_prefix_path')
[4.927s] INFO:colcon.colcon_core.shell:Creating environment hook '/home/jetson-amiga/ros2_ws/install/weeding_mechanism/share/weeding_mechanism/hook/cmake_prefix_path.ps1'
[4.929s] INFO:colcon.colcon_core.shell:Creating environment descriptor '/home/jetson-amiga/ros2_ws/install/weeding_mechanism/share/weeding_mechanism/hook/cmake_prefix_path.dsv'
[4.930s] INFO:colcon.colcon_core.shell:Creating environment hook '/home/jetson-amiga/ros2_ws/install/weeding_mechanism/share/weeding_mechanism/hook/cmake_prefix_path.sh'
[4.931s] Level 1:colcon.colcon_core.environment:checking '/home/jetson-amiga/ros2_ws/install/weeding_mechanism/bin'
[4.931s] Level 1:colcon.colcon_core.environment:checking '/home/jetson-amiga/ros2_ws/install/weeding_mechanism/lib/pkgconfig/weeding_mechanism.pc'
[4.932s] Level 1:colcon.colcon_core.environment:checking '/home/jetson-amiga/ros2_ws/install/weeding_mechanism/lib/python3.10/site-packages'
[4.932s] Level 1:colcon.colcon_core.environment:checking '/home/jetson-amiga/ros2_ws/install/weeding_mechanism/bin'
[4.933s] INFO:colcon.colcon_core.shell:Creating package script '/home/jetson-amiga/ros2_ws/install/weeding_mechanism/share/weeding_mechanism/package.ps1'
[4.934s] INFO:colcon.colcon_core.shell:Creating package descriptor '/home/jetson-amiga/ros2_ws/install/weeding_mechanism/share/weeding_mechanism/package.dsv'
[4.935s] INFO:colcon.colcon_core.shell:Creating package script '/home/jetson-amiga/ros2_ws/install/weeding_mechanism/share/weeding_mechanism/package.sh'
[4.936s] INFO:colcon.colcon_core.shell:Creating package script '/home/jetson-amiga/ros2_ws/install/weeding_mechanism/share/weeding_mechanism/package.bash'
[4.937s] INFO:colcon.colcon_core.shell:Creating package script '/home/jetson-amiga/ros2_ws/install/weeding_mechanism/share/weeding_mechanism/package.zsh'
[4.938s] Level 1:colcon.colcon_core.environment:create_file_with_runtime_dependencies(/home/jetson-amiga/ros2_ws/install/weeding_mechanism/share/colcon-core/packages/weeding_mechanism)
[4.939s] Level 1:colcon.colcon_core.environment:create_environment_scripts_only(weeding_mechanism)
[4.940s] Level 1:colcon.colcon_core.environment:checking '/home/jetson-amiga/ros2_ws/install/weeding_mechanism' for CMake module files
[4.941s] Level 1:colcon.colcon_core.environment:checking '/home/jetson-amiga/ros2_ws/install/weeding_mechanism' for CMake config files
[4.941s] Level 1:colcon.colcon_core.shell:create_environment_hook('weeding_mechanism', 'cmake_prefix_path')
[4.942s] INFO:colcon.colcon_core.shell:Creating environment hook '/home/jetson-amiga/ros2_ws/install/weeding_mechanism/share/weeding_mechanism/hook/cmake_prefix_path.ps1'
[4.942s] INFO:colcon.colcon_core.shell:Creating environment descriptor '/home/jetson-amiga/ros2_ws/install/weeding_mechanism/share/weeding_mechanism/hook/cmake_prefix_path.dsv'
[4.943s] INFO:colcon.colcon_core.shell:Creating environment hook '/home/jetson-amiga/ros2_ws/install/weeding_mechanism/share/weeding_mechanism/hook/cmake_prefix_path.sh'
[4.944s] Level 1:colcon.colcon_core.environment:checking '/home/jetson-amiga/ros2_ws/install/weeding_mechanism/bin'
[4.945s] Level 1:colcon.colcon_core.environment:checking '/home/jetson-amiga/ros2_ws/install/weeding_mechanism/lib/pkgconfig/weeding_mechanism.pc'
[4.945s] Level 1:colcon.colcon_core.environment:checking '/home/jetson-amiga/ros2_ws/install/weeding_mechanism/lib/python3.10/site-packages'
[4.946s] Level 1:colcon.colcon_core.environment:checking '/home/jetson-amiga/ros2_ws/install/weeding_mechanism/bin'
[4.946s] INFO:colcon.colcon_core.shell:Creating package script '/home/jetson-amiga/ros2_ws/install/weeding_mechanism/share/weeding_mechanism/package.ps1'
[4.947s] INFO:colcon.colcon_core.shell:Creating package descriptor '/home/jetson-amiga/ros2_ws/install/weeding_mechanism/share/weeding_mechanism/package.dsv'
[4.949s] INFO:colcon.colcon_core.shell:Creating package script '/home/jetson-amiga/ros2_ws/install/weeding_mechanism/share/weeding_mechanism/package.sh'
[4.950s] INFO:colcon.colcon_core.shell:Creating package script '/home/jetson-amiga/ros2_ws/install/weeding_mechanism/share/weeding_mechanism/package.bash'
[4.951s] INFO:colcon.colcon_core.shell:Creating package script '/home/jetson-amiga/ros2_ws/install/weeding_mechanism/share/weeding_mechanism/package.zsh'
[4.952s] Level 1:colcon.colcon_core.environment:create_file_with_runtime_dependencies(/home/jetson-amiga/ros2_ws/install/weeding_mechanism/share/colcon-core/packages/weeding_mechanism)
[5.497s] DEBUG:colcon.colcon_core.event_handler.log_command:Invoking command in '/home/jetson-amiga/ros2_ws/src/amiga-ros2-bridge/venv/lib/python3.10/site-packages/pkg_resources/tests/data/my-test-package-source': PYTHONPATH=/home/jetson-amiga/ros2_ws/build/my-test-package/prefix_override:/usr/lib/python3/dist-packages/colcon_core/task/python/colcon_distutils_commands:/home/jetson-amiga/ros2_ws/install/my-test-package/lib/python3.10/site-packages:${PYTHONPATH} /usr/bin/python3 -W ignore:setup.py install is deprecated -W ignore:easy_install command is deprecated setup.py egg_info --egg-base ../../../../../../../../../../build/my-test-package build --build-base /home/jetson-amiga/ros2_ws/build/my-test-package/build install --record /home/jetson-amiga/ros2_ws/build/my-test-package/install.log --single-version-externally-managed
[5.519s] DEBUG:colcon.colcon_core.event_handler.log_command:Invoking command in '/home/jetson-amiga/ros2_ws/src/amiga-ros2-bridge/amiga_ros2_bridge': PYTHONPATH=/home/jetson-amiga/ros2_ws/build/amiga_ros2_bridge/prefix_override:/usr/lib/python3/dist-packages/colcon_core/task/python/colcon_distutils_commands:/home/jetson-amiga/ros2_ws/install/amiga_ros2_bridge/lib/python3.10/site-packages:${PYTHONPATH} /usr/bin/python3 -W ignore:setup.py install is deprecated -W ignore:easy_install command is deprecated setup.py egg_info --egg-base ../../../build/amiga_ros2_bridge build --build-base /home/jetson-amiga/ros2_ws/build/amiga_ros2_bridge/build install --record /home/jetson-amiga/ros2_ws/build/amiga_ros2_bridge/install.log --single-version-externally-managed install_data
[6.174s] Level 1:colcon.colcon_core.environment:checking '/home/jetson-amiga/ros2_ws/install/my-test-package' for CMake module files
[6.175s] DEBUG:colcon.colcon_core.event_handler.log_command:Invoked command in '/home/jetson-amiga/ros2_ws/src/amiga-ros2-bridge/venv/lib/python3.10/site-packages/pkg_resources/tests/data/my-test-package-source' returned '0': PYTHONPATH=/home/jetson-amiga/ros2_ws/build/my-test-package/prefix_override:/usr/lib/python3/dist-packages/colcon_core/task/python/colcon_distutils_commands:/home/jetson-amiga/ros2_ws/install/my-test-package/lib/python3.10/site-packages:${PYTHONPATH} /usr/bin/python3 -W ignore:setup.py install is deprecated -W ignore:easy_install command is deprecated setup.py egg_info --egg-base ../../../../../../../../../../build/my-test-package build --build-base /home/jetson-amiga/ros2_ws/build/my-test-package/build install --record /home/jetson-amiga/ros2_ws/build/my-test-package/install.log --single-version-externally-managed
[6.176s] Level 1:colcon.colcon_core.environment:checking '/home/jetson-amiga/ros2_ws/install/my-test-package' for CMake config files
[6.177s] Level 1:colcon.colcon_core.environment:checking '/home/jetson-amiga/ros2_ws/install/my-test-package/lib'
[6.178s] Level 1:colcon.colcon_core.environment:checking '/home/jetson-amiga/ros2_ws/install/my-test-package/bin'
[6.178s] Level 1:colcon.colcon_core.environment:checking '/home/jetson-amiga/ros2_ws/install/my-test-package/lib/pkgconfig/my-test-package.pc'
[6.178s] Level 1:colcon.colcon_core.environment:checking '/home/jetson-amiga/ros2_ws/install/my-test-package/lib/python3.10/site-packages'
[6.179s] Level 1:colcon.colcon_core.shell:create_environment_hook('my-test-package', 'pythonpath')
[6.179s] INFO:colcon.colcon_core.shell:Creating environment hook '/home/jetson-amiga/ros2_ws/install/my-test-package/share/my-test-package/hook/pythonpath.ps1'
[6.181s] INFO:colcon.colcon_core.shell:Creating environment descriptor '/home/jetson-amiga/ros2_ws/install/my-test-package/share/my-test-package/hook/pythonpath.dsv'
[6.182s] INFO:colcon.colcon_core.shell:Creating environment hook '/home/jetson-amiga/ros2_ws/install/my-test-package/share/my-test-package/hook/pythonpath.sh'
[6.183s] Level 1:colcon.colcon_core.environment:checking '/home/jetson-amiga/ros2_ws/install/my-test-package/bin'
[6.183s] Level 1:colcon.colcon_core.environment:create_environment_scripts_only(my-test-package)
[6.184s] INFO:colcon.colcon_core.shell:Creating package script '/home/jetson-amiga/ros2_ws/install/my-test-package/share/my-test-package/package.ps1'
[6.185s] INFO:colcon.colcon_core.shell:Creating package descriptor '/home/jetson-amiga/ros2_ws/install/my-test-package/share/my-test-package/package.dsv'
[6.186s] INFO:colcon.colcon_core.shell:Creating package script '/home/jetson-amiga/ros2_ws/install/my-test-package/share/my-test-package/package.sh'
[6.187s] INFO:colcon.colcon_core.shell:Creating package script '/home/jetson-amiga/ros2_ws/install/my-test-package/share/my-test-package/package.bash'
[6.188s] INFO:colcon.colcon_core.shell:Creating package script '/home/jetson-amiga/ros2_ws/install/my-test-package/share/my-test-package/package.zsh'
[6.188s] Level 1:colcon.colcon_core.environment:create_file_with_runtime_dependencies(/home/jetson-amiga/ros2_ws/install/my-test-package/share/colcon-core/packages/my-test-package)
[6.219s] Level 1:colcon.colcon_core.environment:checking '/home/jetson-amiga/ros2_ws/install/amiga_ros2_bridge' for CMake module files
[6.222s] DEBUG:colcon.colcon_core.event_handler.log_command:Invoked command in '/home/jetson-amiga/ros2_ws/src/amiga-ros2-bridge/amiga_ros2_bridge' returned '0': PYTHONPATH=/home/jetson-amiga/ros2_ws/build/amiga_ros2_bridge/prefix_override:/usr/lib/python3/dist-packages/colcon_core/task/python/colcon_distutils_commands:/home/jetson-amiga/ros2_ws/install/amiga_ros2_bridge/lib/python3.10/site-packages:${PYTHONPATH} /usr/bin/python3 -W ignore:setup.py install is deprecated -W ignore:easy_install command is deprecated setup.py egg_info --egg-base ../../../build/amiga_ros2_bridge build --build-base /home/jetson-amiga/ros2_ws/build/amiga_ros2_bridge/build install --record /home/jetson-amiga/ros2_ws/build/amiga_ros2_bridge/install.log --single-version-externally-managed install_data
[6.224s] Level 1:colcon.colcon_core.environment:checking '/home/jetson-amiga/ros2_ws/install/amiga_ros2_bridge' for CMake config files
[6.227s] Level 1:colcon.colcon_core.environment:checking '/home/jetson-amiga/ros2_ws/install/amiga_ros2_bridge/lib'
[6.228s] Level 1:colcon.colcon_core.environment:checking '/home/jetson-amiga/ros2_ws/install/amiga_ros2_bridge/bin'
[6.228s] Level 1:colcon.colcon_core.environment:checking '/home/jetson-amiga/ros2_ws/install/amiga_ros2_bridge/lib/pkgconfig/amiga_ros2_bridge.pc'
[6.229s] Level 1:colcon.colcon_core.environment:checking '/home/jetson-amiga/ros2_ws/install/amiga_ros2_bridge/lib/python3.10/site-packages'
[6.230s] Level 1:colcon.colcon_core.shell:create_environment_hook('amiga_ros2_bridge', 'pythonpath')
[6.230s] INFO:colcon.colcon_core.shell:Creating environment hook '/home/jetson-amiga/ros2_ws/install/amiga_ros2_bridge/share/amiga_ros2_bridge/hook/pythonpath.ps1'
[6.232s] INFO:colcon.colcon_core.shell:Creating environment descriptor '/home/jetson-amiga/ros2_ws/install/amiga_ros2_bridge/share/amiga_ros2_bridge/hook/pythonpath.dsv'
[6.234s] INFO:colcon.colcon_core.shell:Creating environment hook '/home/jetson-amiga/ros2_ws/install/amiga_ros2_bridge/share/amiga_ros2_bridge/hook/pythonpath.sh'
[6.236s] Level 1:colcon.colcon_core.environment:checking '/home/jetson-amiga/ros2_ws/install/amiga_ros2_bridge/bin'
[6.236s] Level 1:colcon.colcon_core.environment:create_environment_scripts_only(amiga_ros2_bridge)
[6.237s] INFO:colcon.colcon_core.shell:Creating package script '/home/jetson-amiga/ros2_ws/install/amiga_ros2_bridge/share/amiga_ros2_bridge/package.ps1'
[6.239s] INFO:colcon.colcon_core.shell:Creating package descriptor '/home/jetson-amiga/ros2_ws/install/amiga_ros2_bridge/share/amiga_ros2_bridge/package.dsv'
[6.241s] INFO:colcon.colcon_core.shell:Creating package script '/home/jetson-amiga/ros2_ws/install/amiga_ros2_bridge/share/amiga_ros2_bridge/package.sh'
[6.242s] INFO:colcon.colcon_core.shell:Creating package script '/home/jetson-amiga/ros2_ws/install/amiga_ros2_bridge/share/amiga_ros2_bridge/package.bash'
[6.244s] INFO:colcon.colcon_core.shell:Creating package script '/home/jetson-amiga/ros2_ws/install/amiga_ros2_bridge/share/amiga_ros2_bridge/package.zsh'
[6.245s] Level 1:colcon.colcon_core.environment:create_file_with_runtime_dependencies(/home/jetson-amiga/ros2_ws/install/amiga_ros2_bridge/share/colcon-core/packages/amiga_ros2_bridge)
[6.246s] DEBUG:colcon.colcon_parallel_executor.executor.parallel:closing loop
[6.247s] DEBUG:colcon.colcon_parallel_executor.executor.parallel:loop closed
[6.247s] DEBUG:colcon.colcon_parallel_executor.executor.parallel:run_until_complete finished with '0'
[6.248s] DEBUG:colcon.colcon_core.event_reactor:joining thread
[6.270s] INFO:colcon.colcon_core.plugin_system:Skipping extension 'colcon_notification.desktop_notification.terminal_notifier': Not used on non-Darwin systems
[6.271s] INFO:colcon.colcon_core.plugin_system:Skipping extension 'colcon_notification.desktop_notification.win32': Not used on non-Windows systems
[6.271s] INFO:colcon.colcon_notification.desktop_notification:Sending desktop notification using 'notify2'
[6.311s] DEBUG:colcon.colcon_core.event_reactor:joined thread
[6.313s] INFO:colcon.colcon_core.shell:Creating prefix script '/home/jetson-amiga/ros2_ws/install/local_setup.ps1'
[6.316s] INFO:colcon.colcon_core.shell:Creating prefix util module '/home/jetson-amiga/ros2_ws/install/_local_setup_util_ps1.py'
[6.322s] INFO:colcon.colcon_core.shell:Creating prefix chain script '/home/jetson-amiga/ros2_ws/install/setup.ps1'
[6.326s] INFO:colcon.colcon_core.shell:Creating prefix script '/home/jetson-amiga/ros2_ws/install/local_setup.sh'
[6.328s] INFO:colcon.colcon_core.shell:Creating prefix util module '/home/jetson-amiga/ros2_ws/install/_local_setup_util_sh.py'
[6.331s] INFO:colcon.colcon_core.shell:Creating prefix chain script '/home/jetson-amiga/ros2_ws/install/setup.sh'
[6.335s] INFO:colcon.colcon_core.shell:Creating prefix script '/home/jetson-amiga/ros2_ws/install/local_setup.bash'
[6.337s] INFO:colcon.colcon_core.shell:Creating prefix chain script '/home/jetson-amiga/ros2_ws/install/setup.bash'
[6.341s] INFO:colcon.colcon_core.shell:Creating prefix script '/home/jetson-amiga/ros2_ws/install/local_setup.zsh'
[6.343s] INFO:colcon.colcon_core.shell:Creating prefix chain script '/home/jetson-amiga/ros2_ws/install/setup.zsh'
